{
  "workload": "get",
  "cell": {
    "keyspace": 2000000,
    "value_size": 1032,
    "dist": "zipfian",
    "zipf_s": 0.99,
    "pipeline": 16,
    "connections": 64
  },
  "timestamp": "2026-07-11T07:45:23.933135562Z",
  "aki": {
    "target": "aki",
    "version": "unknown",
    "workload": "get",
    "skipped": false,
    "ops": 40211024,
    "errors": 0,
    "ops_per_sec": 2010513.7897667596,
    "min_us": 22.322,
    "p50_us": 430.079,
    "p99_us": 1093.631,
    "p999_us": 11714.559,
    "nil_replies": 0,
    "err_replies": 0,
    "hit_ratio": 1,
    "value_ops_per_sec": 2010513.7897667596,
    "bytes_per_sec": 2146931819.0955625,
    "resp_ver": 2,
    "used_memory": 571065112,
    "bytes_per_key": 285.532556,
    "coverage_sampled": 100000,
    "coverage_retrievable": 100000,
    "coverage_fraction": 1,
    "coverage_keyspace": 2000000,
    "distinct_keys_est": 1839753,
    "key_draws": 40211024
  },
  "redis": {
    "target": "redis",
    "version": "redis 8.8.0",
    "workload": "get",
    "skipped": false,
    "ops": 65603776,
    "errors": 0,
    "ops_per_sec": 3280129.786692988,
    "min_us": 20.538,
    "p50_us": 288.767,
    "p99_us": 625.151,
    "p999_us": 903.679,
    "nil_replies": 39761579,
    "err_replies": 0,
    "hit_ratio": 0.39391325584673664,
    "value_ops_per_sec": 1292086.6038760967,
    "bytes_per_sec": 1443081316.4575734,
    "resp_ver": 2,
    "used_memory": 535438664,
    "bytes_per_key": 267.719332,
    "coverage_sampled": 100000,
    "coverage_retrievable": 19880,
    "coverage_missing": 80120,
    "coverage_fraction": 0.1988,
    "coverage_keyspace": 2000000,
    "distinct_keys_est": 1951107,
    "key_draws": 65603776,
    "server_hits": 29717668,
    "server_misses": 45777084,
    "evicted_keys": 1086,
    "maxmemory": 536870912,
    "maxmemory_policy": "allkeys-lfu"
  },
  "valkey": {
    "target": "valkey",
    "version": "valkey 9.1.0",
    "workload": "get",
    "skipped": false,
    "ops": 65288208,
    "errors": 0,
    "ops_per_sec": 3264350.1079431586,
    "min_us": 16.584,
    "p50_us": 298.751,
    "p99_us": 553.471,
    "p999_us": 962.559,
    "nil_replies": 41006342,
    "err_replies": 0,
    "hit_ratio": 0.37191809583745966,
    "value_ops_per_sec": 1214070.8762930254,
    "bytes_per_sec": 1361754310.352151,
    "resp_ver": 2,
    "used_memory": 535668680,
    "bytes_per_key": 267.83434,
    "coverage_sampled": 100000,
    "coverage_retrievable": 20121,
    "coverage_missing": 79879,
    "coverage_fraction": 0.20121,
    "coverage_keyspace": 2000000,
    "distinct_keys_est": 1950429,
    "key_draws": 65288208,
    "server_hits": 27903852,
    "server_misses": 47171396,
    "evicted_keys": 906,
    "maxmemory": 536870912,
    "maxmemory_policy": "allkeys-lfu"
  },
  "gate": {
    "pass": false,
    "reason": "aki is 1.56x Redis, below the 2.0x bar",
    "required_speedup": 2,
    "speedup_vs_redis": 1.5560209228510473,
    "speedup_vs_valkey": 1.6560102289131153,
    "tail_regressed_vs_redis": true,
    "tail_regressed_vs_valkey": true
  },
  "generator_bound": false
}
