{
  "workload": "set",
  "cell": {
    "keyspace": 2000000,
    "value_size": 1032,
    "dist": "uniform",
    "pipeline": 16,
    "connections": 64
  },
  "timestamp": "2026-07-11T07:48:11.187483896Z",
  "aki": {
    "target": "aki",
    "version": "unknown",
    "workload": "set",
    "skipped": false,
    "ops": 6285936,
    "errors": 0,
    "ops_per_sec": 314219.2882288701,
    "min_us": 25.019,
    "p50_us": 460.031,
    "p99_us": 13787.135,
    "p999_us": 368312.319,
    "nil_replies": 0,
    "err_replies": 0,
    "hit_ratio": 1,
    "value_ops_per_sec": 314219.2882288701,
    "bytes_per_sec": 338223880.46405524,
    "resp_ver": 2,
    "used_memory": 560114224,
    "bytes_per_key": 280.057112,
    "coverage_sampled": 100000,
    "coverage_retrievable": 95805,
    "coverage_missing": 4195,
    "coverage_fraction": 0.95805,
    "coverage_keyspace": 2000000,
    "distinct_keys_est": 1913408,
    "key_draws": 6285936
  },
  "redis": {
    "target": "redis",
    "version": "redis 8.8.0",
    "workload": "set",
    "skipped": false,
    "ops": 20930096,
    "errors": 0,
    "ops_per_sec": 1046465.6450751609,
    "min_us": 45.218,
    "p50_us": 986.111,
    "p99_us": 1440.767,
    "p999_us": 2136.063,
    "nil_replies": 0,
    "err_replies": 0,
    "hit_ratio": 1,
    "value_ops_per_sec": 1046465.6450751609,
    "bytes_per_sec": 1126409744.508756,
    "resp_ver": 2,
    "used_memory": 536213032,
    "bytes_per_key": 268.106516,
    "coverage_sampled": 100000,
    "coverage_retrievable": 20113,
    "coverage_missing": 79887,
    "coverage_fraction": 0.20113,
    "coverage_keyspace": 2000000,
    "distinct_keys_est": 1999951,
    "key_draws": 20930096,
    "server_hits": 20113,
    "server_misses": 79887,
    "evicted_keys": 18732687,
    "maxmemory": 536870912,
    "maxmemory_policy": "allkeys-lfu"
  },
  "valkey": {
    "target": "valkey",
    "version": "valkey 9.1.0",
    "workload": "set",
    "skipped": false,
    "ops": 18770752,
    "errors": 0,
    "ops_per_sec": 938492.1540805339,
    "min_us": 21.844,
    "p50_us": 1087.487,
    "p99_us": 1599.487,
    "p999_us": 1838.079,
    "nil_replies": 0,
    "err_replies": 0,
    "hit_ratio": 1,
    "value_ops_per_sec": 938492.1540805339,
    "bytes_per_sec": 1010187727.7653955,
    "resp_ver": 2,
    "used_memory": 536562688,
    "bytes_per_key": 268.281344,
    "coverage_sampled": 100000,
    "coverage_retrievable": 20190,
    "coverage_missing": 79810,
    "coverage_fraction": 0.2019,
    "coverage_keyspace": 2000000,
    "distinct_keys_est": 1999833,
    "key_draws": 18770752,
    "server_hits": 20190,
    "server_misses": 79810,
    "evicted_keys": 16528115,
    "maxmemory": 536870912,
    "maxmemory_policy": "allkeys-lfu"
  },
  "gate": {
    "pass": false,
    "reason": "aki is 0.30x Redis, below the 2.0x bar",
    "required_speedup": 2,
    "speedup_vs_redis": 0.30026718001459257,
    "speedup_vs_valkey": 0.3348129090506028,
    "tail_regressed_vs_redis": true,
    "tail_regressed_vs_valkey": true
  },
  "generator_bound": false
}
