{
  "workload": "set",
  "cell": {
    "keyspace": 2000000,
    "value_size": 1032,
    "dist": "uniform",
    "pipeline": 16,
    "connections": 64
  },
  "timestamp": "2026-07-11T07:49:21.36834048Z",
  "aki": {
    "target": "aki",
    "version": "unknown",
    "workload": "set",
    "skipped": false,
    "ops": 6608656,
    "errors": 0,
    "ops_per_sec": 330405.1380357967,
    "min_us": 24.448,
    "p50_us": 489.727,
    "p99_us": 12681.215,
    "p999_us": 330563.583,
    "nil_replies": 0,
    "err_replies": 0,
    "hit_ratio": 1,
    "value_ops_per_sec": 330405.1380357967,
    "bytes_per_sec": 355646192.8706105,
    "resp_ver": 2,
    "used_memory": 572948776,
    "bytes_per_key": 286.474388,
    "coverage_sampled": 100000,
    "coverage_retrievable": 96439,
    "coverage_missing": 3561,
    "coverage_fraction": 0.96439,
    "coverage_keyspace": 2000000,
    "distinct_keys_est": 1926423,
    "key_draws": 6608656
  },
  "redis": {
    "target": "redis",
    "version": "redis 8.8.0",
    "workload": "set",
    "skipped": false,
    "ops": 21059808,
    "errors": 0,
    "ops_per_sec": 1052960.4731786153,
    "min_us": 53.531,
    "p50_us": 971.263,
    "p99_us": 1431.551,
    "p999_us": 2123.775,
    "nil_replies": 0,
    "err_replies": 0,
    "hit_ratio": 1,
    "value_ops_per_sec": 1052960.4731786153,
    "bytes_per_sec": 1133400759.1869826,
    "resp_ver": 2,
    "used_memory": 536262304,
    "bytes_per_key": 268.131152,
    "coverage_sampled": 100000,
    "coverage_retrievable": 19928,
    "coverage_missing": 80072,
    "coverage_fraction": 0.19928,
    "coverage_keyspace": 2000000,
    "distinct_keys_est": 1999956,
    "key_draws": 21059808,
    "server_hits": 19928,
    "server_misses": 80072,
    "evicted_keys": 18860169,
    "maxmemory": 536870912,
    "maxmemory_policy": "allkeys-lfu"
  },
  "valkey": {
    "target": "valkey",
    "version": "valkey 9.1.0",
    "workload": "set",
    "skipped": false,
    "ops": 18503648,
    "errors": 0,
    "ops_per_sec": 925127.0468734044,
    "min_us": 25.456,
    "p50_us": 1100.799,
    "p99_us": 1631.231,
    "p999_us": 1881.087,
    "nil_replies": 0,
    "err_replies": 0,
    "hit_ratio": 1,
    "value_ops_per_sec": 925127.0468734044,
    "bytes_per_sec": 995801612.9020952,
    "resp_ver": 2,
    "used_memory": 536425448,
    "bytes_per_key": 268.212724,
    "coverage_sampled": 100000,
    "coverage_retrievable": 20362,
    "coverage_missing": 79638,
    "coverage_fraction": 0.20362,
    "coverage_keyspace": 2000000,
    "distinct_keys_est": 1999792,
    "key_draws": 18503648,
    "server_hits": 20362,
    "server_misses": 79638,
    "evicted_keys": 16434946,
    "maxmemory": 536870912,
    "maxmemory_policy": "allkeys-lfu"
  },
  "gate": {
    "pass": false,
    "reason": "aki is 0.31x Redis, below the 2.0x bar",
    "required_speedup": 2,
    "speedup_vs_redis": 0.313786838587007,
    "speedup_vs_valkey": 0.3571456905864409,
    "tail_regressed_vs_redis": true,
    "tail_regressed_vs_valkey": true
  },
  "generator_bound": false
}
