{
  "workload": "get",
  "cell": {
    "keyspace": 2000000,
    "value_size": 1032,
    "dist": "zipfian",
    "zipf_s": 0.99,
    "pipeline": 16,
    "connections": 64
  },
  "timestamp": "2026-07-11T07:46:55.735677043Z",
  "aki": {
    "target": "aki",
    "version": "unknown",
    "workload": "get",
    "skipped": false,
    "ops": 40130368,
    "errors": 0,
    "ops_per_sec": 2006487.2529973984,
    "min_us": 21.108,
    "p50_us": 430.847,
    "p99_us": 1078.271,
    "p999_us": 11911.167,
    "nil_replies": 0,
    "err_replies": 0,
    "hit_ratio": 1,
    "value_ops_per_sec": 2006487.2529973984,
    "bytes_per_sec": 2142632040.651438,
    "resp_ver": 2,
    "used_memory": 576498592,
    "bytes_per_key": 288.249296,
    "coverage_sampled": 100000,
    "coverage_retrievable": 100000,
    "coverage_fraction": 1,
    "coverage_keyspace": 2000000,
    "distinct_keys_est": 1839074,
    "key_draws": 40130368
  },
  "redis": {
    "target": "redis",
    "version": "redis 8.8.0",
    "workload": "get",
    "skipped": false,
    "ops": 67153792,
    "errors": 0,
    "ops_per_sec": 3357644.656918974,
    "min_us": 22.708,
    "p50_us": 280.575,
    "p99_us": 616.959,
    "p999_us": 905.215,
    "nil_replies": 42757727,
    "err_replies": 0,
    "hit_ratio": 0.3632864842539346,
    "value_ops_per_sec": 1219786.9227861024,
    "bytes_per_sec": 1370647934.616201,
    "resp_ver": 2,
    "used_memory": 535443904,
    "bytes_per_key": 267.721952,
    "coverage_sampled": 100000,
    "coverage_retrievable": 20136,
    "coverage_missing": 79864,
    "coverage_fraction": 0.20136,
    "coverage_keyspace": 2000000,
    "distinct_keys_est": 1954438,
    "key_draws": 67153792,
    "server_hits": 28052111,
    "server_misses": 49211601,
    "evicted_keys": 1082,
    "maxmemory": 536870912,
    "maxmemory_policy": "allkeys-lfu"
  },
  "valkey": {
    "target": "valkey",
    "version": "valkey 9.1.0",
    "workload": "get",
    "skipped": false,
    "ops": 62430864,
    "errors": 0,
    "ops_per_sec": 3121493.898657141,
    "min_us": 16.651,
    "p50_us": 313.087,
    "p99_us": 568.831,
    "p999_us": 1014.271,
    "nil_replies": 36924580,
    "err_replies": 0,
    "hit_ratio": 0.408552474942522,
    "value_ops_per_sec": 1275294.0578143569,
    "bytes_per_sec": 1420631541.43234,
    "resp_ver": 2,
    "used_memory": 535669352,
    "bytes_per_key": 267.834676,
    "coverage_sampled": 100000,
    "coverage_retrievable": 20179,
    "coverage_missing": 79821,
    "coverage_fraction": 0.20179,
    "coverage_keyspace": 2000000,
    "distinct_keys_est": 1943747,
    "key_draws": 62430864,
    "server_hits": 29352435,
    "server_misses": 42544477,
    "evicted_keys": 908,
    "maxmemory": 536870912,
    "maxmemory_policy": "allkeys-lfu"
  },
  "gate": {
    "pass": false,
    "reason": "aki is 1.64x Redis, below the 2.0x bar",
    "required_speedup": 2,
    "speedup_vs_redis": 1.6449489788055787,
    "speedup_vs_valkey": 1.5733526245987421,
    "tail_regressed_vs_redis": true,
    "tail_regressed_vs_valkey": true
  },
  "generator_bound": false
}
