{
  "workload": "get",
  "cell": {
    "keyspace": 2000000,
    "value_size": 1032,
    "dist": "uniform",
    "pipeline": 16,
    "connections": 64
  },
  "timestamp": "2026-07-11T07:39:10.954807048Z",
  "aki": {
    "target": "aki",
    "version": "unknown",
    "workload": "get",
    "skipped": false,
    "ops": 19012736,
    "errors": 0,
    "ops_per_sec": 950592.1580534254,
    "min_us": 29.124,
    "p50_us": 851.455,
    "p99_us": 11165.695,
    "p999_us": 12263.423,
    "nil_replies": 0,
    "err_replies": 0,
    "hit_ratio": 1,
    "value_ops_per_sec": 950592.1580534254,
    "bytes_per_sec": 1018459147.1669159,
    "resp_ver": 2,
    "used_memory": 573186904,
    "bytes_per_key": 286.593452,
    "coverage_sampled": 100000,
    "coverage_retrievable": 100000,
    "coverage_fraction": 1,
    "coverage_keyspace": 2000000,
    "distinct_keys_est": 1999855,
    "key_draws": 19012736
  },
  "redis": {
    "target": "redis",
    "version": "redis 8.8.0",
    "workload": "get",
    "skipped": false,
    "ops": 66618240,
    "errors": 0,
    "ops_per_sec": 3330853.6307871444,
    "min_us": 22.591,
    "p50_us": 289.279,
    "p99_us": 599.551,
    "p999_us": 848.383,
    "nil_replies": 53256888,
    "err_replies": 0,
    "hit_ratio": 0.2005659711214226,
    "value_ops_per_sec": 668055.8931221401,
    "bytes_per_sec": 809999337.4336107,
    "resp_ver": 2,
    "used_memory": 535457040,
    "bytes_per_key": 267.72852,
    "coverage_sampled": 100000,
    "coverage_retrievable": 20138,
    "coverage_missing": 79862,
    "coverage_fraction": 0.20138,
    "coverage_keyspace": 2000000,
    "distinct_keys_est": 2000000,
    "key_draws": 66618240,
    "server_hits": 15381868,
    "server_misses": 61314132,
    "evicted_keys": 1122,
    "maxmemory": 536870912,
    "maxmemory_policy": "allkeys-lfu"
  },
  "valkey": {
    "target": "valkey",
    "version": "valkey 9.1.0",
    "workload": "get",
    "skipped": false,
    "ops": 64756528,
    "errors": 0,
    "ops_per_sec": 3237763.961179002,
    "min_us": 14.752,
    "p50_us": 304.639,
    "p99_us": 533.503,
    "p999_us": 832.511,
    "nil_replies": 51720352,
    "err_replies": 0,
    "hit_ratio": 0.20131060763480094,
    "value_ops_per_sec": 651796.2304030049,
    "bytes_per_sec": 789859478.5653926,
    "resp_ver": 2,
    "used_memory": 535658760,
    "bytes_per_key": 267.82938,
    "coverage_sampled": 100000,
    "coverage_retrievable": 20090,
    "coverage_missing": 79910,
    "coverage_fraction": 0.2009,
    "coverage_keyspace": 2000000,
    "distinct_keys_est": 2000000,
    "key_draws": 64756528,
    "server_hits": 15017261,
    "server_misses": 59579811,
    "evicted_keys": 934,
    "maxmemory": 536870912,
    "maxmemory_policy": "allkeys-lfu"
  },
  "gate": {
    "pass": false,
    "reason": "aki is 1.42x Redis, below the 2.0x bar",
    "required_speedup": 2,
    "speedup_vs_redis": 1.4229230934718053,
    "speedup_vs_valkey": 1.4584192324427456,
    "tail_regressed_vs_redis": true,
    "tail_regressed_vs_valkey": true
  },
  "generator_bound": false
}
