{
  "workload": "get",
  "cell": {
    "keyspace": 2000000,
    "value_size": 1032,
    "dist": "uniform",
    "pipeline": 16,
    "connections": 64
  },
  "timestamp": "2026-07-11T07:40:42.654408389Z",
  "aki": {
    "target": "aki",
    "version": "unknown",
    "workload": "get",
    "skipped": false,
    "ops": 18597664,
    "errors": 0,
    "ops_per_sec": 929848.3305481272,
    "min_us": 30.606,
    "p50_us": 872.447,
    "p99_us": 11329.535,
    "p999_us": 12287.999,
    "nil_replies": 0,
    "err_replies": 0,
    "hit_ratio": 1,
    "value_ops_per_sec": 929848.3305481272,
    "bytes_per_sec": 996234322.5134705,
    "resp_ver": 2,
    "used_memory": 567415960,
    "bytes_per_key": 283.70798,
    "coverage_sampled": 100000,
    "coverage_retrievable": 100000,
    "coverage_fraction": 1,
    "coverage_keyspace": 2000000,
    "distinct_keys_est": 1999808,
    "key_draws": 18597664
  },
  "redis": {
    "target": "redis",
    "version": "redis 8.8.0",
    "workload": "get",
    "skipped": false,
    "ops": 66017328,
    "errors": 0,
    "ops_per_sec": 3300811.1775940396,
    "min_us": 23.336,
    "p50_us": 292.351,
    "p99_us": 605.695,
    "p999_us": 879.103,
    "nil_replies": 52771661,
    "err_replies": 0,
    "hit_ratio": 0.20063924732003693,
    "value_ops_per_sec": 662272.2702180329,
    "bytes_per_sec": 802944124.1349505,
    "resp_ver": 2,
    "used_memory": 535446312,
    "bytes_per_key": 267.723156,
    "coverage_sampled": 100000,
    "coverage_retrievable": 20111,
    "coverage_missing": 79889,
    "coverage_fraction": 0.20111,
    "coverage_keyspace": 2000000,
    "distinct_keys_est": 2000000,
    "key_draws": 66017328,
    "server_hits": 15254498,
    "server_misses": 60776030,
    "evicted_keys": 1080,
    "maxmemory": 536870912,
    "maxmemory_policy": "allkeys-lfu"
  },
  "valkey": {
    "target": "valkey",
    "version": "valkey 9.1.0",
    "workload": "get",
    "skipped": false,
    "ops": 65052032,
    "errors": 0,
    "ops_per_sec": 3252552.280574004,
    "min_us": 15.098,
    "p50_us": 303.103,
    "p99_us": 530.431,
    "p999_us": 833.535,
    "nil_replies": 51964432,
    "err_replies": 0,
    "hit_ratio": 0.20118664394680247,
    "value_ops_per_sec": 654370.0775902024,
    "bytes_per_sec": 793049408.5539033,
    "resp_ver": 2,
    "used_memory": 535663336,
    "bytes_per_key": 267.831668,
    "coverage_sampled": 100000,
    "coverage_retrievable": 20138,
    "coverage_missing": 79862,
    "coverage_fraction": 0.20138,
    "coverage_keyspace": 2000000,
    "distinct_keys_est": 2000000,
    "key_draws": 65052032,
    "server_hits": 15068475,
    "server_misses": 59834021,
    "evicted_keys": 912,
    "maxmemory": 536870912,
    "maxmemory_policy": "allkeys-lfu"
  },
  "gate": {
    "pass": false,
    "reason": "aki is 1.40x Redis, below the 2.0x bar",
    "required_speedup": 2,
    "speedup_vs_redis": 1.4040272745256315,
    "speedup_vs_valkey": 1.4209823498843452,
    "tail_regressed_vs_redis": true,
    "tail_regressed_vs_valkey": true
  },
  "generator_bound": false
}
