{
  "workload": "get",
  "cell": {
    "keyspace": 2000000,
    "value_size": 1032,
    "dist": "zipfian",
    "zipf_s": 0.99,
    "pipeline": 16,
    "connections": 64
  },
  "timestamp": "2026-07-11T07:43:51.94690427Z",
  "aki": {
    "target": "aki",
    "version": "unknown",
    "workload": "get",
    "skipped": false,
    "ops": 40885968,
    "errors": 0,
    "ops_per_sec": 2044223.313633467,
    "min_us": 21.705,
    "p50_us": 421.631,
    "p99_us": 1054.719,
    "p999_us": 12091.391,
    "nil_replies": 0,
    "err_replies": 0,
    "hit_ratio": 1,
    "value_ops_per_sec": 2044223.313633467,
    "bytes_per_sec": 2182928735.7946057,
    "resp_ver": 2,
    "used_memory": 569277688,
    "bytes_per_key": 284.638844,
    "coverage_sampled": 100000,
    "coverage_retrievable": 100000,
    "coverage_fraction": 1,
    "coverage_keyspace": 2000000,
    "distinct_keys_est": 1845067,
    "key_draws": 40885968
  },
  "redis": {
    "target": "redis",
    "version": "redis 8.8.0",
    "workload": "get",
    "skipped": false,
    "ops": 67974624,
    "errors": 0,
    "ops_per_sec": 3398676.308318812,
    "min_us": 24.949,
    "p50_us": 276.735,
    "p99_us": 610.815,
    "p999_us": 921.599,
    "nil_replies": 43019787,
    "err_replies": 0,
    "hit_ratio": 0.3671198975664801,
    "value_ops_per_sec": 1247721.698171625,
    "bytes_per_sec": 1400895403.8784215,
    "resp_ver": 2,
    "used_memory": 535435216,
    "bytes_per_key": 267.717608,
    "coverage_sampled": 100000,
    "coverage_retrievable": 19962,
    "coverage_missing": 80038,
    "coverage_fraction": 0.19962,
    "coverage_keyspace": 2000000,
    "distinct_keys_est": 1956137,
    "key_draws": 67974624,
    "server_hits": 28711799,
    "server_misses": 49542681,
    "evicted_keys": 1138,
    "maxmemory": 536870912,
    "maxmemory_policy": "allkeys-lfu"
  },
  "valkey": {
    "target": "valkey",
    "version": "valkey 9.1.0",
    "workload": "get",
    "skipped": false,
    "ops": 62993328,
    "errors": 0,
    "ops_per_sec": 3149600.6423228295,
    "min_us": 15.431,
    "p50_us": 310.527,
    "p99_us": 562.175,
    "p999_us": 986.623,
    "nil_replies": 37211891,
    "err_replies": 0,
    "hit_ratio": 0.4092725026371047,
    "value_ops_per_sec": 1289044.9371908968,
    "bytes_per_sec": 1435772642.0952013,
    "resp_ver": 2,
    "used_memory": 535663272,
    "bytes_per_key": 267.831636,
    "coverage_sampled": 100000,
    "coverage_retrievable": 20174,
    "coverage_missing": 79826,
    "coverage_fraction": 0.20174,
    "coverage_keyspace": 2000000,
    "distinct_keys_est": 1945095,
    "key_draws": 62993328,
    "server_hits": 29647903,
    "server_misses": 42845537,
    "evicted_keys": 930,
    "maxmemory": 536870912,
    "maxmemory_policy": "allkeys-lfu"
  },
  "gate": {
    "pass": false,
    "reason": "aki is 1.64x Redis, below the 2.0x bar",
    "required_speedup": 2,
    "speedup_vs_redis": 1.6383648025268875,
    "speedup_vs_valkey": 1.5858433283856377,
    "tail_regressed_vs_redis": true,
    "tail_regressed_vs_valkey": true
  },
  "generator_bound": false
}
