{
  "workload": "set",
  "cell": {
    "keyspace": 2000000,
    "value_size": 1032,
    "dist": "uniform",
    "pipeline": 16,
    "connections": 64
  },
  "timestamp": "2026-07-11T07:50:31.500187507Z",
  "aki": {
    "target": "aki",
    "version": "unknown",
    "workload": "set",
    "skipped": false,
    "ops": 6496720,
    "errors": 0,
    "ops_per_sec": 324817.85595066176,
    "min_us": 24.384,
    "p50_us": 495.103,
    "p99_us": 13008.895,
    "p999_us": 388497.407,
    "nil_replies": 0,
    "err_replies": 0,
    "hit_ratio": 1,
    "value_ops_per_sec": 324817.85595066176,
    "bytes_per_sec": 349632087.0988019,
    "resp_ver": 2,
    "used_memory": 572092392,
    "bytes_per_key": 286.046196,
    "coverage_sampled": 100000,
    "coverage_retrievable": 96245,
    "coverage_missing": 3755,
    "coverage_fraction": 0.96245,
    "coverage_keyspace": 2000000,
    "distinct_keys_est": 1922175,
    "key_draws": 6496720
  },
  "redis": {
    "target": "redis",
    "version": "redis 8.8.0",
    "workload": "set",
    "skipped": false,
    "ops": 21105600,
    "errors": 0,
    "ops_per_sec": 1055262.9987105909,
    "min_us": 51.079,
    "p50_us": 968.703,
    "p99_us": 1433.599,
    "p999_us": 2097.151,
    "nil_replies": 0,
    "err_replies": 0,
    "hit_ratio": 1,
    "value_ops_per_sec": 1055262.9987105909,
    "bytes_per_sec": 1135879179.1573386,
    "resp_ver": 2,
    "used_memory": 536230440,
    "bytes_per_key": 268.11522,
    "coverage_sampled": 100000,
    "coverage_retrievable": 20071,
    "coverage_missing": 79929,
    "coverage_fraction": 0.20071,
    "coverage_keyspace": 2000000,
    "distinct_keys_est": 1999956,
    "key_draws": 21105600,
    "server_hits": 20071,
    "server_misses": 79929,
    "evicted_keys": 18908062,
    "maxmemory": 536870912,
    "maxmemory_policy": "allkeys-lfu"
  },
  "valkey": {
    "target": "valkey",
    "version": "valkey 9.1.0",
    "workload": "set",
    "skipped": false,
    "ops": 18377552,
    "errors": 0,
    "ops_per_sec": 918844.8716185756,
    "min_us": 24.41,
    "p50_us": 1107.967,
    "p99_us": 1658.879,
    "p999_us": 1959.935,
    "nil_replies": 0,
    "err_replies": 0,
    "hit_ratio": 1,
    "value_ops_per_sec": 918844.8716185756,
    "bytes_per_sec": 989039518.3019457,
    "resp_ver": 2,
    "used_memory": 536559440,
    "bytes_per_key": 268.27972,
    "coverage_sampled": 100000,
    "coverage_retrievable": 20204,
    "coverage_missing": 79796,
    "coverage_fraction": 0.20204,
    "coverage_keyspace": 2000000,
    "distinct_keys_est": 1999778,
    "key_draws": 18377552,
    "server_hits": 20204,
    "server_misses": 79796,
    "evicted_keys": 16213917,
    "maxmemory": 536870912,
    "maxmemory_policy": "allkeys-lfu"
  },
  "gate": {
    "pass": false,
    "reason": "aki is 0.31x Redis, below the 2.0x bar",
    "required_speedup": 2,
    "speedup_vs_redis": 0.30780749097386295,
    "speedup_vs_valkey": 0.35350674089140244,
    "tail_regressed_vs_redis": true,
    "tail_regressed_vs_valkey": true
  },
  "generator_bound": false
}
