{
  "workload": "get",
  "cell": {
    "keyspace": 2000000,
    "value_size": 1032,
    "dist": "uniform",
    "pipeline": 16,
    "connections": 64
  },
  "timestamp": "2026-07-11T07:42:14.383438283Z",
  "aki": {
    "target": "aki",
    "version": "unknown",
    "workload": "get",
    "skipped": false,
    "ops": 18616064,
    "errors": 0,
    "ops_per_sec": 930768.1575561746,
    "min_us": 34.05,
    "p50_us": 869.375,
    "p99_us": 11493.375,
    "p999_us": 12541.951,
    "nil_replies": 0,
    "err_replies": 0,
    "hit_ratio": 1,
    "value_ops_per_sec": 930768.1575561746,
    "bytes_per_sec": 997219808.4712918,
    "resp_ver": 2,
    "used_memory": 572979472,
    "bytes_per_key": 286.489736,
    "coverage_sampled": 100000,
    "coverage_retrievable": 100000,
    "coverage_fraction": 1,
    "coverage_keyspace": 2000000,
    "distinct_keys_est": 1999814,
    "key_draws": 18616064
  },
  "redis": {
    "target": "redis",
    "version": "redis 8.8.0",
    "workload": "get",
    "skipped": false,
    "ops": 65737760,
    "errors": 0,
    "ops_per_sec": 3286846.083180586,
    "min_us": 23.445,
    "p50_us": 294.655,
    "p99_us": 605.695,
    "p999_us": 867.839,
    "nil_replies": 52548673,
    "err_replies": 0,
    "hit_ratio": 0.2006318286476448,
    "value_ops_per_sec": 659445.9401518698,
    "bytes_per_sec": 799521787.6285945,
    "resp_ver": 2,
    "used_memory": 535441888,
    "bytes_per_key": 267.720944,
    "coverage_sampled": 100000,
    "coverage_retrievable": 20175,
    "coverage_missing": 79825,
    "coverage_fraction": 0.20175,
    "coverage_keyspace": 2000000,
    "distinct_keys_est": 2000000,
    "key_draws": 65737760,
    "server_hits": 15179137,
    "server_misses": 60473951,
    "evicted_keys": 1083,
    "maxmemory": 536870912,
    "maxmemory_policy": "allkeys-lfu"
  },
  "valkey": {
    "target": "valkey",
    "version": "valkey 9.1.0",
    "workload": "get",
    "skipped": false,
    "ops": 64559760,
    "errors": 0,
    "ops_per_sec": 3227943.138207662,
    "min_us": 16.762,
    "p50_us": 305.663,
    "p99_us": 529.919,
    "p999_us": 836.607,
    "nil_replies": 51568371,
    "err_replies": 0,
    "hit_ratio": 0.2012304413771055,
    "value_ops_per_sec": 649560.4224417269,
    "bytes_per_sec": 787195584.2451298,
    "resp_ver": 2,
    "used_memory": 535667368,
    "bytes_per_key": 267.833684,
    "coverage_sampled": 100000,
    "coverage_retrievable": 20103,
    "coverage_missing": 79897,
    "coverage_fraction": 0.20103,
    "coverage_keyspace": 2000000,
    "distinct_keys_est": 2000000,
    "key_draws": 64559760,
    "server_hits": 14970557,
    "server_misses": 59419491,
    "evicted_keys": 908,
    "maxmemory": 536870912,
    "maxmemory_policy": "allkeys-lfu"
  },
  "gate": {
    "pass": false,
    "reason": "aki is 1.41x Redis, below the 2.0x bar",
    "required_speedup": 2,
    "speedup_vs_redis": 1.4114396660654542,
    "speedup_vs_valkey": 1.432920057009285,
    "tail_regressed_vs_redis": true,
    "tail_regressed_vs_valkey": true
  },
  "generator_bound": false
}
