{
  "workload": "set",
  "cell": {
    "keyspace": 2000000,
    "value_size": 1032,
    "dist": "uniform",
    "pipeline": 16,
    "connections": 64
  },
  "timestamp": "2026-07-11T08:01:07.788645455Z",
  "aki": {
    "target": "aki",
    "version": "unknown",
    "workload": "set",
    "skipped": false,
    "ops": 6470976,
    "errors": 0,
    "ops_per_sec": 323453.5555587493,
    "min_us": 24.261,
    "p50_us": 469.759,
    "p99_us": 13254.655,
    "p999_us": 358350.847,
    "nil_replies": 0,
    "err_replies": 0,
    "hit_ratio": 1,
    "value_ops_per_sec": 323453.5555587493,
    "bytes_per_sec": 348163567.22523946,
    "resp_ver": 2,
    "used_memory": 572145352,
    "bytes_per_key": 286.072676,
    "coverage_sampled": 100000,
    "coverage_retrievable": 96188,
    "coverage_missing": 3812,
    "coverage_fraction": 0.96188,
    "coverage_keyspace": 2000000,
    "distinct_keys_est": 1921173,
    "key_draws": 6470976
  },
  "redis": {
    "target": "redis",
    "version": "redis 8.8.0",
    "workload": "set",
    "skipped": false,
    "ops": 50320752,
    "errors": 0,
    "ops_per_sec": 2515966.4763952754,
    "min_us": 25.811,
    "p50_us": 391.423,
    "p99_us": 710.655,
    "p999_us": 955.391,
    "nil_replies": 0,
    "err_replies": 0,
    "hit_ratio": 1,
    "value_ops_per_sec": 2515966.4763952754,
    "bytes_per_sec": 2708172131.90282,
    "resp_ver": 2,
    "used_memory": 2653584160,
    "bytes_per_key": 1326.79208,
    "coverage_sampled": 100000,
    "coverage_retrievable": 100000,
    "coverage_fraction": 1,
    "coverage_keyspace": 2000000,
    "distinct_keys_est": 2000000,
    "key_draws": 50320752,
    "server_hits": 100000,
    "maxmemory": 4294967296,
    "maxmemory_policy": "noeviction"
  },
  "valkey": {
    "target": "valkey",
    "version": "valkey 9.1.0",
    "workload": "set",
    "skipped": false,
    "ops": 42149904,
    "errors": 0,
    "ops_per_sec": 2107441.749060291,
    "min_us": 26.643,
    "p50_us": 473.087,
    "p99_us": 749.055,
    "p999_us": 982.015,
    "nil_replies": 0,
    "err_replies": 0,
    "hit_ratio": 1,
    "value_ops_per_sec": 2107441.749060291,
    "bytes_per_sec": 2268438439.3592844,
    "resp_ver": 2,
    "used_memory": 2660552024,
    "bytes_per_key": 1330.276012,
    "coverage_sampled": 100000,
    "coverage_retrievable": 100000,
    "coverage_fraction": 1,
    "coverage_keyspace": 2000000,
    "distinct_keys_est": 2000000,
    "key_draws": 42149904,
    "server_hits": 100000,
    "maxmemory": 4294967296,
    "maxmemory_policy": "noeviction"
  },
  "gate": {
    "pass": false,
    "reason": "aki is 0.13x Redis, below the 2.0x bar",
    "required_speedup": 2,
    "speedup_vs_redis": 0.12856035984317804,
    "speedup_vs_valkey": 0.15348161139114633,
    "tail_regressed_vs_redis": true,
    "tail_regressed_vs_valkey": true
  },
  "generator_bound": false
}
