{
  "workload": "get",
  "cell": {
    "keyspace": 2000000,
    "value_size": 1032,
    "dist": "uniform",
    "pipeline": 16,
    "connections": 64
  },
  "timestamp": "2026-07-11T07:53:39.911454038Z",
  "aki": {
    "target": "aki",
    "version": "unknown",
    "workload": "get",
    "skipped": false,
    "ops": 18516976,
    "errors": 0,
    "ops_per_sec": 925803.9174889821,
    "min_us": 31.744,
    "p50_us": 867.839,
    "p99_us": 11714.559,
    "p999_us": 12845.055,
    "nil_replies": 0,
    "err_replies": 0,
    "hit_ratio": 1,
    "value_ops_per_sec": 925803.9174889821,
    "bytes_per_sec": 991901165.6274409,
    "resp_ver": 2,
    "used_memory": 560955640,
    "bytes_per_key": 280.47782,
    "coverage_sampled": 100000,
    "coverage_retrievable": 100000,
    "coverage_fraction": 1,
    "coverage_keyspace": 2000000,
    "distinct_keys_est": 1999795,
    "key_draws": 18516976
  },
  "redis": {
    "target": "redis",
    "version": "redis 8.8.0",
    "workload": "get",
    "skipped": false,
    "ops": 39425504,
    "errors": 0,
    "ops_per_sec": 1971234.6409602067,
    "min_us": 44.579,
    "p50_us": 509.695,
    "p99_us": 814.079,
    "p999_us": 1206.271,
    "nil_replies": 0,
    "err_replies": 0,
    "hit_ratio": 1,
    "value_ops_per_sec": 1971234.6409602067,
    "bytes_per_sec": 2111969730.4224102,
    "resp_ver": 2,
    "used_memory": 2653617784,
    "bytes_per_key": 1326.808892,
    "coverage_sampled": 100000,
    "coverage_retrievable": 100000,
    "coverage_fraction": 1,
    "coverage_keyspace": 2000000,
    "distinct_keys_est": 2000000,
    "key_draws": 39425504,
    "server_hits": 45404608,
    "maxmemory": 4294967296,
    "maxmemory_policy": "noeviction"
  },
  "valkey": {
    "target": "valkey",
    "version": "valkey 9.1.0",
    "workload": "get",
    "skipped": false,
    "ops": 38620512,
    "errors": 0,
    "ops_per_sec": 1930967.928746356,
    "min_us": 21.384,
    "p50_us": 517.119,
    "p99_us": 782.847,
    "p999_us": 1647.615,
    "nil_replies": 0,
    "err_replies": 0,
    "hit_ratio": 1,
    "value_ops_per_sec": 1930967.928746356,
    "bytes_per_sec": 2068828234.0915463,
    "resp_ver": 2,
    "used_memory": 2660585544,
    "bytes_per_key": 1330.292772,
    "coverage_sampled": 100000,
    "coverage_retrievable": 100000,
    "coverage_fraction": 1,
    "coverage_keyspace": 2000000,
    "distinct_keys_est": 2000000,
    "key_draws": 38620512,
    "server_hits": 44517984,
    "maxmemory": 4294967296,
    "maxmemory_policy": "noeviction"
  },
  "gate": {
    "pass": false,
    "reason": "aki is 0.47x Redis, below the 2.0x bar",
    "required_speedup": 2,
    "speedup_vs_redis": 0.46965688317957643,
    "speedup_vs_valkey": 0.47945069605068097,
    "tail_regressed_vs_redis": true,
    "tail_regressed_vs_valkey": true
  },
  "generator_bound": false
}
