{
  "workload": "get",
  "cell": {
    "keyspace": 2000000,
    "value_size": 1032,
    "dist": "zipfian",
    "zipf_s": 0.99,
    "pipeline": 16,
    "connections": 64
  },
  "timestamp": "2026-07-11T07:56:48.376446205Z",
  "aki": {
    "target": "aki",
    "version": "unknown",
    "workload": "get",
    "skipped": false,
    "ops": 40821312,
    "errors": 0,
    "ops_per_sec": 2041017.8046696612,
    "min_us": 20.773,
    "p50_us": 422.399,
    "p99_us": 1050.623,
    "p999_us": 12140.543,
    "nil_replies": 0,
    "err_replies": 0,
    "hit_ratio": 1,
    "value_ops_per_sec": 2041017.8046696612,
    "bytes_per_sec": 2179505742.192233,
    "resp_ver": 2,
    "used_memory": 571174504,
    "bytes_per_key": 285.587252,
    "coverage_sampled": 100000,
    "coverage_retrievable": 100000,
    "coverage_fraction": 1,
    "coverage_keyspace": 2000000,
    "distinct_keys_est": 1844581,
    "key_draws": 40821312
  },
  "redis": {
    "target": "redis",
    "version": "redis 8.8.0",
    "workload": "get",
    "skipped": false,
    "ops": 46601808,
    "errors": 0,
    "ops_per_sec": 2330047.828162141,
    "min_us": 36.492,
    "p50_us": 424.191,
    "p99_us": 765.439,
    "p999_us": 1526.783,
    "nil_replies": 0,
    "err_replies": 0,
    "hit_ratio": 1,
    "value_ops_per_sec": 2330047.828162141,
    "bytes_per_sec": 2488147023.5633616,
    "resp_ver": 2,
    "used_memory": 2653604512,
    "bytes_per_key": 1326.802256,
    "coverage_sampled": 100000,
    "coverage_retrievable": 100000,
    "coverage_fraction": 1,
    "coverage_keyspace": 2000000,
    "distinct_keys_est": 1882303,
    "key_draws": 46601808,
    "server_hits": 53577072,
    "maxmemory": 4294967296,
    "maxmemory_policy": "noeviction"
  },
  "valkey": {
    "target": "valkey",
    "version": "valkey 9.1.0",
    "workload": "get",
    "skipped": false,
    "ops": 49161824,
    "errors": 0,
    "ops_per_sec": 2458041.76226635,
    "min_us": 19.315,
    "p50_us": 400.383,
    "p99_us": 663.551,
    "p999_us": 1416.191,
    "nil_replies": 0,
    "err_replies": 0,
    "hit_ratio": 1,
    "value_ops_per_sec": 2458041.76226635,
    "bytes_per_sec": 2624825402.40537,
    "resp_ver": 2,
    "used_memory": 2660579848,
    "bytes_per_key": 1330.289924,
    "coverage_sampled": 100000,
    "coverage_retrievable": 100000,
    "coverage_fraction": 1,
    "coverage_keyspace": 2000000,
    "distinct_keys_est": 1895837,
    "key_draws": 49161824,
    "server_hits": 56626384,
    "maxmemory": 4294967296,
    "maxmemory_policy": "noeviction"
  },
  "gate": {
    "pass": false,
    "reason": "aki is 0.88x Redis, below the 2.0x bar",
    "required_speedup": 2,
    "speedup_vs_redis": 0.8759553258954103,
    "speedup_vs_valkey": 0.8303430136955091,
    "tail_regressed_vs_redis": true,
    "tail_regressed_vs_valkey": true
  },
  "generator_bound": false
}
