{
  "workload": "set",
  "cell": {
    "keyspace": 2000000,
    "value_size": 1032,
    "dist": "uniform",
    "pipeline": 16,
    "connections": 64
  },
  "timestamp": "2026-07-11T08:02:18.446309016Z",
  "aki": {
    "target": "aki",
    "version": "unknown",
    "workload": "set",
    "skipped": false,
    "ops": 6400720,
    "errors": 0,
    "ops_per_sec": 320016.8657275737,
    "min_us": 24.259,
    "p50_us": 485.887,
    "p99_us": 13320.191,
    "p999_us": 386662.399,
    "nil_replies": 0,
    "err_replies": 0,
    "hit_ratio": 1,
    "value_ops_per_sec": 320016.8657275737,
    "bytes_per_sec": 344464345.8272897,
    "resp_ver": 2,
    "used_memory": 569599720,
    "bytes_per_key": 284.79986,
    "coverage_sampled": 100000,
    "coverage_retrievable": 96050,
    "coverage_missing": 3950,
    "coverage_fraction": 0.9605,
    "coverage_keyspace": 2000000,
    "distinct_keys_est": 1918309,
    "key_draws": 6400720
  },
  "redis": {
    "target": "redis",
    "version": "redis 8.8.0",
    "workload": "set",
    "skipped": false,
    "ops": 49974048,
    "errors": 0,
    "ops_per_sec": 2498650.365980926,
    "min_us": 42.983,
    "p50_us": 394.495,
    "p99_us": 719.359,
    "p999_us": 1019.903,
    "nil_replies": 0,
    "err_replies": 0,
    "hit_ratio": 1,
    "value_ops_per_sec": 2498650.365980926,
    "bytes_per_sec": 2689533177.9249997,
    "resp_ver": 2,
    "used_memory": 2653610840,
    "bytes_per_key": 1326.80542,
    "coverage_sampled": 100000,
    "coverage_retrievable": 100000,
    "coverage_fraction": 1,
    "coverage_keyspace": 2000000,
    "distinct_keys_est": 2000000,
    "key_draws": 49974048,
    "server_hits": 100000,
    "maxmemory": 4294967296,
    "maxmemory_policy": "noeviction"
  },
  "valkey": {
    "target": "valkey",
    "version": "valkey 9.1.0",
    "workload": "set",
    "skipped": false,
    "ops": 41255024,
    "errors": 0,
    "ops_per_sec": 2062688.1660029318,
    "min_us": 25.339,
    "p50_us": 481.535,
    "p99_us": 755.199,
    "p999_us": 989.183,
    "nil_replies": 0,
    "err_replies": 0,
    "hit_ratio": 1,
    "value_ops_per_sec": 2062688.1660029318,
    "bytes_per_sec": 2220265979.7588844,
    "resp_ver": 2,
    "used_memory": 2660576712,
    "bytes_per_key": 1330.288356,
    "coverage_sampled": 100000,
    "coverage_retrievable": 100000,
    "coverage_fraction": 1,
    "coverage_keyspace": 2000000,
    "distinct_keys_est": 2000000,
    "key_draws": 41255024,
    "server_hits": 100000,
    "maxmemory": 4294967296,
    "maxmemory_policy": "noeviction"
  },
  "gate": {
    "pass": false,
    "reason": "aki is 0.13x Redis, below the 2.0x bar",
    "required_speedup": 2,
    "speedup_vs_redis": 0.12807588852149818,
    "speedup_vs_valkey": 0.15514553823601024,
    "tail_regressed_vs_redis": true,
    "tail_regressed_vs_valkey": true
  },
  "generator_bound": false
}
