{
  "workload": "get",
  "cell": {
    "keyspace": 2000000,
    "value_size": 1032,
    "dist": "uniform",
    "pipeline": 16,
    "connections": 64
  },
  "timestamp": "2026-07-11T07:55:11.443559082Z",
  "aki": {
    "target": "aki",
    "version": "unknown",
    "workload": "get",
    "skipped": false,
    "ops": 18506912,
    "errors": 0,
    "ops_per_sec": 925327.3246002736,
    "min_us": 33.255,
    "p50_us": 869.887,
    "p99_us": 11665.407,
    "p999_us": 12902.399,
    "nil_replies": 0,
    "err_replies": 0,
    "hit_ratio": 1,
    "value_ops_per_sec": 925327.3246002736,
    "bytes_per_sec": 991390553.3882924,
    "resp_ver": 2,
    "used_memory": 565412848,
    "bytes_per_key": 282.706424,
    "coverage_sampled": 100000,
    "coverage_retrievable": 100000,
    "coverage_fraction": 1,
    "coverage_keyspace": 2000000,
    "distinct_keys_est": 1999794,
    "key_draws": 18506912
  },
  "redis": {
    "target": "redis",
    "version": "redis 8.8.0",
    "workload": "get",
    "skipped": false,
    "ops": 40214912,
    "errors": 0,
    "ops_per_sec": 2010692.7291362914,
    "min_us": 45.473,
    "p50_us": 499.711,
    "p99_us": 796.671,
    "p999_us": 1147.903,
    "nil_replies": 0,
    "err_replies": 0,
    "hit_ratio": 1,
    "value_ops_per_sec": 2010692.7291362914,
    "bytes_per_sec": 2154244951.902127,
    "resp_ver": 2,
    "used_memory": 2653617936,
    "bytes_per_key": 1326.808968,
    "coverage_sampled": 100000,
    "coverage_retrievable": 100000,
    "coverage_fraction": 1,
    "coverage_keyspace": 2000000,
    "distinct_keys_est": 2000000,
    "key_draws": 40214912,
    "server_hits": 46353424,
    "maxmemory": 4294967296,
    "maxmemory_policy": "noeviction"
  },
  "valkey": {
    "target": "valkey",
    "version": "valkey 9.1.0",
    "workload": "get",
    "skipped": false,
    "ops": 38978736,
    "errors": 0,
    "ops_per_sec": 1948881.925234187,
    "min_us": 22.805,
    "p50_us": 512.767,
    "p99_us": 773.631,
    "p999_us": 1449.983,
    "nil_replies": 0,
    "err_replies": 0,
    "hit_ratio": 1,
    "value_ops_per_sec": 1948881.925234187,
    "bytes_per_sec": 2088021200.1826653,
    "resp_ver": 2,
    "used_memory": 2660585544,
    "bytes_per_key": 1330.292772,
    "coverage_sampled": 100000,
    "coverage_retrievable": 100000,
    "coverage_fraction": 1,
    "coverage_keyspace": 2000000,
    "distinct_keys_est": 2000000,
    "key_draws": 38978736,
    "server_hits": 44895872,
    "maxmemory": 4294967296,
    "maxmemory_policy": "noeviction"
  },
  "gate": {
    "pass": false,
    "reason": "aki is 0.46x Redis, below the 2.0x bar",
    "required_speedup": 2,
    "speedup_vs_redis": 0.4602032479610921,
    "speedup_vs_valkey": 0.4747990694659872,
    "tail_regressed_vs_redis": true,
    "tail_regressed_vs_valkey": true
  },
  "generator_bound": false
}
