{
  "workload": "get",
  "cell": {
    "keyspace": 2000000,
    "value_size": 1032,
    "dist": "uniform",
    "pipeline": 16,
    "connections": 64
  },
  "timestamp": "2026-07-11T07:52:08.456147609Z",
  "aki": {
    "target": "aki",
    "version": "unknown",
    "workload": "get",
    "skipped": false,
    "ops": 18909232,
    "errors": 0,
    "ops_per_sec": 945400.3097924562,
    "min_us": 33.218,
    "p50_us": 849.919,
    "p99_us": 11665.407,
    "p999_us": 12787.711,
    "nil_replies": 0,
    "err_replies": 0,
    "hit_ratio": 1,
    "value_ops_per_sec": 945400.3097924562,
    "bytes_per_sec": 1012896630.1127595,
    "resp_ver": 2,
    "used_memory": 569933008,
    "bytes_per_key": 284.966504,
    "coverage_sampled": 100000,
    "coverage_retrievable": 100000,
    "coverage_fraction": 1,
    "coverage_keyspace": 2000000,
    "distinct_keys_est": 1999844,
    "key_draws": 18909232
  },
  "redis": {
    "target": "redis",
    "version": "redis 8.8.0",
    "workload": "get",
    "skipped": false,
    "ops": 39731424,
    "errors": 0,
    "ops_per_sec": 1986520.9789617832,
    "min_us": 45.933,
    "p50_us": 505.343,
    "p99_us": 804.863,
    "p999_us": 1220.607,
    "nil_replies": 0,
    "err_replies": 0,
    "hit_ratio": 1,
    "value_ops_per_sec": 1986520.9789617832,
    "bytes_per_sec": 2128347461.5606592,
    "resp_ver": 2,
    "used_memory": 2653617632,
    "bytes_per_key": 1326.808816,
    "coverage_sampled": 100000,
    "coverage_retrievable": 100000,
    "coverage_fraction": 1,
    "coverage_keyspace": 2000000,
    "distinct_keys_est": 2000000,
    "key_draws": 39731424,
    "server_hits": 45795984,
    "maxmemory": 4294967296,
    "maxmemory_policy": "noeviction"
  },
  "valkey": {
    "target": "valkey",
    "version": "valkey 9.1.0",
    "workload": "get",
    "skipped": false,
    "ops": 39165216,
    "errors": 0,
    "ops_per_sec": 1958209.1858160116,
    "min_us": 19.891,
    "p50_us": 510.463,
    "p99_us": 772.607,
    "p999_us": 1515.519,
    "nil_replies": 0,
    "err_replies": 0,
    "hit_ratio": 1,
    "value_ops_per_sec": 1958209.1858160116,
    "bytes_per_sec": 2098014343.502636,
    "resp_ver": 2,
    "used_memory": 2660585544,
    "bytes_per_key": 1330.292772,
    "coverage_sampled": 100000,
    "coverage_retrievable": 100000,
    "coverage_fraction": 1,
    "coverage_keyspace": 2000000,
    "distinct_keys_est": 2000000,
    "key_draws": 39165216,
    "server_hits": 45083232,
    "maxmemory": 4294967296,
    "maxmemory_policy": "noeviction"
  },
  "gate": {
    "pass": false,
    "reason": "aki is 0.48x Redis, below the 2.0x bar",
    "required_speedup": 2,
    "speedup_vs_redis": 0.4759075387598229,
    "speedup_vs_valkey": 0.4827882111065144,
    "tail_regressed_vs_redis": true,
    "tail_regressed_vs_valkey": true
  },
  "generator_bound": false
}
