{
  "workload": "get",
  "cell": {
    "keyspace": 2000000,
    "value_size": 1032,
    "dist": "zipfian",
    "zipf_s": 0.99,
    "pipeline": 16,
    "connections": 64
  },
  "timestamp": "2026-07-11T07:59:52.117734828Z",
  "aki": {
    "target": "aki",
    "version": "unknown",
    "workload": "get",
    "skipped": false,
    "ops": 39806336,
    "errors": 0,
    "ops_per_sec": 1989224.519998828,
    "min_us": 19.789,
    "p50_us": 431.615,
    "p99_us": 1094.655,
    "p999_us": 12148.735,
    "nil_replies": 0,
    "err_replies": 0,
    "hit_ratio": 1,
    "value_ops_per_sec": 1989224.519998828,
    "bytes_per_sec": 2124198073.3866203,
    "resp_ver": 2,
    "used_memory": 574243672,
    "bytes_per_key": 287.121836,
    "coverage_sampled": 100000,
    "coverage_retrievable": 100000,
    "coverage_fraction": 1,
    "coverage_keyspace": 2000000,
    "distinct_keys_est": 1836525,
    "key_draws": 39806336
  },
  "redis": {
    "target": "redis",
    "version": "redis 8.8.0",
    "workload": "get",
    "skipped": false,
    "ops": 46266640,
    "errors": 0,
    "ops_per_sec": 2313289.151176382,
    "min_us": 46.304,
    "p50_us": 426.751,
    "p99_us": 777.727,
    "p999_us": 1549.311,
    "nil_replies": 0,
    "err_replies": 0,
    "hit_ratio": 1,
    "value_ops_per_sec": 2313289.151176382,
    "bytes_per_sec": 2470251218.7337008,
    "resp_ver": 2,
    "used_memory": 2653604816,
    "bytes_per_key": 1326.802408,
    "coverage_sampled": 100000,
    "coverage_retrievable": 100000,
    "coverage_fraction": 1,
    "coverage_keyspace": 2000000,
    "distinct_keys_est": 1880419,
    "key_draws": 46266640,
    "server_hits": 53140272,
    "maxmemory": 4294967296,
    "maxmemory_policy": "noeviction"
  },
  "valkey": {
    "target": "valkey",
    "version": "valkey 9.1.0",
    "workload": "get",
    "skipped": false,
    "ops": 48460464,
    "errors": 0,
    "ops_per_sec": 2422971.701553712,
    "min_us": 18.927,
    "p50_us": 405.503,
    "p99_us": 676.351,
    "p999_us": 1534.975,
    "nil_replies": 0,
    "err_replies": 0,
    "hit_ratio": 1,
    "value_ops_per_sec": 2422971.701553712,
    "bytes_per_sec": 2587375900.4157686,
    "resp_ver": 2,
    "used_memory": 2660579848,
    "bytes_per_key": 1330.289924,
    "coverage_sampled": 100000,
    "coverage_retrievable": 100000,
    "coverage_fraction": 1,
    "coverage_keyspace": 2000000,
    "distinct_keys_est": 1892325,
    "key_draws": 48460464,
    "server_hits": 55858848,
    "maxmemory": 4294967296,
    "maxmemory_policy": "noeviction"
  },
  "gate": {
    "pass": false,
    "reason": "aki is 0.86x Redis, below the 2.0x bar",
    "required_speedup": 2,
    "speedup_vs_redis": 0.859911749029404,
    "speedup_vs_valkey": 0.8209854529969347,
    "tail_regressed_vs_redis": true,
    "tail_regressed_vs_valkey": true
  },
  "generator_bound": false
}
