{
  "workload": "get",
  "cell": {
    "keyspace": 2000000,
    "value_size": 1032,
    "dist": "zipfian",
    "zipf_s": 0.99,
    "pipeline": 16,
    "connections": 64
  },
  "timestamp": "2026-07-11T07:58:20.297299258Z",
  "aki": {
    "target": "aki",
    "version": "unknown",
    "workload": "get",
    "skipped": false,
    "ops": 39651056,
    "errors": 0,
    "ops_per_sec": 1982509.608946534,
    "min_us": 23.475,
    "p50_us": 433.151,
    "p99_us": 1087.487,
    "p999_us": 12361.727,
    "nil_replies": 0,
    "err_replies": 0,
    "hit_ratio": 1,
    "value_ops_per_sec": 1982509.608946534,
    "bytes_per_sec": 2117027521.0825744,
    "resp_ver": 2,
    "used_memory": 571618264,
    "bytes_per_key": 285.809132,
    "coverage_sampled": 100000,
    "coverage_retrievable": 100000,
    "coverage_fraction": 1,
    "coverage_keyspace": 2000000,
    "distinct_keys_est": 1835255,
    "key_draws": 39651056
  },
  "redis": {
    "target": "redis",
    "version": "redis 8.8.0",
    "workload": "get",
    "skipped": false,
    "ops": 46109120,
    "errors": 0,
    "ops_per_sec": 2305411.4698247546,
    "min_us": 32.988,
    "p50_us": 429.055,
    "p99_us": 770.047,
    "p999_us": 1539.071,
    "nil_replies": 0,
    "err_replies": 0,
    "hit_ratio": 1,
    "value_ops_per_sec": 2305411.4698247546,
    "bytes_per_sec": 2461839039.64803,
    "resp_ver": 2,
    "used_memory": 2653604664,
    "bytes_per_key": 1326.802332,
    "coverage_sampled": 100000,
    "coverage_retrievable": 100000,
    "coverage_fraction": 1,
    "coverage_keyspace": 2000000,
    "distinct_keys_est": 1879545,
    "key_draws": 46109120,
    "server_hits": 53148912,
    "maxmemory": 4294967296,
    "maxmemory_policy": "noeviction"
  },
  "valkey": {
    "target": "valkey",
    "version": "valkey 9.1.0",
    "workload": "get",
    "skipped": false,
    "ops": 48486976,
    "errors": 0,
    "ops_per_sec": 2424296.297621156,
    "min_us": 20.949,
    "p50_us": 406.271,
    "p99_us": 667.135,
    "p999_us": 1510.399,
    "nil_replies": 0,
    "err_replies": 0,
    "hit_ratio": 1,
    "value_ops_per_sec": 2424296.297621156,
    "bytes_per_sec": 2588790358.714399,
    "resp_ver": 2,
    "used_memory": 2660579848,
    "bytes_per_key": 1330.289924,
    "coverage_sampled": 100000,
    "coverage_retrievable": 100000,
    "coverage_fraction": 1,
    "coverage_keyspace": 2000000,
    "distinct_keys_est": 1892462,
    "key_draws": 48486976,
    "server_hits": 55880816,
    "maxmemory": 4294967296,
    "maxmemory_policy": "noeviction"
  },
  "gate": {
    "pass": false,
    "reason": "aki is 0.86x Redis, below the 2.0x bar",
    "required_speedup": 2,
    "speedup_vs_redis": 0.8599374276112343,
    "speedup_vs_valkey": 0.8177670406426286,
    "tail_regressed_vs_redis": true,
    "tail_regressed_vs_valkey": true
  },
  "generator_bound": false
}
