{
  "workload": "set",
  "cell": {
    "keyspace": 2000000,
    "value_size": 1032,
    "dist": "uniform",
    "pipeline": 16,
    "connections": 64
  },
  "timestamp": "2026-07-11T08:03:29.105359914Z",
  "aki": {
    "target": "aki",
    "version": "unknown",
    "workload": "set",
    "skipped": false,
    "ops": 6254480,
    "errors": 0,
    "ops_per_sec": 312699.0232905943,
    "min_us": 23.814,
    "p50_us": 495.615,
    "p99_us": 13377.535,
    "p999_us": 374079.487,
    "nil_replies": 0,
    "err_replies": 0,
    "hit_ratio": 1,
    "value_ops_per_sec": 312699.0232905943,
    "bytes_per_sec": 336587472.46027225,
    "resp_ver": 2,
    "used_memory": 576583280,
    "bytes_per_key": 288.29164,
    "coverage_sampled": 100000,
    "coverage_retrievable": 95728,
    "coverage_missing": 4272,
    "coverage_fraction": 0.95728,
    "coverage_keyspace": 2000000,
    "distinct_keys_est": 1912023,
    "key_draws": 6254480
  },
  "redis": {
    "target": "redis",
    "version": "redis 8.8.0",
    "workload": "set",
    "skipped": false,
    "ops": 50060176,
    "errors": 0,
    "ops_per_sec": 2502735.8039561035,
    "min_us": 40.691,
    "p50_us": 392.447,
    "p99_us": 712.703,
    "p999_us": 990.719,
    "nil_replies": 0,
    "err_replies": 0,
    "hit_ratio": 1,
    "value_ops_per_sec": 2502735.8039561035,
    "bytes_per_sec": 2693930724.64579,
    "resp_ver": 2,
    "used_memory": 2653612464,
    "bytes_per_key": 1326.806232,
    "coverage_sampled": 100000,
    "coverage_retrievable": 100000,
    "coverage_fraction": 1,
    "coverage_keyspace": 2000000,
    "distinct_keys_est": 2000000,
    "key_draws": 50060176,
    "server_hits": 100000,
    "maxmemory": 4294967296,
    "maxmemory_policy": "noeviction"
  },
  "valkey": {
    "target": "valkey",
    "version": "valkey 9.1.0",
    "workload": "set",
    "skipped": false,
    "ops": 41604400,
    "errors": 0,
    "ops_per_sec": 2080171.3339756073,
    "min_us": 21.052,
    "p50_us": 478.975,
    "p99_us": 754.175,
    "p999_us": 1001.471,
    "nil_replies": 0,
    "err_replies": 0,
    "hit_ratio": 1,
    "value_ops_per_sec": 2080171.3339756073,
    "bytes_per_sec": 2239084730.764907,
    "resp_ver": 2,
    "used_memory": 2660576712,
    "bytes_per_key": 1330.288356,
    "coverage_sampled": 100000,
    "coverage_retrievable": 100000,
    "coverage_fraction": 1,
    "coverage_keyspace": 2000000,
    "distinct_keys_est": 2000000,
    "key_draws": 41604400,
    "server_hits": 100000,
    "maxmemory": 4294967296,
    "maxmemory_policy": "noeviction"
  },
  "gate": {
    "pass": false,
    "reason": "aki is 0.12x Redis, below the 2.0x bar",
    "required_speedup": 2,
    "speedup_vs_redis": 0.12494288162430382,
    "speedup_vs_valkey": 0.15032368641142954,
    "tail_regressed_vs_redis": true,
    "tail_regressed_vs_valkey": true
  },
  "generator_bound": false
}
