{
  "workload": "mixed",
  "cell": {
    "keyspace": 9418787,
    "value_size": 128,
    "dist": "uniform",
    "pipeline": 16,
    "connections": 64
  },
  "timestamp": "2026-07-16T03:50:51.823146379Z",
  "aki": {
    "target": "aki",
    "version": "unknown",
    "workload": "mixed",
    "skipped": false,
    "ops": 8371840,
    "errors": 0,
    "ops_per_sec": 837133.6695983763,
    "min_us": 21.809,
    "p50_us": 1028.095,
    "p99_us": 3309.567,
    "p999_us": 4136.959,
    "nil_replies": 1296330,
    "err_replies": 1295360,
    "hit_ratio": 0.6904276718140815,
    "value_ops_per_sec": 577980.2504979855,
    "bytes_per_sec": 131022653.21673651,
    "resp_ver": 2,
    "used_memory": 1160704672,
    "bytes_per_key": 123.23292500403714,
    "coverage_sampled": 2000,
    "coverage_retrievable": 1449,
    "coverage_missing": 551,
    "coverage_fraction": 0.7245,
    "coverage_keyspace": 9418787,
    "distinct_keys_est": 5546711,
    "key_draws": 8371840
  },
  "redis": {
    "target": "redis",
    "version": "redis 8.8.0",
    "workload": "mixed",
    "skipped": false,
    "ops": 22442384,
    "errors": 0,
    "ops_per_sec": 2244135.532417811,
    "min_us": 25.408,
    "p50_us": 362.239,
    "p99_us": 2600.959,
    "p999_us": 4653.055,
    "nil_replies": 0,
    "err_replies": 0,
    "hit_ratio": 1,
    "value_ops_per_sec": 2244135.532417811,
    "bytes_per_sec": 380092141.78436804,
    "resp_ver": 2,
    "used_memory": 1979449048,
    "bytes_per_key": 210.15965728920295,
    "coverage_sampled": 2000,
    "coverage_retrievable": 2000,
    "coverage_fraction": 1,
    "coverage_keyspace": 9418787,
    "distinct_keys_est": 8550456,
    "key_draws": 22442384,
    "server_hits": 15761688,
    "maxmemory_policy": "noeviction"
  },
  "valkey": {
    "target": "valkey",
    "version": "valkey 9.1.0",
    "workload": "mixed",
    "skipped": false,
    "ops": 23806336,
    "errors": 0,
    "ops_per_sec": 2380488.698224646,
    "min_us": 16.074,
    "p50_us": 305.663,
    "p99_us": 3854.335,
    "p999_us": 6828.031,
    "nil_replies": 0,
    "err_replies": 0,
    "hit_ratio": 1,
    "value_ops_per_sec": 2380488.698224646,
    "bytes_per_sec": 403186463.0980794,
    "resp_ver": 2,
    "used_memory": 1955804064,
    "bytes_per_key": 207.64925080055426,
    "coverage_sampled": 2000,
    "coverage_retrievable": 2000,
    "coverage_fraction": 1,
    "coverage_keyspace": 9418787,
    "distinct_keys_est": 8667047,
    "key_draws": 23806336,
    "server_hits": 17811174,
    "maxmemory_policy": "noeviction"
  },
  "gate": {
    "pass": false,
    "reason": "aki is 0.26x Redis, below the 2.0x bar",
    "required_speedup": 2,
    "speedup_vs_redis": 0.2575514010400588,
    "speedup_vs_valkey": 0.24279898952221016,
    "tail_regressed_vs_redis": true,
    "tail_regressed_vs_valkey": false
  },
  "generator_bound": false
}
