{
  "workload": "mixed",
  "cell": {
    "keyspace": 877240,
    "value_size": 512,
    "dist": "uniform",
    "pipeline": 16,
    "connections": 64
  },
  "timestamp": "2026-07-16T04:00:53.904181627Z",
  "aki": {
    "target": "aki",
    "version": "unknown",
    "workload": "mixed",
    "skipped": false,
    "ops": 17203584,
    "errors": 0,
    "ops_per_sec": 1720148.1438841657,
    "min_us": 24.552,
    "p50_us": 402.687,
    "p99_us": 3536.895,
    "p999_us": 6004.735,
    "nil_replies": 0,
    "err_replies": 0,
    "hit_ratio": 1,
    "value_ops_per_sec": 1720148.1438841657,
    "bytes_per_sec": 949968032.4774351,
    "resp_ver": 2,
    "used_memory": 494308608,
    "bytes_per_key": 563.4816105056769,
    "coverage_sampled": 2000,
    "coverage_retrievable": 2000,
    "coverage_fraction": 1,
    "coverage_keyspace": 877240,
    "distinct_keys_est": 877240,
    "key_draws": 17203584
  },
  "redis": {
    "target": "redis",
    "version": "redis 8.8.0",
    "workload": "mixed",
    "skipped": false,
    "ops": 23636608,
    "errors": 0,
    "ops_per_sec": 2363479.285972577,
    "min_us": 21.472,
    "p50_us": 329.215,
    "p99_us": 2715.647,
    "p999_us": 5013.503,
    "nil_replies": 0,
    "err_replies": 0,
    "hit_ratio": 1,
    "value_ops_per_sec": 2363479.285972577,
    "bytes_per_sec": 1305253619.2746665,
    "resp_ver": 2,
    "used_memory": 603850456,
    "bytes_per_key": 688.3526241393462,
    "coverage_sampled": 2000,
    "coverage_retrievable": 2000,
    "coverage_fraction": 1,
    "coverage_keyspace": 877240,
    "distinct_keys_est": 877240,
    "key_draws": 23636608,
    "server_hits": 17735438,
    "maxmemory_policy": "noeviction"
  },
  "valkey": {
    "target": "valkey",
    "version": "valkey 9.1.0",
    "workload": "mixed",
    "skipped": false,
    "ops": 22611776,
    "errors": 0,
    "ops_per_sec": 2260968.931785832,
    "min_us": 18.311,
    "p50_us": 324.095,
    "p99_us": 3952.639,
    "p999_us": 7020.543,
    "nil_replies": 0,
    "err_replies": 0,
    "hit_ratio": 1,
    "value_ops_per_sec": 2260968.931785832,
    "bytes_per_sec": 1248641317.119881,
    "resp_ver": 2,
    "used_memory": 602579552,
    "bytes_per_key": 686.903871232502,
    "coverage_sampled": 2000,
    "coverage_retrievable": 2000,
    "coverage_fraction": 1,
    "coverage_keyspace": 877240,
    "distinct_keys_est": 877240,
    "key_draws": 22611776,
    "server_hits": 16963678,
    "maxmemory_policy": "noeviction"
  },
  "gate": {
    "pass": false,
    "reason": "aki is 0.73x Redis, below the 2.0x bar",
    "required_speedup": 2,
    "speedup_vs_redis": 0.7278033508029332,
    "speedup_vs_valkey": 0.760801318276188,
    "tail_regressed_vs_redis": true,
    "tail_regressed_vs_valkey": false
  },
  "generator_bound": false
}
