{
  "workload": "mixed",
  "cell": {
    "keyspace": 9418787,
    "value_size": 128,
    "dist": "uniform",
    "pipeline": 16,
    "connections": 64
  },
  "timestamp": "2026-07-16T03:52:16.701768571Z",
  "aki": {
    "target": "aki",
    "version": "unknown",
    "workload": "mixed",
    "skipped": false,
    "ops": 8347232,
    "errors": 0,
    "ops_per_sec": 834611.0364558884,
    "min_us": 18.488,
    "p50_us": 1038.335,
    "p99_us": 3299.327,
    "p999_us": 4089.855,
    "nil_replies": 1292516,
    "err_replies": 1291453,
    "hit_ratio": 0.6904400165228426,
    "value_ops_per_sec": 576248.8578007504,
    "bytes_per_sec": 130627428.55375117,
    "resp_ver": 2,
    "used_memory": 1160704672,
    "bytes_per_key": 123.23292500403714,
    "coverage_sampled": 2000,
    "coverage_retrievable": 1449,
    "coverage_missing": 551,
    "coverage_fraction": 0.7245,
    "coverage_keyspace": 9418787,
    "distinct_keys_est": 5536733,
    "key_draws": 8347232
  },
  "redis": {
    "target": "redis",
    "version": "redis 8.8.0",
    "workload": "mixed",
    "skipped": false,
    "ops": 22480608,
    "errors": 0,
    "ops_per_sec": 2247877.5435815617,
    "min_us": 26.358,
    "p50_us": 361.983,
    "p99_us": 2562.047,
    "p999_us": 4550.655,
    "nil_replies": 0,
    "err_replies": 0,
    "hit_ratio": 1,
    "value_ops_per_sec": 2247877.5435815617,
    "bytes_per_sec": 380725906.8250268,
    "resp_ver": 2,
    "used_memory": 1979426520,
    "bytes_per_key": 210.15726547378128,
    "coverage_sampled": 2000,
    "coverage_retrievable": 2000,
    "coverage_fraction": 1,
    "coverage_keyspace": 9418787,
    "distinct_keys_est": 8554010,
    "key_draws": 22480608,
    "server_hits": 15768266,
    "maxmemory_policy": "noeviction"
  },
  "valkey": {
    "target": "valkey",
    "version": "valkey 9.1.0",
    "workload": "mixed",
    "skipped": false,
    "ops": 23512096,
    "errors": 0,
    "ops_per_sec": 2351008.994985283,
    "min_us": 16.857,
    "p50_us": 310.527,
    "p99_us": 3827.711,
    "p999_us": 6762.495,
    "nil_replies": 0,
    "err_replies": 0,
    "hit_ratio": 1,
    "value_ops_per_sec": 2351008.994985283,
    "bytes_per_sec": 398193387.27320546,
    "resp_ver": 2,
    "used_memory": 1955817568,
    "bytes_per_key": 207.65068453082122,
    "coverage_sampled": 2000,
    "coverage_retrievable": 2000,
    "coverage_fraction": 1,
    "coverage_keyspace": 9418787,
    "distinct_keys_est": 8643573,
    "key_draws": 23512096,
    "server_hits": 17628498,
    "maxmemory_policy": "noeviction"
  },
  "gate": {
    "pass": false,
    "reason": "aki is 0.26x Redis, below the 2.0x bar",
    "required_speedup": 2,
    "speedup_vs_redis": 0.25635242428847277,
    "speedup_vs_valkey": 0.24510704086198432,
    "tail_regressed_vs_redis": true,
    "tail_regressed_vs_valkey": false
  },
  "generator_bound": false
}
