{
  "workload": "mixed",
  "cell": {
    "keyspace": 127948,
    "value_size": 4096,
    "dist": "zipfian",
    "zipf_s": 0.99,
    "pipeline": 16,
    "connections": 64
  },
  "timestamp": "2026-07-16T04:16:43.157165629Z",
  "aki": {
    "target": "aki",
    "version": "unknown",
    "workload": "mixed",
    "skipped": false,
    "ops": 14741104,
    "errors": 0,
    "ops_per_sec": 1474000.864047791,
    "min_us": 34.436,
    "p50_us": 496.127,
    "p99_us": 3155.967,
    "p999_us": 5582.847,
    "nil_replies": 0,
    "err_replies": 0,
    "hit_ratio": 1,
    "value_ops_per_sec": 1474000.864047791,
    "bytes_per_sec": 6092833954.523172,
    "resp_ver": 2,
    "used_memory": 532337600,
    "bytes_per_key": 4160.577734704724,
    "coverage_sampled": 2000,
    "coverage_retrievable": 2000,
    "coverage_fraction": 1,
    "coverage_keyspace": 127948,
    "distinct_keys_est": 127947,
    "key_draws": 14741104
  },
  "redis": {
    "target": "redis",
    "version": "redis 8.8.0",
    "workload": "mixed",
    "skipped": false,
    "ops": 13371568,
    "errors": 0,
    "ops_per_sec": 1337062.6866979024,
    "min_us": 22.939,
    "p50_us": 373.503,
    "p99_us": 4341.759,
    "p999_us": 7643.135,
    "nil_replies": 0,
    "err_replies": 0,
    "hit_ratio": 1,
    "value_ops_per_sec": 1337062.6866979024,
    "bytes_per_sec": 5526795290.180435,
    "resp_ver": 2,
    "used_memory": 662368104,
    "bytes_per_key": 5176.853909400694,
    "coverage_sampled": 2000,
    "coverage_retrievable": 2000,
    "coverage_fraction": 1,
    "coverage_keyspace": 127948,
    "distinct_keys_est": 127947,
    "key_draws": 13371568,
    "server_hits": 9998268,
    "maxmemory_policy": "noeviction"
  },
  "valkey": {
    "target": "valkey",
    "version": "valkey 9.1.0",
    "workload": "mixed",
    "skipped": false,
    "ops": 15039984,
    "errors": 0,
    "ops_per_sec": 1503814.0257836573,
    "min_us": 17.278,
    "p50_us": 325.119,
    "p99_us": 4956.159,
    "p999_us": 8921.087,
    "nil_replies": 0,
    "err_replies": 0,
    "hit_ratio": 1,
    "value_ops_per_sec": 1503814.0257836573,
    "bytes_per_sec": 6216067698.749436,
    "resp_ver": 2,
    "used_memory": 663004064,
    "bytes_per_key": 5181.824366148748,
    "coverage_sampled": 2000,
    "coverage_retrievable": 2000,
    "coverage_fraction": 1,
    "coverage_keyspace": 127948,
    "distinct_keys_est": 127947,
    "key_draws": 15039984,
    "server_hits": 11171952,
    "maxmemory_policy": "noeviction"
  },
  "gate": {
    "pass": false,
    "reason": "aki is 1.10x Redis, below the 2.0x bar",
    "required_speedup": 2,
    "speedup_vs_redis": 1.1024171706474588,
    "speedup_vs_valkey": 0.9801749676324969,
    "tail_regressed_vs_redis": false,
    "tail_regressed_vs_valkey": false
  },
  "generator_bound": false
}
