{
  "workload": "mixed",
  "cell": {
    "keyspace": 18512790,
    "value_size": 16,
    "dist": "zipfian",
    "zipf_s": 0.99,
    "pipeline": 16,
    "connections": 64
  },
  "timestamp": "2026-07-16T03:44:23.681695086Z",
  "aki": {
    "target": "aki",
    "version": "unknown",
    "workload": "mixed",
    "skipped": false,
    "ops": 17283120,
    "errors": 0,
    "ops_per_sec": 1728178.2680354489,
    "min_us": 18.022,
    "p50_us": 402.431,
    "p99_us": 3469.311,
    "p999_us": 5955.583,
    "nil_replies": 0,
    "err_replies": 0,
    "hit_ratio": 1,
    "value_ops_per_sec": 1728178.2680354489,
    "bytes_per_sec": 91533569.83945839,
    "resp_ver": 2,
    "used_memory": 1179571360,
    "bytes_per_key": 63.716563521759824,
    "coverage_sampled": 2000,
    "coverage_retrievable": 2000,
    "coverage_fraction": 1,
    "coverage_keyspace": 18512790,
    "distinct_keys_est": 3536525,
    "key_draws": 17283120
  },
  "redis": {
    "target": "redis",
    "version": "redis 8.8.0",
    "workload": "mixed",
    "skipped": false,
    "ops": 23686896,
    "errors": 0,
    "ops_per_sec": 2368502.10416273,
    "min_us": 25.207,
    "p50_us": 316.927,
    "p99_us": 2779.135,
    "p999_us": 4927.487,
    "nil_replies": 0,
    "err_replies": 0,
    "hit_ratio": 1,
    "value_ops_per_sec": 2368502.10416273,
    "bytes_per_sec": 125447960.66344838,
    "resp_ver": 2,
    "used_memory": 1374332584,
    "bytes_per_key": 74.23692398606585,
    "coverage_sampled": 2000,
    "coverage_retrievable": 2000,
    "coverage_fraction": 1,
    "coverage_keyspace": 18512790,
    "distinct_keys_est": 4402554,
    "key_draws": 23686896,
    "server_hits": 15621006,
    "maxmemory_policy": "noeviction"
  },
  "valkey": {
    "target": "valkey",
    "version": "valkey 9.1.0",
    "workload": "mixed",
    "skipped": false,
    "ops": 26292880,
    "errors": 0,
    "ops_per_sec": 2629111.678099486,
    "min_us": 15.015,
    "p50_us": 261.631,
    "p99_us": 3772.415,
    "p999_us": 6815.743,
    "nil_replies": 0,
    "err_replies": 0,
    "hit_ratio": 1,
    "value_ops_per_sec": 2629111.678099486,
    "bytes_per_sec": 139251022.90229884,
    "resp_ver": 2,
    "used_memory": 1179311696,
    "bytes_per_key": 63.7025373268967,
    "coverage_sampled": 2000,
    "coverage_retrievable": 2000,
    "coverage_fraction": 1,
    "coverage_keyspace": 18512790,
    "distinct_keys_est": 4725244,
    "key_draws": 26292880,
    "server_hits": 19744856,
    "maxmemory_policy": "noeviction"
  },
  "gate": {
    "pass": false,
    "reason": "aki is 0.73x Redis, below the 2.0x bar",
    "required_speedup": 2,
    "speedup_vs_redis": 0.7296502988104219,
    "speedup_vs_valkey": 0.6573240240919329,
    "tail_regressed_vs_redis": true,
    "tail_regressed_vs_valkey": false
  },
  "generator_bound": false
}
