{
  "workload": "mixed",
  "cell": {
    "keyspace": 18512790,
    "value_size": 16,
    "dist": "uniform",
    "pipeline": 16,
    "connections": 64
  },
  "timestamp": "2026-07-16T03:39:05.215377135Z",
  "aki": {
    "target": "aki",
    "version": "unknown",
    "workload": "mixed",
    "skipped": false,
    "ops": 17306288,
    "errors": 0,
    "ops_per_sec": 1730576.8887503566,
    "min_us": 19.537,
    "p50_us": 401.919,
    "p99_us": 3502.079,
    "p999_us": 5939.199,
    "nil_replies": 0,
    "err_replies": 0,
    "hit_ratio": 1,
    "value_ops_per_sec": 1730576.8887503566,
    "bytes_per_sec": 98459963.0457185,
    "resp_ver": 2,
    "used_memory": 1179571360,
    "bytes_per_key": 63.716563521759824,
    "coverage_sampled": 2000,
    "coverage_retrievable": 2000,
    "coverage_fraction": 1,
    "coverage_keyspace": 18512790,
    "distinct_keys_est": 11243242,
    "key_draws": 17306288
  },
  "redis": {
    "target": "redis",
    "version": "redis 8.8.0",
    "workload": "mixed",
    "skipped": false,
    "ops": 23594448,
    "errors": 0,
    "ops_per_sec": 2359211.306261887,
    "min_us": 19.282,
    "p50_us": 323.583,
    "p99_us": 2865.151,
    "p999_us": 5074.943,
    "nil_replies": 0,
    "err_replies": 0,
    "hit_ratio": 1,
    "value_ops_per_sec": 2359211.306261887,
    "bytes_per_sec": 134225595.74514094,
    "resp_ver": 2,
    "used_memory": 1374354216,
    "bytes_per_key": 74.23809247552639,
    "coverage_sampled": 2000,
    "coverage_retrievable": 2000,
    "coverage_fraction": 1,
    "coverage_keyspace": 18512790,
    "distinct_keys_est": 13336266,
    "key_draws": 23594448,
    "server_hits": 15721814,
    "maxmemory_policy": "noeviction"
  },
  "valkey": {
    "target": "valkey",
    "version": "valkey 9.1.0",
    "workload": "mixed",
    "skipped": false,
    "ops": 26434720,
    "errors": 0,
    "ops_per_sec": 2643351.4346263856,
    "min_us": 13.993,
    "p50_us": 265.471,
    "p99_us": 3862.527,
    "p999_us": 6991.871,
    "nil_replies": 0,
    "err_replies": 0,
    "hit_ratio": 1,
    "value_ops_per_sec": 2643351.4346263856,
    "bytes_per_sec": 150391569.12021917,
    "resp_ver": 2,
    "used_memory": 1179341648,
    "bytes_per_key": 63.70415523538051,
    "coverage_sampled": 2000,
    "coverage_retrievable": 2000,
    "coverage_fraction": 1,
    "coverage_keyspace": 18512790,
    "distinct_keys_est": 14072340,
    "key_draws": 26434720,
    "server_hits": 19789898,
    "maxmemory_policy": "noeviction"
  },
  "gate": {
    "pass": false,
    "reason": "aki is 0.73x Redis, below the 2.0x bar",
    "required_speedup": 2,
    "speedup_vs_redis": 0.7335404353806755,
    "speedup_vs_valkey": 0.6546904305196779,
    "tail_regressed_vs_redis": true,
    "tail_regressed_vs_valkey": false
  },
  "generator_bound": false
}
