{
  "workload": "mixed",
  "cell": {
    "keyspace": 1157049,
    "value_size": 16,
    "dist": "zipfian",
    "zipf_s": 0.99,
    "pipeline": 16,
    "connections": 64
  },
  "timestamp": "2026-07-16T03:40:42.840312899Z",
  "aki": {
    "target": "aki",
    "version": "unknown",
    "workload": "mixed",
    "skipped": false,
    "ops": 17698832,
    "errors": 0,
    "ops_per_sec": 1769638.13077864,
    "min_us": 20.032,
    "p50_us": 381.695,
    "p99_us": 3565.567,
    "p999_us": 6041.599,
    "nil_replies": 0,
    "err_replies": 0,
    "hit_ratio": 1,
    "value_ops_per_sec": 1769638.13077864,
    "bytes_per_sec": 92347055.3718633,
    "resp_ver": 2,
    "used_memory": 73639088,
    "bytes_per_key": 63.643880250533904,
    "coverage_sampled": 2000,
    "coverage_retrievable": 2000,
    "coverage_fraction": 1,
    "coverage_keyspace": 1157049,
    "distinct_keys_est": 1014380,
    "key_draws": 17698832
  },
  "redis": {
    "target": "redis",
    "version": "redis 8.8.0",
    "workload": "mixed",
    "skipped": false,
    "ops": 24879184,
    "errors": 0,
    "ops_per_sec": 2487601.6957165534,
    "min_us": 22.75,
    "p50_us": 289.279,
    "p99_us": 3006.463,
    "p999_us": 5419.007,
    "nil_replies": 0,
    "err_replies": 0,
    "hit_ratio": 1,
    "value_ops_per_sec": 2487601.6957165534,
    "bytes_per_sec": 129813147.98570919,
    "resp_ver": 2,
    "used_memory": 86497440,
    "bytes_per_key": 74.75693769235356,
    "coverage_sampled": 2000,
    "coverage_retrievable": 2000,
    "coverage_fraction": 1,
    "coverage_keyspace": 1157049,
    "distinct_keys_est": 1081651,
    "key_draws": 24879184,
    "server_hits": 18590324,
    "maxmemory_policy": "noeviction"
  },
  "valkey": {
    "target": "valkey",
    "version": "valkey 9.1.0",
    "workload": "mixed",
    "skipped": false,
    "ops": 28330240,
    "errors": 0,
    "ops_per_sec": 2832805.661786898,
    "min_us": 14.209,
    "p50_us": 226.815,
    "p99_us": 3921.919,
    "p999_us": 7045.119,
    "nil_replies": 0,
    "err_replies": 0,
    "hit_ratio": 1,
    "value_ops_per_sec": 2832805.661786898,
    "bytes_per_sec": 147826936.7536324,
    "resp_ver": 2,
    "used_memory": 74486048,
    "bytes_per_key": 64.37588036461723,
    "coverage_sampled": 2000,
    "coverage_retrievable": 2000,
    "coverage_fraction": 1,
    "coverage_keyspace": 1157049,
    "distinct_keys_est": 1101003,
    "key_draws": 28330240,
    "server_hits": 21218318,
    "maxmemory_policy": "noeviction"
  },
  "gate": {
    "pass": false,
    "reason": "aki is 0.71x Redis, below the 2.0x bar",
    "required_speedup": 2,
    "speedup_vs_redis": 0.7113832306135713,
    "speedup_vs_valkey": 0.624694505045,
    "tail_regressed_vs_redis": true,
    "tail_regressed_vs_valkey": false
  },
  "generator_bound": false
}
