{
  "workload": "mixed",
  "cell": {
    "keyspace": 31987,
    "value_size": 4096,
    "dist": "uniform",
    "pipeline": 16,
    "connections": 64
  },
  "timestamp": "2026-07-16T04:10:52.879999741Z",
  "aki": {
    "target": "aki",
    "version": "unknown",
    "workload": "mixed",
    "skipped": false,
    "ops": 14430784,
    "errors": 0,
    "ops_per_sec": 1442911.444324056,
    "min_us": 40.162,
    "p50_us": 506.879,
    "p99_us": 3137.535,
    "p999_us": 5976.063,
    "nil_replies": 0,
    "err_replies": 0,
    "hit_ratio": 1,
    "value_ops_per_sec": 1442911.444324056,
    "bytes_per_sec": 5966658704.237979,
    "resp_ver": 2,
    "used_memory": 133025424,
    "bytes_per_key": 4158.733985681683,
    "coverage_sampled": 2000,
    "coverage_retrievable": 2000,
    "coverage_fraction": 1,
    "coverage_keyspace": 31987,
    "distinct_keys_est": 31987,
    "key_draws": 14430784
  },
  "redis": {
    "target": "redis",
    "version": "redis 8.8.0",
    "workload": "mixed",
    "skipped": false,
    "ops": 12450736,
    "errors": 0,
    "ops_per_sec": 1244887.573088757,
    "min_us": 22.889,
    "p50_us": 404.735,
    "p99_us": 4575.231,
    "p999_us": 8036.351,
    "nil_replies": 0,
    "err_replies": 0,
    "hit_ratio": 1,
    "value_ops_per_sec": 1244887.573088757,
    "bytes_per_sec": 5147799675.895372,
    "resp_ver": 2,
    "used_memory": 166637112,
    "bytes_per_key": 5209.526119986244,
    "coverage_sampled": 2000,
    "coverage_retrievable": 2000,
    "coverage_fraction": 1,
    "coverage_keyspace": 31987,
    "distinct_keys_est": 31987,
    "key_draws": 12450736,
    "server_hits": 9267900,
    "maxmemory_policy": "noeviction"
  },
  "valkey": {
    "target": "valkey",
    "version": "valkey 9.1.0",
    "workload": "mixed",
    "skipped": false,
    "ops": 14562896,
    "errors": 0,
    "ops_per_sec": 1456169.8987570466,
    "min_us": 17.118,
    "p50_us": 332.543,
    "p99_us": 5173.247,
    "p999_us": 9748.479,
    "nil_replies": 0,
    "err_replies": 0,
    "hit_ratio": 1,
    "value_ops_per_sec": 1456169.8987570466,
    "bytes_per_sec": 6021484438.718981,
    "resp_ver": 2,
    "used_memory": 166969344,
    "bytes_per_key": 5219.9125894894805,
    "coverage_sampled": 2000,
    "coverage_retrievable": 2000,
    "coverage_fraction": 1,
    "coverage_keyspace": 31987,
    "distinct_keys_est": 31987,
    "key_draws": 14562896,
    "server_hits": 10807720,
    "maxmemory_policy": "noeviction"
  },
  "gate": {
    "pass": false,
    "reason": "aki is 1.16x Redis, below the 2.0x bar",
    "required_speedup": 2,
    "speedup_vs_redis": 1.1590696826894749,
    "speedup_vs_valkey": 0.9908949811115394,
    "tail_regressed_vs_redis": false,
    "tail_regressed_vs_valkey": false
  },
  "generator_bound": false
}
