{
  "workload": "mixed",
  "cell": {
    "keyspace": 588674,
    "value_size": 128,
    "dist": "zipfian",
    "zipf_s": 0.99,
    "pipeline": 16,
    "connections": 64
  },
  "timestamp": "2026-07-16T03:53:51.694335862Z",
  "aki": {
    "target": "aki",
    "version": "unknown",
    "workload": "mixed",
    "skipped": false,
    "ops": 17777184,
    "errors": 0,
    "ops_per_sec": 1777508.8493040048,
    "min_us": 20.252,
    "p50_us": 390.399,
    "p99_us": 3313.663,
    "p999_us": 5857.279,
    "nil_replies": 0,
    "err_replies": 0,
    "hit_ratio": 1,
    "value_ops_per_sec": 1777508.8493040048,
    "bytes_per_sec": 293287334.1268511,
    "resp_ver": 2,
    "used_memory": 103258560,
    "bytes_per_key": 175.40873216754943,
    "coverage_sampled": 2000,
    "coverage_retrievable": 2000,
    "coverage_fraction": 1,
    "coverage_keyspace": 588674,
    "distinct_keys_est": 574413,
    "key_draws": 17777184
  },
  "redis": {
    "target": "redis",
    "version": "redis 8.8.0",
    "workload": "mixed",
    "skipped": false,
    "ops": 23842512,
    "errors": 0,
    "ops_per_sec": 2384043.5564815523,
    "min_us": 26.055,
    "p50_us": 317.439,
    "p99_us": 2859.007,
    "p999_us": 4972.543,
    "nil_replies": 0,
    "err_replies": 0,
    "hit_ratio": 1,
    "value_ops_per_sec": 2384043.5564815523,
    "bytes_per_sec": 393364851.92281914,
    "resp_ver": 2,
    "used_memory": 125056312,
    "bytes_per_key": 212.43729466563838,
    "coverage_sampled": 2000,
    "coverage_retrievable": 2000,
    "coverage_fraction": 1,
    "coverage_keyspace": 588674,
    "distinct_keys_est": 583342,
    "key_draws": 23842512,
    "server_hits": 17771826,
    "maxmemory_policy": "noeviction"
  },
  "valkey": {
    "target": "valkey",
    "version": "valkey 9.1.0",
    "workload": "mixed",
    "skipped": false,
    "ops": 26616848,
    "errors": 0,
    "ops_per_sec": 2661443.378075876,
    "min_us": 15.069,
    "p50_us": 250.111,
    "p99_us": 3928.063,
    "p999_us": 7073.791,
    "nil_replies": 0,
    "err_replies": 0,
    "hit_ratio": 1,
    "value_ops_per_sec": 2661443.378075876,
    "bytes_per_sec": 439135325.63938946,
    "resp_ver": 2,
    "used_memory": 123757984,
    "bytes_per_key": 210.23178193703137,
    "coverage_sampled": 2000,
    "coverage_retrievable": 2000,
    "coverage_fraction": 1,
    "coverage_keyspace": 588674,
    "distinct_keys_est": 585281,
    "key_draws": 26616848,
    "server_hits": 19951120,
    "maxmemory_policy": "noeviction"
  },
  "gate": {
    "pass": false,
    "reason": "aki is 0.75x Redis, below the 2.0x bar",
    "required_speedup": 2,
    "speedup_vs_redis": 0.7455857274383482,
    "speedup_vs_valkey": 0.6678740054913651,
    "tail_regressed_vs_redis": true,
    "tail_regressed_vs_valkey": false
  },
  "generator_bound": false
}
