{
  "workload": "mixed",
  "cell": {
    "keyspace": 9418787,
    "value_size": 128,
    "dist": "zipfian",
    "zipf_s": 0.99,
    "pipeline": 16,
    "connections": 64
  },
  "timestamp": "2026-07-16T03:58:31.168196653Z",
  "aki": {
    "target": "aki",
    "version": "unknown",
    "workload": "mixed",
    "skipped": false,
    "ops": 11821568,
    "errors": 0,
    "ops_per_sec": 1182074.9676687606,
    "min_us": 17.142,
    "p50_us": 812.031,
    "p99_us": 2512.895,
    "p999_us": 3868.671,
    "nil_replies": 143442,
    "err_replies": 142232,
    "hit_ratio": 0.9758345085863398,
    "value_ops_per_sec": 1153509.5451872586,
    "bytes_per_sec": 194754010.72777152,
    "resp_ver": 2,
    "used_memory": 1160704672,
    "bytes_per_key": 123.23292500403714,
    "coverage_sampled": 2000,
    "coverage_retrievable": 1449,
    "coverage_missing": 551,
    "coverage_fraction": 0.7245,
    "coverage_keyspace": 9418787,
    "distinct_keys_est": 2266803,
    "key_draws": 11821568
  },
  "redis": {
    "target": "redis",
    "version": "redis 8.8.0",
    "workload": "mixed",
    "skipped": false,
    "ops": 22842752,
    "errors": 0,
    "ops_per_sec": 2284155.9275446846,
    "min_us": 22.542,
    "p50_us": 346.111,
    "p99_us": 2656.255,
    "p999_us": 4792.319,
    "nil_replies": 0,
    "err_replies": 0,
    "hit_ratio": 1,
    "value_ops_per_sec": 2284155.9275446846,
    "bytes_per_sec": 378640782.2006836,
    "resp_ver": 2,
    "used_memory": 1979431176,
    "bytes_per_key": 210.15775980495152,
    "coverage_sampled": 2000,
    "coverage_retrievable": 2000,
    "coverage_fraction": 1,
    "coverage_keyspace": 9418787,
    "distinct_keys_est": 3469723,
    "key_draws": 22842752,
    "server_hits": 15938870,
    "maxmemory_policy": "noeviction"
  },
  "valkey": {
    "target": "valkey",
    "version": "valkey 9.1.0",
    "workload": "mixed",
    "skipped": false,
    "ops": 24465152,
    "errors": 0,
    "ops_per_sec": 2446328.1517924513,
    "min_us": 15.433,
    "p50_us": 289.023,
    "p99_us": 3823.615,
    "p999_us": 6909.951,
    "nil_replies": 0,
    "err_replies": 0,
    "hit_ratio": 1,
    "value_ops_per_sec": 2446328.1517924513,
    "bytes_per_sec": 405524017.9091714,
    "resp_ver": 2,
    "used_memory": 1955801184,
    "bytes_per_key": 207.64894502869637,
    "coverage_sampled": 2000,
    "coverage_retrievable": 2000,
    "coverage_fraction": 1,
    "coverage_keyspace": 9418787,
    "distinct_keys_est": 3617407,
    "key_draws": 24465152,
    "server_hits": 18362408,
    "maxmemory_policy": "noeviction"
  },
  "gate": {
    "pass": false,
    "reason": "aki is 0.51x Redis, below the 2.0x bar",
    "required_speedup": 2,
    "speedup_vs_redis": 0.5050047290016687,
    "speedup_vs_valkey": 0.47152690629099353,
    "tail_regressed_vs_redis": false,
    "tail_regressed_vs_valkey": false
  },
  "generator_bound": false
}
