{
  "workload": "mixed",
  "cell": {
    "keyspace": 127948,
    "value_size": 4096,
    "dist": "uniform",
    "pipeline": 16,
    "connections": 64
  },
  "timestamp": "2026-07-16T04:12:29.025707303Z",
  "aki": {
    "target": "aki",
    "version": "unknown",
    "workload": "mixed",
    "skipped": false,
    "ops": 14286048,
    "errors": 0,
    "ops_per_sec": 1428558.5828441603,
    "min_us": 24.981,
    "p50_us": 510.207,
    "p99_us": 3203.071,
    "p999_us": 5763.071,
    "nil_replies": 0,
    "err_replies": 0,
    "hit_ratio": 1,
    "value_ops_per_sec": 1428558.5828441603,
    "bytes_per_sec": 5908303402.895818,
    "resp_ver": 2,
    "used_memory": 532337600,
    "bytes_per_key": 4160.577734704724,
    "coverage_sampled": 2000,
    "coverage_retrievable": 2000,
    "coverage_fraction": 1,
    "coverage_keyspace": 127948,
    "distinct_keys_est": 127948,
    "key_draws": 14286048
  },
  "redis": {
    "target": "redis",
    "version": "redis 8.8.0",
    "workload": "mixed",
    "skipped": false,
    "ops": 12293696,
    "errors": 0,
    "ops_per_sec": 1229201.087716604,
    "min_us": 23.742,
    "p50_us": 414.719,
    "p99_us": 4481.023,
    "p999_us": 7577.599,
    "nil_replies": 0,
    "err_replies": 0,
    "hit_ratio": 1,
    "value_ops_per_sec": 1229201.087716604,
    "bytes_per_sec": 5083790885.732063,
    "resp_ver": 2,
    "used_memory": 662366264,
    "bytes_per_key": 5176.839528558477,
    "coverage_sampled": 2000,
    "coverage_retrievable": 2000,
    "coverage_fraction": 1,
    "coverage_keyspace": 127948,
    "distinct_keys_est": 127948,
    "key_draws": 12293696,
    "server_hits": 9160284,
    "maxmemory_policy": "noeviction"
  },
  "valkey": {
    "target": "valkey",
    "version": "valkey 9.1.0",
    "workload": "mixed",
    "skipped": false,
    "ops": 13919312,
    "errors": 0,
    "ops_per_sec": 1391765.7616389734,
    "min_us": 17.509,
    "p50_us": 351.231,
    "p99_us": 5230.591,
    "p999_us": 9535.487,
    "nil_replies": 0,
    "err_replies": 0,
    "hit_ratio": 1,
    "value_ops_per_sec": 1391765.7616389734,
    "bytes_per_sec": 5756133811.22754,
    "resp_ver": 2,
    "used_memory": 663003680,
    "bytes_per_key": 5181.821364929503,
    "coverage_sampled": 2000,
    "coverage_retrievable": 2000,
    "coverage_fraction": 1,
    "coverage_keyspace": 127948,
    "distinct_keys_est": 127948,
    "key_draws": 13919312,
    "server_hits": 10345896,
    "maxmemory_policy": "noeviction"
  },
  "gate": {
    "pass": false,
    "reason": "aki is 1.16x Redis, below the 2.0x bar",
    "required_speedup": 2,
    "speedup_vs_redis": 1.162184606831001,
    "speedup_vs_valkey": 1.0264360729508526,
    "tail_regressed_vs_redis": false,
    "tail_regressed_vs_valkey": false
  },
  "generator_bound": false
}
