{
  "workload": "mixed",
  "cell": {
    "keyspace": 588674,
    "value_size": 128,
    "dist": "uniform",
    "pipeline": 16,
    "connections": 64
  },
  "timestamp": "2026-07-16T03:47:40.405873692Z",
  "aki": {
    "target": "aki",
    "version": "unknown",
    "workload": "mixed",
    "skipped": false,
    "ops": 17578912,
    "errors": 0,
    "ops_per_sec": 1757768.465398895,
    "min_us": 19.074,
    "p50_us": 391.167,
    "p99_us": 3487.743,
    "p999_us": 6115.327,
    "nil_replies": 0,
    "err_replies": 0,
    "hit_ratio": 1,
    "value_ops_per_sec": 1757768.465398895,
    "bytes_per_sec": 295553862.2175691,
    "resp_ver": 2,
    "used_memory": 103258560,
    "bytes_per_key": 175.40873216754943,
    "coverage_sampled": 2000,
    "coverage_retrievable": 2000,
    "coverage_fraction": 1,
    "coverage_keyspace": 588674,
    "distinct_keys_est": 588674,
    "key_draws": 17578912
  },
  "redis": {
    "target": "redis",
    "version": "redis 8.8.0",
    "workload": "mixed",
    "skipped": false,
    "ops": 23546384,
    "errors": 0,
    "ops_per_sec": 2354083.7919831118,
    "min_us": 24.448,
    "p50_us": 330.495,
    "p99_us": 2813.951,
    "p999_us": 5115.903,
    "nil_replies": 0,
    "err_replies": 0,
    "hit_ratio": 1,
    "value_ops_per_sec": 2354083.7919831118,
    "bytes_per_sec": 395819009.11636627,
    "resp_ver": 2,
    "used_memory": 125064648,
    "bytes_per_key": 212.4514553046338,
    "coverage_sampled": 2000,
    "coverage_retrievable": 2000,
    "coverage_fraction": 1,
    "coverage_keyspace": 588674,
    "distinct_keys_est": 588674,
    "key_draws": 23546384,
    "server_hits": 17588254,
    "maxmemory_policy": "noeviction"
  },
  "valkey": {
    "target": "valkey",
    "version": "valkey 9.1.0",
    "workload": "mixed",
    "skipped": false,
    "ops": 26287568,
    "errors": 0,
    "ops_per_sec": 2628576.65680741,
    "min_us": 15.282,
    "p50_us": 254.719,
    "p99_us": 4098.047,
    "p999_us": 7225.343,
    "nil_replies": 0,
    "err_replies": 0,
    "hit_ratio": 1,
    "value_ops_per_sec": 2628576.65680741,
    "bytes_per_sec": 441972458.67827845,
    "resp_ver": 2,
    "used_memory": 123750624,
    "bytes_per_key": 210.21927926152676,
    "coverage_sampled": 2000,
    "coverage_retrievable": 2000,
    "coverage_fraction": 1,
    "coverage_keyspace": 588674,
    "distinct_keys_est": 588674,
    "key_draws": 26287568,
    "server_hits": 19721610,
    "maxmemory_policy": "noeviction"
  },
  "gate": {
    "pass": false,
    "reason": "aki is 0.75x Redis, below the 2.0x bar",
    "required_speedup": 2,
    "speedup_vs_redis": 0.7466889969613729,
    "speedup_vs_valkey": 0.6687149339345605,
    "tail_regressed_vs_redis": true,
    "tail_regressed_vs_valkey": false
  },
  "generator_bound": false
}
