{
  "workload": "mixed",
  "cell": {
    "keyspace": 588674,
    "value_size": 128,
    "dist": "zipfian",
    "zipf_s": 0.99,
    "pipeline": 16,
    "connections": 64
  },
  "timestamp": "2026-07-16T03:53:04.20614705Z",
  "aki": {
    "target": "aki",
    "version": "unknown",
    "workload": "mixed",
    "skipped": false,
    "ops": 17575424,
    "errors": 0,
    "ops_per_sec": 1757378.8295051134,
    "min_us": 17.317,
    "p50_us": 385.023,
    "p99_us": 3502.079,
    "p999_us": 6021.119,
    "nil_replies": 0,
    "err_replies": 0,
    "hit_ratio": 1,
    "value_ops_per_sec": 1757378.8295051134,
    "bytes_per_sec": 289966144.69512993,
    "resp_ver": 2,
    "used_memory": 103258560,
    "bytes_per_key": 175.40873216754943,
    "coverage_sampled": 2000,
    "coverage_retrievable": 2000,
    "coverage_fraction": 1,
    "coverage_keyspace": 588674,
    "distinct_keys_est": 573933,
    "key_draws": 17575424
  },
  "redis": {
    "target": "redis",
    "version": "redis 8.8.0",
    "workload": "mixed",
    "skipped": false,
    "ops": 24865296,
    "errors": 0,
    "ops_per_sec": 2486287.283706414,
    "min_us": 25.086,
    "p50_us": 302.847,
    "p99_us": 2734.079,
    "p999_us": 4915.199,
    "nil_replies": 0,
    "err_replies": 0,
    "hit_ratio": 1,
    "value_ops_per_sec": 2486287.283706414,
    "bytes_per_sec": 410234888.5565029,
    "resp_ver": 2,
    "used_memory": 125050872,
    "bytes_per_key": 212.4280535576567,
    "coverage_sampled": 2000,
    "coverage_retrievable": 2000,
    "coverage_fraction": 1,
    "coverage_keyspace": 588674,
    "distinct_keys_est": 584125,
    "key_draws": 24865296,
    "server_hits": 18620726,
    "maxmemory_policy": "noeviction"
  },
  "valkey": {
    "target": "valkey",
    "version": "valkey 9.1.0",
    "workload": "mixed",
    "skipped": false,
    "ops": 26721712,
    "errors": 0,
    "ops_per_sec": 2671982.614940615,
    "min_us": 14.99,
    "p50_us": 245.759,
    "p99_us": 4050.943,
    "p999_us": 7335.935,
    "nil_replies": 0,
    "err_replies": 0,
    "hit_ratio": 1,
    "value_ops_per_sec": 2671982.614940615,
    "bytes_per_sec": 440874426.75609636,
    "resp_ver": 2,
    "used_memory": 123757920,
    "bytes_per_key": 210.23167321811394,
    "coverage_sampled": 2000,
    "coverage_retrievable": 2000,
    "coverage_fraction": 1,
    "coverage_keyspace": 588674,
    "distinct_keys_est": 585331,
    "key_draws": 26721712,
    "server_hits": 20092144,
    "maxmemory_policy": "noeviction"
  },
  "gate": {
    "pass": false,
    "reason": "aki is 0.71x Redis, below the 2.0x bar",
    "required_speedup": 2,
    "speedup_vs_redis": 0.7068285475382854,
    "speedup_vs_valkey": 0.6577059370366343,
    "tail_regressed_vs_redis": true,
    "tail_regressed_vs_valkey": false
  },
  "generator_bound": false
}
