{
  "workload": "mixed",
  "cell": {
    "keyspace": 219310,
    "value_size": 512,
    "dist": "uniform",
    "pipeline": 16,
    "connections": 64
  },
  "timestamp": "2026-07-16T04:00:04.321912188Z",
  "aki": {
    "target": "aki",
    "version": "unknown",
    "workload": "mixed",
    "skipped": false,
    "ops": 17362464,
    "errors": 0,
    "ops_per_sec": 1736143.4725606148,
    "min_us": 22.752,
    "p50_us": 399.871,
    "p99_us": 3432.447,
    "p999_us": 6127.615,
    "nil_replies": 0,
    "err_replies": 0,
    "hit_ratio": 1,
    "value_ops_per_sec": 1736143.4725606148,
    "bytes_per_sec": 957547938.4747127,
    "resp_ver": 2,
    "used_memory": 123514656,
    "bytes_per_key": 563.1966440198805,
    "coverage_sampled": 2000,
    "coverage_retrievable": 2000,
    "coverage_fraction": 1,
    "coverage_keyspace": 219310,
    "distinct_keys_est": 219310,
    "key_draws": 17362464
  },
  "redis": {
    "target": "redis",
    "version": "redis 8.8.0",
    "workload": "mixed",
    "skipped": false,
    "ops": 23469392,
    "errors": 0,
    "ops_per_sec": 2346763.1430128952,
    "min_us": 22.081,
    "p50_us": 327.935,
    "p99_us": 2809.855,
    "p999_us": 5218.303,
    "nil_replies": 0,
    "err_replies": 0,
    "hit_ratio": 1,
    "value_ops_per_sec": 2346763.1430128952,
    "bytes_per_sec": 1294327597.7904208,
    "resp_ver": 2,
    "used_memory": 152033288,
    "bytes_per_key": 693.2346359035156,
    "coverage_sampled": 2000,
    "coverage_retrievable": 2000,
    "coverage_fraction": 1,
    "coverage_keyspace": 219310,
    "distinct_keys_est": 219310,
    "key_draws": 23469392,
    "server_hits": 17477016,
    "maxmemory_policy": "noeviction"
  },
  "valkey": {
    "target": "valkey",
    "version": "valkey 9.1.0",
    "workload": "mixed",
    "skipped": false,
    "ops": 23468480,
    "errors": 0,
    "ops_per_sec": 2346649.08018943,
    "min_us": 18.44,
    "p50_us": 303.871,
    "p99_us": 4022.271,
    "p999_us": 7098.367,
    "nil_replies": 0,
    "err_replies": 0,
    "hit_ratio": 1,
    "value_ops_per_sec": 2346649.08018943,
    "bytes_per_sec": 1294264592.7967038,
    "resp_ver": 2,
    "used_memory": 151863136,
    "bytes_per_key": 692.4587843691578,
    "coverage_sampled": 2000,
    "coverage_retrievable": 2000,
    "coverage_fraction": 1,
    "coverage_keyspace": 219310,
    "distinct_keys_est": 219310,
    "key_draws": 23468480,
    "server_hits": 17518486,
    "maxmemory_policy": "noeviction"
  },
  "gate": {
    "pass": false,
    "reason": "aki is 0.74x Redis, below the 2.0x bar",
    "required_speedup": 2,
    "speedup_vs_redis": 0.73980345128979,
    "speedup_vs_valkey": 0.7398394106802142,
    "tail_regressed_vs_redis": true,
    "tail_regressed_vs_valkey": false
  },
  "generator_bound": false
}
