{
  "workload": "mixed",
  "cell": {
    "keyspace": 4628197,
    "value_size": 16,
    "dist": "zipfian",
    "zipf_s": 0.99,
    "pipeline": 16,
    "connections": 64
  },
  "timestamp": "2026-07-16T03:42:41.347592978Z",
  "aki": {
    "target": "aki",
    "version": "unknown",
    "workload": "mixed",
    "skipped": false,
    "ops": 17582768,
    "errors": 0,
    "ops_per_sec": 1758182.3771670708,
    "min_us": 20.925,
    "p50_us": 392.447,
    "p99_us": 3385.343,
    "p999_us": 6037.503,
    "nil_replies": 0,
    "err_replies": 0,
    "hit_ratio": 1,
    "value_ops_per_sec": 1758182.3771670708,
    "bytes_per_sec": 92458673.62542468,
    "resp_ver": 2,
    "used_memory": 294814896,
    "bytes_per_key": 63.69972928982928,
    "coverage_sampled": 2000,
    "coverage_retrievable": 2000,
    "coverage_fraction": 1,
    "coverage_keyspace": 4628197,
    "distinct_keys_est": 2260019,
    "key_draws": 17582768
  },
  "redis": {
    "target": "redis",
    "version": "redis 8.8.0",
    "workload": "mixed",
    "skipped": false,
    "ops": 24681840,
    "errors": 0,
    "ops_per_sec": 2467956.3816169016,
    "min_us": 22.002,
    "p50_us": 295.423,
    "p99_us": 2977.791,
    "p999_us": 5312.511,
    "nil_replies": 0,
    "err_replies": 0,
    "hit_ratio": 1,
    "value_ops_per_sec": 2467956.3816169016,
    "bytes_per_sec": 129783368.0448569,
    "resp_ver": 2,
    "used_memory": 344044992,
    "bytes_per_key": 74.33672162183244,
    "coverage_sampled": 2000,
    "coverage_retrievable": 2000,
    "coverage_fraction": 1,
    "coverage_keyspace": 4628197,
    "distinct_keys_est": 2687735,
    "key_draws": 24681840,
    "server_hits": 18002372,
    "maxmemory_policy": "noeviction"
  },
  "valkey": {
    "target": "valkey",
    "version": "valkey 9.1.0",
    "workload": "mixed",
    "skipped": false,
    "ops": 27640080,
    "errors": 0,
    "ops_per_sec": 2763854.466502459,
    "min_us": 14.409,
    "p50_us": 240.127,
    "p99_us": 3837.951,
    "p999_us": 6959.103,
    "nil_replies": 0,
    "err_replies": 0,
    "hit_ratio": 1,
    "value_ops_per_sec": 2763854.466502459,
    "bytes_per_sec": 145343607.3899377,
    "resp_ver": 2,
    "used_memory": 295443296,
    "bytes_per_key": 63.835505705569574,
    "coverage_sampled": 2000,
    "coverage_retrievable": 2000,
    "coverage_fraction": 1,
    "coverage_keyspace": 4628197,
    "distinct_keys_est": 2833961,
    "key_draws": 27640080,
    "server_hits": 20652412,
    "maxmemory_policy": "noeviction"
  },
  "gate": {
    "pass": false,
    "reason": "aki is 0.71x Redis, below the 2.0x bar",
    "required_speedup": 2,
    "speedup_vs_redis": 0.7124041535998231,
    "speedup_vs_valkey": 0.6361342098420892,
    "tail_regressed_vs_redis": true,
    "tail_regressed_vs_valkey": false
  },
  "generator_bound": false
}
