{
  "workload": "mixed",
  "cell": {
    "keyspace": 18512790,
    "value_size": 16,
    "dist": "uniform",
    "pipeline": 16,
    "connections": 64
  },
  "timestamp": "2026-07-16T03:37:25.223874135Z",
  "aki": {
    "target": "aki",
    "version": "unknown",
    "workload": "mixed",
    "skipped": false,
    "ops": 17293696,
    "errors": 0,
    "ops_per_sec": 1729227.2474191515,
    "min_us": 21.953,
    "p50_us": 403.711,
    "p99_us": 3475.455,
    "p999_us": 5984.255,
    "nil_replies": 0,
    "err_replies": 0,
    "hit_ratio": 1,
    "value_ops_per_sec": 1729227.2474191515,
    "bytes_per_sec": 98383128.5532828,
    "resp_ver": 2,
    "used_memory": 1179571360,
    "bytes_per_key": 63.716563521759824,
    "coverage_sampled": 2000,
    "coverage_retrievable": 2000,
    "coverage_fraction": 1,
    "coverage_keyspace": 18512790,
    "distinct_keys_est": 11238402,
    "key_draws": 17293696
  },
  "redis": {
    "target": "redis",
    "version": "redis 8.8.0",
    "workload": "mixed",
    "skipped": false,
    "ops": 23657088,
    "errors": 0,
    "ops_per_sec": 2365509.071789787,
    "min_us": 23.596,
    "p50_us": 323.327,
    "p99_us": 2885.631,
    "p999_us": 5070.847,
    "nil_replies": 0,
    "err_replies": 0,
    "hit_ratio": 1,
    "value_ops_per_sec": 2365509.071789787,
    "bytes_per_sec": 134583859.11373153,
    "resp_ver": 2,
    "used_memory": 1374376792,
    "bytes_per_key": 74.2393119567607,
    "coverage_sampled": 2000,
    "coverage_retrievable": 2000,
    "coverage_fraction": 1,
    "coverage_keyspace": 18512790,
    "distinct_keys_est": 13353499,
    "key_draws": 23657088,
    "server_hits": 15750108,
    "maxmemory_policy": "noeviction"
  },
  "valkey": {
    "target": "valkey",
    "version": "valkey 9.1.0",
    "workload": "mixed",
    "skipped": false,
    "ops": 26156208,
    "errors": 0,
    "ops_per_sec": 2615381.909708676,
    "min_us": 14.898,
    "p50_us": 267.519,
    "p99_us": 3860.479,
    "p999_us": 7147.519,
    "nil_replies": 0,
    "err_replies": 0,
    "hit_ratio": 1,
    "value_ops_per_sec": 2615381.909708676,
    "bytes_per_sec": 148800244.41127536,
    "resp_ver": 2,
    "used_memory": 1179293648,
    "bytes_per_key": 63.701562433323126,
    "coverage_sampled": 2000,
    "coverage_retrievable": 2000,
    "coverage_fraction": 1,
    "coverage_keyspace": 18512790,
    "distinct_keys_est": 14005021,
    "key_draws": 26156208,
    "server_hits": 19595126,
    "maxmemory_policy": "noeviction"
  },
  "gate": {
    "pass": false,
    "reason": "aki is 0.73x Redis, below the 2.0x bar",
    "required_speedup": 2,
    "speedup_vs_redis": 0.7310169586924419,
    "speedup_vs_valkey": 0.6611758080148867,
    "tail_regressed_vs_redis": true,
    "tail_regressed_vs_valkey": false
  },
  "generator_bound": false
}
