{
  "workload": "mixed",
  "cell": {
    "keyspace": 877240,
    "value_size": 512,
    "dist": "zipfian",
    "zipf_s": 0.99,
    "pipeline": 16,
    "connections": 64
  },
  "timestamp": "2026-07-16T04:06:17.903936189Z",
  "aki": {
    "target": "aki",
    "version": "unknown",
    "workload": "mixed",
    "skipped": false,
    "ops": 17259744,
    "errors": 0,
    "ops_per_sec": 1725837.07963075,
    "min_us": 22.053,
    "p50_us": 406.527,
    "p99_us": 3418.111,
    "p999_us": 6021.119,
    "nil_replies": 0,
    "err_replies": 0,
    "hit_ratio": 1,
    "value_ops_per_sec": 1725837.07963075,
    "bytes_per_sec": 947664154.627143,
    "resp_ver": 2,
    "used_memory": 494308608,
    "bytes_per_key": 563.4816105056769,
    "coverage_sampled": 2000,
    "coverage_retrievable": 2000,
    "coverage_fraction": 1,
    "coverage_keyspace": 877240,
    "distinct_keys_est": 811190,
    "key_draws": 17259744
  },
  "redis": {
    "target": "redis",
    "version": "redis 8.8.0",
    "workload": "mixed",
    "skipped": false,
    "ops": 24025552,
    "errors": 0,
    "ops_per_sec": 2402404.6746924617,
    "min_us": 27.451,
    "p50_us": 316.415,
    "p99_us": 2787.327,
    "p999_us": 4972.543,
    "nil_replies": 0,
    "err_replies": 0,
    "hit_ratio": 1,
    "value_ops_per_sec": 2402404.6746924617,
    "bytes_per_sec": 1319169725.5697577,
    "resp_ver": 2,
    "used_memory": 603852136,
    "bytes_per_key": 688.354539236697,
    "coverage_sampled": 2000,
    "coverage_retrievable": 2000,
    "coverage_fraction": 1,
    "coverage_keyspace": 877240,
    "distinct_keys_est": 846793,
    "key_draws": 24025552,
    "server_hits": 18046784,
    "maxmemory_policy": "noeviction"
  },
  "valkey": {
    "target": "valkey",
    "version": "valkey 9.1.0",
    "workload": "mixed",
    "skipped": false,
    "ops": 23826608,
    "errors": 0,
    "ops_per_sec": 2382429.3886774043,
    "min_us": 18.098,
    "p50_us": 295.679,
    "p99_us": 3997.695,
    "p999_us": 7356.415,
    "nil_replies": 0,
    "err_replies": 0,
    "hit_ratio": 1,
    "value_ops_per_sec": 2382429.3886774043,
    "bytes_per_sec": 1308201067.5598052,
    "resp_ver": 2,
    "used_memory": 602574304,
    "bytes_per_key": 686.8978888331585,
    "coverage_sampled": 2000,
    "coverage_retrievable": 2000,
    "coverage_fraction": 1,
    "coverage_keyspace": 877240,
    "distinct_keys_est": 846082,
    "key_draws": 23826608,
    "server_hits": 17906206,
    "maxmemory_policy": "noeviction"
  },
  "gate": {
    "pass": false,
    "reason": "aki is 0.72x Redis, below the 2.0x bar",
    "required_speedup": 2,
    "speedup_vs_redis": 0.7183790049241721,
    "speedup_vs_valkey": 0.7244021954366678,
    "tail_regressed_vs_redis": true,
    "tail_regressed_vs_valkey": false
  },
  "generator_bound": false
}
