{
  "workload": "mixed",
  "cell": {
    "keyspace": 4628197,
    "value_size": 16,
    "dist": "uniform",
    "pipeline": 16,
    "connections": 64
  },
  "timestamp": "2026-07-16T03:34:46.238567134Z",
  "aki": {
    "target": "aki",
    "version": "unknown",
    "workload": "mixed",
    "skipped": false,
    "ops": 17490768,
    "errors": 0,
    "ops_per_sec": 1748911.7823032367,
    "min_us": 21.412,
    "p50_us": 391.423,
    "p99_us": 3540.991,
    "p999_us": 6393.855,
    "nil_replies": 0,
    "err_replies": 0,
    "hit_ratio": 1,
    "value_ops_per_sec": 1748911.7823032367,
    "bytes_per_sec": 98355628.0038975,
    "resp_ver": 2,
    "used_memory": 294814896,
    "bytes_per_key": 63.69972928982928,
    "coverage_sampled": 2000,
    "coverage_retrievable": 2000,
    "coverage_fraction": 1,
    "coverage_keyspace": 4628197,
    "distinct_keys_est": 4522766,
    "key_draws": 17490768
  },
  "redis": {
    "target": "redis",
    "version": "redis 8.8.0",
    "workload": "mixed",
    "skipped": false,
    "ops": 25478976,
    "errors": 0,
    "ops_per_sec": 2547639.2469611326,
    "min_us": 18.301,
    "p50_us": 291.583,
    "p99_us": 2891.775,
    "p999_us": 5095.423,
    "nil_replies": 0,
    "err_replies": 0,
    "hit_ratio": 1,
    "value_ops_per_sec": 2547639.2469611326,
    "bytes_per_sec": 143274517.803079,
    "resp_ver": 2,
    "used_memory": 344057104,
    "bytes_per_key": 74.33933862365842,
    "coverage_sampled": 2000,
    "coverage_retrievable": 2000,
    "coverage_fraction": 1,
    "coverage_keyspace": 4628197,
    "distinct_keys_est": 4609480,
    "key_draws": 25478976,
    "server_hits": 18645450,
    "maxmemory_policy": "noeviction"
  },
  "valkey": {
    "target": "valkey",
    "version": "valkey 9.1.0",
    "workload": "mixed",
    "skipped": false,
    "ops": 28658240,
    "errors": 0,
    "ops_per_sec": 2865610.9693342955,
    "min_us": 14.421,
    "p50_us": 231.935,
    "p99_us": 3833.855,
    "p999_us": 6807.551,
    "nil_replies": 0,
    "err_replies": 0,
    "hit_ratio": 1,
    "value_ops_per_sec": 2865610.9693342955,
    "bytes_per_sec": 161156681.7478162,
    "resp_ver": 2,
    "used_memory": 295423264,
    "bytes_per_key": 63.83117745420085,
    "coverage_sampled": 2000,
    "coverage_retrievable": 2000,
    "coverage_fraction": 1,
    "coverage_keyspace": 4628197,
    "distinct_keys_est": 4618831,
    "key_draws": 28658240,
    "server_hits": 21443344,
    "maxmemory_policy": "noeviction"
  },
  "gate": {
    "pass": false,
    "reason": "aki is 0.69x Redis, below the 2.0x bar",
    "required_speedup": 2,
    "speedup_vs_redis": 0.6864832940493315,
    "speedup_vs_valkey": 0.6103102622857153,
    "tail_regressed_vs_redis": true,
    "tail_regressed_vs_valkey": false
  },
  "generator_bound": false
}
