{
  "workload": "mixed",
  "cell": {
    "keyspace": 511793,
    "value_size": 4096,
    "dist": "zipfian",
    "zipf_s": 0.99,
    "pipeline": 16,
    "connections": 64
  },
  "timestamp": "2026-07-16T04:18:28.406499471Z",
  "aki": {
    "target": "aki",
    "version": "unknown",
    "workload": "mixed",
    "skipped": false,
    "ops": 9831328,
    "errors": 0,
    "ops_per_sec": 983071.9405721463,
    "min_us": 31.369,
    "p50_us": 917.503,
    "p99_us": 3014.655,
    "p999_us": 4321.279,
    "nil_replies": 272069,
    "err_replies": 271525,
    "hit_ratio": 0.9447079784134961,
    "value_ops_per_sec": 928715.9056129449,
    "bytes_per_sec": 3953742081.0074944,
    "resp_ver": 2,
    "used_memory": 1044433984,
    "bytes_per_key": 2040.735187859154,
    "coverage_sampled": 2000,
    "coverage_retrievable": 948,
    "coverage_missing": 1052,
    "coverage_fraction": 0.474,
    "coverage_keyspace": 511793,
    "distinct_keys_est": 473910,
    "key_draws": 9831328
  },
  "redis": {
    "target": "redis",
    "version": "redis 8.8.0",
    "workload": "mixed",
    "skipped": false,
    "ops": 13035008,
    "errors": 0,
    "ops_per_sec": 1303349.814613741,
    "min_us": 23.053,
    "p50_us": 384.511,
    "p99_us": 4349.951,
    "p999_us": 7610.367,
    "nil_replies": 0,
    "err_replies": 0,
    "hit_ratio": 1,
    "value_ops_per_sec": 1303349.814613741,
    "bytes_per_sec": 5387996855.95342,
    "resp_ver": 2,
    "used_memory": 2645303624,
    "bytes_per_key": 5168.698329207316,
    "coverage_sampled": 2000,
    "coverage_retrievable": 2000,
    "coverage_fraction": 1,
    "coverage_keyspace": 511793,
    "distinct_keys_est": 492080,
    "key_draws": 13035008,
    "server_hits": 9722022,
    "maxmemory_policy": "noeviction"
  },
  "valkey": {
    "target": "valkey",
    "version": "valkey 9.1.0",
    "workload": "mixed",
    "skipped": false,
    "ops": 14465104,
    "errors": 0,
    "ops_per_sec": 1446346.4379733866,
    "min_us": 18.423,
    "p50_us": 343.295,
    "p99_us": 5033.983,
    "p999_us": 9256.959,
    "nil_replies": 0,
    "err_replies": 0,
    "hit_ratio": 1,
    "value_ops_per_sec": 1446346.4379733866,
    "bytes_per_sec": 5979139264.933423,
    "resp_ver": 2,
    "used_memory": 2647155392,
    "bytes_per_key": 5172.316526408138,
    "coverage_sampled": 2000,
    "coverage_retrievable": 2000,
    "coverage_fraction": 1,
    "coverage_keyspace": 511793,
    "distinct_keys_est": 496887,
    "key_draws": 14465104,
    "server_hits": 10783546,
    "maxmemory_policy": "noeviction"
  },
  "gate": {
    "pass": false,
    "reason": "aki is 0.71x Redis, below the 2.0x bar",
    "required_speedup": 2,
    "speedup_vs_redis": 0.7125607378769436,
    "speedup_vs_valkey": 0.642111655430394,
    "tail_regressed_vs_redis": false,
    "tail_regressed_vs_valkey": false
  },
  "generator_bound": false
}
