{
  "workload": "mixed",
  "cell": {
    "keyspace": 3508960,
    "value_size": 512,
    "dist": "zipfian",
    "zipf_s": 0.99,
    "pipeline": 16,
    "connections": 64
  },
  "timestamp": "2026-07-16T04:08:14.012306273Z",
  "aki": {
    "target": "aki",
    "version": "unknown",
    "workload": "mixed",
    "skipped": false,
    "ops": 11176304,
    "errors": 0,
    "ops_per_sec": 1117457.4887627815,
    "min_us": 19.677,
    "p50_us": 866.303,
    "p99_us": 2574.335,
    "p999_us": 3856.383,
    "nil_replies": 233673,
    "err_replies": 232994,
    "hit_ratio": 0.9582449618406944,
    "value_ops_per_sec": 1070798.0086780898,
    "bytes_per_sec": 603142638.6397246,
    "resp_ver": 2,
    "used_memory": 1074965504,
    "bytes_per_key": 306.3487483470886,
    "coverage_sampled": 2000,
    "coverage_retrievable": 1052,
    "coverage_missing": 948,
    "coverage_fraction": 0.526,
    "coverage_keyspace": 3508960,
    "distinct_keys_est": 1568694,
    "key_draws": 11176304
  },
  "redis": {
    "target": "redis",
    "version": "redis 8.8.0",
    "workload": "mixed",
    "skipped": false,
    "ops": 22844064,
    "errors": 0,
    "ops_per_sec": 2284202.013258577,
    "min_us": 30.796,
    "p50_us": 342.783,
    "p99_us": 2711.551,
    "p999_us": 4882.431,
    "nil_replies": 0,
    "err_replies": 0,
    "hit_ratio": 1,
    "value_ops_per_sec": 2284202.013258577,
    "bytes_per_sec": 1255197557.6308594,
    "resp_ver": 2,
    "used_memory": 2411134280,
    "bytes_per_key": 687.1364392868542,
    "coverage_sampled": 2000,
    "coverage_retrievable": 2000,
    "coverage_fraction": 1,
    "coverage_keyspace": 3508960,
    "distinct_keys_est": 2250443,
    "key_draws": 22844064,
    "server_hits": 17166722,
    "maxmemory_policy": "noeviction"
  },
  "valkey": {
    "target": "valkey",
    "version": "valkey 9.1.0",
    "workload": "mixed",
    "skipped": false,
    "ops": 22335056,
    "errors": 0,
    "ops_per_sec": 2233281.6244092165,
    "min_us": 17.326,
    "p50_us": 326.143,
    "p99_us": 3954.687,
    "p999_us": 6901.759,
    "nil_replies": 0,
    "err_replies": 0,
    "hit_ratio": 1,
    "value_ops_per_sec": 2233281.6244092165,
    "bytes_per_sec": 1227216313.098681,
    "resp_ver": 2,
    "used_memory": 2405448352,
    "bytes_per_key": 685.516036660435,
    "coverage_sampled": 2000,
    "coverage_retrievable": 2000,
    "coverage_fraction": 1,
    "coverage_keyspace": 3508960,
    "distinct_keys_est": 2228515,
    "key_draws": 22335056,
    "server_hits": 16749104,
    "maxmemory_policy": "noeviction"
  },
  "gate": {
    "pass": false,
    "reason": "aki is 0.47x Redis, below the 2.0x bar",
    "required_speedup": 2,
    "speedup_vs_redis": 0.46878428548030227,
    "speedup_vs_valkey": 0.4794728962861343,
    "tail_regressed_vs_redis": false,
    "tail_regressed_vs_valkey": false
  },
  "generator_bound": false
}
