{
  "workload": "mixed",
  "cell": {
    "keyspace": 4628197,
    "value_size": 16,
    "dist": "zipfian",
    "zipf_s": 0.99,
    "pipeline": 16,
    "connections": 64
  },
  "timestamp": "2026-07-16T03:41:42.114135761Z",
  "aki": {
    "target": "aki",
    "version": "unknown",
    "workload": "mixed",
    "skipped": false,
    "ops": 17389360,
    "errors": 0,
    "ops_per_sec": 1738774.059799573,
    "min_us": 18.32,
    "p50_us": 395.007,
    "p99_us": 3471.359,
    "p999_us": 6082.559,
    "nil_replies": 0,
    "err_replies": 0,
    "hit_ratio": 1,
    "value_ops_per_sec": 1738774.059799573,
    "bytes_per_sec": 91438105.53947201,
    "resp_ver": 2,
    "used_memory": 294814896,
    "bytes_per_key": 63.69972928982928,
    "coverage_sampled": 2000,
    "coverage_retrievable": 2000,
    "coverage_fraction": 1,
    "coverage_keyspace": 4628197,
    "distinct_keys_est": 2246681,
    "key_draws": 17389360
  },
  "redis": {
    "target": "redis",
    "version": "redis 8.8.0",
    "workload": "mixed",
    "skipped": false,
    "ops": 25239920,
    "errors": 0,
    "ops_per_sec": 2523879.16291516,
    "min_us": 26.289,
    "p50_us": 287.487,
    "p99_us": 2916.351,
    "p999_us": 5230.591,
    "nil_replies": 0,
    "err_replies": 0,
    "hit_ratio": 1,
    "value_ops_per_sec": 2523879.16291516,
    "bytes_per_sec": 132724357.78595696,
    "resp_ver": 2,
    "used_memory": 344063728,
    "bytes_per_key": 74.34076985054871,
    "coverage_sampled": 2000,
    "coverage_retrievable": 2000,
    "coverage_fraction": 1,
    "coverage_keyspace": 4628197,
    "distinct_keys_est": 2716683,
    "key_draws": 25239920,
    "server_hits": 18454972,
    "maxmemory_policy": "noeviction"
  },
  "valkey": {
    "target": "valkey",
    "version": "valkey 9.1.0",
    "workload": "mixed",
    "skipped": false,
    "ops": 27551248,
    "errors": 0,
    "ops_per_sec": 2754877.7417376577,
    "min_us": 14.373,
    "p50_us": 239.999,
    "p99_us": 3868.671,
    "p999_us": 7041.023,
    "nil_replies": 0,
    "err_replies": 0,
    "hit_ratio": 1,
    "value_ops_per_sec": 2754877.7417376577,
    "bytes_per_sec": 144871606.27088815,
    "resp_ver": 2,
    "used_memory": 295438496,
    "bytes_per_key": 63.83446858463458,
    "coverage_sampled": 2000,
    "coverage_retrievable": 2000,
    "coverage_fraction": 1,
    "coverage_keyspace": 4628197,
    "distinct_keys_est": 2829845,
    "key_draws": 27551248,
    "server_hits": 20670284,
    "maxmemory_policy": "noeviction"
  },
  "gate": {
    "pass": false,
    "reason": "aki is 0.69x Redis, below the 2.0x bar",
    "required_speedup": 2,
    "speedup_vs_redis": 0.6889292028510724,
    "speedup_vs_valkey": 0.6311619689891681,
    "tail_regressed_vs_redis": true,
    "tail_regressed_vs_valkey": false
  },
  "generator_bound": false
}
