{
  "workload": "mixed",
  "cell": {
    "keyspace": 3508960,
    "value_size": 512,
    "dist": "uniform",
    "pipeline": 16,
    "connections": 64
  },
  "timestamp": "2026-07-16T04:02:49.363707711Z",
  "aki": {
    "target": "aki",
    "version": "unknown",
    "workload": "mixed",
    "skipped": false,
    "ops": 7880416,
    "errors": 0,
    "ops_per_sec": 787929.2416053187,
    "min_us": 15.705,
    "p50_us": 1119.231,
    "p99_us": 3268.607,
    "p999_us": 3989.503,
    "nil_replies": 1793716,
    "err_replies": 1791045,
    "hit_ratio": 0.5451051061263771,
    "value_ops_per_sec": 429504.2528653431,
    "bytes_per_sec": 352079055.067579,
    "resp_ver": 2,
    "used_memory": 1074965504,
    "bytes_per_key": 306.3487483470886,
    "coverage_sampled": 2000,
    "coverage_retrievable": 1052,
    "coverage_missing": 948,
    "coverage_fraction": 0.526,
    "coverage_keyspace": 3508960,
    "distinct_keys_est": 3137086,
    "key_draws": 7880416
  },
  "redis": {
    "target": "redis",
    "version": "redis 8.8.0",
    "workload": "mixed",
    "skipped": false,
    "ops": 22177584,
    "errors": 0,
    "ops_per_sec": 2217587.21823338,
    "min_us": 32.859,
    "p50_us": 364.031,
    "p99_us": 2650.111,
    "p999_us": 4767.743,
    "nil_replies": 0,
    "err_replies": 0,
    "hit_ratio": 1,
    "value_ops_per_sec": 2217587.21823338,
    "bytes_per_sec": 1226668694.708783,
    "resp_ver": 2,
    "used_memory": 2411100808,
    "bytes_per_key": 687.1269002781451,
    "coverage_sampled": 2000,
    "coverage_retrievable": 2000,
    "coverage_fraction": 1,
    "coverage_keyspace": 3508960,
    "distinct_keys_est": 3502699,
    "key_draws": 22177584,
    "server_hits": 16656706,
    "maxmemory_policy": "noeviction"
  },
  "valkey": {
    "target": "valkey",
    "version": "valkey 9.1.0",
    "workload": "mixed",
    "skipped": false,
    "ops": 20234112,
    "errors": 0,
    "ops_per_sec": 2023274.1798259937,
    "min_us": 20.623,
    "p50_us": 385.791,
    "p99_us": 3653.631,
    "p999_us": 6578.175,
    "nil_replies": 0,
    "err_replies": 0,
    "hit_ratio": 1,
    "value_ops_per_sec": 2023274.1798259937,
    "bytes_per_sec": 1119183537.55247,
    "resp_ver": 2,
    "used_memory": 2405447456,
    "bytes_per_key": 685.5157813141216,
    "coverage_sampled": 2000,
    "coverage_retrievable": 2000,
    "coverage_fraction": 1,
    "coverage_keyspace": 3508960,
    "distinct_keys_est": 3498049,
    "key_draws": 20234112,
    "server_hits": 15202826,
    "maxmemory_policy": "noeviction"
  },
  "gate": {
    "pass": false,
    "reason": "aki is 0.19x Redis, below the 2.0x bar",
    "required_speedup": 2,
    "speedup_vs_redis": 0.19368088404094594,
    "speedup_vs_valkey": 0.21228178422277968,
    "tail_regressed_vs_redis": true,
    "tail_regressed_vs_valkey": false
  },
  "generator_bound": false
}
