{
  "workload": "mixed",
  "cell": {
    "keyspace": 1157049,
    "value_size": 16,
    "dist": "uniform",
    "pipeline": 16,
    "connections": 64
  },
  "timestamp": "2026-07-16T03:32:58.972838967Z",
  "aki": {
    "target": "aki",
    "version": "unknown",
    "workload": "mixed",
    "skipped": false,
    "ops": 17567536,
    "errors": 0,
    "ops_per_sec": 1756567.2122340202,
    "min_us": 22.001,
    "p50_us": 392.703,
    "p99_us": 3479.551,
    "p999_us": 6533.119,
    "nil_replies": 0,
    "err_replies": 0,
    "hit_ratio": 1,
    "value_ops_per_sec": 1756567.2122340202,
    "bytes_per_sec": 97407248.10457015,
    "resp_ver": 2,
    "used_memory": 73639088,
    "bytes_per_key": 63.643880250533904,
    "coverage_sampled": 2000,
    "coverage_retrievable": 2000,
    "coverage_fraction": 1,
    "coverage_keyspace": 1157049,
    "distinct_keys_est": 1157049,
    "key_draws": 17567536
  },
  "redis": {
    "target": "redis",
    "version": "redis 8.8.0",
    "workload": "mixed",
    "skipped": false,
    "ops": 26372928,
    "errors": 0,
    "ops_per_sec": 2637130.5906247967,
    "min_us": 22.534,
    "p50_us": 277.247,
    "p99_us": 2852.863,
    "p999_us": 5136.383,
    "nil_replies": 0,
    "err_replies": 0,
    "hit_ratio": 1,
    "value_ops_per_sec": 2637130.5906247967,
    "bytes_per_sec": 146237170.08091575,
    "resp_ver": 2,
    "used_memory": 86499328,
    "bytes_per_key": 74.75856942964386,
    "coverage_sampled": 2000,
    "coverage_retrievable": 2000,
    "coverage_fraction": 1,
    "coverage_keyspace": 1157049,
    "distinct_keys_est": 1157049,
    "key_draws": 26372928,
    "server_hits": 19633154,
    "maxmemory_policy": "noeviction"
  },
  "valkey": {
    "target": "valkey",
    "version": "valkey 9.1.0",
    "workload": "mixed",
    "skipped": false,
    "ops": 28708848,
    "errors": 0,
    "ops_per_sec": 2870661.208504461,
    "min_us": 13.75,
    "p50_us": 228.223,
    "p99_us": 3962.879,
    "p999_us": 7204.863,
    "nil_replies": 0,
    "err_replies": 0,
    "hit_ratio": 1,
    "value_ops_per_sec": 2870661.208504461,
    "bytes_per_sec": 159187149.2517255,
    "resp_ver": 2,
    "used_memory": 74467680,
    "bytes_per_key": 64.36000549674215,
    "coverage_sampled": 2000,
    "coverage_retrievable": 2000,
    "coverage_fraction": 1,
    "coverage_keyspace": 1157049,
    "distinct_keys_est": 1157049,
    "key_draws": 28708848,
    "server_hits": 21507932,
    "maxmemory_policy": "noeviction"
  },
  "gate": {
    "pass": false,
    "reason": "aki is 0.67x Redis, below the 2.0x bar",
    "required_speedup": 2,
    "speedup_vs_redis": 0.6660903401897322,
    "speedup_vs_valkey": 0.611903350708928,
    "tail_regressed_vs_redis": true,
    "tail_regressed_vs_valkey": false
  },
  "generator_bound": false
}
