{
  "workload": "mixed",
  "cell": {
    "keyspace": 877240,
    "value_size": 512,
    "dist": "uniform",
    "pipeline": 16,
    "connections": 64
  },
  "timestamp": "2026-07-16T04:01:43.431478594Z",
  "aki": {
    "target": "aki",
    "version": "unknown",
    "workload": "mixed",
    "skipped": false,
    "ops": 17163072,
    "errors": 0,
    "ops_per_sec": 1716131.0635153912,
    "min_us": 20.77,
    "p50_us": 404.223,
    "p99_us": 3518.463,
    "p999_us": 5853.183,
    "nil_replies": 0,
    "err_replies": 0,
    "hit_ratio": 1,
    "value_ops_per_sec": 1716131.0635153912,
    "bytes_per_sec": 947749547.6669755,
    "resp_ver": 2,
    "used_memory": 494308608,
    "bytes_per_key": 563.4816105056769,
    "coverage_sampled": 2000,
    "coverage_retrievable": 2000,
    "coverage_fraction": 1,
    "coverage_keyspace": 877240,
    "distinct_keys_est": 877240,
    "key_draws": 17163072
  },
  "redis": {
    "target": "redis",
    "version": "redis 8.8.0",
    "workload": "mixed",
    "skipped": false,
    "ops": 22780208,
    "errors": 0,
    "ops_per_sec": 2277834.3865894703,
    "min_us": 29.276,
    "p50_us": 340.223,
    "p99_us": 2854.911,
    "p999_us": 5263.359,
    "nil_replies": 0,
    "err_replies": 0,
    "hit_ratio": 1,
    "value_ops_per_sec": 2277834.3865894703,
    "bytes_per_sec": 1257955482.6392117,
    "resp_ver": 2,
    "used_memory": 603860712,
    "bytes_per_key": 688.3643153526971,
    "coverage_sampled": 2000,
    "coverage_retrievable": 2000,
    "coverage_fraction": 1,
    "coverage_keyspace": 877240,
    "distinct_keys_est": 877240,
    "key_draws": 22780208,
    "server_hits": 17095642,
    "maxmemory_policy": "noeviction"
  },
  "valkey": {
    "target": "valkey",
    "version": "valkey 9.1.0",
    "workload": "mixed",
    "skipped": false,
    "ops": 22344032,
    "errors": 0,
    "ops_per_sec": 2234237.6233308204,
    "min_us": 18.556,
    "p50_us": 328.191,
    "p99_us": 3954.687,
    "p999_us": 6971.391,
    "nil_replies": 0,
    "err_replies": 0,
    "hit_ratio": 1,
    "value_ops_per_sec": 2234237.6233308204,
    "bytes_per_sec": 1233878737.5274165,
    "resp_ver": 2,
    "used_memory": 602566624,
    "bytes_per_key": 686.8891341024121,
    "coverage_sampled": 2000,
    "coverage_retrievable": 2000,
    "coverage_fraction": 1,
    "coverage_keyspace": 877240,
    "distinct_keys_est": 877240,
    "key_draws": 22344032,
    "server_hits": 16744602,
    "maxmemory_policy": "noeviction"
  },
  "gate": {
    "pass": false,
    "reason": "aki is 0.75x Redis, below the 2.0x bar",
    "required_speedup": 2,
    "speedup_vs_redis": 0.7534046696366281,
    "speedup_vs_valkey": 0.7681058834543161,
    "tail_regressed_vs_redis": true,
    "tail_regressed_vs_valkey": false
  },
  "generator_bound": false
}
