{
  "workload": "mixed",
  "cell": {
    "keyspace": 1157049,
    "value_size": 16,
    "dist": "zipfian",
    "zipf_s": 0.99,
    "pipeline": 16,
    "connections": 64
  },
  "timestamp": "2026-07-16T03:39:54.066275546Z",
  "aki": {
    "target": "aki",
    "version": "unknown",
    "workload": "mixed",
    "skipped": false,
    "ops": 17701296,
    "errors": 0,
    "ops_per_sec": 1770028.3134928143,
    "min_us": 16.125,
    "p50_us": 381.183,
    "p99_us": 3448.831,
    "p999_us": 6430.719,
    "nil_replies": 0,
    "err_replies": 0,
    "hit_ratio": 1,
    "value_ops_per_sec": 1770028.3134928143,
    "bytes_per_sec": 92367354.05366226,
    "resp_ver": 2,
    "used_memory": 73639088,
    "bytes_per_key": 63.643880250533904,
    "coverage_sampled": 2000,
    "coverage_retrievable": 2000,
    "coverage_fraction": 1,
    "coverage_keyspace": 1157049,
    "distinct_keys_est": 1014362,
    "key_draws": 17701296
  },
  "redis": {
    "target": "redis",
    "version": "redis 8.8.0",
    "workload": "mixed",
    "skipped": false,
    "ops": 25806512,
    "errors": 0,
    "ops_per_sec": 2580526.388712368,
    "min_us": 23.391,
    "p50_us": 277.503,
    "p99_us": 2928.639,
    "p999_us": 5283.839,
    "nil_replies": 0,
    "err_replies": 0,
    "hit_ratio": 1,
    "value_ops_per_sec": 2580526.388712368,
    "bytes_per_sec": 134662125.75082868,
    "resp_ver": 2,
    "used_memory": 86492128,
    "bytes_per_key": 74.75234670268934,
    "coverage_sampled": 2000,
    "coverage_retrievable": 2000,
    "coverage_fraction": 1,
    "coverage_keyspace": 1157049,
    "distinct_keys_est": 1087430,
    "key_draws": 25806512,
    "server_hits": 19263418,
    "maxmemory_policy": "noeviction"
  },
  "valkey": {
    "target": "valkey",
    "version": "valkey 9.1.0",
    "workload": "mixed",
    "skipped": false,
    "ops": 28855536,
    "errors": 0,
    "ops_per_sec": 2885409.631909334,
    "min_us": 14.187,
    "p50_us": 224.127,
    "p99_us": 3930.111,
    "p999_us": 7266.303,
    "nil_replies": 0,
    "err_replies": 0,
    "hit_ratio": 1,
    "value_ops_per_sec": 2885409.631909334,
    "bytes_per_sec": 150572074.67621964,
    "resp_ver": 2,
    "used_memory": 74485984,
    "bytes_per_key": 64.37582505148875,
    "coverage_sampled": 2000,
    "coverage_retrievable": 2000,
    "coverage_fraction": 1,
    "coverage_keyspace": 1157049,
    "distinct_keys_est": 1103458,
    "key_draws": 28855536,
    "server_hits": 21631300,
    "maxmemory_policy": "noeviction"
  },
  "gate": {
    "pass": false,
    "reason": "aki is 0.69x Redis, below the 2.0x bar",
    "required_speedup": 2,
    "speedup_vs_redis": 0.685917540403849,
    "speedup_vs_valkey": 0.613440911099181,
    "tail_regressed_vs_redis": true,
    "tail_regressed_vs_valkey": false
  },
  "generator_bound": false
}
