{
  "workload": "mixed",
  "cell": {
    "keyspace": 2354696,
    "value_size": 128,
    "dist": "uniform",
    "pipeline": 16,
    "connections": 64
  },
  "timestamp": "2026-07-16T03:48:33.576653462Z",
  "aki": {
    "target": "aki",
    "version": "unknown",
    "workload": "mixed",
    "skipped": false,
    "ops": 17535872,
    "errors": 0,
    "ops_per_sec": 1753469.6999954032,
    "min_us": 21.203,
    "p50_us": 396.031,
    "p99_us": 3465.215,
    "p999_us": 6045.695,
    "nil_replies": 0,
    "err_replies": 0,
    "hit_ratio": 1,
    "value_ops_per_sec": 1753469.6999954032,
    "bytes_per_sec": 296311130.0911726,
    "resp_ver": 2,
    "used_memory": 413242944,
    "bytes_per_key": 175.49736526498538,
    "coverage_sampled": 2000,
    "coverage_retrievable": 2000,
    "coverage_fraction": 1,
    "coverage_keyspace": 2354696,
    "distinct_keys_est": 2353288,
    "key_draws": 17535872
  },
  "redis": {
    "target": "redis",
    "version": "redis 8.8.0",
    "workload": "mixed",
    "skipped": false,
    "ops": 23425376,
    "errors": 0,
    "ops_per_sec": 2342295.049960298,
    "min_us": 25.501,
    "p50_us": 340.991,
    "p99_us": 2664.447,
    "p999_us": 4788.223,
    "nil_replies": 0,
    "err_replies": 0,
    "hit_ratio": 1,
    "value_ops_per_sec": 2342295.049960298,
    "bytes_per_sec": 395814159.13344914,
    "resp_ver": 2,
    "used_memory": 495934968,
    "bytes_per_key": 210.61528452080438,
    "coverage_sampled": 2000,
    "coverage_retrievable": 2000,
    "coverage_fraction": 1,
    "coverage_keyspace": 2354696,
    "distinct_keys_est": 2354575,
    "key_draws": 23425376,
    "server_hits": 17347232,
    "maxmemory_policy": "noeviction"
  },
  "valkey": {
    "target": "valkey",
    "version": "valkey 9.1.0",
    "workload": "mixed",
    "skipped": false,
    "ops": 25688832,
    "errors": 0,
    "ops_per_sec": 2568668.261802724,
    "min_us": 15.189,
    "p50_us": 265.471,
    "p99_us": 3995.647,
    "p999_us": 7270.399,
    "nil_replies": 0,
    "err_replies": 0,
    "hit_ratio": 1,
    "value_ops_per_sec": 2568668.261802724,
    "bytes_per_sec": 434068103.7266913,
    "resp_ver": 2,
    "used_memory": 490172320,
    "bytes_per_key": 208.16798431729617,
    "coverage_sampled": 2000,
    "coverage_retrievable": 2000,
    "coverage_fraction": 1,
    "coverage_keyspace": 2354696,
    "distinct_keys_est": 2354654,
    "key_draws": 25688832,
    "server_hits": 19295222,
    "maxmemory_policy": "noeviction"
  },
  "gate": {
    "pass": false,
    "reason": "aki is 0.75x Redis, below the 2.0x bar",
    "required_speedup": 2,
    "speedup_vs_redis": 0.7486117942422005,
    "speedup_vs_valkey": 0.6826376632865763,
    "tail_regressed_vs_redis": true,
    "tail_regressed_vs_valkey": false
  },
  "generator_bound": false
}
