{
  "workload": "mixed",
  "cell": {
    "keyspace": 2354696,
    "value_size": 128,
    "dist": "zipfian",
    "zipf_s": 0.99,
    "pipeline": 16,
    "connections": 64
  },
  "timestamp": "2026-07-16T03:54:45.28387837Z",
  "aki": {
    "target": "aki",
    "version": "unknown",
    "workload": "mixed",
    "skipped": false,
    "ops": 17559904,
    "errors": 0,
    "ops_per_sec": 1755868.2614525596,
    "min_us": 15.56,
    "p50_us": 395.007,
    "p99_us": 3356.671,
    "p999_us": 5926.911,
    "nil_replies": 0,
    "err_replies": 0,
    "hit_ratio": 1,
    "value_ops_per_sec": 1755868.2614525596,
    "bytes_per_sec": 290420801.57095855,
    "resp_ver": 2,
    "used_memory": 413242944,
    "bytes_per_key": 175.49736526498538,
    "coverage_sampled": 2000,
    "coverage_retrievable": 2000,
    "coverage_fraction": 1,
    "coverage_keyspace": 2354696,
    "distinct_keys_est": 1616870,
    "key_draws": 17559904
  },
  "redis": {
    "target": "redis",
    "version": "redis 8.8.0",
    "workload": "mixed",
    "skipped": false,
    "ops": 24023888,
    "errors": 0,
    "ops_per_sec": 2402206.6092039174,
    "min_us": 24.716,
    "p50_us": 319.999,
    "p99_us": 2711.551,
    "p999_us": 4870.143,
    "nil_replies": 0,
    "err_replies": 0,
    "hit_ratio": 1,
    "value_ops_per_sec": 2402206.6092039174,
    "bytes_per_sec": 397325038.1374001,
    "resp_ver": 2,
    "used_memory": 495935768,
    "bytes_per_key": 210.61562426742137,
    "coverage_sampled": 2000,
    "coverage_retrievable": 2000,
    "coverage_fraction": 1,
    "coverage_keyspace": 2354696,
    "distinct_keys_est": 1816495,
    "key_draws": 24023888,
    "server_hits": 17781832,
    "maxmemory_policy": "noeviction"
  },
  "valkey": {
    "target": "valkey",
    "version": "valkey 9.1.0",
    "workload": "mixed",
    "skipped": false,
    "ops": 25968064,
    "errors": 0,
    "ops_per_sec": 2596434.5614907276,
    "min_us": 15.82,
    "p50_us": 263.167,
    "p99_us": 3860.479,
    "p999_us": 6840.319,
    "nil_replies": 0,
    "err_replies": 0,
    "hit_ratio": 1,
    "value_ops_per_sec": 2596434.5614907276,
    "bytes_per_sec": 429450054.34237754,
    "resp_ver": 2,
    "used_memory": 490184928,
    "bytes_per_key": 208.17333872397967,
    "coverage_sampled": 2000,
    "coverage_retrievable": 2000,
    "coverage_fraction": 1,
    "coverage_keyspace": 2354696,
    "distinct_keys_est": 1863406,
    "key_draws": 25968064,
    "server_hits": 19465104,
    "maxmemory_policy": "noeviction"
  },
  "gate": {
    "pass": false,
    "reason": "aki is 0.73x Redis, below the 2.0x bar",
    "required_speedup": 2,
    "speedup_vs_redis": 0.7309397346277587,
    "speedup_vs_valkey": 0.6762613190776656,
    "tail_regressed_vs_redis": true,
    "tail_regressed_vs_valkey": false
  },
  "generator_bound": false
}
