{
  "workload": "mixed",
  "cell": {
    "keyspace": 4628197,
    "value_size": 16,
    "dist": "uniform",
    "pipeline": 16,
    "connections": 64
  },
  "timestamp": "2026-07-16T03:35:45.108526954Z",
  "aki": {
    "target": "aki",
    "version": "unknown",
    "workload": "mixed",
    "skipped": false,
    "ops": 17488480,
    "errors": 0,
    "ops_per_sec": 1748760.2038437182,
    "min_us": 21.384,
    "p50_us": 397.311,
    "p99_us": 3510.271,
    "p999_us": 6184.959,
    "nil_replies": 0,
    "err_replies": 0,
    "hit_ratio": 1,
    "value_ops_per_sec": 1748760.2038437182,
    "bytes_per_sec": 98347101.30344848,
    "resp_ver": 2,
    "used_memory": 294814896,
    "bytes_per_key": 63.69972928982928,
    "coverage_sampled": 2000,
    "coverage_retrievable": 2000,
    "coverage_fraction": 1,
    "coverage_keyspace": 4628197,
    "distinct_keys_est": 4522721,
    "key_draws": 17488480
  },
  "redis": {
    "target": "redis",
    "version": "redis 8.8.0",
    "workload": "mixed",
    "skipped": false,
    "ops": 24944800,
    "errors": 0,
    "ops_per_sec": 2494252.22862786,
    "min_us": 23.204,
    "p50_us": 297.727,
    "p99_us": 2947.071,
    "p999_us": 5394.431,
    "nil_replies": 0,
    "err_replies": 0,
    "hit_ratio": 1,
    "value_ops_per_sec": 2494252.22862786,
    "bytes_per_sec": 140272092.36293355,
    "resp_ver": 2,
    "used_memory": 344078432,
    "bytes_per_key": 74.34394689767959,
    "coverage_sampled": 2000,
    "coverage_retrievable": 2000,
    "coverage_fraction": 1,
    "coverage_keyspace": 4628197,
    "distinct_keys_est": 4607249,
    "key_draws": 24944800,
    "server_hits": 18169262,
    "maxmemory_policy": "noeviction"
  },
  "valkey": {
    "target": "valkey",
    "version": "valkey 9.1.0",
    "workload": "mixed",
    "skipped": false,
    "ops": 28143056,
    "errors": 0,
    "ops_per_sec": 2814064.6372732394,
    "min_us": 14.001,
    "p50_us": 235.519,
    "p99_us": 3952.639,
    "p999_us": 7335.935,
    "nil_replies": 0,
    "err_replies": 0,
    "hit_ratio": 1,
    "value_ops_per_sec": 2814064.6372732394,
    "bytes_per_sec": 158257807.50045934,
    "resp_ver": 2,
    "used_memory": 295454240,
    "bytes_per_key": 63.837870341301375,
    "coverage_sampled": 2000,
    "coverage_retrievable": 2000,
    "coverage_fraction": 1,
    "coverage_keyspace": 4628197,
    "distinct_keys_est": 4617729,
    "key_draws": 28143056,
    "server_hits": 21169646,
    "maxmemory_policy": "noeviction"
  },
  "gate": {
    "pass": false,
    "reason": "aki is 0.70x Redis, below the 2.0x bar",
    "required_speedup": 2,
    "speedup_vs_redis": 0.7011160233805814,
    "speedup_vs_valkey": 0.6214356915192341,
    "tail_regressed_vs_redis": true,
    "tail_regressed_vs_valkey": false
  },
  "generator_bound": false
}
