{
  "workload": "mixed",
  "cell": {
    "keyspace": 3508960,
    "value_size": 512,
    "dist": "uniform",
    "pipeline": 16,
    "connections": 64
  },
  "timestamp": "2026-07-16T04:03:55.135399799Z",
  "aki": {
    "target": "aki",
    "version": "unknown",
    "workload": "mixed",
    "skipped": false,
    "ops": 8006752,
    "errors": 0,
    "ops_per_sec": 800562.5988690626,
    "min_us": 17.75,
    "p50_us": 1100.799,
    "p99_us": 3225.599,
    "p999_us": 3966.975,
    "nil_replies": 1822347,
    "err_replies": 1819887,
    "hit_ratio": 0.5451046816486885,
    "value_ops_per_sec": 436390.42059636704,
    "bytes_per_sec": 357731251.40516174,
    "resp_ver": 2,
    "used_memory": 1074965504,
    "bytes_per_key": 306.3487483470886,
    "coverage_sampled": 2000,
    "coverage_retrievable": 1052,
    "coverage_missing": 948,
    "coverage_fraction": 0.526,
    "coverage_keyspace": 3508960,
    "distinct_keys_est": 3150298,
    "key_draws": 8006752
  },
  "redis": {
    "target": "redis",
    "version": "redis 8.8.0",
    "workload": "mixed",
    "skipped": false,
    "ops": 21957376,
    "errors": 0,
    "ops_per_sec": 2195552.2222805507,
    "min_us": 31.417,
    "p50_us": 364.031,
    "p99_us": 2791.423,
    "p999_us": 4935.679,
    "nil_replies": 0,
    "err_replies": 0,
    "hit_ratio": 1,
    "value_ops_per_sec": 2195552.2222805507,
    "bytes_per_sec": 1214479923.6522622,
    "resp_ver": 2,
    "used_memory": 2411105352,
    "bytes_per_key": 687.1281952487346,
    "coverage_sampled": 2000,
    "coverage_retrievable": 2000,
    "coverage_fraction": 1,
    "coverage_keyspace": 3508960,
    "distinct_keys_est": 3502307,
    "key_draws": 21957376,
    "server_hits": 16408774,
    "maxmemory_policy": "noeviction"
  },
  "valkey": {
    "target": "valkey",
    "version": "valkey 9.1.0",
    "workload": "mixed",
    "skipped": false,
    "ops": 20109216,
    "errors": 0,
    "ops_per_sec": 2010730.2400094965,
    "min_us": 20.459,
    "p50_us": 386.559,
    "p99_us": 3725.311,
    "p999_us": 6418.431,
    "nil_replies": 0,
    "err_replies": 0,
    "hit_ratio": 1,
    "value_ops_per_sec": 2010730.2400094965,
    "bytes_per_sec": 1112244828.4270256,
    "resp_ver": 2,
    "used_memory": 2405426080,
    "bytes_per_key": 685.5096894806438,
    "coverage_sampled": 2000,
    "coverage_retrievable": 2000,
    "coverage_fraction": 1,
    "coverage_keyspace": 3508960,
    "distinct_keys_est": 3497668,
    "key_draws": 20109216,
    "server_hits": 15113658,
    "maxmemory_policy": "noeviction"
  },
  "gate": {
    "pass": false,
    "reason": "aki is 0.20x Redis, below the 2.0x bar",
    "required_speedup": 2,
    "speedup_vs_redis": 0.19876112085509048,
    "speedup_vs_valkey": 0.21703081393668502,
    "tail_regressed_vs_redis": true,
    "tail_regressed_vs_valkey": false
  },
  "generator_bound": false
}
