{
  "workload": "mixed",
  "cell": {
    "keyspace": 219310,
    "value_size": 512,
    "dist": "zipfian",
    "zipf_s": 0.99,
    "pipeline": 16,
    "connections": 64
  },
  "timestamp": "2026-07-16T04:04:41.718055032Z",
  "aki": {
    "target": "aki",
    "version": "unknown",
    "workload": "mixed",
    "skipped": false,
    "ops": 17401088,
    "errors": 0,
    "ops_per_sec": 1740048.6108485265,
    "min_us": 21.759,
    "p50_us": 393.727,
    "p99_us": 3473.407,
    "p999_us": 6123.519,
    "nil_replies": 0,
    "err_replies": 0,
    "hit_ratio": 1,
    "value_ops_per_sec": 1740048.6108485265,
    "bytes_per_sec": 954785023.6086409,
    "resp_ver": 2,
    "used_memory": 123514656,
    "bytes_per_key": 563.1966440198805,
    "coverage_sampled": 2000,
    "coverage_retrievable": 2000,
    "coverage_fraction": 1,
    "coverage_keyspace": 219310,
    "distinct_keys_est": 219271,
    "key_draws": 17401088
  },
  "redis": {
    "target": "redis",
    "version": "redis 8.8.0",
    "workload": "mixed",
    "skipped": false,
    "ops": 24644208,
    "errors": 0,
    "ops_per_sec": 2464209.0130635304,
    "min_us": 21.873,
    "p50_us": 305.663,
    "p99_us": 2756.607,
    "p999_us": 4976.639,
    "nil_replies": 0,
    "err_replies": 0,
    "hit_ratio": 1,
    "value_ops_per_sec": 2464209.0130635304,
    "bytes_per_sec": 1352139989.3581865,
    "resp_ver": 2,
    "used_memory": 152037208,
    "bytes_per_key": 693.2525101454562,
    "coverage_sampled": 2000,
    "coverage_retrievable": 2000,
    "coverage_fraction": 1,
    "coverage_keyspace": 219310,
    "distinct_keys_est": 219309,
    "key_draws": 24644208,
    "server_hits": 18475510,
    "maxmemory_policy": "noeviction"
  },
  "valkey": {
    "target": "valkey",
    "version": "valkey 9.1.0",
    "workload": "mixed",
    "skipped": false,
    "ops": 24835888,
    "errors": 0,
    "ops_per_sec": 2483427.7010384044,
    "min_us": 16.857,
    "p50_us": 278.015,
    "p99_us": 3950.591,
    "p999_us": 7114.751,
    "nil_replies": 0,
    "err_replies": 0,
    "hit_ratio": 1,
    "value_ops_per_sec": 2483427.7010384044,
    "bytes_per_sec": 1362685312.4488554,
    "resp_ver": 2,
    "used_memory": 151857952,
    "bytes_per_key": 692.4351465961424,
    "coverage_sampled": 2000,
    "coverage_retrievable": 2000,
    "coverage_fraction": 1,
    "coverage_keyspace": 219310,
    "distinct_keys_est": 219309,
    "key_draws": 24835888,
    "server_hits": 18642984,
    "maxmemory_policy": "noeviction"
  },
  "gate": {
    "pass": false,
    "reason": "aki is 0.71x Redis, below the 2.0x bar",
    "required_speedup": 2,
    "speedup_vs_redis": 0.706128661012111,
    "speedup_vs_valkey": 0.7006640902495184,
    "tail_regressed_vs_redis": true,
    "tail_regressed_vs_valkey": false
  },
  "generator_bound": false
}
