{
  "workload": "mixed",
  "cell": {
    "keyspace": 1157049,
    "value_size": 16,
    "dist": "uniform",
    "pipeline": 16,
    "connections": 64
  },
  "timestamp": "2026-07-16T03:33:47.694298051Z",
  "aki": {
    "target": "aki",
    "version": "unknown",
    "workload": "mixed",
    "skipped": false,
    "ops": 17593904,
    "errors": 0,
    "ops_per_sec": 1759287.3024214322,
    "min_us": 19.55,
    "p50_us": 392.191,
    "p99_us": 3459.071,
    "p999_us": 6152.191,
    "nil_replies": 0,
    "err_replies": 0,
    "hit_ratio": 1,
    "value_ops_per_sec": 1759287.3024214322,
    "bytes_per_sec": 97558053.81268628,
    "resp_ver": 2,
    "used_memory": 73639088,
    "bytes_per_key": 63.643880250533904,
    "coverage_sampled": 2000,
    "coverage_retrievable": 2000,
    "coverage_fraction": 1,
    "coverage_keyspace": 1157049,
    "distinct_keys_est": 1157049,
    "key_draws": 17593904
  },
  "redis": {
    "target": "redis",
    "version": "redis 8.8.0",
    "workload": "mixed",
    "skipped": false,
    "ops": 25212992,
    "errors": 0,
    "ops_per_sec": 2521074.238999291,
    "min_us": 22.21,
    "p50_us": 290.815,
    "p99_us": 2971.647,
    "p999_us": 5263.359,
    "nil_replies": 0,
    "err_replies": 0,
    "hit_ratio": 1,
    "value_ops_per_sec": 2521074.238999291,
    "bytes_per_sec": 139801517.00307447,
    "resp_ver": 2,
    "used_memory": 86489088,
    "bytes_per_key": 74.74971932908632,
    "coverage_sampled": 2000,
    "coverage_retrievable": 2000,
    "coverage_fraction": 1,
    "coverage_keyspace": 1157049,
    "distinct_keys_est": 1157049,
    "key_draws": 25212992,
    "server_hits": 18750234,
    "maxmemory_policy": "noeviction"
  },
  "valkey": {
    "target": "valkey",
    "version": "valkey 9.1.0",
    "workload": "mixed",
    "skipped": false,
    "ops": 28956624,
    "errors": 0,
    "ops_per_sec": 2895414.1775902626,
    "min_us": 14.074,
    "p50_us": 229.375,
    "p99_us": 3903.487,
    "p999_us": 7049.215,
    "nil_replies": 0,
    "err_replies": 0,
    "hit_ratio": 1,
    "value_ops_per_sec": 2895414.1775902626,
    "bytes_per_sec": 160559749.39296442,
    "resp_ver": 2,
    "used_memory": 74487200,
    "bytes_per_key": 64.37687600092995,
    "coverage_sampled": 2000,
    "coverage_retrievable": 2000,
    "coverage_fraction": 1,
    "coverage_keyspace": 1157049,
    "distinct_keys_est": 1157049,
    "key_draws": 28956624,
    "server_hits": 21667242,
    "maxmemory_policy": "noeviction"
  },
  "gate": {
    "pass": false,
    "reason": "aki is 0.70x Redis, below the 2.0x bar",
    "required_speedup": 2,
    "speedup_vs_redis": 0.69783240620465,
    "speedup_vs_valkey": 0.607611621175944,
    "tail_regressed_vs_redis": true,
    "tail_regressed_vs_valkey": false
  },
  "generator_bound": false
}
