{
  "workload": "mixed",
  "cell": {
    "keyspace": 511793,
    "value_size": 4096,
    "dist": "uniform",
    "pipeline": 16,
    "connections": 64
  },
  "timestamp": "2026-07-16T04:13:26.111847287Z",
  "aki": {
    "target": "aki",
    "version": "unknown",
    "workload": "mixed",
    "skipped": false,
    "ops": 7306672,
    "errors": 0,
    "ops_per_sec": 730539.1556261446,
    "min_us": 25.339,
    "p50_us": 1112.063,
    "p99_us": 3469.311,
    "p999_us": 4612.095,
    "nil_replies": 1861415,
    "err_replies": 1859972,
    "hit_ratio": 0.49068645752813317,
    "value_ops_per_sec": 358465.6703597865,
    "bytes_per_sec": 2268183844.7984233,
    "resp_ver": 2,
    "used_memory": 1044433984,
    "bytes_per_key": 2040.735187859154,
    "coverage_sampled": 2000,
    "coverage_retrievable": 948,
    "coverage_missing": 1052,
    "coverage_fraction": 0.474,
    "coverage_keyspace": 511793,
    "distinct_keys_est": 511789,
    "key_draws": 7306672
  },
  "redis": {
    "target": "redis",
    "version": "redis 8.8.0",
    "workload": "mixed",
    "skipped": false,
    "ops": 12613456,
    "errors": 0,
    "ops_per_sec": 1261213.3219288546,
    "min_us": 21.486,
    "p50_us": 397.311,
    "p99_us": 4362.239,
    "p999_us": 7679.999,
    "nil_replies": 0,
    "err_replies": 0,
    "hit_ratio": 1,
    "value_ops_per_sec": 1261213.3219288546,
    "bytes_per_sec": 5217749512.7827,
    "resp_ver": 2,
    "used_memory": 2645303960,
    "bytes_per_key": 5168.698985722744,
    "coverage_sampled": 2000,
    "coverage_retrievable": 2000,
    "coverage_fraction": 1,
    "coverage_keyspace": 511793,
    "distinct_keys_est": 511793,
    "key_draws": 12613456,
    "server_hits": 9361068,
    "maxmemory_policy": "noeviction"
  },
  "valkey": {
    "target": "valkey",
    "version": "valkey 9.1.0",
    "workload": "mixed",
    "skipped": false,
    "ops": 13046080,
    "errors": 0,
    "ops_per_sec": 1304436.8079308697,
    "min_us": 17.448,
    "p50_us": 383.487,
    "p99_us": 5197.823,
    "p999_us": 9322.495,
    "nil_replies": 0,
    "err_replies": 0,
    "hit_ratio": 1,
    "value_ops_per_sec": 1304436.8079308697,
    "bytes_per_sec": 5396568945.665738,
    "resp_ver": 2,
    "used_memory": 2647151232,
    "bytes_per_key": 5172.308398121897,
    "coverage_sampled": 2000,
    "coverage_retrievable": 2000,
    "coverage_fraction": 1,
    "coverage_keyspace": 511793,
    "distinct_keys_est": 511793,
    "key_draws": 13046080,
    "server_hits": 9709682,
    "maxmemory_policy": "noeviction"
  },
  "gate": {
    "pass": false,
    "reason": "aki is 0.28x Redis, below the 2.0x bar",
    "required_speedup": 2,
    "speedup_vs_redis": 0.2842228702528783,
    "speedup_vs_valkey": 0.2748049335777282,
    "tail_regressed_vs_redis": false,
    "tail_regressed_vs_valkey": false
  },
  "generator_bound": false
}
