{
  "workload": "mixed",
  "cell": {
    "keyspace": 3508960,
    "value_size": 512,
    "dist": "zipfian",
    "zipf_s": 0.99,
    "pipeline": 16,
    "connections": 64
  },
  "timestamp": "2026-07-16T04:09:20.387644051Z",
  "aki": {
    "target": "aki",
    "version": "unknown",
    "workload": "mixed",
    "skipped": false,
    "ops": 11195568,
    "errors": 0,
    "ops_per_sec": 1119527.6776145694,
    "min_us": 18.764,
    "p50_us": 857.599,
    "p99_us": 2639.871,
    "p999_us": 3889.151,
    "nil_replies": 233999,
    "err_replies": 233404,
    "hit_ratio": 0.9582510686371607,
    "value_ops_per_sec": 1072788.59344304,
    "bytes_per_sec": 604263947.321512,
    "resp_ver": 2,
    "used_memory": 1074965504,
    "bytes_per_key": 306.3487483470886,
    "coverage_sampled": 2000,
    "coverage_retrievable": 1052,
    "coverage_missing": 948,
    "coverage_fraction": 0.526,
    "coverage_keyspace": 3508960,
    "distinct_keys_est": 1570153,
    "key_draws": 11195568
  },
  "redis": {
    "target": "redis",
    "version": "redis 8.8.0",
    "workload": "mixed",
    "skipped": false,
    "ops": 22619952,
    "errors": 0,
    "ops_per_sec": 2261820.5243507274,
    "min_us": 24.091,
    "p50_us": 345.855,
    "p99_us": 2738.175,
    "p999_us": 4923.391,
    "nil_replies": 0,
    "err_replies": 0,
    "hit_ratio": 1,
    "value_ops_per_sec": 2261820.5243507274,
    "bytes_per_sec": 1242898730.8411045,
    "resp_ver": 2,
    "used_memory": 2411091224,
    "bytes_per_key": 687.1241689845424,
    "coverage_sampled": 2000,
    "coverage_retrievable": 2000,
    "coverage_fraction": 1,
    "coverage_keyspace": 3508960,
    "distinct_keys_est": 2240900,
    "key_draws": 22619952,
    "server_hits": 16902076,
    "maxmemory_policy": "noeviction"
  },
  "valkey": {
    "target": "valkey",
    "version": "valkey 9.1.0",
    "workload": "mixed",
    "skipped": false,
    "ops": 22257968,
    "errors": 0,
    "ops_per_sec": 2225572.4028790067,
    "min_us": 18.148,
    "p50_us": 328.703,
    "p99_us": 3889.151,
    "p999_us": 6885.375,
    "nil_replies": 0,
    "err_replies": 0,
    "hit_ratio": 1,
    "value_ops_per_sec": 2225572.4028790067,
    "bytes_per_sec": 1222980026.2597864,
    "resp_ver": 2,
    "used_memory": 2405422816,
    "bytes_per_key": 685.508759290502,
    "coverage_sampled": 2000,
    "coverage_retrievable": 2000,
    "coverage_fraction": 1,
    "coverage_keyspace": 3508960,
    "distinct_keys_est": 2225123,
    "key_draws": 22257968,
    "server_hits": 16731702,
    "maxmemory_policy": "noeviction"
  },
  "gate": {
    "pass": false,
    "reason": "aki is 0.47x Redis, below the 2.0x bar",
    "required_speedup": 2,
    "speedup_vs_redis": 0.47430314735117723,
    "speedup_vs_valkey": 0.48202817039574974,
    "tail_regressed_vs_redis": false,
    "tail_regressed_vs_valkey": false
  },
  "generator_bound": false
}
