{
  "workload": "mixed",
  "cell": {
    "keyspace": 18512790,
    "value_size": 16,
    "dist": "zipfian",
    "zipf_s": 0.99,
    "pipeline": 16,
    "connections": 64
  },
  "timestamp": "2026-07-16T03:46:05.472206676Z",
  "aki": {
    "target": "aki",
    "version": "unknown",
    "workload": "mixed",
    "skipped": false,
    "ops": 17295328,
    "errors": 0,
    "ops_per_sec": 1729365.5451030515,
    "min_us": 17.726,
    "p50_us": 404.479,
    "p99_us": 3401.727,
    "p999_us": 5570.559,
    "nil_replies": 0,
    "err_replies": 0,
    "hit_ratio": 1,
    "value_ops_per_sec": 1729365.5451030515,
    "bytes_per_sec": 91596394.19137433,
    "resp_ver": 2,
    "used_memory": 1179571360,
    "bytes_per_key": 63.716563521759824,
    "coverage_sampled": 2000,
    "coverage_retrievable": 2000,
    "coverage_fraction": 1,
    "coverage_keyspace": 18512790,
    "distinct_keys_est": 3538407,
    "key_draws": 17295328
  },
  "redis": {
    "target": "redis",
    "version": "redis 8.8.0",
    "workload": "mixed",
    "skipped": false,
    "ops": 23655344,
    "errors": 0,
    "ops_per_sec": 2365372.051033517,
    "min_us": 27.246,
    "p50_us": 313.087,
    "p99_us": 2877.439,
    "p999_us": 5177.343,
    "nil_replies": 0,
    "err_replies": 0,
    "hit_ratio": 1,
    "value_ops_per_sec": 2365372.051033517,
    "bytes_per_sec": 125282236.76598202,
    "resp_ver": 2,
    "used_memory": 1374316104,
    "bytes_per_key": 74.23603379069282,
    "coverage_sampled": 2000,
    "coverage_retrievable": 2000,
    "coverage_fraction": 1,
    "coverage_keyspace": 18512790,
    "distinct_keys_est": 4398486,
    "key_draws": 23655344,
    "server_hits": 15585794,
    "maxmemory_policy": "noeviction"
  },
  "valkey": {
    "target": "valkey",
    "version": "valkey 9.1.0",
    "workload": "mixed",
    "skipped": false,
    "ops": 26417792,
    "errors": 0,
    "ops_per_sec": 2641589.761296017,
    "min_us": 14.911,
    "p50_us": 261.375,
    "p99_us": 3690.495,
    "p999_us": 6721.535,
    "nil_replies": 0,
    "err_replies": 0,
    "hit_ratio": 1,
    "value_ops_per_sec": 2641589.761296017,
    "bytes_per_sec": 139911944.6687912,
    "resp_ver": 2,
    "used_memory": 1179303888,
    "bytes_per_key": 63.7021155644287,
    "coverage_sampled": 2000,
    "coverage_retrievable": 2000,
    "coverage_fraction": 1,
    "coverage_keyspace": 18512790,
    "distinct_keys_est": 4740383,
    "key_draws": 26417792,
    "server_hits": 19884806,
    "maxmemory_policy": "noeviction"
  },
  "gate": {
    "pass": false,
    "reason": "aki is 0.73x Redis, below the 2.0x bar",
    "required_speedup": 2,
    "speedup_vs_redis": 0.7311177725074705,
    "speedup_vs_valkey": 0.6546684767034341,
    "tail_regressed_vs_redis": true,
    "tail_regressed_vs_valkey": false
  },
  "generator_bound": false
}
