{
  "workload": "mixed",
  "cell": {
    "keyspace": 877240,
    "value_size": 512,
    "dist": "zipfian",
    "zipf_s": 0.99,
    "pipeline": 16,
    "connections": 64
  },
  "timestamp": "2026-07-16T04:07:07.554172969Z",
  "aki": {
    "target": "aki",
    "version": "unknown",
    "workload": "mixed",
    "skipped": false,
    "ops": 17277936,
    "errors": 0,
    "ops_per_sec": 1727630.868747291,
    "min_us": 22.229,
    "p50_us": 402.943,
    "p99_us": 3440.639,
    "p999_us": 6455.295,
    "nil_replies": 0,
    "err_replies": 0,
    "hit_ratio": 1,
    "value_ops_per_sec": 1727630.868747291,
    "bytes_per_sec": 948648978.2221997,
    "resp_ver": 2,
    "used_memory": 494308608,
    "bytes_per_key": 563.4816105056769,
    "coverage_sampled": 2000,
    "coverage_retrievable": 2000,
    "coverage_fraction": 1,
    "coverage_keyspace": 877240,
    "distinct_keys_est": 811403,
    "key_draws": 17277936
  },
  "redis": {
    "target": "redis",
    "version": "redis 8.8.0",
    "workload": "mixed",
    "skipped": false,
    "ops": 23186192,
    "errors": 0,
    "ops_per_sec": 2318434.3417243534,
    "min_us": 26.118,
    "p50_us": 329.471,
    "p99_us": 2828.287,
    "p999_us": 5230.591,
    "nil_replies": 0,
    "err_replies": 0,
    "hit_ratio": 1,
    "value_ops_per_sec": 2318434.3417243534,
    "bytes_per_sec": 1273061096.919192,
    "resp_ver": 2,
    "used_memory": 603856120,
    "bytes_per_key": 688.3590807532717,
    "coverage_sampled": 2000,
    "coverage_retrievable": 2000,
    "coverage_fraction": 1,
    "coverage_keyspace": 877240,
    "distinct_keys_est": 843763,
    "key_draws": 23186192,
    "server_hits": 17368452,
    "maxmemory_policy": "noeviction"
  },
  "valkey": {
    "target": "valkey",
    "version": "valkey 9.1.0",
    "workload": "mixed",
    "skipped": false,
    "ops": 23584400,
    "errors": 0,
    "ops_per_sec": 2358149.797124997,
    "min_us": 18.331,
    "p50_us": 300.799,
    "p99_us": 3926.015,
    "p999_us": 7090.175,
    "nil_replies": 0,
    "err_replies": 0,
    "hit_ratio": 1,
    "value_ops_per_sec": 2358149.797124997,
    "bytes_per_sec": 1294869188.1772,
    "resp_ver": 2,
    "used_memory": 602575648,
    "bytes_per_key": 686.8994209110392,
    "coverage_sampled": 2000,
    "coverage_retrievable": 2000,
    "coverage_fraction": 1,
    "coverage_keyspace": 877240,
    "distinct_keys_est": 845215,
    "key_draws": 23584400,
    "server_hits": 17706922,
    "maxmemory_policy": "noeviction"
  },
  "gate": {
    "pass": false,
    "reason": "aki is 0.75x Redis, below the 2.0x bar",
    "required_speedup": 2,
    "speedup_vs_redis": 0.7451713588155152,
    "speedup_vs_valkey": 0.7326213418899765,
    "tail_regressed_vs_redis": true,
    "tail_regressed_vs_valkey": false
  },
  "generator_bound": false
}
