{
  "workload": "mixed",
  "cell": {
    "keyspace": 588674,
    "value_size": 128,
    "dist": "uniform",
    "pipeline": 16,
    "connections": 64
  },
  "timestamp": "2026-07-16T03:46:53.020612501Z",
  "aki": {
    "target": "aki",
    "version": "unknown",
    "workload": "mixed",
    "skipped": false,
    "ops": 17611680,
    "errors": 0,
    "ops_per_sec": 1760968.815584591,
    "min_us": 22.321,
    "p50_us": 390.143,
    "p99_us": 3479.551,
    "p999_us": 6078.463,
    "nil_replies": 0,
    "err_replies": 0,
    "hit_ratio": 1,
    "value_ops_per_sec": 1760968.815584591,
    "bytes_per_sec": 296091915.23620325,
    "resp_ver": 2,
    "used_memory": 103258560,
    "bytes_per_key": 175.40873216754943,
    "coverage_sampled": 2000,
    "coverage_retrievable": 2000,
    "coverage_fraction": 1,
    "coverage_keyspace": 588674,
    "distinct_keys_est": 588674,
    "key_draws": 17611680
  },
  "redis": {
    "target": "redis",
    "version": "redis 8.8.0",
    "workload": "mixed",
    "skipped": false,
    "ops": 24688192,
    "errors": 0,
    "ops_per_sec": 2468677.1345432033,
    "min_us": 24.954,
    "p50_us": 313.343,
    "p99_us": 2697.215,
    "p999_us": 4927.487,
    "nil_replies": 0,
    "err_replies": 0,
    "hit_ratio": 1,
    "value_ops_per_sec": 2468677.1345432033,
    "bytes_per_sec": 415086852.513881,
    "resp_ver": 2,
    "used_memory": 125060616,
    "bytes_per_key": 212.44460601283564,
    "coverage_sampled": 2000,
    "coverage_retrievable": 2000,
    "coverage_fraction": 1,
    "coverage_keyspace": 588674,
    "distinct_keys_est": 588674,
    "key_draws": 24688192,
    "server_hits": 18535268,
    "maxmemory_policy": "noeviction"
  },
  "valkey": {
    "target": "valkey",
    "version": "valkey 9.1.0",
    "workload": "mixed",
    "skipped": false,
    "ops": 26269168,
    "errors": 0,
    "ops_per_sec": 2626692.3065899867,
    "min_us": 14.733,
    "p50_us": 257.919,
    "p99_us": 4007.935,
    "p999_us": 7114.751,
    "nil_replies": 0,
    "err_replies": 0,
    "hit_ratio": 1,
    "value_ops_per_sec": 2626692.3065899867,
    "bytes_per_sec": 441655727.8632313,
    "resp_ver": 2,
    "used_memory": 123758048,
    "bytes_per_key": 210.2318906559488,
    "coverage_sampled": 2000,
    "coverage_retrievable": 2000,
    "coverage_fraction": 1,
    "coverage_keyspace": 588674,
    "distinct_keys_est": 588674,
    "key_draws": 26269168,
    "server_hits": 19682024,
    "maxmemory_policy": "noeviction"
  },
  "gate": {
    "pass": false,
    "reason": "aki is 0.71x Redis, below the 2.0x bar",
    "required_speedup": 2,
    "speedup_vs_redis": 0.7133248779048765,
    "speedup_vs_valkey": 0.6704130556771258,
    "tail_regressed_vs_redis": true,
    "tail_regressed_vs_valkey": false
  },
  "generator_bound": false
}
