{
  "workload": "mixed",
  "cell": {
    "keyspace": 31987,
    "value_size": 4096,
    "dist": "zipfian",
    "zipf_s": 0.99,
    "pipeline": 16,
    "connections": 64
  },
  "timestamp": "2026-07-16T04:15:55.072627326Z",
  "aki": {
    "target": "aki",
    "version": "unknown",
    "workload": "mixed",
    "skipped": false,
    "ops": 14968240,
    "errors": 0,
    "ops_per_sec": 1496641.0607738902,
    "min_us": 27,
    "p50_us": 489.215,
    "p99_us": 3133.439,
    "p999_us": 5885.951,
    "nil_replies": 0,
    "err_replies": 0,
    "hit_ratio": 1,
    "value_ops_per_sec": 1496641.0607738902,
    "bytes_per_sec": 6185950340.494841,
    "resp_ver": 2,
    "used_memory": 133025424,
    "bytes_per_key": 4158.733985681683,
    "coverage_sampled": 2000,
    "coverage_retrievable": 2000,
    "coverage_fraction": 1,
    "coverage_keyspace": 31987,
    "distinct_keys_est": 31987,
    "key_draws": 14968240
  },
  "redis": {
    "target": "redis",
    "version": "redis 8.8.0",
    "workload": "mixed",
    "skipped": false,
    "ops": 13105536,
    "errors": 0,
    "ops_per_sec": 1310410.872537544,
    "min_us": 23.583,
    "p50_us": 386.303,
    "p99_us": 4419.583,
    "p999_us": 7942.143,
    "nil_replies": 0,
    "err_replies": 0,
    "hit_ratio": 1,
    "value_ops_per_sec": 1310410.872537544,
    "bytes_per_sec": 5416219557.156652,
    "resp_ver": 2,
    "used_memory": 166636760,
    "bytes_per_key": 5209.515115515678,
    "coverage_sampled": 2000,
    "coverage_retrievable": 2000,
    "coverage_fraction": 1,
    "coverage_keyspace": 31987,
    "distinct_keys_est": 31987,
    "key_draws": 13105536,
    "server_hits": 9730682,
    "maxmemory_policy": "noeviction"
  },
  "valkey": {
    "target": "valkey",
    "version": "valkey 9.1.0",
    "workload": "mixed",
    "skipped": false,
    "ops": 15930944,
    "errors": 0,
    "ops_per_sec": 1592897.070477302,
    "min_us": 16.764,
    "p50_us": 300.287,
    "p99_us": 4993.023,
    "p999_us": 9814.015,
    "nil_replies": 0,
    "err_replies": 0,
    "hit_ratio": 1,
    "value_ops_per_sec": 1592897.070477302,
    "bytes_per_sec": 6583797969.082171,
    "resp_ver": 2,
    "used_memory": 166967488,
    "bytes_per_key": 5219.854565917404,
    "coverage_sampled": 2000,
    "coverage_retrievable": 2000,
    "coverage_fraction": 1,
    "coverage_keyspace": 31987,
    "distinct_keys_est": 31987,
    "key_draws": 15930944,
    "server_hits": 11815492,
    "maxmemory_policy": "noeviction"
  },
  "gate": {
    "pass": false,
    "reason": "aki is 1.14x Redis, below the 2.0x bar",
    "required_speedup": 2,
    "speedup_vs_redis": 1.1421158753633667,
    "speedup_vs_valkey": 0.9395717328586904,
    "tail_regressed_vs_redis": false,
    "tail_regressed_vs_valkey": false
  },
  "generator_bound": false
}
