{
  "workload": "mixed",
  "cell": {
    "keyspace": 127948,
    "value_size": 4096,
    "dist": "zipfian",
    "zipf_s": 0.99,
    "pipeline": 16,
    "connections": 64
  },
  "timestamp": "2026-07-16T04:17:31.130269502Z",
  "aki": {
    "target": "aki",
    "version": "unknown",
    "workload": "mixed",
    "skipped": false,
    "ops": 14878080,
    "errors": 0,
    "ops_per_sec": 1487661.784268936,
    "min_us": 27.562,
    "p50_us": 496.127,
    "p99_us": 3026.943,
    "p999_us": 5443.583,
    "nil_replies": 0,
    "err_replies": 0,
    "hit_ratio": 1,
    "value_ops_per_sec": 1487661.784268936,
    "bytes_per_sec": 6149301996.4636965,
    "resp_ver": 2,
    "used_memory": 532337600,
    "bytes_per_key": 4160.577734704724,
    "coverage_sampled": 2000,
    "coverage_retrievable": 2000,
    "coverage_fraction": 1,
    "coverage_keyspace": 127948,
    "distinct_keys_est": 127947,
    "key_draws": 14878080
  },
  "redis": {
    "target": "redis",
    "version": "redis 8.8.0",
    "workload": "mixed",
    "skipped": false,
    "ops": 12757888,
    "errors": 0,
    "ops_per_sec": 1275664.7585685705,
    "min_us": 20.856,
    "p50_us": 397.567,
    "p99_us": 4521.983,
    "p999_us": 8065.023,
    "nil_replies": 0,
    "err_replies": 0,
    "hit_ratio": 1,
    "value_ops_per_sec": 1275664.7585685705,
    "bytes_per_sec": 5273004742.119792,
    "resp_ver": 2,
    "used_memory": 662366600,
    "bytes_per_key": 5176.842154625317,
    "coverage_sampled": 2000,
    "coverage_retrievable": 2000,
    "coverage_fraction": 1,
    "coverage_keyspace": 127948,
    "distinct_keys_est": 127947,
    "key_draws": 12757888,
    "server_hits": 9518722,
    "maxmemory_policy": "noeviction"
  },
  "valkey": {
    "target": "valkey",
    "version": "valkey 9.1.0",
    "workload": "mixed",
    "skipped": false,
    "ops": 15048160,
    "errors": 0,
    "ops_per_sec": 1504629.562855496,
    "min_us": 17.883,
    "p50_us": 325.119,
    "p99_us": 5054.463,
    "p999_us": 9519.103,
    "nil_replies": 0,
    "err_replies": 0,
    "hit_ratio": 1,
    "value_ops_per_sec": 1504629.562855496,
    "bytes_per_sec": 6219438776.960586,
    "resp_ver": 2,
    "used_memory": 663004768,
    "bytes_per_key": 5181.829868384031,
    "coverage_sampled": 2000,
    "coverage_retrievable": 2000,
    "coverage_fraction": 1,
    "coverage_keyspace": 127948,
    "distinct_keys_est": 127947,
    "key_draws": 15048160,
    "server_hits": 11202264,
    "maxmemory_policy": "noeviction"
  },
  "gate": {
    "pass": false,
    "reason": "aki is 1.17x Redis, below the 2.0x bar",
    "required_speedup": 2,
    "speedup_vs_redis": 1.1661855313289742,
    "speedup_vs_valkey": 0.9887229528081593,
    "tail_regressed_vs_redis": false,
    "tail_regressed_vs_valkey": false
  },
  "generator_bound": false
}
