{
  "workload": "mixed",
  "cell": {
    "keyspace": 2354696,
    "value_size": 128,
    "dist": "zipfian",
    "zipf_s": 0.99,
    "pipeline": 16,
    "connections": 64
  },
  "timestamp": "2026-07-16T03:55:38.760153357Z",
  "aki": {
    "target": "aki",
    "version": "unknown",
    "workload": "mixed",
    "skipped": false,
    "ops": 17479040,
    "errors": 0,
    "ops_per_sec": 1747678.1152251242,
    "min_us": 21.984,
    "p50_us": 393.727,
    "p99_us": 3373.055,
    "p999_us": 6344.703,
    "nil_replies": 0,
    "err_replies": 0,
    "hit_ratio": 1,
    "value_ops_per_sec": 1747678.1152251242,
    "bytes_per_sec": 289066276.81732076,
    "resp_ver": 2,
    "used_memory": 413242944,
    "bytes_per_key": 175.49736526498538,
    "coverage_sampled": 2000,
    "coverage_retrievable": 2000,
    "coverage_fraction": 1,
    "coverage_keyspace": 2354696,
    "distinct_keys_est": 1613844,
    "key_draws": 17479040
  },
  "redis": {
    "target": "redis",
    "version": "redis 8.8.0",
    "workload": "mixed",
    "skipped": false,
    "ops": 23267536,
    "errors": 0,
    "ops_per_sec": 2326591.530099332,
    "min_us": 23.865,
    "p50_us": 331.775,
    "p99_us": 2766.847,
    "p999_us": 5025.791,
    "nil_replies": 0,
    "err_replies": 0,
    "hit_ratio": 1,
    "value_ops_per_sec": 2326591.530099332,
    "bytes_per_sec": 384818122.04658186,
    "resp_ver": 2,
    "used_memory": 495937512,
    "bytes_per_key": 210.61636491504635,
    "coverage_sampled": 2000,
    "coverage_retrievable": 2000,
    "coverage_fraction": 1,
    "coverage_keyspace": 2354696,
    "distinct_keys_est": 1796824,
    "key_draws": 23267536,
    "server_hits": 17231128,
    "maxmemory_policy": "noeviction"
  },
  "valkey": {
    "target": "valkey",
    "version": "valkey 9.1.0",
    "workload": "mixed",
    "skipped": false,
    "ops": 25704784,
    "errors": 0,
    "ops_per_sec": 2570220.9116707593,
    "min_us": 15.559,
    "p50_us": 263.679,
    "p99_us": 3964.927,
    "p999_us": 6975.487,
    "nil_replies": 0,
    "err_replies": 0,
    "hit_ratio": 1,
    "value_ops_per_sec": 2570220.9116707593,
    "bytes_per_sec": 425114497.1345168,
    "resp_ver": 2,
    "used_memory": 490155552,
    "bytes_per_key": 208.1608632282044,
    "coverage_sampled": 2000,
    "coverage_retrievable": 2000,
    "coverage_fraction": 1,
    "coverage_keyspace": 2354696,
    "distinct_keys_est": 1857417,
    "key_draws": 25704784,
    "server_hits": 19337964,
    "maxmemory_policy": "noeviction"
  },
  "gate": {
    "pass": false,
    "reason": "aki is 0.75x Redis, below the 2.0x bar",
    "required_speedup": 2,
    "speedup_vs_redis": 0.7511753105842814,
    "speedup_vs_valkey": 0.6799719461036735,
    "tail_regressed_vs_redis": true,
    "tail_regressed_vs_valkey": false
  },
  "generator_bound": false
}
