{
  "workload": "mixed",
  "cell": {
    "keyspace": 127948,
    "value_size": 4096,
    "dist": "uniform",
    "pipeline": 16,
    "connections": 64
  },
  "timestamp": "2026-07-16T04:11:40.961901953Z",
  "aki": {
    "target": "aki",
    "version": "unknown",
    "workload": "mixed",
    "skipped": false,
    "ops": 14262448,
    "errors": 0,
    "ops_per_sec": 1425989.652377266,
    "min_us": 24.369,
    "p50_us": 508.671,
    "p99_us": 3278.847,
    "p999_us": 5799.935,
    "nil_replies": 0,
    "err_replies": 0,
    "hit_ratio": 1,
    "value_ops_per_sec": 1425989.652377266,
    "bytes_per_sec": 5897678726.807753,
    "resp_ver": 2,
    "used_memory": 532337600,
    "bytes_per_key": 4160.577734704724,
    "coverage_sampled": 2000,
    "coverage_retrievable": 2000,
    "coverage_fraction": 1,
    "coverage_keyspace": 127948,
    "distinct_keys_est": 127948,
    "key_draws": 14262448
  },
  "redis": {
    "target": "redis",
    "version": "redis 8.8.0",
    "workload": "mixed",
    "skipped": false,
    "ops": 12891392,
    "errors": 0,
    "ops_per_sec": 1289007.6753284433,
    "min_us": 23.195,
    "p50_us": 386.303,
    "p99_us": 4411.391,
    "p999_us": 7847.935,
    "nil_replies": 0,
    "err_replies": 0,
    "hit_ratio": 1,
    "value_ops_per_sec": 1289007.6753284433,
    "bytes_per_sec": 5331141848.642789,
    "resp_ver": 2,
    "used_memory": 662370936,
    "bytes_per_key": 5176.876043392628,
    "coverage_sampled": 2000,
    "coverage_retrievable": 2000,
    "coverage_fraction": 1,
    "coverage_keyspace": 127948,
    "distinct_keys_est": 127948,
    "key_draws": 12891392,
    "server_hits": 9633270,
    "maxmemory_policy": "noeviction"
  },
  "valkey": {
    "target": "valkey",
    "version": "valkey 9.1.0",
    "workload": "mixed",
    "skipped": false,
    "ops": 13945136,
    "errors": 0,
    "ops_per_sec": 1394325.3563166196,
    "min_us": 17.983,
    "p50_us": 355.071,
    "p99_us": 5058.559,
    "p999_us": 9543.679,
    "nil_replies": 0,
    "err_replies": 0,
    "hit_ratio": 1,
    "value_ops_per_sec": 1394325.3563166196,
    "bytes_per_sec": 5766720068.223749,
    "resp_ver": 2,
    "used_memory": 663004768,
    "bytes_per_key": 5181.829868384031,
    "coverage_sampled": 2000,
    "coverage_retrievable": 2000,
    "coverage_fraction": 1,
    "coverage_keyspace": 127948,
    "distinct_keys_est": 127948,
    "key_draws": 13945136,
    "server_hits": 10346192,
    "maxmemory_policy": "noeviction"
  },
  "gate": {
    "pass": false,
    "reason": "aki is 1.11x Redis, below the 2.0x bar",
    "required_speedup": 2,
    "speedup_vs_redis": 1.1062693261418473,
    "speedup_vs_valkey": 1.0227094027353083,
    "tail_regressed_vs_redis": false,
    "tail_regressed_vs_valkey": false
  },
  "generator_bound": false
}
