{
  "workload": "mixed",
  "cell": {
    "keyspace": 9418787,
    "value_size": 128,
    "dist": "zipfian",
    "zipf_s": 0.99,
    "pipeline": 16,
    "connections": 64
  },
  "timestamp": "2026-07-16T03:57:04.916563861Z",
  "aki": {
    "target": "aki",
    "version": "unknown",
    "workload": "mixed",
    "skipped": false,
    "ops": 11711136,
    "errors": 0,
    "ops_per_sec": 1170954.1058634806,
    "min_us": 18.037,
    "p50_us": 818.175,
    "p99_us": 2564.095,
    "p999_us": 3942.399,
    "nil_replies": 142073,
    "err_replies": 140921,
    "hit_ratio": 0.9758354783003118,
    "value_ops_per_sec": 1142658.5599630035,
    "bytes_per_sec": 192922211.5163682,
    "resp_ver": 2,
    "used_memory": 1160704672,
    "bytes_per_key": 123.23292500403714,
    "coverage_sampled": 2000,
    "coverage_retrievable": 1449,
    "coverage_missing": 551,
    "coverage_fraction": 0.7245,
    "coverage_keyspace": 9418787,
    "distinct_keys_est": 2252368,
    "key_draws": 11711136
  },
  "redis": {
    "target": "redis",
    "version": "redis 8.8.0",
    "workload": "mixed",
    "skipped": false,
    "ops": 22902976,
    "errors": 0,
    "ops_per_sec": 2290128.7265947396,
    "min_us": 24.971,
    "p50_us": 346.623,
    "p99_us": 2590.719,
    "p999_us": 4612.095,
    "nil_replies": 0,
    "err_replies": 0,
    "hit_ratio": 1,
    "value_ops_per_sec": 2290128.7265947396,
    "bytes_per_sec": 379630863.9339828,
    "resp_ver": 2,
    "used_memory": 1979431848,
    "bytes_per_key": 210.15783115171837,
    "coverage_sampled": 2000,
    "coverage_retrievable": 2000,
    "coverage_fraction": 1,
    "coverage_keyspace": 9418787,
    "distinct_keys_est": 3475371,
    "key_draws": 22902976,
    "server_hits": 15950200,
    "maxmemory_policy": "noeviction"
  },
  "valkey": {
    "target": "valkey",
    "version": "valkey 9.1.0",
    "workload": "mixed",
    "skipped": false,
    "ops": 24291872,
    "errors": 0,
    "ops_per_sec": 2428964.136564311,
    "min_us": 15.545,
    "p50_us": 293.375,
    "p99_us": 3844.095,
    "p999_us": 6922.239,
    "nil_replies": 0,
    "err_replies": 0,
    "hit_ratio": 1,
    "value_ops_per_sec": 2428964.136564311,
    "bytes_per_sec": 402645695.01312757,
    "resp_ver": 2,
    "used_memory": 1955809696,
    "bytes_per_key": 207.64984875440967,
    "coverage_sampled": 2000,
    "coverage_retrievable": 2000,
    "coverage_fraction": 1,
    "coverage_keyspace": 9418787,
    "distinct_keys_est": 3602045,
    "key_draws": 24291872,
    "server_hits": 18223174,
    "maxmemory_policy": "noeviction"
  },
  "gate": {
    "pass": false,
    "reason": "aki is 0.50x Redis, below the 2.0x bar",
    "required_speedup": 2,
    "speedup_vs_redis": 0.4989494899101399,
    "speedup_vs_valkey": 0.4704303957238562,
    "tail_regressed_vs_redis": false,
    "tail_regressed_vs_valkey": false
  },
  "generator_bound": false
}
