{
  "workload": "mixed",
  "cell": {
    "keyspace": 2354696,
    "value_size": 128,
    "dist": "uniform",
    "pipeline": 16,
    "connections": 64
  },
  "timestamp": "2026-07-16T03:49:26.705728181Z",
  "aki": {
    "target": "aki",
    "version": "unknown",
    "workload": "mixed",
    "skipped": false,
    "ops": 17461776,
    "errors": 0,
    "ops_per_sec": 1746013.0817427714,
    "min_us": 17.144,
    "p50_us": 396.287,
    "p99_us": 3485.695,
    "p999_us": 5955.583,
    "nil_replies": 0,
    "err_replies": 0,
    "hit_ratio": 1,
    "value_ops_per_sec": 1746013.0817427714,
    "bytes_per_sec": 295051087.1818052,
    "resp_ver": 2,
    "used_memory": 413242944,
    "bytes_per_key": 175.49736526498538,
    "coverage_sampled": 2000,
    "coverage_retrievable": 2000,
    "coverage_fraction": 1,
    "coverage_keyspace": 2354696,
    "distinct_keys_est": 2353243,
    "key_draws": 17461776
  },
  "redis": {
    "target": "redis",
    "version": "redis 8.8.0",
    "workload": "mixed",
    "skipped": false,
    "ops": 22886032,
    "errors": 0,
    "ops_per_sec": 2288425.179057313,
    "min_us": 23.486,
    "p50_us": 346.111,
    "p99_us": 2762.751,
    "p999_us": 5070.847,
    "nil_replies": 0,
    "err_replies": 0,
    "hit_ratio": 1,
    "value_ops_per_sec": 2288425.179057313,
    "bytes_per_sec": 386710956.2199648,
    "resp_ver": 2,
    "used_memory": 495926936,
    "bytes_per_key": 210.61187346476999,
    "coverage_sampled": 2000,
    "coverage_retrievable": 2000,
    "coverage_fraction": 1,
    "coverage_keyspace": 2354696,
    "distinct_keys_est": 2354546,
    "key_draws": 22886032,
    "server_hits": 16936758,
    "maxmemory_policy": "noeviction"
  },
  "valkey": {
    "target": "valkey",
    "version": "valkey 9.1.0",
    "workload": "mixed",
    "skipped": false,
    "ops": 25558576,
    "errors": 0,
    "ops_per_sec": 2555612.44802026,
    "min_us": 15.607,
    "p50_us": 269.567,
    "p99_us": 3964.927,
    "p999_us": 7065.599,
    "nil_replies": 0,
    "err_replies": 0,
    "hit_ratio": 1,
    "value_ops_per_sec": 2555612.44802026,
    "bytes_per_sec": 431861842.8321888,
    "resp_ver": 2,
    "used_memory": 490169312,
    "bytes_per_key": 208.16670687001636,
    "coverage_sampled": 2000,
    "coverage_retrievable": 2000,
    "coverage_fraction": 1,
    "coverage_keyspace": 2354696,
    "distinct_keys_est": 2354650,
    "key_draws": 25558576,
    "server_hits": 19203058,
    "maxmemory_policy": "noeviction"
  },
  "gate": {
    "pass": false,
    "reason": "aki is 0.76x Redis, below the 2.0x bar",
    "required_speedup": 2,
    "speedup_vs_redis": 0.7629758218540572,
    "speedup_vs_valkey": 0.6832073005026034,
    "tail_regressed_vs_redis": true,
    "tail_regressed_vs_valkey": false
  },
  "generator_bound": false
}
