{
  "workload": "mixed",
  "cell": {
    "keyspace": 511793,
    "value_size": 4096,
    "dist": "uniform",
    "pipeline": 16,
    "connections": 64
  },
  "timestamp": "2026-07-16T04:14:22.633089389Z",
  "aki": {
    "target": "aki",
    "version": "unknown",
    "workload": "mixed",
    "skipped": false,
    "ops": 7263872,
    "errors": 0,
    "ops_per_sec": 726273.1874562136,
    "min_us": 26.21,
    "p50_us": 1116.159,
    "p99_us": 3479.551,
    "p999_us": 4763.647,
    "nil_replies": 1850488,
    "err_replies": 1848979,
    "hit_ratio": 0.4907031676769635,
    "value_ops_per_sec": 356384.5536836091,
    "bytes_per_sec": 2254947982.3008947,
    "resp_ver": 2,
    "used_memory": 1044433984,
    "bytes_per_key": 2040.735187859154,
    "coverage_sampled": 2000,
    "coverage_retrievable": 948,
    "coverage_missing": 1052,
    "coverage_fraction": 0.474,
    "coverage_keyspace": 511793,
    "distinct_keys_est": 511789,
    "key_draws": 7263872
  },
  "redis": {
    "target": "redis",
    "version": "redis 8.8.0",
    "workload": "mixed",
    "skipped": false,
    "ops": 11947360,
    "errors": 0,
    "ops_per_sec": 1194613.333399625,
    "min_us": 23.887,
    "p50_us": 423.167,
    "p99_us": 4542.463,
    "p999_us": 8069.119,
    "nil_replies": 0,
    "err_replies": 0,
    "hit_ratio": 1,
    "value_ops_per_sec": 1194613.333399625,
    "bytes_per_sec": 4942219626.867832,
    "resp_ver": 2,
    "used_memory": 2645306120,
    "bytes_per_key": 5168.7032061790605,
    "coverage_sampled": 2000,
    "coverage_retrievable": 2000,
    "coverage_fraction": 1,
    "coverage_keyspace": 511793,
    "distinct_keys_est": 511793,
    "key_draws": 11947360,
    "server_hits": 8909368,
    "maxmemory_policy": "noeviction"
  },
  "valkey": {
    "target": "valkey",
    "version": "valkey 9.1.0",
    "workload": "mixed",
    "skipped": false,
    "ops": 13166352,
    "errors": 0,
    "ops_per_sec": 1316514.2548633886,
    "min_us": 17.879,
    "p50_us": 374.783,
    "p99_us": 5308.415,
    "p999_us": 9502.719,
    "nil_replies": 0,
    "err_replies": 0,
    "hit_ratio": 1,
    "value_ops_per_sec": 1316514.2548633886,
    "bytes_per_sec": 5446534311.51983,
    "resp_ver": 2,
    "used_memory": 2647151552,
    "bytes_per_key": 5172.309023374684,
    "coverage_sampled": 2000,
    "coverage_retrievable": 2000,
    "coverage_fraction": 1,
    "coverage_keyspace": 511793,
    "distinct_keys_est": 511793,
    "key_draws": 13166352,
    "server_hits": 9826882,
    "maxmemory_policy": "noeviction"
  },
  "gate": {
    "pass": false,
    "reason": "aki is 0.30x Redis, below the 2.0x bar",
    "required_speedup": 2,
    "speedup_vs_redis": 0.29832628158385915,
    "speedup_vs_valkey": 0.2707031483837524,
    "tail_regressed_vs_redis": false,
    "tail_regressed_vs_valkey": false
  },
  "generator_bound": false
}
