{
  "workload": "mixed",
  "cell": {
    "keyspace": 31987,
    "value_size": 4096,
    "dist": "uniform",
    "pipeline": 16,
    "connections": 64
  },
  "timestamp": "2026-07-16T04:10:06.705940963Z",
  "aki": {
    "target": "aki",
    "version": "unknown",
    "workload": "mixed",
    "skipped": false,
    "ops": 14457520,
    "errors": 0,
    "ops_per_sec": 1445653.0119458784,
    "min_us": 33.668,
    "p50_us": 505.343,
    "p99_us": 3155.967,
    "p999_us": 5758.975,
    "nil_replies": 0,
    "err_replies": 0,
    "hit_ratio": 1,
    "value_ops_per_sec": 1445653.0119458784,
    "bytes_per_sec": 5977995432.116576,
    "resp_ver": 2,
    "used_memory": 133025424,
    "bytes_per_key": 4158.733985681683,
    "coverage_sampled": 2000,
    "coverage_retrievable": 2000,
    "coverage_fraction": 1,
    "coverage_keyspace": 31987,
    "distinct_keys_est": 31987,
    "key_draws": 14457520
  },
  "redis": {
    "target": "redis",
    "version": "redis 8.8.0",
    "workload": "mixed",
    "skipped": false,
    "ops": 13347888,
    "errors": 0,
    "ops_per_sec": 1334601.8699233106,
    "min_us": 20.936,
    "p50_us": 378.367,
    "p99_us": 4243.455,
    "p999_us": 7401.471,
    "nil_replies": 0,
    "err_replies": 0,
    "hit_ratio": 1,
    "value_ops_per_sec": 1334601.8699233106,
    "bytes_per_sec": 5518782104.847631,
    "resp_ver": 2,
    "used_memory": 166637560,
    "bytes_per_key": 5209.540125676056,
    "coverage_sampled": 2000,
    "coverage_retrievable": 2000,
    "coverage_fraction": 1,
    "coverage_keyspace": 31987,
    "distinct_keys_est": 31987,
    "key_draws": 13347888,
    "server_hits": 9910716,
    "maxmemory_policy": "noeviction"
  },
  "valkey": {
    "target": "valkey",
    "version": "valkey 9.1.0",
    "workload": "mixed",
    "skipped": false,
    "ops": 14974496,
    "errors": 0,
    "ops_per_sec": 1497338.9165575542,
    "min_us": 17.344,
    "p50_us": 323.071,
    "p99_us": 5062.655,
    "p999_us": 9396.223,
    "nil_replies": 0,
    "err_replies": 0,
    "hit_ratio": 1,
    "value_ops_per_sec": 1497338.9165575542,
    "bytes_per_sec": 6191724606.29793,
    "resp_ver": 2,
    "used_memory": 166968000,
    "bytes_per_key": 5219.870572420045,
    "coverage_sampled": 2000,
    "coverage_retrievable": 2000,
    "coverage_fraction": 1,
    "coverage_keyspace": 31987,
    "distinct_keys_est": 31987,
    "key_draws": 14974496,
    "server_hits": 11045360,
    "maxmemory_policy": "noeviction"
  },
  "gate": {
    "pass": false,
    "reason": "aki is 1.08x Redis, below the 2.0x bar",
    "required_speedup": 2,
    "speedup_vs_redis": 1.0832091910892865,
    "speedup_vs_valkey": 0.9654814925063834,
    "tail_regressed_vs_redis": false,
    "tail_regressed_vs_valkey": false
  },
  "generator_bound": false
}
