{
  "workload": "mixed",
  "cell": {
    "keyspace": 511793,
    "value_size": 4096,
    "dist": "zipfian",
    "zipf_s": 0.99,
    "pipeline": 16,
    "connections": 64
  },
  "timestamp": "2026-07-16T04:19:25.141612862Z",
  "aki": {
    "target": "aki",
    "version": "unknown",
    "workload": "mixed",
    "skipped": false,
    "ops": 9746336,
    "errors": 0,
    "ops_per_sec": 974502.8942146117,
    "min_us": 26.296,
    "p50_us": 922.111,
    "p99_us": 3053.567,
    "p999_us": 4337.663,
    "nil_replies": 269815,
    "err_replies": 269198,
    "hit_ratio": 0.9446958323620281,
    "value_ops_per_sec": 920608.8227892781,
    "bytes_per_sec": 3919238745.651696,
    "resp_ver": 2,
    "used_memory": 1044433984,
    "bytes_per_key": 2040.735187859154,
    "coverage_sampled": 2000,
    "coverage_retrievable": 948,
    "coverage_missing": 1052,
    "coverage_fraction": 0.474,
    "coverage_keyspace": 511793,
    "distinct_keys_est": 473255,
    "key_draws": 9746336
  },
  "redis": {
    "target": "redis",
    "version": "redis 8.8.0",
    "workload": "mixed",
    "skipped": false,
    "ops": 12390320,
    "errors": 0,
    "ops_per_sec": 1238921.8745885193,
    "min_us": 24.676,
    "p50_us": 411.135,
    "p99_us": 4444.159,
    "p999_us": 7782.399,
    "nil_replies": 0,
    "err_replies": 0,
    "hit_ratio": 1,
    "value_ops_per_sec": 1238921.8745885193,
    "bytes_per_sec": 5121654320.778569,
    "resp_ver": 2,
    "used_memory": 2645305624,
    "bytes_per_key": 5168.70223703724,
    "coverage_sampled": 2000,
    "coverage_retrievable": 2000,
    "coverage_fraction": 1,
    "coverage_keyspace": 511793,
    "distinct_keys_est": 489366,
    "key_draws": 12390320,
    "server_hits": 9270626,
    "maxmemory_policy": "noeviction"
  },
  "valkey": {
    "target": "valkey",
    "version": "valkey 9.1.0",
    "workload": "mixed",
    "skipped": false,
    "ops": 14374624,
    "errors": 0,
    "ops_per_sec": 1437283.877987811,
    "min_us": 15.24,
    "p50_us": 341.759,
    "p99_us": 5103.615,
    "p999_us": 9420.799,
    "nil_replies": 0,
    "err_replies": 0,
    "hit_ratio": 1,
    "value_ops_per_sec": 1437283.877987811,
    "bytes_per_sec": 5941675018.923417,
    "resp_ver": 2,
    "used_memory": 2647153344,
    "bytes_per_key": 5172.312524790296,
    "coverage_sampled": 2000,
    "coverage_retrievable": 2000,
    "coverage_fraction": 1,
    "coverage_keyspace": 511793,
    "distinct_keys_est": 496640,
    "key_draws": 14374624,
    "server_hits": 10745246,
    "maxmemory_policy": "noeviction"
  },
  "gate": {
    "pass": false,
    "reason": "aki is 0.74x Redis, below the 2.0x bar",
    "required_speedup": 2,
    "speedup_vs_redis": 0.7430725388516028,
    "speedup_vs_valkey": 0.6405198283293381,
    "tail_regressed_vs_redis": false,
    "tail_regressed_vs_valkey": false
  },
  "generator_bound": false
}
