{
  "workload": "mixed",
  "cell": {
    "keyspace": 219310,
    "value_size": 512,
    "dist": "uniform",
    "pipeline": 16,
    "connections": 64
  },
  "timestamp": "2026-07-16T03:59:17.735906781Z",
  "aki": {
    "target": "aki",
    "version": "unknown",
    "workload": "mixed",
    "skipped": false,
    "ops": 17306544,
    "errors": 0,
    "ops_per_sec": 1730519.167195264,
    "min_us": 21.366,
    "p50_us": 395.263,
    "p99_us": 3547.135,
    "p999_us": 6410.239,
    "nil_replies": 0,
    "err_replies": 0,
    "hit_ratio": 1,
    "value_ops_per_sec": 1730519.167195264,
    "bytes_per_sec": 954445936.8587074,
    "resp_ver": 2,
    "used_memory": 123514656,
    "bytes_per_key": 563.1966440198805,
    "coverage_sampled": 2000,
    "coverage_retrievable": 2000,
    "coverage_fraction": 1,
    "coverage_keyspace": 219310,
    "distinct_keys_est": 219310,
    "key_draws": 17306544
  },
  "redis": {
    "target": "redis",
    "version": "redis 8.8.0",
    "workload": "mixed",
    "skipped": false,
    "ops": 24329408,
    "errors": 0,
    "ops_per_sec": 2432743.919494242,
    "min_us": 24.307,
    "p50_us": 313.855,
    "p99_us": 2826.239,
    "p999_us": 5058.559,
    "nil_replies": 0,
    "err_replies": 0,
    "hit_ratio": 1,
    "value_ops_per_sec": 2432743.919494242,
    "bytes_per_sec": 1341749230.3398383,
    "resp_ver": 2,
    "used_memory": 152037512,
    "bytes_per_key": 693.2538963111577,
    "coverage_sampled": 2000,
    "coverage_retrievable": 2000,
    "coverage_fraction": 1,
    "coverage_keyspace": 219310,
    "distinct_keys_est": 219310,
    "key_draws": 24329408,
    "server_hits": 18261374,
    "maxmemory_policy": "noeviction"
  },
  "valkey": {
    "target": "valkey",
    "version": "valkey 9.1.0",
    "workload": "mixed",
    "skipped": false,
    "ops": 23480336,
    "errors": 0,
    "ops_per_sec": 2347887.241866102,
    "min_us": 17.963,
    "p50_us": 303.615,
    "p99_us": 4016.127,
    "p999_us": 7241.727,
    "nil_replies": 0,
    "err_replies": 0,
    "hit_ratio": 1,
    "value_ops_per_sec": 2347887.241866102,
    "bytes_per_sec": 1294947511.922402,
    "resp_ver": 2,
    "used_memory": 151861856,
    "bytes_per_key": 692.4529478819935,
    "coverage_sampled": 2000,
    "coverage_retrievable": 2000,
    "coverage_fraction": 1,
    "coverage_keyspace": 219310,
    "distinct_keys_est": 219310,
    "key_draws": 23480336,
    "server_hits": 17522198,
    "maxmemory_policy": "noeviction"
  },
  "gate": {
    "pass": false,
    "reason": "aki is 0.71x Redis, below the 2.0x bar",
    "required_speedup": 2,
    "speedup_vs_redis": 0.7113445658329021,
    "speedup_vs_valkey": 0.7370537802402497,
    "tail_regressed_vs_redis": true,
    "tail_regressed_vs_valkey": false
  },
  "generator_bound": false
}
