{
  "workload": "mixed",
  "cell": {
    "keyspace": 219310,
    "value_size": 512,
    "dist": "zipfian",
    "zipf_s": 0.99,
    "pipeline": 16,
    "connections": 64
  },
  "timestamp": "2026-07-16T04:05:28.25845804Z",
  "aki": {
    "target": "aki",
    "version": "unknown",
    "workload": "mixed",
    "skipped": false,
    "ops": 17399376,
    "errors": 0,
    "ops_per_sec": 1739823.3010903585,
    "min_us": 17.998,
    "p50_us": 396.031,
    "p99_us": 3414.015,
    "p999_us": 5984.255,
    "nil_replies": 0,
    "err_replies": 0,
    "hit_ratio": 1,
    "value_ops_per_sec": 1739823.3010903585,
    "bytes_per_sec": 954661409.9504102,
    "resp_ver": 2,
    "used_memory": 123514656,
    "bytes_per_key": 563.1966440198805,
    "coverage_sampled": 2000,
    "coverage_retrievable": 2000,
    "coverage_fraction": 1,
    "coverage_keyspace": 219310,
    "distinct_keys_est": 219271,
    "key_draws": 17399376
  },
  "redis": {
    "target": "redis",
    "version": "redis 8.8.0",
    "workload": "mixed",
    "skipped": false,
    "ops": 23590464,
    "errors": 0,
    "ops_per_sec": 2358832.9777457225,
    "min_us": 25.592,
    "p50_us": 319.743,
    "p99_us": 2881.535,
    "p999_us": 5165.055,
    "nil_replies": 0,
    "err_replies": 0,
    "hit_ratio": 1,
    "value_ops_per_sec": 2358832.9777457225,
    "bytes_per_sec": 1294318844.4490237,
    "resp_ver": 2,
    "used_memory": 152041768,
    "bytes_per_key": 693.273302630979,
    "coverage_sampled": 2000,
    "coverage_retrievable": 2000,
    "coverage_fraction": 1,
    "coverage_keyspace": 219310,
    "distinct_keys_est": 219308,
    "key_draws": 23590464,
    "server_hits": 17686002,
    "maxmemory_policy": "noeviction"
  },
  "valkey": {
    "target": "valkey",
    "version": "valkey 9.1.0",
    "workload": "mixed",
    "skipped": false,
    "ops": 24596032,
    "errors": 0,
    "ops_per_sec": 2459374.2740644473,
    "min_us": 17.605,
    "p50_us": 281.087,
    "p99_us": 3956.735,
    "p999_us": 7376.895,
    "nil_replies": 0,
    "err_replies": 0,
    "hit_ratio": 1,
    "value_ops_per_sec": 2459374.2740644473,
    "bytes_per_sec": 1349487044.5974278,
    "resp_ver": 2,
    "used_memory": 151861152,
    "bytes_per_key": 692.4497378140532,
    "coverage_sampled": 2000,
    "coverage_retrievable": 2000,
    "coverage_fraction": 1,
    "coverage_keyspace": 219310,
    "distinct_keys_est": 219309,
    "key_draws": 24596032,
    "server_hits": 18424606,
    "maxmemory_policy": "noeviction"
  },
  "gate": {
    "pass": false,
    "reason": "aki is 0.74x Redis, below the 2.0x bar",
    "required_speedup": 2,
    "speedup_vs_redis": 0.7375779961975366,
    "speedup_vs_valkey": 0.7074251851122546,
    "tail_regressed_vs_redis": true,
    "tail_regressed_vs_valkey": false
  },
  "generator_bound": false
}
