{
  "workload": "get",
  "cell": {
    "keyspace": 1000000,
    "value_size": 1024,
    "dist": "uniform",
    "pipeline": 16,
    "connections": 512
  },
  "timestamp": "2026-07-11T03:39:01.665719745Z",
  "aki": {
    "target": "aki",
    "version": "unknown",
    "workload": "get",
    "skipped": false,
    "ops": 28343136,
    "errors": 0,
    "ops_per_sec": 3542333.716693665,
    "min_us": 47.323,
    "p50_us": 2236.415,
    "p99_us": 4841.471,
    "p999_us": 6475.775,
    "nil_replies": 0,
    "err_replies": 0,
    "hit_ratio": 1,
    "value_ops_per_sec": 3542333.716693665,
    "bytes_per_sec": 3764752340.6706657,
    "resp_ver": 2,
    "used_memory": 1073449984,
    "bytes_per_key": 1073.449984,
    "distinct_keys_est": 1000000,
    "key_draws": 28343136
  },
  "redis": {
    "target": "redis",
    "version": "redis 8.8.0",
    "workload": "get",
    "skipped": false,
    "ops": 16738736,
    "errors": 0,
    "ops_per_sec": 2091279.5013995997,
    "min_us": 95.452,
    "p50_us": 3897.343,
    "p99_us": 4767.743,
    "p999_us": 8593.407,
    "nil_replies": 0,
    "err_replies": 0,
    "hit_ratio": 1,
    "value_ops_per_sec": 2091279.5013995997,
    "bytes_per_sec": 2222588253.103246,
    "resp_ver": 2,
    "used_memory": 1327501640,
    "bytes_per_key": 1327.50164,
    "distinct_keys_est": 1000000,
    "key_draws": 16738736,
    "server_hits": 22892672,
    "maxmemory_policy": "noeviction"
  },
  "valkey": {
    "target": "valkey",
    "version": "valkey 9.1.0",
    "workload": "get",
    "skipped": false,
    "ops": 14180256,
    "errors": 0,
    "ops_per_sec": 1771495.0597954865,
    "min_us": 80.549,
    "p50_us": 4595.711,
    "p99_us": 5664.767,
    "p999_us": 8335.359,
    "nil_replies": 0,
    "err_replies": 0,
    "hit_ratio": 1,
    "value_ops_per_sec": 1771495.0597954865,
    "bytes_per_sec": 1882725091.4495327,
    "resp_ver": 2,
    "used_memory": 1331091584,
    "bytes_per_key": 1331.091584,
    "distinct_keys_est": 1000000,
    "key_draws": 14180256,
    "server_hits": 19414240,
    "maxmemory_policy": "noeviction"
  },
  "gate": {
    "pass": false,
    "reason": "aki is 1.69x Redis, below the 2.0x bar",
    "required_speedup": 2,
    "speedup_vs_redis": 1.6938595316039484,
    "speedup_vs_valkey": 1.9996294638849381,
    "tail_regressed_vs_redis": true,
    "tail_regressed_vs_valkey": false
  },
  "generator_bound": false
}
