{
  "workload": "get",
  "cell": {
    "keyspace": 1000000,
    "value_size": 1024,
    "dist": "uniform",
    "pipeline": 1,
    "connections": 512
  },
  "timestamp": "2026-07-11T03:17:19.550531468Z",
  "aki": {
    "target": "aki",
    "version": "unknown",
    "workload": "get",
    "skipped": false,
    "ops": 7753286,
    "errors": 0,
    "ops_per_sec": 969107.2252388429,
    "min_us": 32.466,
    "p50_us": 498.175,
    "p99_us": 1107.967,
    "p999_us": 1638.399,
    "nil_replies": 0,
    "err_replies": 0,
    "hit_ratio": 1,
    "value_ops_per_sec": 969107.2252388429,
    "bytes_per_sec": 1029956518.096549,
    "resp_ver": 2,
    "used_memory": 1073449984,
    "bytes_per_key": 1073.449984,
    "distinct_keys_est": 999572,
    "key_draws": 7753286
  },
  "redis": {
    "target": "redis",
    "version": "redis 8.8.0",
    "workload": "get",
    "skipped": false,
    "ops": 8534079,
    "errors": 0,
    "ops_per_sec": 1066689.6668194921,
    "min_us": 28.372,
    "p50_us": 458.239,
    "p99_us": 923.135,
    "p999_us": 1384.447,
    "nil_replies": 0,
    "err_replies": 0,
    "hit_ratio": 1,
    "value_ops_per_sec": 1066689.6668194921,
    "bytes_per_sec": 1133665893.152995,
    "resp_ver": 2,
    "used_memory": 1327502968,
    "bytes_per_key": 1327.502968,
    "distinct_keys_est": 999814,
    "key_draws": 8534079,
    "server_hits": 11709495,
    "maxmemory_policy": "noeviction"
  },
  "valkey": {
    "target": "valkey",
    "version": "valkey 9.1.0",
    "workload": "get",
    "skipped": false,
    "ops": 7975320,
    "errors": 0,
    "ops_per_sec": 996867.0293878536,
    "min_us": 9.607,
    "p50_us": 500.479,
    "p99_us": 947.199,
    "p999_us": 1424.383,
    "nil_replies": 0,
    "err_replies": 0,
    "hit_ratio": 1,
    "value_ops_per_sec": 996867.0293878536,
    "bytes_per_sec": 1059459295.6119385,
    "resp_ver": 2,
    "used_memory": 1331076992,
    "bytes_per_key": 1331.076992,
    "distinct_keys_est": 999660,
    "key_draws": 7975320,
    "server_hits": 10831312,
    "maxmemory_policy": "noeviction"
  },
  "gate": {
    "pass": false,
    "reason": "aki is 0.91x Redis, below the 2.0x bar",
    "required_speedup": 2,
    "speedup_vs_redis": 0.9085184336025237,
    "speedup_vs_valkey": 0.9721529518675553,
    "tail_regressed_vs_redis": true,
    "tail_regressed_vs_valkey": true
  },
  "generator_bound": false
}
