{
  "workload": "get",
  "cell": {
    "keyspace": 1000000,
    "value_size": 64,
    "dist": "uniform",
    "pipeline": 1,
    "connections": 50
  },
  "timestamp": "2026-07-11T04:21:24.235450763Z",
  "aki": {
    "target": "aki",
    "version": "unknown",
    "workload": "get",
    "skipped": false,
    "ops": 2687321,
    "errors": 0,
    "ops_per_sec": 335913.16204944847,
    "min_us": 6.604,
    "p50_us": 136.831,
    "p99_us": 462.591,
    "p999_us": 681.983,
    "nil_replies": 0,
    "err_replies": 0,
    "hit_ratio": 1,
    "value_ops_per_sec": 335913.16204944847,
    "bytes_per_sec": 33856537.780089416,
    "resp_ver": 2,
    "used_memory": 113449984,
    "bytes_per_key": 113.449984,
    "distinct_keys_est": 931862,
    "key_draws": 2687321
  },
  "redis": {
    "target": "redis",
    "version": "redis 8.8.0",
    "workload": "get",
    "skipped": false,
    "ops": 2708580,
    "errors": 0,
    "ops_per_sec": 338566.794006858,
    "min_us": 9.298,
    "p50_us": 143.615,
    "p99_us": 366.591,
    "p999_us": 531.967,
    "nil_replies": 0,
    "err_replies": 0,
    "hit_ratio": 1,
    "value_ops_per_sec": 338566.794006858,
    "bytes_per_sec": 34124003.020380594,
    "resp_ver": 2,
    "used_memory": 127512608,
    "bytes_per_key": 127.512608,
    "distinct_keys_est": 933311,
    "key_draws": 2708580,
    "server_hits": 3675524,
    "maxmemory_policy": "noeviction"
  },
  "valkey": {
    "target": "valkey",
    "version": "valkey 9.1.0",
    "workload": "get",
    "skipped": false,
    "ops": 5298837,
    "errors": 0,
    "ops_per_sec": 662345.5290916421,
    "min_us": 5.862,
    "p50_us": 46.015,
    "p99_us": 324.607,
    "p999_us": 531.455,
    "nil_replies": 0,
    "err_replies": 0,
    "hit_ratio": 1,
    "value_ops_per_sec": 662345.5290916421,
    "bytes_per_sec": 66757135.10760821,
    "resp_ver": 2,
    "used_memory": 115084496,
    "bytes_per_key": 115.084496,
    "distinct_keys_est": 995010,
    "key_draws": 5298837,
    "server_hits": 7246993,
    "maxmemory_policy": "noeviction"
  },
  "gate": {
    "pass": false,
    "reason": "aki is 0.99x Redis, below the 2.0x bar",
    "required_speedup": 2,
    "speedup_vs_redis": 0.9921621611912839,
    "speedup_vs_valkey": 0.507156985735419,
    "tail_regressed_vs_redis": true,
    "tail_regressed_vs_valkey": true
  },
  "generator_bound": false
}
