{
  "workload": "get",
  "cell": {
    "keyspace": 1000000,
    "value_size": 1024,
    "dist": "uniform",
    "pipeline": 1,
    "connections": 512
  },
  "timestamp": "2026-07-11T03:11:57.887218064Z",
  "aki": {
    "target": "aki",
    "version": "unknown",
    "workload": "get",
    "skipped": false,
    "ops": 5710791,
    "errors": 0,
    "ops_per_sec": 713805.5561037654,
    "min_us": 10.448,
    "p50_us": 632.319,
    "p99_us": 2158.591,
    "p999_us": 3024.895,
    "nil_replies": 0,
    "err_replies": 0,
    "hit_ratio": 1,
    "value_ops_per_sec": 713805.5561037654,
    "bytes_per_sec": 758624909.7654449,
    "resp_ver": 2,
    "used_memory": 1073449984,
    "bytes_per_key": 1073.449984,
    "distinct_keys_est": 996671,
    "key_draws": 5710791
  },
  "redis": {
    "target": "redis",
    "version": "redis 8.8.0",
    "workload": "get",
    "skipped": false,
    "ops": 8549350,
    "errors": 0,
    "ops_per_sec": 1068597.7239158086,
    "min_us": 32.76,
    "p50_us": 459.775,
    "p99_us": 907.263,
    "p999_us": 1508.351,
    "nil_replies": 0,
    "err_replies": 0,
    "hit_ratio": 1,
    "value_ops_per_sec": 1068597.7239158086,
    "bytes_per_sec": 1135693757.6438956,
    "resp_ver": 2,
    "used_memory": 1327501752,
    "bytes_per_key": 1327.501752,
    "distinct_keys_est": 999816,
    "key_draws": 8549350,
    "server_hits": 11671111,
    "maxmemory_policy": "noeviction"
  },
  "valkey": {
    "target": "valkey",
    "version": "valkey 9.1.0",
    "workload": "get",
    "skipped": false,
    "ops": 7948567,
    "errors": 0,
    "ops_per_sec": 993510.4247340183,
    "min_us": 12.202,
    "p50_us": 501.247,
    "p99_us": 971.263,
    "p999_us": 1539.071,
    "nil_replies": 0,
    "err_replies": 0,
    "hit_ratio": 1,
    "value_ops_per_sec": 993510.4247340183,
    "bytes_per_sec": 1055891943.2477267,
    "resp_ver": 2,
    "used_memory": 1331076992,
    "bytes_per_key": 1331.076992,
    "distinct_keys_est": 999654,
    "key_draws": 7948567,
    "server_hits": 10814084,
    "maxmemory_policy": "noeviction"
  },
  "gate": {
    "pass": false,
    "reason": "aki is 0.67x Redis, below the 2.0x bar",
    "required_speedup": 2,
    "speedup_vs_redis": 0.6679834142712472,
    "speedup_vs_valkey": 0.7184681089731543,
    "tail_regressed_vs_redis": true,
    "tail_regressed_vs_valkey": true
  },
  "generator_bound": false
}
