{
  "workload": "get",
  "cell": {
    "keyspace": 1000000,
    "value_size": 1024,
    "dist": "uniform",
    "pipeline": 16,
    "connections": 50
  },
  "timestamp": "2026-07-11T04:09:34.261656615Z",
  "aki": {
    "target": "aki",
    "version": "unknown",
    "workload": "get",
    "skipped": false,
    "ops": 19898256,
    "errors": 0,
    "ops_per_sec": 2487200.6085363864,
    "min_us": 15.818,
    "p50_us": 293.631,
    "p99_us": 657.919,
    "p999_us": 1236.991,
    "nil_replies": 0,
    "err_replies": 0,
    "hit_ratio": 1,
    "value_ops_per_sec": 2487200.6085363864,
    "bytes_per_sec": 2643369364.6754894,
    "resp_ver": 2,
    "used_memory": 1073449984,
    "bytes_per_key": 1073.449984,
    "distinct_keys_est": 1000000,
    "key_draws": 19898256
  },
  "redis": {
    "target": "redis",
    "version": "redis 8.8.0",
    "workload": "get",
    "skipped": false,
    "ops": 16658160,
    "errors": 0,
    "ops_per_sec": 2082185.7784482671,
    "min_us": 29.273,
    "p50_us": 371.455,
    "p99_us": 707.583,
    "p999_us": 1064.959,
    "nil_replies": 0,
    "err_replies": 0,
    "hit_ratio": 1,
    "value_ops_per_sec": 2082185.7784482671,
    "bytes_per_sec": 2212924295.6300125,
    "resp_ver": 2,
    "used_memory": 1327505944,
    "bytes_per_key": 1327.505944,
    "distinct_keys_est": 1000000,
    "key_draws": 16658160,
    "server_hits": 22773392,
    "maxmemory_policy": "noeviction"
  },
  "valkey": {
    "target": "valkey",
    "version": "valkey 9.1.0",
    "workload": "get",
    "skipped": false,
    "ops": 16839088,
    "errors": 0,
    "ops_per_sec": 2104795.17887733,
    "min_us": 21.603,
    "p50_us": 367.615,
    "p99_us": 591.871,
    "p999_us": 1276.927,
    "nil_replies": 0,
    "err_replies": 0,
    "hit_ratio": 1,
    "value_ops_per_sec": 2104795.17887733,
    "bytes_per_sec": 2236953321.0530543,
    "resp_ver": 2,
    "used_memory": 1331083904,
    "bytes_per_key": 1331.083904,
    "distinct_keys_est": 1000000,
    "key_draws": 16839088,
    "server_hits": 23257504,
    "maxmemory_policy": "noeviction"
  },
  "gate": {
    "pass": false,
    "reason": "aki is 1.19x Redis, below the 2.0x bar",
    "required_speedup": 2,
    "speedup_vs_redis": 1.1945142620222646,
    "speedup_vs_valkey": 1.181682965400475,
    "tail_regressed_vs_redis": false,
    "tail_regressed_vs_valkey": true
  },
  "generator_bound": false
}
