{
  "workload": "get",
  "cell": {
    "keyspace": 1000000,
    "value_size": 64,
    "dist": "uniform",
    "pipeline": 1,
    "connections": 50
  },
  "timestamp": "2026-07-11T04:19:34.851359539Z",
  "aki": {
    "target": "aki",
    "version": "unknown",
    "workload": "get",
    "skipped": false,
    "ops": 2743077,
    "errors": 0,
    "ops_per_sec": 342877.76328734134,
    "min_us": 6.458,
    "p50_us": 136.063,
    "p99_us": 433.407,
    "p999_us": 639.487,
    "nil_replies": 0,
    "err_replies": 0,
    "hit_ratio": 1,
    "value_ops_per_sec": 342877.76328734134,
    "bytes_per_sec": 34558490.41117008,
    "resp_ver": 2,
    "used_memory": 113449984,
    "bytes_per_key": 113.449984,
    "distinct_keys_est": 935467,
    "key_draws": 2743077
  },
  "redis": {
    "target": "redis",
    "version": "redis 8.8.0",
    "workload": "get",
    "skipped": false,
    "ops": 2726553,
    "errors": 0,
    "ops_per_sec": 340808.7423894664,
    "min_us": 8.46,
    "p50_us": 142.207,
    "p99_us": 367.103,
    "p999_us": 531.967,
    "nil_replies": 0,
    "err_replies": 0,
    "hit_ratio": 1,
    "value_ops_per_sec": 340808.7423894664,
    "bytes_per_sec": 34349963.79123434,
    "resp_ver": 2,
    "used_memory": 127512152,
    "bytes_per_key": 127.512152,
    "distinct_keys_est": 934439,
    "key_draws": 2726553,
    "server_hits": 3743873,
    "maxmemory_policy": "noeviction"
  },
  "valkey": {
    "target": "valkey",
    "version": "valkey 9.1.0",
    "workload": "get",
    "skipped": false,
    "ops": 5398345,
    "errors": 0,
    "ops_per_sec": 674782.1392937291,
    "min_us": 5.953,
    "p50_us": 44.767,
    "p99_us": 318.463,
    "p999_us": 528.895,
    "nil_replies": 0,
    "err_replies": 0,
    "hit_ratio": 1,
    "value_ops_per_sec": 674782.1392937291,
    "bytes_per_sec": 68010613.63670602,
    "resp_ver": 2,
    "used_memory": 115084496,
    "bytes_per_key": 115.084496,
    "distinct_keys_est": 995495,
    "key_draws": 5398345,
    "server_hits": 7350099,
    "maxmemory_policy": "noeviction"
  },
  "gate": {
    "pass": false,
    "reason": "aki is 1.01x Redis, below the 2.0x bar",
    "required_speedup": 2,
    "speedup_vs_redis": 1.0060709149752693,
    "speedup_vs_valkey": 0.5081310593760225,
    "tail_regressed_vs_redis": true,
    "tail_regressed_vs_valkey": true
  },
  "generator_bound": false
}
