{
  "workload": "get",
  "cell": {
    "keyspace": 1000000,
    "value_size": 64,
    "dist": "uniform",
    "pipeline": 1,
    "connections": 512
  },
  "timestamp": "2026-07-11T03:02:34.485449761Z",
  "aki": {
    "target": "aki",
    "version": "unknown",
    "workload": "get",
    "skipped": false,
    "ops": 5486045,
    "errors": 0,
    "ops_per_sec": 685690.7759662856,
    "min_us": 7.153,
    "p50_us": 617.983,
    "p99_us": 2996.223,
    "p999_us": 5750.783,
    "nil_replies": 0,
    "err_replies": 0,
    "hit_ratio": 1,
    "value_ops_per_sec": 685690.7759662856,
    "bytes_per_sec": 69110253.29007265,
    "resp_ver": 2,
    "used_memory": 113449984,
    "bytes_per_key": 113.449984,
    "distinct_keys_est": 995814,
    "key_draws": 5486045
  },
  "redis": {
    "target": "redis",
    "version": "redis 8.8.0",
    "workload": "get",
    "skipped": false,
    "ops": 8638504,
    "errors": 0,
    "ops_per_sec": 1079758.65102315,
    "min_us": 27.321,
    "p50_us": 456.959,
    "p99_us": 929.791,
    "p999_us": 1341.439,
    "nil_replies": 0,
    "err_replies": 0,
    "hit_ratio": 1,
    "value_ops_per_sec": 1079758.65102315,
    "bytes_per_sec": 108827646.60342549,
    "resp_ver": 2,
    "used_memory": 127514584,
    "bytes_per_key": 127.514584,
    "distinct_keys_est": 999833,
    "key_draws": 8638504,
    "server_hits": 11876665,
    "maxmemory_policy": "noeviction"
  },
  "valkey": {
    "target": "valkey",
    "version": "valkey 9.1.0",
    "workload": "get",
    "skipped": false,
    "ops": 8222722,
    "errors": 0,
    "ops_per_sec": 1027684.8354061719,
    "min_us": 7.028,
    "p50_us": 484.607,
    "p99_us": 923.135,
    "p999_us": 1313.791,
    "nil_replies": 0,
    "err_replies": 0,
    "hit_ratio": 1,
    "value_ops_per_sec": 1027684.8354061719,
    "bytes_per_sec": 103579209.18630058,
    "resp_ver": 2,
    "used_memory": 115077840,
    "bytes_per_key": 115.07784,
    "distinct_keys_est": 999747,
    "key_draws": 8222722,
    "server_hits": 11157239,
    "maxmemory_policy": "noeviction"
  },
  "gate": {
    "pass": false,
    "reason": "aki is 0.64x Redis, below the 2.0x bar",
    "required_speedup": 2,
    "speedup_vs_redis": 0.6350407800081469,
    "speedup_vs_valkey": 0.6672189297171832,
    "tail_regressed_vs_redis": true,
    "tail_regressed_vs_valkey": true
  },
  "generator_bound": false
}
