{
  "workload": "get",
  "cell": {
    "keyspace": 1000000,
    "value_size": 64,
    "dist": "uniform",
    "pipeline": 16,
    "connections": 50
  },
  "timestamp": "2026-07-11T03:53:03.956782023Z",
  "aki": {
    "target": "aki",
    "version": "unknown",
    "workload": "get",
    "skipped": false,
    "ops": 25611648,
    "errors": 0,
    "ops_per_sec": 3201375.9047762384,
    "min_us": 13.269,
    "p50_us": 227.199,
    "p99_us": 552.447,
    "p999_us": 781.823,
    "nil_replies": 0,
    "err_replies": 0,
    "hit_ratio": 1,
    "value_ops_per_sec": 3201375.9047762384,
    "bytes_per_sec": 322663330.1611427,
    "resp_ver": 2,
    "used_memory": 113449984,
    "bytes_per_key": 113.449984,
    "distinct_keys_est": 1000000,
    "key_draws": 25611648
  },
  "redis": {
    "target": "redis",
    "version": "redis 8.8.0",
    "workload": "get",
    "skipped": false,
    "ops": 26894992,
    "errors": 0,
    "ops_per_sec": 3361781.21441826,
    "min_us": 16.488,
    "p50_us": 217.983,
    "p99_us": 512.255,
    "p999_us": 697.855,
    "nil_replies": 0,
    "err_replies": 0,
    "hit_ratio": 1,
    "value_ops_per_sec": 3361781.21441826,
    "bytes_per_sec": 338830260.36746013,
    "resp_ver": 2,
    "used_memory": 127509168,
    "bytes_per_key": 127.509168,
    "distinct_keys_est": 1000000,
    "key_draws": 26894992,
    "server_hits": 36638496,
    "maxmemory_policy": "noeviction"
  },
  "valkey": {
    "target": "valkey",
    "version": "valkey 9.1.0",
    "workload": "get",
    "skipped": false,
    "ops": 30444480,
    "errors": 0,
    "ops_per_sec": 3805358.2356253187,
    "min_us": 14.084,
    "p50_us": 198.655,
    "p99_us": 418.559,
    "p999_us": 646.655,
    "nil_replies": 0,
    "err_replies": 0,
    "hit_ratio": 1,
    "value_ops_per_sec": 3805358.2356253187,
    "bytes_per_sec": 383538036.38183075,
    "resp_ver": 2,
    "used_memory": 115083728,
    "bytes_per_key": 115.083728,
    "distinct_keys_est": 1000000,
    "key_draws": 30444480,
    "server_hits": 41898160,
    "maxmemory_policy": "noeviction"
  },
  "gate": {
    "pass": false,
    "reason": "aki is 0.95x Redis, below the 2.0x bar",
    "required_speedup": 2,
    "speedup_vs_redis": 0.9522856190182564,
    "speedup_vs_valkey": 0.8412810848674723,
    "tail_regressed_vs_redis": true,
    "tail_regressed_vs_valkey": true
  },
  "generator_bound": false
}
