{
  "workload": "get",
  "cell": {
    "keyspace": 1000000,
    "value_size": 64,
    "dist": "uniform",
    "pipeline": 16,
    "connections": 50
  },
  "timestamp": "2026-07-11T03:56:06.103105867Z",
  "aki": {
    "target": "aki",
    "version": "unknown",
    "workload": "get",
    "skipped": false,
    "ops": 22619744,
    "errors": 0,
    "ops_per_sec": 2827370.849063677,
    "min_us": 14.73,
    "p50_us": 272.383,
    "p99_us": 632.319,
    "p999_us": 878.079,
    "nil_replies": 0,
    "err_replies": 0,
    "hit_ratio": 1,
    "value_ops_per_sec": 2827370.849063677,
    "bytes_per_sec": 284967766.1332089,
    "resp_ver": 2,
    "used_memory": 113449984,
    "bytes_per_key": 113.449984,
    "distinct_keys_est": 1000000,
    "key_draws": 22619744
  },
  "redis": {
    "target": "redis",
    "version": "redis 8.8.0",
    "workload": "get",
    "skipped": false,
    "ops": 26254976,
    "errors": 0,
    "ops_per_sec": 3281756.823872729,
    "min_us": 18.852,
    "p50_us": 222.591,
    "p99_us": 526.847,
    "p999_us": 733.183,
    "nil_replies": 0,
    "err_replies": 0,
    "hit_ratio": 1,
    "value_ops_per_sec": 3281756.823872729,
    "bytes_per_sec": 330764854.7680027,
    "resp_ver": 2,
    "used_memory": 127509928,
    "bytes_per_key": 127.509928,
    "distinct_keys_est": 1000000,
    "key_draws": 26254976,
    "server_hits": 35770352,
    "maxmemory_policy": "noeviction"
  },
  "valkey": {
    "target": "valkey",
    "version": "valkey 9.1.0",
    "workload": "get",
    "skipped": false,
    "ops": 30275456,
    "errors": 0,
    "ops_per_sec": 3784322.662403557,
    "min_us": 14.168,
    "p50_us": 199.551,
    "p99_us": 417.023,
    "p999_us": 639.487,
    "nil_replies": 0,
    "err_replies": 0,
    "hit_ratio": 1,
    "value_ops_per_sec": 3784322.662403557,
    "bytes_per_sec": 381417883.2291633,
    "resp_ver": 2,
    "used_memory": 115083728,
    "bytes_per_key": 115.083728,
    "distinct_keys_est": 1000000,
    "key_draws": 30275456,
    "server_hits": 41673872,
    "maxmemory_policy": "noeviction"
  },
  "gate": {
    "pass": false,
    "reason": "aki is 0.86x Redis, below the 2.0x bar",
    "required_speedup": 2,
    "speedup_vs_redis": 0.8615418511500674,
    "speedup_vs_valkey": 0.7471273200757976,
    "tail_regressed_vs_redis": true,
    "tail_regressed_vs_valkey": true
  },
  "generator_bound": false
}
