{
  "workload": "get",
  "cell": {
    "keyspace": 1000000,
    "value_size": 1024,
    "dist": "uniform",
    "pipeline": 1,
    "connections": 50
  },
  "timestamp": "2026-07-11T04:36:56.727424456Z",
  "aki": {
    "target": "aki",
    "version": "unknown",
    "workload": "get",
    "skipped": false,
    "ops": 2111919,
    "errors": 0,
    "ops_per_sec": 263980.5483032479,
    "min_us": 10.152,
    "p50_us": 174.079,
    "p99_us": 463.359,
    "p999_us": 636.415,
    "nil_replies": 0,
    "err_replies": 0,
    "hit_ratio": 1,
    "value_ops_per_sec": 263980.5483032479,
    "bytes_per_sec": 280555742.3100684,
    "resp_ver": 2,
    "used_memory": 1073449984,
    "bytes_per_key": 1073.449984,
    "distinct_keys_est": 878914,
    "key_draws": 2111919
  },
  "redis": {
    "target": "redis",
    "version": "redis 8.8.0",
    "workload": "get",
    "skipped": false,
    "ops": 2604754,
    "errors": 0,
    "ops_per_sec": 325588.0144197449,
    "min_us": 9.865,
    "p50_us": 148.991,
    "p99_us": 376.319,
    "p999_us": 550.911,
    "nil_replies": 0,
    "err_replies": 0,
    "hit_ratio": 1,
    "value_ops_per_sec": 325588.0144197449,
    "bytes_per_sec": 346031533.0155876,
    "resp_ver": 2,
    "used_memory": 1327509112,
    "bytes_per_key": 1327.509112,
    "distinct_keys_est": 926004,
    "key_draws": 2604754,
    "server_hits": 3549963,
    "maxmemory_policy": "noeviction"
  },
  "valkey": {
    "target": "valkey",
    "version": "valkey 9.1.0",
    "workload": "get",
    "skipped": false,
    "ops": 5061197,
    "errors": 0,
    "ops_per_sec": 632645.2490718928,
    "min_us": 6.487,
    "p50_us": 48.959,
    "p99_us": 330.751,
    "p999_us": 561.663,
    "nil_replies": 0,
    "err_replies": 0,
    "hit_ratio": 1,
    "value_ops_per_sec": 632645.2490718928,
    "bytes_per_sec": 672368515.4360248,
    "resp_ver": 2,
    "used_memory": 1331079232,
    "bytes_per_key": 1331.079232,
    "distinct_keys_est": 993636,
    "key_draws": 5061197,
    "server_hits": 6927744,
    "maxmemory_policy": "noeviction"
  },
  "gate": {
    "pass": false,
    "reason": "aki is 0.81x Redis, below the 2.0x bar",
    "required_speedup": 2,
    "speedup_vs_redis": 0.8107809151811305,
    "speedup_vs_valkey": 0.41726472883581167,
    "tail_regressed_vs_redis": true,
    "tail_regressed_vs_valkey": true
  },
  "generator_bound": false
}
