{
  "workload": "get",
  "cell": {
    "keyspace": 1000000,
    "value_size": 64,
    "dist": "uniform",
    "pipeline": 16,
    "connections": 50
  },
  "timestamp": "2026-07-11T03:57:19.01460776Z",
  "aki": {
    "target": "aki",
    "version": "unknown",
    "workload": "get",
    "skipped": false,
    "ops": 24731888,
    "errors": 0,
    "ops_per_sec": 3091443.060628749,
    "min_us": 15.368,
    "p50_us": 235.391,
    "p99_us": 552.447,
    "p999_us": 776.703,
    "nil_replies": 0,
    "err_replies": 0,
    "hit_ratio": 1,
    "value_ops_per_sec": 3091443.060628749,
    "bytes_per_sec": 311583210.6870994,
    "resp_ver": 2,
    "used_memory": 113449984,
    "bytes_per_key": 113.449984,
    "distinct_keys_est": 1000000,
    "key_draws": 24731888
  },
  "redis": {
    "target": "redis",
    "version": "redis 8.8.0",
    "workload": "get",
    "skipped": false,
    "ops": 26288160,
    "errors": 0,
    "ops_per_sec": 3285892.753803109,
    "min_us": 17.053,
    "p50_us": 222.463,
    "p99_us": 519.935,
    "p999_us": 698.367,
    "nil_replies": 0,
    "err_replies": 0,
    "hit_ratio": 1,
    "value_ops_per_sec": 3285892.753803109,
    "bytes_per_sec": 331181645.3657832,
    "resp_ver": 2,
    "used_memory": 127510232,
    "bytes_per_key": 127.510232,
    "distinct_keys_est": 1000000,
    "key_draws": 26288160,
    "server_hits": 35780752,
    "maxmemory_policy": "noeviction"
  },
  "valkey": {
    "target": "valkey",
    "version": "valkey 9.1.0",
    "workload": "get",
    "skipped": false,
    "ops": 30526656,
    "errors": 0,
    "ops_per_sec": 3815757.2946267156,
    "min_us": 13.137,
    "p50_us": 198.399,
    "p99_us": 418.559,
    "p999_us": 642.559,
    "nil_replies": 0,
    "err_replies": 0,
    "hit_ratio": 1,
    "value_ops_per_sec": 3815757.2946267156,
    "bytes_per_sec": 384586111.7750304,
    "resp_ver": 2,
    "used_memory": 115083728,
    "bytes_per_key": 115.083728,
    "distinct_keys_est": 1000000,
    "key_draws": 30526656,
    "server_hits": 41915392,
    "maxmemory_policy": "noeviction"
  },
  "gate": {
    "pass": false,
    "reason": "aki is 0.94x Redis, below the 2.0x bar",
    "required_speedup": 2,
    "speedup_vs_redis": 0.9408228728861273,
    "speedup_vs_valkey": 0.8101781171936869,
    "tail_regressed_vs_redis": true,
    "tail_regressed_vs_valkey": true
  },
  "generator_bound": false
}
