{
  "workload": "get",
  "cell": {
    "keyspace": 1000000,
    "value_size": 1024,
    "dist": "uniform",
    "pipeline": 1,
    "connections": 512
  },
  "timestamp": "2026-07-11T03:14:38.763763437Z",
  "aki": {
    "target": "aki",
    "version": "unknown",
    "workload": "get",
    "skipped": false,
    "ops": 7978386,
    "errors": 0,
    "ops_per_sec": 997250.0036681038,
    "min_us": 29.741,
    "p50_us": 486.143,
    "p99_us": 1052.671,
    "p999_us": 1716.223,
    "nil_replies": 0,
    "err_replies": 0,
    "hit_ratio": 1,
    "value_ops_per_sec": 997250.0036681038,
    "bytes_per_sec": 1059866303.3306614,
    "resp_ver": 2,
    "used_memory": 1073449984,
    "bytes_per_key": 1073.449984,
    "distinct_keys_est": 999661,
    "key_draws": 7978386
  },
  "redis": {
    "target": "redis",
    "version": "redis 8.8.0",
    "workload": "get",
    "skipped": false,
    "ops": 8417128,
    "errors": 0,
    "ops_per_sec": 1051843.1872995268,
    "min_us": 27.267,
    "p50_us": 466.687,
    "p99_us": 927.743,
    "p999_us": 1410.047,
    "nil_replies": 0,
    "err_replies": 0,
    "hit_ratio": 1,
    "value_ops_per_sec": 1051843.1872995268,
    "bytes_per_sec": 1117887215.481396,
    "resp_ver": 2,
    "used_memory": 1327502360,
    "bytes_per_key": 1327.50236,
    "distinct_keys_est": 999795,
    "key_draws": 8417128,
    "server_hits": 11508949,
    "maxmemory_policy": "noeviction"
  },
  "valkey": {
    "target": "valkey",
    "version": "valkey 9.1.0",
    "workload": "get",
    "skipped": false,
    "ops": 7857830,
    "errors": 0,
    "ops_per_sec": 982154.0879966924,
    "min_us": 10.291,
    "p50_us": 507.391,
    "p99_us": 955.391,
    "p999_us": 1417.215,
    "nil_replies": 0,
    "err_replies": 0,
    "hit_ratio": 1,
    "value_ops_per_sec": 982154.0879966924,
    "bytes_per_sec": 1043822533.2962749,
    "resp_ver": 2,
    "used_memory": 1331076992,
    "bytes_per_key": 1331.076992,
    "distinct_keys_est": 999609,
    "key_draws": 7857830,
    "server_hits": 10681281,
    "maxmemory_policy": "noeviction"
  },
  "gate": {
    "pass": false,
    "reason": "aki is 0.95x Redis, below the 2.0x bar",
    "required_speedup": 2,
    "speedup_vs_redis": 0.9480976021039943,
    "speedup_vs_valkey": 1.0153702111062866,
    "tail_regressed_vs_redis": true,
    "tail_regressed_vs_valkey": true
  },
  "generator_bound": false
}
