{
  "workload": "get",
  "cell": {
    "keyspace": 1000000,
    "value_size": 1024,
    "dist": "uniform",
    "pipeline": 1,
    "connections": 50
  },
  "timestamp": "2026-07-11T04:33:37.540868638Z",
  "aki": {
    "target": "aki",
    "version": "unknown",
    "workload": "get",
    "skipped": false,
    "ops": 2679692,
    "errors": 0,
    "ops_per_sec": 334954.7033922441,
    "min_us": 6.971,
    "p50_us": 137.855,
    "p99_us": 452.863,
    "p999_us": 654.847,
    "nil_replies": 0,
    "err_replies": 0,
    "hit_ratio": 1,
    "value_ops_per_sec": 334954.7033922441,
    "bytes_per_sec": 355986356.0113519,
    "resp_ver": 2,
    "used_memory": 1073449984,
    "bytes_per_key": 1073.449984,
    "distinct_keys_est": 931378,
    "key_draws": 2679692
  },
  "redis": {
    "target": "redis",
    "version": "redis 8.8.0",
    "workload": "get",
    "skipped": false,
    "ops": 2627706,
    "errors": 0,
    "ops_per_sec": 328457.0175691488,
    "min_us": 9.398,
    "p50_us": 147.711,
    "p99_us": 372.223,
    "p999_us": 539.135,
    "nil_replies": 0,
    "err_replies": 0,
    "hit_ratio": 1,
    "value_ops_per_sec": 328457.0175691488,
    "bytes_per_sec": 349080680.2377276,
    "resp_ver": 2,
    "used_memory": 1327508352,
    "bytes_per_key": 1327.508352,
    "distinct_keys_est": 927716,
    "key_draws": 2627706,
    "server_hits": 3574035,
    "maxmemory_policy": "noeviction"
  },
  "valkey": {
    "target": "valkey",
    "version": "valkey 9.1.0",
    "workload": "get",
    "skipped": false,
    "ops": 5080625,
    "errors": 0,
    "ops_per_sec": 635072.8272224752,
    "min_us": 6.478,
    "p50_us": 49.087,
    "p99_us": 326.911,
    "p999_us": 549.375,
    "nil_replies": 0,
    "err_replies": 0,
    "hit_ratio": 1,
    "value_ops_per_sec": 635072.8272224752,
    "bytes_per_sec": 674948488.8297061,
    "resp_ver": 2,
    "used_memory": 1331079232,
    "bytes_per_key": 1331.079232,
    "distinct_keys_est": 993758,
    "key_draws": 5080625,
    "server_hits": 6951589,
    "maxmemory_policy": "noeviction"
  },
  "gate": {
    "pass": false,
    "reason": "aki is 1.02x Redis, below the 2.0x bar",
    "required_speedup": 2,
    "speedup_vs_redis": 1.0197824539453701,
    "speedup_vs_valkey": 0.5274272320187061,
    "tail_regressed_vs_redis": true,
    "tail_regressed_vs_valkey": true
  },
  "generator_bound": false
}
