{
  "workload": "get",
  "cell": {
    "keyspace": 1000000,
    "value_size": 1024,
    "dist": "uniform",
    "pipeline": 16,
    "connections": 50
  },
  "timestamp": "2026-07-11T04:07:34.424319155Z",
  "aki": {
    "target": "aki",
    "version": "unknown",
    "workload": "get",
    "skipped": false,
    "ops": 20074416,
    "errors": 0,
    "ops_per_sec": 2509176.175165167,
    "min_us": 15.703,
    "p50_us": 291.071,
    "p99_us": 657.919,
    "p999_us": 1103.871,
    "nil_replies": 0,
    "err_replies": 0,
    "hit_ratio": 1,
    "value_ops_per_sec": 2509176.175165167,
    "bytes_per_sec": 2666724804.7512817,
    "resp_ver": 2,
    "used_memory": 1073449984,
    "bytes_per_key": 1073.449984,
    "distinct_keys_est": 1000000,
    "key_draws": 20074416
  },
  "redis": {
    "target": "redis",
    "version": "redis 8.8.0",
    "workload": "get",
    "skipped": false,
    "ops": 16459376,
    "errors": 0,
    "ops_per_sec": 2057331.8554330892,
    "min_us": 38.391,
    "p50_us": 377.087,
    "p99_us": 694.271,
    "p999_us": 1163.263,
    "nil_replies": 0,
    "err_replies": 0,
    "hit_ratio": 1,
    "value_ops_per_sec": 2057331.8554330892,
    "bytes_per_sec": 2186509828.088745,
    "resp_ver": 2,
    "used_memory": 1327505488,
    "bytes_per_key": 1327.505488,
    "distinct_keys_est": 1000000,
    "key_draws": 16459376,
    "server_hits": 22624368,
    "maxmemory_policy": "noeviction"
  },
  "valkey": {
    "target": "valkey",
    "version": "valkey 9.1.0",
    "workload": "get",
    "skipped": false,
    "ops": 17071088,
    "errors": 0,
    "ops_per_sec": 2133780.64618093,
    "min_us": 21.95,
    "p50_us": 362.239,
    "p99_us": 590.335,
    "p999_us": 1034.751,
    "nil_replies": 0,
    "err_replies": 0,
    "hit_ratio": 1,
    "value_ops_per_sec": 2133780.64618093,
    "bytes_per_sec": 2267758665.9916854,
    "resp_ver": 2,
    "used_memory": 1331083904,
    "bytes_per_key": 1331.083904,
    "distinct_keys_est": 1000000,
    "key_draws": 17071088,
    "server_hits": 23436976,
    "maxmemory_policy": "noeviction"
  },
  "gate": {
    "pass": false,
    "reason": "aki is 1.22x Redis, below the 2.0x bar",
    "required_speedup": 2,
    "speedup_vs_redis": 1.219626366324338,
    "speedup_vs_valkey": 1.1759297656280299,
    "tail_regressed_vs_redis": false,
    "tail_regressed_vs_valkey": true
  },
  "generator_bound": false
}
