{
  "workload": "get",
  "cell": {
    "keyspace": 1000000,
    "value_size": 64,
    "dist": "uniform",
    "pipeline": 16,
    "connections": 512
  },
  "timestamp": "2026-07-11T03:29:15.995088672Z",
  "aki": {
    "target": "aki",
    "version": "unknown",
    "workload": "get",
    "skipped": false,
    "ops": 45926656,
    "errors": 0,
    "ops_per_sec": 5740041.571880376,
    "min_us": 25.867,
    "p50_us": 1376.255,
    "p99_us": 3084.287,
    "p999_us": 5152.767,
    "nil_replies": 0,
    "err_replies": 0,
    "hit_ratio": 1,
    "value_ops_per_sec": 5740041.571880376,
    "bytes_per_sec": 578532476.7441894,
    "resp_ver": 2,
    "used_memory": 113449984,
    "bytes_per_key": 113.449984,
    "distinct_keys_est": 1000000,
    "key_draws": 45926656
  },
  "redis": {
    "target": "redis",
    "version": "redis 8.8.0",
    "workload": "get",
    "skipped": false,
    "ops": 37634368,
    "errors": 0,
    "ops_per_sec": 4703182.947075336,
    "min_us": 68.753,
    "p50_us": 1729.535,
    "p99_us": 2234.367,
    "p999_us": 3489.791,
    "nil_replies": 0,
    "err_replies": 0,
    "hit_ratio": 1,
    "value_ops_per_sec": 4703182.947075336,
    "bytes_per_sec": 474028488.1550074,
    "resp_ver": 2,
    "used_memory": 127513960,
    "bytes_per_key": 127.51396,
    "distinct_keys_est": 1000000,
    "key_draws": 37634368,
    "server_hits": 51657104,
    "maxmemory_policy": "noeviction"
  },
  "valkey": {
    "target": "valkey",
    "version": "valkey 9.1.0",
    "workload": "get",
    "skipped": false,
    "ops": 31615040,
    "errors": 0,
    "ops_per_sec": 3950885.69491912,
    "min_us": 29.058,
    "p50_us": 2042.879,
    "p99_us": 2684.927,
    "p999_us": 3670.015,
    "nil_replies": 0,
    "err_replies": 0,
    "hit_ratio": 1,
    "value_ops_per_sec": 3950885.69491912,
    "bytes_per_sec": 398205093.6675701,
    "resp_ver": 2,
    "used_memory": 115089360,
    "bytes_per_key": 115.08936,
    "distinct_keys_est": 1000000,
    "key_draws": 31615040,
    "server_hits": 43563488,
    "maxmemory_policy": "noeviction"
  },
  "gate": {
    "pass": false,
    "reason": "aki is 1.22x Redis, below the 2.0x bar",
    "required_speedup": 2,
    "speedup_vs_redis": 1.2204589182417,
    "speedup_vs_valkey": 1.452849314082189,
    "tail_regressed_vs_redis": true,
    "tail_regressed_vs_valkey": true
  },
  "generator_bound": false
}
