{
  "workload": "get",
  "cell": {
    "keyspace": 1000000,
    "value_size": 64,
    "dist": "uniform",
    "pipeline": 16,
    "connections": 50
  },
  "timestamp": "2026-07-11T03:52:27.515086382Z",
  "aki": {
    "target": "aki",
    "version": "unknown",
    "workload": "get",
    "skipped": false,
    "ops": 24354448,
    "errors": 0,
    "ops_per_sec": 3044196.2742284425,
    "min_us": 15.272,
    "p50_us": 254.207,
    "p99_us": 574.463,
    "p999_us": 747.519,
    "nil_replies": 0,
    "err_replies": 0,
    "hit_ratio": 1,
    "value_ops_per_sec": 3044196.2742284425,
    "bytes_per_sec": 306821323.2305201,
    "resp_ver": 2,
    "used_memory": 113449984,
    "bytes_per_key": 113.449984,
    "distinct_keys_est": 1000000,
    "key_draws": 24354448
  },
  "redis": {
    "target": "redis",
    "version": "redis 8.8.0",
    "workload": "get",
    "skipped": false,
    "ops": 26983360,
    "errors": 0,
    "ops_per_sec": 3372823.765327519,
    "min_us": 17.706,
    "p50_us": 216.703,
    "p99_us": 504.831,
    "p999_us": 671.231,
    "nil_replies": 0,
    "err_replies": 0,
    "hit_ratio": 1,
    "value_ops_per_sec": 3372823.765327519,
    "bytes_per_sec": 339943222.2375044,
    "resp_ver": 2,
    "used_memory": 127509016,
    "bytes_per_key": 127.509016,
    "distinct_keys_est": 1000000,
    "key_draws": 26983360,
    "server_hits": 36982448,
    "maxmemory_policy": "noeviction"
  },
  "valkey": {
    "target": "valkey",
    "version": "valkey 9.1.0",
    "workload": "get",
    "skipped": false,
    "ops": 30427584,
    "errors": 0,
    "ops_per_sec": 3803321.9522055215,
    "min_us": 13.993,
    "p50_us": 198.783,
    "p99_us": 421.631,
    "p999_us": 641.023,
    "nil_replies": 0,
    "err_replies": 0,
    "hit_ratio": 1,
    "value_ops_per_sec": 3803321.9522055215,
    "bytes_per_sec": 383332833.27490604,
    "resp_ver": 2,
    "used_memory": 115083728,
    "bytes_per_key": 115.083728,
    "distinct_keys_est": 1000000,
    "key_draws": 30427584,
    "server_hits": 41905392,
    "maxmemory_policy": "noeviction"
  },
  "gate": {
    "pass": false,
    "reason": "aki is 0.90x Redis, below the 2.0x bar",
    "required_speedup": 2,
    "speedup_vs_redis": 0.9025660651240208,
    "speedup_vs_valkey": 0.800404570657799,
    "tail_regressed_vs_redis": true,
    "tail_regressed_vs_valkey": true
  },
  "generator_bound": false
}
