{
  "workload": "get",
  "cell": {
    "keyspace": 1000000,
    "value_size": 64,
    "dist": "uniform",
    "pipeline": 16,
    "connections": 512
  },
  "timestamp": "2026-07-11T03:27:25.738337617Z",
  "aki": {
    "target": "aki",
    "version": "unknown",
    "workload": "get",
    "skipped": false,
    "ops": 45819344,
    "errors": 0,
    "ops_per_sec": 5726580.531978197,
    "min_us": 26.337,
    "p50_us": 1378.303,
    "p99_us": 3071.999,
    "p999_us": 5472.255,
    "nil_replies": 0,
    "err_replies": 0,
    "hit_ratio": 1,
    "value_ops_per_sec": 5726580.531978197,
    "bytes_per_sec": 577175700.0269827,
    "resp_ver": 2,
    "used_memory": 113449984,
    "bytes_per_key": 113.449984,
    "distinct_keys_est": 1000000,
    "key_draws": 45819344
  },
  "redis": {
    "target": "redis",
    "version": "redis 8.8.0",
    "workload": "get",
    "skipped": false,
    "ops": 37811280,
    "errors": 0,
    "ops_per_sec": 4725170.858790417,
    "min_us": 78.007,
    "p50_us": 1719.295,
    "p99_us": 2197.503,
    "p999_us": 3594.239,
    "nil_replies": 0,
    "err_replies": 0,
    "hit_ratio": 1,
    "value_ops_per_sec": 4725170.858790417,
    "bytes_per_sec": 476244644.22935504,
    "resp_ver": 2,
    "used_memory": 127513504,
    "bytes_per_key": 127.513504,
    "distinct_keys_est": 1000000,
    "key_draws": 37811280,
    "server_hits": 51962992,
    "maxmemory_policy": "noeviction"
  },
  "valkey": {
    "target": "valkey",
    "version": "valkey 9.1.0",
    "workload": "get",
    "skipped": false,
    "ops": 31731808,
    "errors": 0,
    "ops_per_sec": 3965479.4090983984,
    "min_us": 41.627,
    "p50_us": 2035.711,
    "p99_us": 2805.759,
    "p999_us": 3364.863,
    "nil_replies": 0,
    "err_replies": 0,
    "hit_ratio": 1,
    "value_ops_per_sec": 3965479.4090983984,
    "bytes_per_sec": 399675948.91442513,
    "resp_ver": 2,
    "used_memory": 115089360,
    "bytes_per_key": 115.08936,
    "distinct_keys_est": 1000000,
    "key_draws": 31731808,
    "server_hits": 43637696,
    "maxmemory_policy": "noeviction"
  },
  "gate": {
    "pass": false,
    "reason": "aki is 1.21x Redis, below the 2.0x bar",
    "required_speedup": 2,
    "speedup_vs_redis": 1.211930891625817,
    "speedup_vs_valkey": 1.4441079983517573,
    "tail_regressed_vs_redis": true,
    "tail_regressed_vs_valkey": true
  },
  "generator_bound": false
}
