{
  "workload": "get",
  "cell": {
    "keyspace": 1000000,
    "value_size": 1024,
    "dist": "uniform",
    "pipeline": 16,
    "connections": 50
  },
  "timestamp": "2026-07-11T04:10:14.660521711Z",
  "aki": {
    "target": "aki",
    "version": "unknown",
    "workload": "get",
    "skipped": false,
    "ops": 19327168,
    "errors": 0,
    "ops_per_sec": 2415811.5972803435,
    "min_us": 21.753,
    "p50_us": 316.159,
    "p99_us": 734.719,
    "p999_us": 1130.495,
    "nil_replies": 0,
    "err_replies": 0,
    "hit_ratio": 1,
    "value_ops_per_sec": 2415811.5972803435,
    "bytes_per_sec": 2567497940.344772,
    "resp_ver": 2,
    "used_memory": 1073449984,
    "bytes_per_key": 1073.449984,
    "distinct_keys_est": 1000000,
    "key_draws": 19327168
  },
  "redis": {
    "target": "redis",
    "version": "redis 8.8.0",
    "workload": "get",
    "skipped": false,
    "ops": 16345728,
    "errors": 0,
    "ops_per_sec": 2043134.6799196452,
    "min_us": 31.734,
    "p50_us": 378.111,
    "p99_us": 701.439,
    "p999_us": 1116.159,
    "nil_replies": 0,
    "err_replies": 0,
    "hit_ratio": 1,
    "value_ops_per_sec": 2043134.6799196452,
    "bytes_per_sec": 2171421234.406311,
    "resp_ver": 2,
    "used_memory": 1327506280,
    "bytes_per_key": 1327.50628,
    "distinct_keys_est": 1000000,
    "key_draws": 16345728,
    "server_hits": 22464240,
    "maxmemory_policy": "noeviction"
  },
  "valkey": {
    "target": "valkey",
    "version": "valkey 9.1.0",
    "workload": "get",
    "skipped": false,
    "ops": 16946928,
    "errors": 0,
    "ops_per_sec": 2118265.2145297914,
    "min_us": 21.916,
    "p50_us": 364.031,
    "p99_us": 594.431,
    "p999_us": 1384.447,
    "nil_replies": 0,
    "err_replies": 0,
    "hit_ratio": 1,
    "value_ops_per_sec": 2118265.2145297914,
    "bytes_per_sec": 2251269111.929106,
    "resp_ver": 2,
    "used_memory": 1331083904,
    "bytes_per_key": 1331.083904,
    "distinct_keys_est": 1000000,
    "key_draws": 16946928,
    "server_hits": 23287696,
    "maxmemory_policy": "noeviction"
  },
  "gate": {
    "pass": false,
    "reason": "aki is 1.18x Redis, below the 2.0x bar",
    "required_speedup": 2,
    "speedup_vs_redis": 1.1824044792658286,
    "speedup_vs_valkey": 1.1404670107924144,
    "tail_regressed_vs_redis": true,
    "tail_regressed_vs_valkey": true
  },
  "generator_bound": false
}
