{
  "workload": "get",
  "cell": {
    "keyspace": 1000000,
    "value_size": 64,
    "dist": "uniform",
    "pipeline": 1,
    "connections": 512
  },
  "timestamp": "2026-07-11T03:01:57.653291569Z",
  "aki": {
    "target": "aki",
    "version": "unknown",
    "workload": "get",
    "skipped": false,
    "ops": 8304333,
    "errors": 0,
    "ops_per_sec": 1038007.7454651957,
    "min_us": 28.274,
    "p50_us": 467.711,
    "p99_us": 1023.487,
    "p999_us": 1497.087,
    "nil_replies": 0,
    "err_replies": 0,
    "hit_ratio": 1,
    "value_ops_per_sec": 1038007.7454651957,
    "bytes_per_sec": 104619617.69529803,
    "resp_ver": 2,
    "used_memory": 113449984,
    "bytes_per_key": 113.449984,
    "distinct_keys_est": 999766,
    "key_draws": 8304333
  },
  "redis": {
    "target": "redis",
    "version": "redis 8.8.0",
    "workload": "get",
    "skipped": false,
    "ops": 8779937,
    "errors": 0,
    "ops_per_sec": 1097433.5061379864,
    "min_us": 28.585,
    "p50_us": 450.047,
    "p99_us": 899.583,
    "p999_us": 1399.807,
    "nil_replies": 0,
    "err_replies": 0,
    "hit_ratio": 1,
    "value_ops_per_sec": 1097433.5061379864,
    "bytes_per_sec": 110609055.3726118,
    "resp_ver": 2,
    "used_memory": 127514432,
    "bytes_per_key": 127.514432,
    "distinct_keys_est": 999853,
    "key_draws": 8779937,
    "server_hits": 12058329,
    "maxmemory_policy": "noeviction"
  },
  "valkey": {
    "target": "valkey",
    "version": "valkey 9.1.0",
    "workload": "get",
    "skipped": false,
    "ops": 8300267,
    "errors": 0,
    "ops_per_sec": 1037485.0593207873,
    "min_us": 11.653,
    "p50_us": 481.791,
    "p99_us": 910.335,
    "p999_us": 1333.247,
    "nil_replies": 0,
    "err_replies": 0,
    "hit_ratio": 1,
    "value_ops_per_sec": 1037485.0593207873,
    "bytes_per_sec": 104566943.81742641,
    "resp_ver": 2,
    "used_memory": 115077840,
    "bytes_per_key": 115.07784,
    "distinct_keys_est": 999763,
    "key_draws": 8300267,
    "server_hits": 11308643,
    "maxmemory_policy": "noeviction"
  },
  "gate": {
    "pass": false,
    "reason": "aki is 0.95x Redis, below the 2.0x bar",
    "required_speedup": 2,
    "speedup_vs_redis": 0.945850240273857,
    "speedup_vs_valkey": 1.0005038011291947,
    "tail_regressed_vs_redis": true,
    "tail_regressed_vs_valkey": true
  },
  "generator_bound": false
}
