{
  "workload": "get",
  "cell": {
    "keyspace": 1000000,
    "value_size": 1024,
    "dist": "uniform",
    "pipeline": 1,
    "connections": 50
  },
  "timestamp": "2026-07-11T04:32:57.190953491Z",
  "aki": {
    "target": "aki",
    "version": "unknown",
    "workload": "get",
    "skipped": false,
    "ops": 2143053,
    "errors": 0,
    "ops_per_sec": 267870.3064415554,
    "min_us": 10.616,
    "p50_us": 173.695,
    "p99_us": 447.231,
    "p999_us": 608.767,
    "nil_replies": 0,
    "err_replies": 0,
    "hit_ratio": 1,
    "value_ops_per_sec": 267870.3064415554,
    "bytes_per_sec": 284689713.381437,
    "resp_ver": 2,
    "used_memory": 1073449984,
    "bytes_per_key": 1073.449984,
    "distinct_keys_est": 882716,
    "key_draws": 2143053
  },
  "redis": {
    "target": "redis",
    "version": "redis 8.8.0",
    "workload": "get",
    "skipped": false,
    "ops": 2632785,
    "errors": 0,
    "ops_per_sec": 329087.1240288027,
    "min_us": 10.113,
    "p50_us": 147.583,
    "p99_us": 372.991,
    "p999_us": 550.399,
    "nil_replies": 0,
    "err_replies": 0,
    "hit_ratio": 1,
    "value_ops_per_sec": 329087.1240288027,
    "bytes_per_sec": 349750349.5330031,
    "resp_ver": 2,
    "used_memory": 1327508200,
    "bytes_per_key": 1327.5082,
    "distinct_keys_est": 928078,
    "key_draws": 2632785,
    "server_hits": 3587456,
    "maxmemory_policy": "noeviction"
  },
  "valkey": {
    "target": "valkey",
    "version": "valkey 9.1.0",
    "workload": "get",
    "skipped": false,
    "ops": 4931646,
    "errors": 0,
    "ops_per_sec": 616445.3372365304,
    "min_us": 6.456,
    "p50_us": 50.975,
    "p99_us": 333.055,
    "p999_us": 568.831,
    "nil_replies": 0,
    "err_replies": 0,
    "hit_ratio": 1,
    "value_ops_per_sec": 616445.3372365304,
    "bytes_per_sec": 655151398.3032616,
    "resp_ver": 2,
    "used_memory": 1331079232,
    "bytes_per_key": 1331.079232,
    "distinct_keys_est": 992790,
    "key_draws": 4931646,
    "server_hits": 6767965,
    "maxmemory_policy": "noeviction"
  },
  "gate": {
    "pass": false,
    "reason": "aki is 0.81x Redis, below the 2.0x bar",
    "required_speedup": 2,
    "speedup_vs_redis": 0.813979906482487,
    "speedup_vs_valkey": 0.4345402426797389,
    "tail_regressed_vs_redis": true,
    "tail_regressed_vs_valkey": true
  },
  "generator_bound": false
}
