{
  "workload": "get",
  "cell": {
    "keyspace": 1000000,
    "value_size": 1024,
    "dist": "uniform",
    "pipeline": 1,
    "connections": 512
  },
  "timestamp": "2026-07-11T03:12:37.965091717Z",
  "aki": {
    "target": "aki",
    "version": "unknown",
    "workload": "get",
    "skipped": false,
    "ops": 7863649,
    "errors": 0,
    "ops_per_sec": 982888.8391330172,
    "min_us": 23.121,
    "p50_us": 493.311,
    "p99_us": 1064.959,
    "p999_us": 1680.383,
    "nil_replies": 0,
    "err_replies": 0,
    "hit_ratio": 1,
    "value_ops_per_sec": 982888.8391330172,
    "bytes_per_sec": 1044603428.196965,
    "resp_ver": 2,
    "used_memory": 1073449984,
    "bytes_per_key": 1073.449984,
    "distinct_keys_est": 999615,
    "key_draws": 7863649
  },
  "redis": {
    "target": "redis",
    "version": "redis 8.8.0",
    "workload": "get",
    "skipped": false,
    "ops": 8520882,
    "errors": 0,
    "ops_per_sec": 1065071.0493943577,
    "min_us": 28.726,
    "p50_us": 460.287,
    "p99_us": 909.823,
    "p999_us": 1458.175,
    "nil_replies": 0,
    "err_replies": 0,
    "hit_ratio": 1,
    "value_ops_per_sec": 1065071.0493943577,
    "bytes_per_sec": 1131945605.9095085,
    "resp_ver": 2,
    "used_memory": 1327501904,
    "bytes_per_key": 1327.501904,
    "distinct_keys_est": 999804,
    "key_draws": 8520882,
    "server_hits": 11643346,
    "maxmemory_policy": "noeviction"
  },
  "valkey": {
    "target": "valkey",
    "version": "valkey 9.1.0",
    "workload": "get",
    "skipped": false,
    "ops": 7987958,
    "errors": 0,
    "ops_per_sec": 998436.364561514,
    "min_us": 9.544,
    "p50_us": 499.199,
    "p99_us": 955.903,
    "p999_us": 1483.775,
    "nil_replies": 0,
    "err_replies": 0,
    "hit_ratio": 1,
    "value_ops_per_sec": 998436.364561514,
    "bytes_per_sec": 1061127163.9744731,
    "resp_ver": 2,
    "used_memory": 1331076992,
    "bytes_per_key": 1331.076992,
    "distinct_keys_est": 999663,
    "key_draws": 7987958,
    "server_hits": 10859619,
    "maxmemory_policy": "noeviction"
  },
  "gate": {
    "pass": false,
    "reason": "aki is 0.92x Redis, below the 2.0x bar",
    "required_speedup": 2,
    "speedup_vs_redis": 0.9228387530502565,
    "speedup_vs_valkey": 0.9844281258372186,
    "tail_regressed_vs_redis": true,
    "tail_regressed_vs_valkey": true
  },
  "generator_bound": false
}
