{
  "workload": "get",
  "cell": {
    "keyspace": 1000000,
    "value_size": 1024,
    "dist": "uniform",
    "pipeline": 1,
    "connections": 50
  },
  "timestamp": "2026-07-11T04:34:17.32192731Z",
  "aki": {
    "target": "aki",
    "version": "unknown",
    "workload": "get",
    "skipped": false,
    "ops": 2162861,
    "errors": 0,
    "ops_per_sec": 270351.4652108348,
    "min_us": 9.591,
    "p50_us": 170.623,
    "p99_us": 459.007,
    "p999_us": 633.855,
    "nil_replies": 0,
    "err_replies": 0,
    "hit_ratio": 1,
    "value_ops_per_sec": 270351.4652108348,
    "bytes_per_sec": 287326664.31653273,
    "resp_ver": 2,
    "used_memory": 1073449984,
    "bytes_per_key": 1073.449984,
    "distinct_keys_est": 885081,
    "key_draws": 2162861
  },
  "redis": {
    "target": "redis",
    "version": "redis 8.8.0",
    "workload": "get",
    "skipped": false,
    "ops": 2619041,
    "errors": 0,
    "ops_per_sec": 327375.26699656923,
    "min_us": 10.226,
    "p50_us": 147.967,
    "p99_us": 381.695,
    "p999_us": 551.423,
    "nil_replies": 0,
    "err_replies": 0,
    "hit_ratio": 1,
    "value_ops_per_sec": 327375.26699656923,
    "bytes_per_sec": 347931003.8398513,
    "resp_ver": 2,
    "used_memory": 1327508504,
    "bytes_per_key": 1327.508504,
    "distinct_keys_est": 927075,
    "key_draws": 2619041,
    "server_hits": 3568184,
    "maxmemory_policy": "noeviction"
  },
  "valkey": {
    "target": "valkey",
    "version": "valkey 9.1.0",
    "workload": "get",
    "skipped": false,
    "ops": 5107250,
    "errors": 0,
    "ops_per_sec": 638396.3514251725,
    "min_us": 6.422,
    "p50_us": 48.767,
    "p99_us": 324.607,
    "p999_us": 545.791,
    "nil_replies": 0,
    "err_replies": 0,
    "hit_ratio": 1,
    "value_ops_per_sec": 638396.3514251725,
    "bytes_per_sec": 678480658.9029535,
    "resp_ver": 2,
    "used_memory": 1331079232,
    "bytes_per_key": 1331.079232,
    "distinct_keys_est": 993901,
    "key_draws": 5107250,
    "server_hits": 6944268,
    "maxmemory_policy": "noeviction"
  },
  "gate": {
    "pass": false,
    "reason": "aki is 0.83x Redis, below the 2.0x bar",
    "required_speedup": 2,
    "speedup_vs_redis": 0.8258151805147455,
    "speedup_vs_valkey": 0.4234852918681243,
    "tail_regressed_vs_redis": true,
    "tail_regressed_vs_valkey": true
  },
  "generator_bound": false
}
