{
  "workload": "get",
  "cell": {
    "keyspace": 1000000,
    "value_size": 64,
    "dist": "uniform",
    "pipeline": 16,
    "connections": 50
  },
  "timestamp": "2026-07-11T03:54:16.828117964Z",
  "aki": {
    "target": "aki",
    "version": "unknown",
    "workload": "get",
    "skipped": false,
    "ops": 22727952,
    "errors": 0,
    "ops_per_sec": 2840918.6719760676,
    "min_us": 16.813,
    "p50_us": 270.847,
    "p99_us": 632.319,
    "p999_us": 875.007,
    "nil_replies": 0,
    "err_replies": 0,
    "hit_ratio": 1,
    "value_ops_per_sec": 2840918.6719760676,
    "bytes_per_sec": 286333195.5179459,
    "resp_ver": 2,
    "used_memory": 113449984,
    "bytes_per_key": 113.449984,
    "distinct_keys_est": 1000000,
    "key_draws": 22727952
  },
  "redis": {
    "target": "redis",
    "version": "redis 8.8.0",
    "workload": "get",
    "skipped": false,
    "ops": 26690224,
    "errors": 0,
    "ops_per_sec": 3336174.1665833266,
    "min_us": 20.311,
    "p50_us": 219.647,
    "p99_us": 516.607,
    "p999_us": 704.511,
    "nil_replies": 0,
    "err_replies": 0,
    "hit_ratio": 1,
    "value_ops_per_sec": 3336174.1665833266,
    "bytes_per_sec": 336249412.9913948,
    "resp_ver": 2,
    "used_memory": 127509472,
    "bytes_per_key": 127.509472,
    "distinct_keys_est": 1000000,
    "key_draws": 26690224,
    "server_hits": 36343536,
    "maxmemory_policy": "noeviction"
  },
  "valkey": {
    "target": "valkey",
    "version": "valkey 9.1.0",
    "workload": "get",
    "skipped": false,
    "ops": 30504432,
    "errors": 0,
    "ops_per_sec": 3812760.6533442577,
    "min_us": 14.087,
    "p50_us": 198.271,
    "p99_us": 416.255,
    "p999_us": 618.495,
    "nil_replies": 0,
    "err_replies": 0,
    "hit_ratio": 1,
    "value_ops_per_sec": 3812760.6533442577,
    "bytes_per_sec": 384284084.15309787,
    "resp_ver": 2,
    "used_memory": 115083728,
    "bytes_per_key": 115.083728,
    "distinct_keys_est": 1000000,
    "key_draws": 30504432,
    "server_hits": 41882736,
    "maxmemory_policy": "noeviction"
  },
  "gate": {
    "pass": false,
    "reason": "aki is 0.85x Redis, below the 2.0x bar",
    "required_speedup": 2,
    "speedup_vs_redis": 0.8515498682389041,
    "speedup_vs_valkey": 0.7451080543134104,
    "tail_regressed_vs_redis": true,
    "tail_regressed_vs_valkey": true
  },
  "generator_bound": false
}
