{
  "workload": "get",
  "cell": {
    "keyspace": 1000000,
    "value_size": 1024,
    "dist": "uniform",
    "pipeline": 16,
    "connections": 512
  },
  "timestamp": "2026-07-11T03:43:43.218245742Z",
  "aki": {
    "target": "aki",
    "version": "unknown",
    "workload": "get",
    "skipped": false,
    "ops": 32886144,
    "errors": 0,
    "ops_per_sec": 4110167.0247356864,
    "min_us": 55.711,
    "p50_us": 1813.503,
    "p99_us": 4112.383,
    "p999_us": 6213.631,
    "nil_replies": 0,
    "err_replies": 0,
    "hit_ratio": 1,
    "value_ops_per_sec": 4110167.0247356864,
    "bytes_per_sec": 4368239538.08652,
    "resp_ver": 2,
    "used_memory": 1073449984,
    "bytes_per_key": 1073.449984,
    "distinct_keys_est": 1000000,
    "key_draws": 32886144
  },
  "redis": {
    "target": "redis",
    "version": "redis 8.8.0",
    "workload": "get",
    "skipped": false,
    "ops": 16814304,
    "errors": 0,
    "ops_per_sec": 2100735.9414620204,
    "min_us": 129.025,
    "p50_us": 3878.911,
    "p99_us": 4689.919,
    "p999_us": 8237.055,
    "nil_replies": 0,
    "err_replies": 0,
    "hit_ratio": 1,
    "value_ops_per_sec": 2100735.9414620204,
    "bytes_per_sec": 2232638438.8148093,
    "resp_ver": 2,
    "used_memory": 1327502704,
    "bytes_per_key": 1327.502704,
    "distinct_keys_est": 1000000,
    "key_draws": 16814304,
    "server_hits": 23064320,
    "maxmemory_policy": "noeviction"
  },
  "valkey": {
    "target": "valkey",
    "version": "valkey 9.1.0",
    "workload": "get",
    "skipped": false,
    "ops": 14825360,
    "errors": 0,
    "ops_per_sec": 1852058.2464758055,
    "min_us": 85.678,
    "p50_us": 4403.199,
    "p99_us": 5414.911,
    "p999_us": 8003.583,
    "nil_replies": 0,
    "err_replies": 0,
    "hit_ratio": 1,
    "value_ops_per_sec": 1852058.2464758055,
    "bytes_per_sec": 1968346769.1763988,
    "resp_ver": 2,
    "used_memory": 1331091584,
    "bytes_per_key": 1331.091584,
    "distinct_keys_est": 1000000,
    "key_draws": 14825360,
    "server_hits": 20375440,
    "maxmemory_policy": "noeviction"
  },
  "gate": {
    "pass": false,
    "reason": "aki is 1.96x Redis, below the 2.0x bar",
    "required_speedup": 2,
    "speedup_vs_redis": 1.9565367277313253,
    "speedup_vs_valkey": 2.219242851868579,
    "tail_regressed_vs_redis": false,
    "tail_regressed_vs_valkey": false
  },
  "generator_bound": false
}
