{
  "workload": "get",
  "cell": {
    "keyspace": 1000000,
    "value_size": 1024,
    "dist": "uniform",
    "pipeline": 16,
    "connections": 50
  },
  "timestamp": "2026-07-11T04:11:34.139557887Z",
  "aki": {
    "target": "aki",
    "version": "unknown",
    "workload": "get",
    "skipped": false,
    "ops": 19979728,
    "errors": 0,
    "ops_per_sec": 2497320.3631440527,
    "min_us": 19.28,
    "p50_us": 292.351,
    "p99_us": 663.039,
    "p999_us": 1176.575,
    "nil_replies": 0,
    "err_replies": 0,
    "hit_ratio": 1,
    "value_ops_per_sec": 2497320.3631440527,
    "bytes_per_sec": 2654124564.129263,
    "resp_ver": 2,
    "used_memory": 1073449984,
    "bytes_per_key": 1073.449984,
    "distinct_keys_est": 1000000,
    "key_draws": 19979728
  },
  "redis": {
    "target": "redis",
    "version": "redis 8.8.0",
    "workload": "get",
    "skipped": false,
    "ops": 16513456,
    "errors": 0,
    "ops_per_sec": 2064098.5763598883,
    "min_us": 39.551,
    "p50_us": 374.271,
    "p99_us": 708.095,
    "p999_us": 1199.103,
    "nil_replies": 0,
    "err_replies": 0,
    "hit_ratio": 1,
    "value_ops_per_sec": 2064098.5763598883,
    "bytes_per_sec": 2193701400.142361,
    "resp_ver": 2,
    "used_memory": 1327506952,
    "bytes_per_key": 1327.506952,
    "distinct_keys_est": 1000000,
    "key_draws": 16513456,
    "server_hits": 22596704,
    "maxmemory_policy": "noeviction"
  },
  "valkey": {
    "target": "valkey",
    "version": "valkey 9.1.0",
    "workload": "get",
    "skipped": false,
    "ops": 16867680,
    "errors": 0,
    "ops_per_sec": 2108364.8465954713,
    "min_us": 20.374,
    "p50_us": 367.103,
    "p99_us": 593.919,
    "p999_us": 1132.543,
    "nil_replies": 0,
    "err_replies": 0,
    "hit_ratio": 1,
    "value_ops_per_sec": 2108364.8465954713,
    "bytes_per_sec": 2240747120.8764076,
    "resp_ver": 2,
    "used_memory": 1331083904,
    "bytes_per_key": 1331.083904,
    "distinct_keys_est": 1000000,
    "key_draws": 16867680,
    "server_hits": 23182912,
    "maxmemory_policy": "noeviction"
  },
  "gate": {
    "pass": false,
    "reason": "aki is 1.21x Redis, below the 2.0x bar",
    "required_speedup": 2,
    "speedup_vs_redis": 1.2098842524992999,
    "speedup_vs_valkey": 1.1844820725296459,
    "tail_regressed_vs_redis": false,
    "tail_regressed_vs_valkey": true
  },
  "generator_bound": false
}
