{
  "workload": "get",
  "cell": {
    "keyspace": 1000000,
    "value_size": 64,
    "dist": "uniform",
    "pipeline": 1,
    "connections": 512
  },
  "timestamp": "2026-07-11T03:03:11.235621088Z",
  "aki": {
    "target": "aki",
    "version": "unknown",
    "workload": "get",
    "skipped": false,
    "ops": 8210659,
    "errors": 0,
    "ops_per_sec": 1026275.5193362288,
    "min_us": 22.254,
    "p50_us": 472.319,
    "p99_us": 1014.783,
    "p999_us": 1483.775,
    "nil_replies": 0,
    "err_replies": 0,
    "hit_ratio": 1,
    "value_ops_per_sec": 1026275.5193362288,
    "bytes_per_sec": 103437171.45570137,
    "resp_ver": 2,
    "used_memory": 113449984,
    "bytes_per_key": 113.449984,
    "distinct_keys_est": 999737,
    "key_draws": 8210659
  },
  "redis": {
    "target": "redis",
    "version": "redis 8.8.0",
    "workload": "get",
    "skipped": false,
    "ops": 8656695,
    "errors": 0,
    "ops_per_sec": 1082028.1592829507,
    "min_us": 36.081,
    "p50_us": 457.215,
    "p99_us": 902.655,
    "p999_us": 1369.087,
    "nil_replies": 0,
    "err_replies": 0,
    "hit_ratio": 1,
    "value_ops_per_sec": 1082028.1592829507,
    "bytes_per_sec": 109056375.61030571,
    "resp_ver": 2,
    "used_memory": 127514736,
    "bytes_per_key": 127.514736,
    "distinct_keys_est": 999833,
    "key_draws": 8656695,
    "server_hits": 11873483,
    "maxmemory_policy": "noeviction"
  },
  "valkey": {
    "target": "valkey",
    "version": "valkey 9.1.0",
    "workload": "get",
    "skipped": false,
    "ops": 8176156,
    "errors": 0,
    "ops_per_sec": 1021946.5796405264,
    "min_us": 10.181,
    "p50_us": 488.191,
    "p99_us": 927.743,
    "p999_us": 1329.151,
    "nil_replies": 0,
    "err_replies": 0,
    "hit_ratio": 1,
    "value_ops_per_sec": 1021946.5796405264,
    "bytes_per_sec": 103000884.68624876,
    "resp_ver": 2,
    "used_memory": 115077840,
    "bytes_per_key": 115.07784,
    "distinct_keys_est": 999730,
    "key_draws": 8176156,
    "server_hits": 11167430,
    "maxmemory_policy": "noeviction"
  },
  "gate": {
    "pass": false,
    "reason": "aki is 0.95x Redis, below the 2.0x bar",
    "required_speedup": 2,
    "speedup_vs_redis": 0.948473947310513,
    "speedup_vs_valkey": 1.0042359745430383,
    "tail_regressed_vs_redis": true,
    "tail_regressed_vs_valkey": true
  },
  "generator_bound": false
}
