{
  "workload": "get",
  "cell": {
    "keyspace": 1000000,
    "value_size": 64,
    "dist": "uniform",
    "pipeline": 16,
    "connections": 50
  },
  "timestamp": "2026-07-11T03:55:29.665100097Z",
  "aki": {
    "target": "aki",
    "version": "unknown",
    "workload": "get",
    "skipped": false,
    "ops": 24472448,
    "errors": 0,
    "ops_per_sec": 3058921.330606055,
    "min_us": 15.077,
    "p50_us": 237.311,
    "p99_us": 561.151,
    "p999_us": 803.327,
    "nil_replies": 0,
    "err_replies": 0,
    "hit_ratio": 1,
    "value_ops_per_sec": 3058921.330606055,
    "bytes_per_sec": 308305448.4390943,
    "resp_ver": 2,
    "used_memory": 113449984,
    "bytes_per_key": 113.449984,
    "distinct_keys_est": 1000000,
    "key_draws": 24472448
  },
  "redis": {
    "target": "redis",
    "version": "redis 8.8.0",
    "workload": "get",
    "skipped": false,
    "ops": 26503472,
    "errors": 0,
    "ops_per_sec": 3312843.8198360633,
    "min_us": 20.12,
    "p50_us": 220.799,
    "p99_us": 515.071,
    "p999_us": 692.223,
    "nil_replies": 0,
    "err_replies": 0,
    "hit_ratio": 1,
    "value_ops_per_sec": 3312843.8198360633,
    "bytes_per_sec": 333898009.5870692,
    "resp_ver": 2,
    "used_memory": 127509776,
    "bytes_per_key": 127.509776,
    "distinct_keys_est": 1000000,
    "key_draws": 26503472,
    "server_hits": 36146960,
    "maxmemory_policy": "noeviction"
  },
  "valkey": {
    "target": "valkey",
    "version": "valkey 9.1.0",
    "workload": "get",
    "skipped": false,
    "ops": 30363856,
    "errors": 0,
    "ops_per_sec": 3795357.0511528407,
    "min_us": 14.873,
    "p50_us": 199.167,
    "p99_us": 420.351,
    "p999_us": 633.855,
    "nil_replies": 0,
    "err_replies": 0,
    "hit_ratio": 1,
    "value_ops_per_sec": 3795357.0511528407,
    "bytes_per_sec": 382530041.4122417,
    "resp_ver": 2,
    "used_memory": 115083728,
    "bytes_per_key": 115.083728,
    "distinct_keys_est": 1000000,
    "key_draws": 30363856,
    "server_hits": 41779984,
    "maxmemory_policy": "noeviction"
  },
  "gate": {
    "pass": false,
    "reason": "aki is 0.92x Redis, below the 2.0x bar",
    "required_speedup": 2,
    "speedup_vs_redis": 0.9233521098369878,
    "speedup_vs_valkey": 0.8059640474871546,
    "tail_regressed_vs_redis": true,
    "tail_regressed_vs_valkey": true
  },
  "generator_bound": false
}
