{
  "workload": "get",
  "cell": {
    "keyspace": 1000000,
    "value_size": 1024,
    "dist": "uniform",
    "pipeline": 16,
    "connections": 50
  },
  "timestamp": "2026-07-11T04:10:54.429899268Z",
  "aki": {
    "target": "aki",
    "version": "unknown",
    "workload": "get",
    "skipped": false,
    "ops": 20919920,
    "errors": 0,
    "ops_per_sec": 2614870.486037,
    "min_us": 17.94,
    "p50_us": 277.247,
    "p99_us": 671.743,
    "p999_us": 1184.767,
    "nil_replies": 0,
    "err_replies": 0,
    "hit_ratio": 1,
    "value_ops_per_sec": 2614870.486037,
    "bytes_per_sec": 2779055482.1296616,
    "resp_ver": 2,
    "used_memory": 1073449984,
    "bytes_per_key": 1073.449984,
    "distinct_keys_est": 1000000,
    "key_draws": 20919920
  },
  "redis": {
    "target": "redis",
    "version": "redis 8.8.0",
    "workload": "get",
    "skipped": false,
    "ops": 16524576,
    "errors": 0,
    "ops_per_sec": 2065445.300421659,
    "min_us": 33.358,
    "p50_us": 374.527,
    "p99_us": 702.463,
    "p999_us": 1157.119,
    "nil_replies": 0,
    "err_replies": 0,
    "hit_ratio": 1,
    "value_ops_per_sec": 2065445.300421659,
    "bytes_per_sec": 2195132715.6963873,
    "resp_ver": 2,
    "used_memory": 1327506616,
    "bytes_per_key": 1327.506616,
    "distinct_keys_est": 1000000,
    "key_draws": 16524576,
    "server_hits": 22713360,
    "maxmemory_policy": "noeviction"
  },
  "valkey": {
    "target": "valkey",
    "version": "valkey 9.1.0",
    "workload": "get",
    "skipped": false,
    "ops": 16950832,
    "errors": 0,
    "ops_per_sec": 2118751.931774127,
    "min_us": 23.071,
    "p50_us": 365.311,
    "p99_us": 582.143,
    "p999_us": 1202.175,
    "nil_replies": 0,
    "err_replies": 0,
    "hit_ratio": 1,
    "value_ops_per_sec": 2118751.931774127,
    "bytes_per_sec": 2251786386.1305814,
    "resp_ver": 2,
    "used_memory": 1331083904,
    "bytes_per_key": 1331.083904,
    "distinct_keys_est": 1000000,
    "key_draws": 16950832,
    "server_hits": 23335936,
    "maxmemory_policy": "noeviction"
  },
  "gate": {
    "pass": false,
    "reason": "aki is 1.27x Redis, below the 2.0x bar",
    "required_speedup": 2,
    "speedup_vs_redis": 1.2660081027094625,
    "speedup_vs_valkey": 1.2341560363073985,
    "tail_regressed_vs_redis": false,
    "tail_regressed_vs_valkey": true
  },
  "generator_bound": false
}
