{
  "workload": "get",
  "cell": {
    "keyspace": 1000000,
    "value_size": 64,
    "dist": "uniform",
    "pipeline": 16,
    "connections": 512
  },
  "timestamp": "2026-07-11T03:28:02.499685056Z",
  "aki": {
    "target": "aki",
    "version": "unknown",
    "workload": "get",
    "skipped": false,
    "ops": 58150320,
    "errors": 0,
    "ops_per_sec": 7267819.411788833,
    "min_us": 25.512,
    "p50_us": 1030.655,
    "p99_us": 2439.167,
    "p999_us": 4089.855,
    "nil_replies": 0,
    "err_replies": 0,
    "hit_ratio": 1,
    "value_ops_per_sec": 7267819.411788833,
    "bytes_per_sec": 732515251.0182875,
    "resp_ver": 2,
    "used_memory": 113449984,
    "bytes_per_key": 113.449984,
    "distinct_keys_est": 1000000,
    "key_draws": 58150320
  },
  "redis": {
    "target": "redis",
    "version": "redis 8.8.0",
    "workload": "get",
    "skipped": false,
    "ops": 37678368,
    "errors": 0,
    "ops_per_sec": 4708813.589625966,
    "min_us": 65.478,
    "p50_us": 1726.463,
    "p99_us": 2217.983,
    "p999_us": 3704.831,
    "nil_replies": 0,
    "err_replies": 0,
    "hit_ratio": 1,
    "value_ops_per_sec": 4708813.589625966,
    "bytes_per_sec": 474595999.4687899,
    "resp_ver": 2,
    "used_memory": 127513656,
    "bytes_per_key": 127.513656,
    "distinct_keys_est": 1000000,
    "key_draws": 37678368,
    "server_hits": 51743456,
    "maxmemory_policy": "noeviction"
  },
  "valkey": {
    "target": "valkey",
    "version": "valkey 9.1.0",
    "workload": "get",
    "skipped": false,
    "ops": 31502832,
    "errors": 0,
    "ops_per_sec": 3936886.504236254,
    "min_us": 17.737,
    "p50_us": 2053.119,
    "p99_us": 2590.719,
    "p999_us": 3956.735,
    "nil_replies": 0,
    "err_replies": 0,
    "hit_ratio": 1,
    "value_ops_per_sec": 3936886.504236254,
    "bytes_per_sec": 396794099.2549169,
    "resp_ver": 2,
    "used_memory": 115089360,
    "bytes_per_key": 115.08936,
    "distinct_keys_est": 1000000,
    "key_draws": 31502832,
    "server_hits": 43372016,
    "maxmemory_policy": "noeviction"
  },
  "gate": {
    "pass": false,
    "reason": "aki is 1.54x Redis, below the 2.0x bar",
    "required_speedup": 2,
    "speedup_vs_redis": 1.543450228694684,
    "speedup_vs_valkey": 1.846083041502049,
    "tail_regressed_vs_redis": true,
    "tail_regressed_vs_valkey": false
  },
  "generator_bound": false
}
