{
  "workload": "get",
  "cell": {
    "keyspace": 1000000,
    "value_size": 64,
    "dist": "uniform",
    "pipeline": 16,
    "connections": 50
  },
  "timestamp": "2026-07-11T03:54:53.257924482Z",
  "aki": {
    "target": "aki",
    "version": "unknown",
    "workload": "get",
    "skipped": false,
    "ops": 25597232,
    "errors": 0,
    "ops_per_sec": 3199526.32250216,
    "min_us": 12.63,
    "p50_us": 227.199,
    "p99_us": 548.863,
    "p999_us": 766.463,
    "nil_replies": 0,
    "err_replies": 0,
    "hit_ratio": 1,
    "value_ops_per_sec": 3199526.32250216,
    "bytes_per_sec": 322476922.1431123,
    "resp_ver": 2,
    "used_memory": 113449984,
    "bytes_per_key": 113.449984,
    "distinct_keys_est": 1000000,
    "key_draws": 25597232
  },
  "redis": {
    "target": "redis",
    "version": "redis 8.8.0",
    "workload": "get",
    "skipped": false,
    "ops": 26405232,
    "errors": 0,
    "ops_per_sec": 3300615.1637242525,
    "min_us": 17.424,
    "p50_us": 221.439,
    "p99_us": 518.399,
    "p999_us": 704.511,
    "nil_replies": 0,
    "err_replies": 0,
    "hit_ratio": 1,
    "value_ops_per_sec": 3300615.1637242525,
    "bytes_per_sec": 332665527.10765845,
    "resp_ver": 2,
    "used_memory": 127509624,
    "bytes_per_key": 127.509624,
    "distinct_keys_est": 1000000,
    "key_draws": 26405232,
    "server_hits": 36032464,
    "maxmemory_policy": "noeviction"
  },
  "valkey": {
    "target": "valkey",
    "version": "valkey 9.1.0",
    "workload": "get",
    "skipped": false,
    "ops": 30602272,
    "errors": 0,
    "ops_per_sec": 3825140.926341362,
    "min_us": 13.364,
    "p50_us": 197.631,
    "p99_us": 414.463,
    "p999_us": 652.799,
    "nil_replies": 0,
    "err_replies": 0,
    "hit_ratio": 1,
    "value_ops_per_sec": 3825140.926341362,
    "bytes_per_sec": 385531846.5095791,
    "resp_ver": 2,
    "used_memory": 115083728,
    "bytes_per_key": 115.083728,
    "distinct_keys_est": 1000000,
    "key_draws": 30602272,
    "server_hits": 42057728,
    "maxmemory_policy": "noeviction"
  },
  "gate": {
    "pass": false,
    "reason": "aki is 0.97x Redis, below the 2.0x bar",
    "required_speedup": 2,
    "speedup_vs_redis": 0.9693727271409525,
    "speedup_vs_valkey": 0.8364466523230598,
    "tail_regressed_vs_redis": true,
    "tail_regressed_vs_valkey": true
  },
  "generator_bound": false
}
