{
  "workload": "get",
  "cell": {
    "keyspace": 1000000,
    "value_size": 64,
    "dist": "uniform",
    "pipeline": 1,
    "connections": 50
  },
  "timestamp": "2026-07-11T04:22:37.113218351Z",
  "aki": {
    "target": "aki",
    "version": "unknown",
    "workload": "get",
    "skipped": false,
    "ops": 2156389,
    "errors": 0,
    "ops_per_sec": 269542.65308036405,
    "min_us": 9.858,
    "p50_us": 172.159,
    "p99_us": 450.303,
    "p999_us": 614.399,
    "nil_replies": 0,
    "err_replies": 0,
    "hit_ratio": 1,
    "value_ops_per_sec": 269542.65308036405,
    "bytes_per_sec": 27167029.21909238,
    "resp_ver": 2,
    "used_memory": 113449984,
    "bytes_per_key": 113.449984,
    "distinct_keys_est": 884337,
    "key_draws": 2156389
  },
  "redis": {
    "target": "redis",
    "version": "redis 8.8.0",
    "workload": "get",
    "skipped": false,
    "ops": 2715079,
    "errors": 0,
    "ops_per_sec": 339378.93892297935,
    "min_us": 9.399,
    "p50_us": 142.591,
    "p99_us": 371.455,
    "p999_us": 536.063,
    "nil_replies": 0,
    "err_replies": 0,
    "hit_ratio": 1,
    "value_ops_per_sec": 339378.93892297935,
    "bytes_per_sec": 34205862.08026636,
    "resp_ver": 2,
    "used_memory": 127512912,
    "bytes_per_key": 127.512912,
    "distinct_keys_est": 933660,
    "key_draws": 2715079,
    "server_hits": 3686244,
    "maxmemory_policy": "noeviction"
  },
  "valkey": {
    "target": "valkey",
    "version": "valkey 9.1.0",
    "workload": "get",
    "skipped": false,
    "ops": 5350101,
    "errors": 0,
    "ops_per_sec": 668752.5347781612,
    "min_us": 5.945,
    "p50_us": 45.791,
    "p99_us": 319.487,
    "p999_us": 514.047,
    "nil_replies": 0,
    "err_replies": 0,
    "hit_ratio": 1,
    "value_ops_per_sec": 668752.5347781612,
    "bytes_per_sec": 67402884.01686059,
    "resp_ver": 2,
    "used_memory": 115084496,
    "bytes_per_key": 115.084496,
    "distinct_keys_est": 995269,
    "key_draws": 5350101,
    "server_hits": 7315990,
    "maxmemory_policy": "noeviction"
  },
  "gate": {
    "pass": false,
    "reason": "aki is 0.79x Redis, below the 2.0x bar",
    "required_speedup": 2,
    "speedup_vs_redis": 0.7942232771890881,
    "speedup_vs_valkey": 0.40305290681219896,
    "tail_regressed_vs_redis": true,
    "tail_regressed_vs_valkey": true
  },
  "generator_bound": false
}
