{
  "workload": "get",
  "cell": {
    "keyspace": 1000000,
    "value_size": 1024,
    "dist": "uniform",
    "pipeline": 16,
    "connections": 50
  },
  "timestamp": "2026-07-11T04:08:54.546099118Z",
  "aki": {
    "target": "aki",
    "version": "unknown",
    "workload": "get",
    "skipped": false,
    "ops": 20946784,
    "errors": 0,
    "ops_per_sec": 2618285.9757508063,
    "min_us": 17.267,
    "p50_us": 277.503,
    "p99_us": 665.087,
    "p999_us": 1142.783,
    "nil_replies": 0,
    "err_replies": 0,
    "hit_ratio": 1,
    "value_ops_per_sec": 2618285.9757508063,
    "bytes_per_sec": 2782685437.937496,
    "resp_ver": 2,
    "used_memory": 1073449984,
    "bytes_per_key": 1073.449984,
    "distinct_keys_est": 1000000,
    "key_draws": 20946784
  },
  "redis": {
    "target": "redis",
    "version": "redis 8.8.0",
    "workload": "get",
    "skipped": false,
    "ops": 16542656,
    "errors": 0,
    "ops_per_sec": 2067740.2256762912,
    "min_us": 40.876,
    "p50_us": 374.527,
    "p99_us": 698.879,
    "p999_us": 1180.671,
    "nil_replies": 0,
    "err_replies": 0,
    "hit_ratio": 1,
    "value_ops_per_sec": 2067740.2256762912,
    "bytes_per_sec": 2197571729.7510433,
    "resp_ver": 2,
    "used_memory": 1327505792,
    "bytes_per_key": 1327.505792,
    "distinct_keys_est": 1000000,
    "key_draws": 16542656,
    "server_hits": 22764928,
    "maxmemory_policy": "noeviction"
  },
  "valkey": {
    "target": "valkey",
    "version": "valkey 9.1.0",
    "workload": "get",
    "skipped": false,
    "ops": 16845248,
    "errors": 0,
    "ops_per_sec": 2105530.3187897415,
    "min_us": 22.785,
    "p50_us": 366.847,
    "p99_us": 601.087,
    "p999_us": 1290.239,
    "nil_replies": 0,
    "err_replies": 0,
    "hit_ratio": 1,
    "value_ops_per_sec": 2105530.3187897415,
    "bytes_per_sec": 2237734634.756917,
    "resp_ver": 2,
    "used_memory": 1331083904,
    "bytes_per_key": 1331.083904,
    "distinct_keys_est": 1000000,
    "key_draws": 16845248,
    "server_hits": 23204672,
    "maxmemory_policy": "noeviction"
  },
  "gate": {
    "pass": false,
    "reason": "aki is 1.27x Redis, below the 2.0x bar",
    "required_speedup": 2,
    "speedup_vs_redis": 1.266254795084063,
    "speedup_vs_valkey": 1.2435280330020595,
    "tail_regressed_vs_redis": false,
    "tail_regressed_vs_valkey": true
  },
  "generator_bound": false
}
