{
  "workload": "get",
  "cell": {
    "keyspace": 1000000,
    "value_size": 64,
    "dist": "uniform",
    "pipeline": 1,
    "connections": 50
  },
  "timestamp": "2026-07-11T04:24:26.446358321Z",
  "aki": {
    "target": "aki",
    "version": "unknown",
    "workload": "get",
    "skipped": false,
    "ops": 2171335,
    "errors": 0,
    "ops_per_sec": 271410.0263750995,
    "min_us": 10.185,
    "p50_us": 172.287,
    "p99_us": 440.575,
    "p999_us": 584.191,
    "nil_replies": 0,
    "err_replies": 0,
    "hit_ratio": 1,
    "value_ops_per_sec": 271410.0263750995,
    "bytes_per_sec": 27355256.481135584,
    "resp_ver": 2,
    "used_memory": 113449984,
    "bytes_per_key": 113.449984,
    "distinct_keys_est": 886006,
    "key_draws": 2171335
  },
  "redis": {
    "target": "redis",
    "version": "redis 8.8.0",
    "workload": "get",
    "skipped": false,
    "ops": 2714947,
    "errors": 0,
    "ops_per_sec": 339349.5791055125,
    "min_us": 8.862,
    "p50_us": 142.975,
    "p99_us": 367.103,
    "p999_us": 532.991,
    "nil_replies": 0,
    "err_replies": 0,
    "hit_ratio": 1,
    "value_ops_per_sec": 339349.5791055125,
    "bytes_per_sec": 34202886.57051863,
    "resp_ver": 2,
    "used_memory": 127513368,
    "bytes_per_key": 127.513368,
    "distinct_keys_est": 933657,
    "key_draws": 2714947,
    "server_hits": 3684041,
    "maxmemory_policy": "noeviction"
  },
  "valkey": {
    "target": "valkey",
    "version": "valkey 9.1.0",
    "workload": "get",
    "skipped": false,
    "ops": 5404387,
    "errors": 0,
    "ops_per_sec": 675543.5904625205,
    "min_us": 5.709,
    "p50_us": 45.087,
    "p99_us": 318.975,
    "p999_us": 529.407,
    "nil_replies": 0,
    "err_replies": 0,
    "hit_ratio": 1,
    "value_ops_per_sec": 675543.5904625205,
    "bytes_per_sec": 68087355.64630364,
    "resp_ver": 2,
    "used_memory": 115084496,
    "bytes_per_key": 115.084496,
    "distinct_keys_est": 995535,
    "key_draws": 5404387,
    "server_hits": 7348791,
    "maxmemory_policy": "noeviction"
  },
  "gate": {
    "pass": false,
    "reason": "aki is 0.80x Redis, below the 2.0x bar",
    "required_speedup": 2,
    "speedup_vs_redis": 0.7997947929993193,
    "speedup_vs_valkey": 0.40176537858833766,
    "tail_regressed_vs_redis": true,
    "tail_regressed_vs_valkey": true
  },
  "generator_bound": false
}
