{
  "workload": "get",
  "cell": {
    "keyspace": 1000000,
    "value_size": 1024,
    "dist": "uniform",
    "pipeline": 1,
    "connections": 50
  },
  "timestamp": "2026-07-11T04:34:56.994257279Z",
  "aki": {
    "target": "aki",
    "version": "unknown",
    "workload": "get",
    "skipped": false,
    "ops": 2137787,
    "errors": 0,
    "ops_per_sec": 267218.108531908,
    "min_us": 10.932,
    "p50_us": 173.823,
    "p99_us": 453.375,
    "p999_us": 625.663,
    "nil_replies": 0,
    "err_replies": 0,
    "hit_ratio": 1,
    "value_ops_per_sec": 267218.108531908,
    "bytes_per_sec": 283996567.6036474,
    "resp_ver": 2,
    "used_memory": 1073449984,
    "bytes_per_key": 1073.449984,
    "distinct_keys_est": 882081,
    "key_draws": 2137787
  },
  "redis": {
    "target": "redis",
    "version": "redis 8.8.0",
    "workload": "get",
    "skipped": false,
    "ops": 2578184,
    "errors": 0,
    "ops_per_sec": 322263.1552634356,
    "min_us": 10.718,
    "p50_us": 150.399,
    "p99_us": 376.831,
    "p999_us": 553.471,
    "nil_replies": 0,
    "err_replies": 0,
    "hit_ratio": 1,
    "value_ops_per_sec": 322263.1552634356,
    "bytes_per_sec": 342497912.1169072,
    "resp_ver": 2,
    "used_memory": 1327508656,
    "bytes_per_key": 1327.508656,
    "distinct_keys_est": 924044,
    "key_draws": 2578184,
    "server_hits": 3524264,
    "maxmemory_policy": "noeviction"
  },
  "valkey": {
    "target": "valkey",
    "version": "valkey 9.1.0",
    "workload": "get",
    "skipped": false,
    "ops": 5057096,
    "errors": 0,
    "ops_per_sec": 632126.6042038989,
    "min_us": 6.26,
    "p50_us": 48.863,
    "p99_us": 325.119,
    "p999_us": 544.767,
    "nil_replies": 0,
    "err_replies": 0,
    "hit_ratio": 1,
    "value_ops_per_sec": 632126.6042038989,
    "bytes_per_sec": 671817309.9604747,
    "resp_ver": 2,
    "used_memory": 1331079232,
    "bytes_per_key": 1331.079232,
    "distinct_keys_est": 993608,
    "key_draws": 5057096,
    "server_hits": 6909994,
    "maxmemory_policy": "noeviction"
  },
  "gate": {
    "pass": false,
    "reason": "aki is 0.83x Redis, below the 2.0x bar",
    "required_speedup": 2,
    "speedup_vs_redis": 0.8291922429465114,
    "speedup_vs_valkey": 0.4227287805240263,
    "tail_regressed_vs_redis": true,
    "tail_regressed_vs_valkey": true
  },
  "generator_bound": false
}
