{
  "workload": "get",
  "cell": {
    "keyspace": 1000000,
    "value_size": 64,
    "dist": "uniform",
    "pipeline": 1,
    "connections": 512
  },
  "timestamp": "2026-07-11T03:01:20.928070916Z",
  "aki": {
    "target": "aki",
    "version": "unknown",
    "workload": "get",
    "skipped": false,
    "ops": 8254642,
    "errors": 0,
    "ops_per_sec": 1031763.7042073994,
    "min_us": 29.641,
    "p50_us": 470.783,
    "p99_us": 998.911,
    "p999_us": 1406.975,
    "nil_replies": 0,
    "err_replies": 0,
    "hit_ratio": 1,
    "value_ops_per_sec": 1031763.7042073994,
    "bytes_per_sec": 103990315.54861929,
    "resp_ver": 2,
    "used_memory": 113449984,
    "bytes_per_key": 113.449984,
    "distinct_keys_est": 999757,
    "key_draws": 8254642
  },
  "redis": {
    "target": "redis",
    "version": "redis 8.8.0",
    "workload": "get",
    "skipped": false,
    "ops": 8663853,
    "errors": 0,
    "ops_per_sec": 1082899.3595721768,
    "min_us": 40.634,
    "p50_us": 457.215,
    "p99_us": 897.023,
    "p999_us": 1311.743,
    "nil_replies": 0,
    "err_replies": 0,
    "hit_ratio": 1,
    "value_ops_per_sec": 1082899.3595721768,
    "bytes_per_sec": 109144190.06145546,
    "resp_ver": 2,
    "used_memory": 127514280,
    "bytes_per_key": 127.51428,
    "distinct_keys_est": 999837,
    "key_draws": 8663853,
    "server_hits": 11860975,
    "maxmemory_policy": "noeviction"
  },
  "valkey": {
    "target": "valkey",
    "version": "valkey 9.1.0",
    "workload": "get",
    "skipped": false,
    "ops": 8413854,
    "errors": 0,
    "ops_per_sec": 1051674.588068196,
    "min_us": 10.062,
    "p50_us": 475.391,
    "p99_us": 915.967,
    "p999_us": 1319.935,
    "nil_replies": 0,
    "err_replies": 0,
    "hit_ratio": 1,
    "value_ops_per_sec": 1051674.588068196,
    "bytes_per_sec": 105997087.0888262,
    "resp_ver": 2,
    "used_memory": 115077840,
    "bytes_per_key": 115.07784,
    "distinct_keys_est": 999791,
    "key_draws": 8413854,
    "server_hits": 11459323,
    "maxmemory_policy": "noeviction"
  },
  "gate": {
    "pass": false,
    "reason": "aki is 0.95x Redis, below the 2.0x bar",
    "required_speedup": 2,
    "speedup_vs_redis": 0.9527789402470608,
    "speedup_vs_valkey": 0.9810674479666085,
    "tail_regressed_vs_redis": true,
    "tail_regressed_vs_valkey": true
  },
  "generator_bound": false
}
