{
  "workload": "get",
  "cell": {
    "keyspace": 1000000,
    "value_size": 64,
    "dist": "uniform",
    "pipeline": 1,
    "connections": 512
  },
  "timestamp": "2026-07-11T03:03:47.930438101Z",
  "aki": {
    "target": "aki",
    "version": "unknown",
    "workload": "get",
    "skipped": false,
    "ops": 8372220,
    "errors": 0,
    "ops_per_sec": 1046477.4290636418,
    "min_us": 25.39,
    "p50_us": 463.359,
    "p99_us": 1021.439,
    "p999_us": 1460.223,
    "nil_replies": 0,
    "err_replies": 0,
    "hit_ratio": 1,
    "value_ops_per_sec": 1046477.4290636418,
    "bytes_per_sec": 105473263.03259951,
    "resp_ver": 2,
    "used_memory": 113449984,
    "bytes_per_key": 113.449984,
    "distinct_keys_est": 999785,
    "key_draws": 8372220
  },
  "redis": {
    "target": "redis",
    "version": "redis 8.8.0",
    "workload": "get",
    "skipped": false,
    "ops": 8770404,
    "errors": 0,
    "ops_per_sec": 1096191.9765832461,
    "min_us": 33.74,
    "p50_us": 450.303,
    "p99_us": 907.263,
    "p999_us": 1310.719,
    "nil_replies": 0,
    "err_replies": 0,
    "hit_ratio": 1,
    "value_ops_per_sec": 1096191.9765832461,
    "bytes_per_sec": 110483942.79823148,
    "resp_ver": 2,
    "used_memory": 127514888,
    "bytes_per_key": 127.514888,
    "distinct_keys_est": 999855,
    "key_draws": 8770404,
    "server_hits": 12041255,
    "maxmemory_policy": "noeviction"
  },
  "valkey": {
    "target": "valkey",
    "version": "valkey 9.1.0",
    "workload": "get",
    "skipped": false,
    "ops": 8206883,
    "errors": 0,
    "ops_per_sec": 1025813.1656676229,
    "min_us": 10.705,
    "p50_us": 486.911,
    "p99_us": 914.943,
    "p999_us": 1340.415,
    "nil_replies": 0,
    "err_replies": 0,
    "hit_ratio": 1,
    "value_ops_per_sec": 1025813.1656676229,
    "bytes_per_sec": 103390564.69905053,
    "resp_ver": 2,
    "used_memory": 115077840,
    "bytes_per_key": 115.07784,
    "distinct_keys_est": 999735,
    "key_draws": 8206883,
    "server_hits": 11161132,
    "maxmemory_policy": "noeviction"
  },
  "gate": {
    "pass": false,
    "reason": "aki is 0.95x Redis, below the 2.0x bar",
    "required_speedup": 2,
    "speedup_vs_redis": 0.9546479553019891,
    "speedup_vs_valkey": 1.0201442758658397,
    "tail_regressed_vs_redis": true,
    "tail_regressed_vs_valkey": true
  },
  "generator_bound": false
}
