{
  "workload": "get",
  "cell": {
    "keyspace": 1000000,
    "value_size": 64,
    "dist": "uniform",
    "pipeline": 1,
    "connections": 50
  },
  "timestamp": "2026-07-11T04:22:00.670213613Z",
  "aki": {
    "target": "aki",
    "version": "unknown",
    "workload": "get",
    "skipped": false,
    "ops": 2194094,
    "errors": 0,
    "ops_per_sec": 274253.4447143703,
    "min_us": 9.484,
    "p50_us": 167.423,
    "p99_us": 459.519,
    "p999_us": 635.391,
    "nil_replies": 0,
    "err_replies": 0,
    "hit_ratio": 1,
    "value_ops_per_sec": 274253.4447143703,
    "bytes_per_sec": 27641833.91543308,
    "resp_ver": 2,
    "used_memory": 113449984,
    "bytes_per_key": 113.449984,
    "distinct_keys_est": 888521,
    "key_draws": 2194094
  },
  "redis": {
    "target": "redis",
    "version": "redis 8.8.0",
    "workload": "get",
    "skipped": false,
    "ops": 2673647,
    "errors": 0,
    "ops_per_sec": 334196.79917575023,
    "min_us": 8.528,
    "p50_us": 145.535,
    "p99_us": 372.223,
    "p999_us": 539.135,
    "nil_replies": 0,
    "err_replies": 0,
    "hit_ratio": 1,
    "value_ops_per_sec": 334196.79917575023,
    "bytes_per_sec": 33683530.002165295,
    "resp_ver": 2,
    "used_memory": 127512760,
    "bytes_per_key": 127.51276,
    "distinct_keys_est": 930936,
    "key_draws": 2673647,
    "server_hits": 3628295,
    "maxmemory_policy": "noeviction"
  },
  "valkey": {
    "target": "valkey",
    "version": "valkey 9.1.0",
    "workload": "get",
    "skipped": false,
    "ops": 5200528,
    "errors": 0,
    "ops_per_sec": 650060.3107534178,
    "min_us": 5.866,
    "p50_us": 47.839,
    "p99_us": 322.559,
    "p999_us": 525.311,
    "nil_replies": 0,
    "err_replies": 0,
    "hit_ratio": 1,
    "value_ops_per_sec": 650060.3107534178,
    "bytes_per_sec": 65518961.83623587,
    "resp_ver": 2,
    "used_memory": 115084496,
    "bytes_per_key": 115.084496,
    "distinct_keys_est": 994481,
    "key_draws": 5200528,
    "server_hits": 7099762,
    "maxmemory_policy": "noeviction"
  },
  "gate": {
    "pass": false,
    "reason": "aki is 0.82x Redis, below the 2.0x bar",
    "required_speedup": 2,
    "speedup_vs_redis": 0.8206345643967212,
    "speedup_vs_valkey": 0.4218892311645845,
    "tail_regressed_vs_redis": true,
    "tail_regressed_vs_valkey": true
  },
  "generator_bound": false
}
