{
  "workload": "get",
  "cell": {
    "keyspace": 1000000,
    "value_size": 1024,
    "dist": "uniform",
    "pipeline": 16,
    "connections": 50
  },
  "timestamp": "2026-07-11T04:08:14.89808592Z",
  "aki": {
    "target": "aki",
    "version": "unknown",
    "workload": "get",
    "skipped": false,
    "ops": 19155648,
    "errors": 0,
    "ops_per_sec": 2394316.9278969807,
    "min_us": 21.46,
    "p50_us": 321.279,
    "p99_us": 726.015,
    "p999_us": 1174.527,
    "nil_replies": 0,
    "err_replies": 0,
    "hit_ratio": 1,
    "value_ops_per_sec": 2394316.9278969807,
    "bytes_per_sec": 2544653732.196456,
    "resp_ver": 2,
    "used_memory": 1073449984,
    "bytes_per_key": 1073.449984,
    "distinct_keys_est": 1000000,
    "key_draws": 19155648
  },
  "redis": {
    "target": "redis",
    "version": "redis 8.8.0",
    "workload": "get",
    "skipped": false,
    "ops": 16444320,
    "errors": 0,
    "ops_per_sec": 2055427.4216708306,
    "min_us": 40.841,
    "p50_us": 377.343,
    "p99_us": 706.047,
    "p999_us": 1077.247,
    "nil_replies": 0,
    "err_replies": 0,
    "hit_ratio": 1,
    "value_ops_per_sec": 2055427.4216708306,
    "bytes_per_sec": 2184485811.2315116,
    "resp_ver": 2,
    "used_memory": 1327505640,
    "bytes_per_key": 1327.50564,
    "distinct_keys_est": 1000000,
    "key_draws": 16444320,
    "server_hits": 22538880,
    "maxmemory_policy": "noeviction"
  },
  "valkey": {
    "target": "valkey",
    "version": "valkey 9.1.0",
    "workload": "get",
    "skipped": false,
    "ops": 16988064,
    "errors": 0,
    "ops_per_sec": 2123402.420715688,
    "min_us": 23.015,
    "p50_us": 363.263,
    "p99_us": 598.527,
    "p999_us": 1333.247,
    "nil_replies": 0,
    "err_replies": 0,
    "hit_ratio": 1,
    "value_ops_per_sec": 2123402.420715688,
    "bytes_per_sec": 2256728872.2411966,
    "resp_ver": 2,
    "used_memory": 1331083904,
    "bytes_per_key": 1331.083904,
    "distinct_keys_est": 1000000,
    "key_draws": 16988064,
    "server_hits": 23372080,
    "maxmemory_policy": "noeviction"
  },
  "gate": {
    "pass": false,
    "reason": "aki is 1.16x Redis, below the 2.0x bar",
    "required_speedup": 2,
    "speedup_vs_redis": 1.1648754427683323,
    "speedup_vs_valkey": 1.1275850985843663,
    "tail_regressed_vs_redis": true,
    "tail_regressed_vs_valkey": true
  },
  "generator_bound": false
}
