{
  "workload": "get",
  "cell": {
    "keyspace": 1000000,
    "value_size": 1024,
    "dist": "uniform",
    "pipeline": 1,
    "connections": 50
  },
  "timestamp": "2026-07-11T04:35:37.278929494Z",
  "aki": {
    "target": "aki",
    "version": "unknown",
    "workload": "get",
    "skipped": false,
    "ops": 2668412,
    "errors": 0,
    "ops_per_sec": 333547.44343768636,
    "min_us": 7.204,
    "p50_us": 138.367,
    "p99_us": 460.799,
    "p999_us": 696.319,
    "nil_replies": 0,
    "err_replies": 0,
    "hit_ratio": 1,
    "value_ops_per_sec": 333547.44343768636,
    "bytes_per_sec": 354490726.97808987,
    "resp_ver": 2,
    "used_memory": 1073449984,
    "bytes_per_key": 1073.449984,
    "distinct_keys_est": 930575,
    "key_draws": 2668412
  },
  "redis": {
    "target": "redis",
    "version": "redis 8.8.0",
    "workload": "get",
    "skipped": false,
    "ops": 2637641,
    "errors": 0,
    "ops_per_sec": 329696.2892218729,
    "min_us": 9.206,
    "p50_us": 146.943,
    "p99_us": 376.831,
    "p999_us": 553.471,
    "nil_replies": 0,
    "err_replies": 0,
    "hit_ratio": 1,
    "value_ops_per_sec": 329696.2892218729,
    "bytes_per_sec": 350397766.0524692,
    "resp_ver": 2,
    "used_memory": 1327508808,
    "bytes_per_key": 1327.508808,
    "distinct_keys_est": 928419,
    "key_draws": 2637641,
    "server_hits": 3586444,
    "maxmemory_policy": "noeviction"
  },
  "valkey": {
    "target": "valkey",
    "version": "valkey 9.1.0",
    "workload": "get",
    "skipped": false,
    "ops": 5192024,
    "errors": 0,
    "ops_per_sec": 648985.313689985,
    "min_us": 6.427,
    "p50_us": 47.551,
    "p99_us": 323.583,
    "p999_us": 537.087,
    "nil_replies": 0,
    "err_replies": 0,
    "hit_ratio": 1,
    "value_ops_per_sec": 648985.313689985,
    "bytes_per_sec": 689734483.3084272,
    "resp_ver": 2,
    "used_memory": 1331079232,
    "bytes_per_key": 1331.079232,
    "distinct_keys_est": 994439,
    "key_draws": 5192024,
    "server_hits": 7077547,
    "maxmemory_policy": "noeviction"
  },
  "gate": {
    "pass": false,
    "reason": "aki is 1.01x Redis, below the 2.0x bar",
    "required_speedup": 2,
    "speedup_vs_redis": 1.011680914653006,
    "speedup_vs_valkey": 0.5139522211083798,
    "tail_regressed_vs_redis": true,
    "tail_regressed_vs_valkey": true
  },
  "generator_bound": false
}
