{
  "workload": "get",
  "cell": {
    "keyspace": 1000000,
    "value_size": 1024,
    "dist": "uniform",
    "pipeline": 16,
    "connections": 50
  },
  "timestamp": "2026-07-11T04:06:15.131512226Z",
  "aki": {
    "target": "aki",
    "version": "unknown",
    "workload": "get",
    "skipped": false,
    "ops": 21006512,
    "errors": 0,
    "ops_per_sec": 2625725.534055307,
    "min_us": 19.777,
    "p50_us": 292.095,
    "p99_us": 673.279,
    "p999_us": 1078.271,
    "nil_replies": 0,
    "err_replies": 0,
    "hit_ratio": 1,
    "value_ops_per_sec": 2625725.534055307,
    "bytes_per_sec": 2790592129.3699775,
    "resp_ver": 2,
    "used_memory": 1073449984,
    "bytes_per_key": 1073.449984,
    "distinct_keys_est": 1000000,
    "key_draws": 21006512
  },
  "redis": {
    "target": "redis",
    "version": "redis 8.8.0",
    "workload": "get",
    "skipped": false,
    "ops": 16344128,
    "errors": 0,
    "ops_per_sec": 2042926.3022563101,
    "min_us": 42.067,
    "p50_us": 379.903,
    "p99_us": 700.927,
    "p999_us": 1085.439,
    "nil_replies": 0,
    "err_replies": 0,
    "hit_ratio": 1,
    "value_ops_per_sec": 2042926.3022563101,
    "bytes_per_sec": 2171199796.091153,
    "resp_ver": 2,
    "used_memory": 1327505000,
    "bytes_per_key": 1327.505,
    "distinct_keys_est": 1000000,
    "key_draws": 16344128,
    "server_hits": 22409520,
    "maxmemory_policy": "noeviction"
  },
  "valkey": {
    "target": "valkey",
    "version": "valkey 9.1.0",
    "workload": "get",
    "skipped": false,
    "ops": 17073664,
    "errors": 0,
    "ops_per_sec": 2134109.4694996118,
    "min_us": 21.354,
    "p50_us": 361.727,
    "p99_us": 587.263,
    "p999_us": 1289.215,
    "nil_replies": 0,
    "err_replies": 0,
    "hit_ratio": 1,
    "value_ops_per_sec": 2134109.4694996118,
    "bytes_per_sec": 2268108155.9890056,
    "resp_ver": 2,
    "used_memory": 1331083904,
    "bytes_per_key": 1331.083904,
    "distinct_keys_est": 1000000,
    "key_draws": 17073664,
    "server_hits": 23398192,
    "maxmemory_policy": "noeviction"
  },
  "gate": {
    "pass": false,
    "reason": "aki is 1.29x Redis, below the 2.0x bar",
    "required_speedup": 2,
    "speedup_vs_redis": 1.2852766794158577,
    "speedup_vs_valkey": 1.2303612216626194,
    "tail_regressed_vs_redis": false,
    "tail_regressed_vs_valkey": true
  },
  "generator_bound": false
}
