{
  "workload": "get",
  "cell": {
    "keyspace": 1000000,
    "value_size": 64,
    "dist": "uniform",
    "pipeline": 1,
    "connections": 50
  },
  "timestamp": "2026-07-11T04:23:13.58028486Z",
  "aki": {
    "target": "aki",
    "version": "unknown",
    "workload": "get",
    "skipped": false,
    "ops": 2687783,
    "errors": 0,
    "ops_per_sec": 335967.35711412266,
    "min_us": 6.307,
    "p50_us": 136.575,
    "p99_us": 456.959,
    "p999_us": 676.351,
    "nil_replies": 0,
    "err_replies": 0,
    "hit_ratio": 1,
    "value_ops_per_sec": 335967.35711412266,
    "bytes_per_sec": 33861996.35480462,
    "resp_ver": 2,
    "used_memory": 113449984,
    "bytes_per_key": 113.449984,
    "distinct_keys_est": 931914,
    "key_draws": 2687783
  },
  "redis": {
    "target": "redis",
    "version": "redis 8.8.0",
    "workload": "get",
    "skipped": false,
    "ops": 2690057,
    "errors": 0,
    "ops_per_sec": 336252.07205605024,
    "min_us": 9.018,
    "p50_us": 143.615,
    "p99_us": 378.367,
    "p999_us": 556.543,
    "nil_replies": 0,
    "err_replies": 0,
    "hit_ratio": 1,
    "value_ops_per_sec": 336252.07205605024,
    "bytes_per_sec": 33890693.71607286,
    "resp_ver": 2,
    "used_memory": 127513064,
    "bytes_per_key": 127.513064,
    "distinct_keys_est": 932030,
    "key_draws": 2690057,
    "server_hits": 3659523,
    "maxmemory_policy": "noeviction"
  },
  "valkey": {
    "target": "valkey",
    "version": "valkey 9.1.0",
    "workload": "get",
    "skipped": false,
    "ops": 5343855,
    "errors": 0,
    "ops_per_sec": 667964.8848956747,
    "min_us": 5.926,
    "p50_us": 45.599,
    "p99_us": 322.303,
    "p999_us": 532.991,
    "nil_replies": 0,
    "err_replies": 0,
    "hit_ratio": 1,
    "value_ops_per_sec": 667964.8848956747,
    "bytes_per_sec": 67323485.33507332,
    "resp_ver": 2,
    "used_memory": 115084496,
    "bytes_per_key": 115.084496,
    "distinct_keys_est": 995236,
    "key_draws": 5343855,
    "server_hits": 7237213,
    "maxmemory_policy": "noeviction"
  },
  "gate": {
    "pass": false,
    "reason": "aki is 1.00x Redis, below the 2.0x bar",
    "required_speedup": 2,
    "speedup_vs_redis": 0.9991532693309912,
    "speedup_vs_valkey": 0.5029715853500223,
    "tail_regressed_vs_redis": true,
    "tail_regressed_vs_valkey": true
  },
  "generator_bound": false
}
