{
  "workload": "get",
  "cell": {
    "keyspace": 1000000,
    "value_size": 1024,
    "dist": "uniform",
    "pipeline": 16,
    "connections": 512
  },
  "timestamp": "2026-07-11T03:42:22.694305005Z",
  "aki": {
    "target": "aki",
    "version": "unknown",
    "workload": "get",
    "skipped": false,
    "ops": 28570176,
    "errors": 0,
    "ops_per_sec": 3570441.0240358636,
    "min_us": 47.51,
    "p50_us": 2121.727,
    "p99_us": 4489.215,
    "p999_us": 7659.519,
    "nil_replies": 0,
    "err_replies": 0,
    "hit_ratio": 1,
    "value_ops_per_sec": 3570441.0240358636,
    "bytes_per_sec": 3794624465.989019,
    "resp_ver": 2,
    "used_memory": 1073449984,
    "bytes_per_key": 1073.449984,
    "distinct_keys_est": 1000000,
    "key_draws": 28570176
  },
  "redis": {
    "target": "redis",
    "version": "redis 8.8.0",
    "workload": "get",
    "skipped": false,
    "ops": 16644352,
    "errors": 0,
    "ops_per_sec": 2079537.8312168994,
    "min_us": 59.485,
    "p50_us": 3915.775,
    "p99_us": 4853.759,
    "p999_us": 7958.527,
    "nil_replies": 0,
    "err_replies": 0,
    "hit_ratio": 1,
    "value_ops_per_sec": 2079537.8312168994,
    "bytes_per_sec": 2210109364.909609,
    "resp_ver": 2,
    "used_memory": 1327502400,
    "bytes_per_key": 1327.5024,
    "distinct_keys_est": 1000000,
    "key_draws": 16644352,
    "server_hits": 22891264,
    "maxmemory_policy": "noeviction"
  },
  "valkey": {
    "target": "valkey",
    "version": "valkey 9.1.0",
    "workload": "get",
    "skipped": false,
    "ops": 14559120,
    "errors": 0,
    "ops_per_sec": 1819001.8498366694,
    "min_us": 75.364,
    "p50_us": 4517.887,
    "p99_us": 5414.911,
    "p999_us": 8097.791,
    "nil_replies": 0,
    "err_replies": 0,
    "hit_ratio": 1,
    "value_ops_per_sec": 1819001.8498366694,
    "bytes_per_sec": 1933214763.2183259,
    "resp_ver": 2,
    "used_memory": 1331091584,
    "bytes_per_key": 1331.091584,
    "distinct_keys_est": 1000000,
    "key_draws": 14559120,
    "server_hits": 20067536,
    "maxmemory_policy": "noeviction"
  },
  "gate": {
    "pass": false,
    "reason": "aki is 1.72x Redis, below the 2.0x bar",
    "required_speedup": 2,
    "speedup_vs_redis": 1.7169396826729142,
    "speedup_vs_valkey": 1.9628572804125834,
    "tail_regressed_vs_redis": false,
    "tail_regressed_vs_valkey": false
  },
  "generator_bound": false
}
