{
  "workload": "get",
  "cell": {
    "keyspace": 1000000,
    "value_size": 64,
    "dist": "uniform",
    "pipeline": 16,
    "connections": 512
  },
  "timestamp": "2026-07-11T03:26:12.242561754Z",
  "aki": {
    "target": "aki",
    "version": "unknown",
    "workload": "get",
    "skipped": false,
    "ops": 57401440,
    "errors": 0,
    "ops_per_sec": 7174370.641312026,
    "min_us": 23.614,
    "p50_us": 1032.191,
    "p99_us": 2662.399,
    "p999_us": 4065.279,
    "nil_replies": 0,
    "err_replies": 0,
    "hit_ratio": 1,
    "value_ops_per_sec": 7174370.641312026,
    "bytes_per_sec": 723096656.1584771,
    "resp_ver": 2,
    "used_memory": 113449984,
    "bytes_per_key": 113.449984,
    "distinct_keys_est": 1000000,
    "key_draws": 57401440
  },
  "redis": {
    "target": "redis",
    "version": "redis 8.8.0",
    "workload": "get",
    "skipped": false,
    "ops": 37676624,
    "errors": 0,
    "ops_per_sec": 4708528.895619597,
    "min_us": 65.52,
    "p50_us": 1726.463,
    "p99_us": 2224.127,
    "p999_us": 3305.471,
    "nil_replies": 0,
    "err_replies": 0,
    "hit_ratio": 1,
    "value_ops_per_sec": 4708528.895619597,
    "bytes_per_sec": 474567306.9549419,
    "resp_ver": 2,
    "used_memory": 127513200,
    "bytes_per_key": 127.5132,
    "distinct_keys_est": 1000000,
    "key_draws": 37676624,
    "server_hits": 51748256,
    "maxmemory_policy": "noeviction"
  },
  "valkey": {
    "target": "valkey",
    "version": "valkey 9.1.0",
    "workload": "get",
    "skipped": false,
    "ops": 31717936,
    "errors": 0,
    "ops_per_sec": 3963709.4829120585,
    "min_us": 26.693,
    "p50_us": 2039.807,
    "p99_us": 2578.431,
    "p999_us": 3766.271,
    "nil_replies": 0,
    "err_replies": 0,
    "hit_ratio": 1,
    "value_ops_per_sec": 3963709.4829120585,
    "bytes_per_sec": 399497556.08293486,
    "resp_ver": 2,
    "used_memory": 115089360,
    "bytes_per_key": 115.08936,
    "distinct_keys_est": 1000000,
    "key_draws": 31717936,
    "server_hits": 43719776,
    "maxmemory_policy": "noeviction"
  },
  "gate": {
    "pass": false,
    "reason": "aki is 1.52x Redis, below the 2.0x bar",
    "required_speedup": 2,
    "speedup_vs_redis": 1.5236968489216307,
    "speedup_vs_valkey": 1.810014248582406,
    "tail_regressed_vs_redis": true,
    "tail_regressed_vs_valkey": true
  },
  "generator_bound": false
}
