{
  "workload": "get",
  "cell": {
    "keyspace": 1000000,
    "value_size": 1024,
    "dist": "uniform",
    "pipeline": 16,
    "connections": 512
  },
  "timestamp": "2026-07-11T03:40:21.847680726Z",
  "aki": {
    "target": "aki",
    "version": "unknown",
    "workload": "get",
    "skipped": false,
    "ops": 29036944,
    "errors": 0,
    "ops_per_sec": 3628216.8620151333,
    "min_us": 54.337,
    "p50_us": 2095.103,
    "p99_us": 4325.375,
    "p999_us": 6184.959,
    "nil_replies": 0,
    "err_replies": 0,
    "hit_ratio": 1,
    "value_ops_per_sec": 3628216.8620151333,
    "bytes_per_sec": 3856027911.4961905,
    "resp_ver": 2,
    "used_memory": 1073449984,
    "bytes_per_key": 1073.449984,
    "distinct_keys_est": 1000000,
    "key_draws": 29036944
  },
  "redis": {
    "target": "redis",
    "version": "redis 8.8.0",
    "workload": "get",
    "skipped": false,
    "ops": 16691200,
    "errors": 0,
    "ops_per_sec": 2085576.694876263,
    "min_us": 100.146,
    "p50_us": 3903.487,
    "p99_us": 5058.559,
    "p999_us": 8134.655,
    "nil_replies": 0,
    "err_replies": 0,
    "hit_ratio": 1,
    "value_ops_per_sec": 2085576.694876263,
    "bytes_per_sec": 2216527381.478163,
    "resp_ver": 2,
    "used_memory": 1327501944,
    "bytes_per_key": 1327.501944,
    "distinct_keys_est": 1000000,
    "key_draws": 16691200,
    "server_hits": 23000832,
    "maxmemory_policy": "noeviction"
  },
  "valkey": {
    "target": "valkey",
    "version": "valkey 9.1.0",
    "workload": "get",
    "skipped": false,
    "ops": 14293168,
    "errors": 0,
    "ops_per_sec": 1785668.3938745663,
    "min_us": 67.747,
    "p50_us": 4562.943,
    "p99_us": 5607.423,
    "p999_us": 8380.415,
    "nil_replies": 0,
    "err_replies": 0,
    "hit_ratio": 1,
    "value_ops_per_sec": 1785668.3938745663,
    "bytes_per_sec": 1897788317.6874566,
    "resp_ver": 2,
    "used_memory": 1331091584,
    "bytes_per_key": 1331.091584,
    "distinct_keys_est": 1000000,
    "key_draws": 14293168,
    "server_hits": 19623952,
    "maxmemory_policy": "noeviction"
  },
  "gate": {
    "pass": false,
    "reason": "aki is 1.74x Redis, below the 2.0x bar",
    "required_speedup": 2,
    "speedup_vs_redis": 1.7396707927014858,
    "speedup_vs_valkey": 2.031853660209879,
    "tail_regressed_vs_redis": false,
    "tail_regressed_vs_valkey": false
  },
  "generator_bound": false
}
