{
  "workload": "get",
  "cell": {
    "keyspace": 1000000,
    "value_size": 1024,
    "dist": "uniform",
    "pipeline": 16,
    "connections": 512
  },
  "timestamp": "2026-07-11T03:41:42.638851306Z",
  "aki": {
    "target": "aki",
    "version": "unknown",
    "workload": "get",
    "skipped": false,
    "ops": 32746560,
    "errors": 0,
    "ops_per_sec": 4092460.5832775114,
    "min_us": 36.512,
    "p50_us": 1798.143,
    "p99_us": 4206.591,
    "p999_us": 6021.119,
    "nil_replies": 0,
    "err_replies": 0,
    "hit_ratio": 1,
    "value_ops_per_sec": 4092460.5832775114,
    "bytes_per_sec": 4349421321.272532,
    "resp_ver": 2,
    "used_memory": 1073449984,
    "bytes_per_key": 1073.449984,
    "distinct_keys_est": 1000000,
    "key_draws": 32746560
  },
  "redis": {
    "target": "redis",
    "version": "redis 8.8.0",
    "workload": "get",
    "skipped": false,
    "ops": 17041264,
    "errors": 0,
    "ops_per_sec": 2129106.1300202063,
    "min_us": 116.549,
    "p50_us": 3829.759,
    "p99_us": 4997.119,
    "p999_us": 7917.567,
    "nil_replies": 0,
    "err_replies": 0,
    "hit_ratio": 1,
    "value_ops_per_sec": 2129106.1300202063,
    "bytes_per_sec": 2262790027.0516653,
    "resp_ver": 2,
    "used_memory": 1327502248,
    "bytes_per_key": 1327.502248,
    "distinct_keys_est": 1000000,
    "key_draws": 17041264,
    "server_hits": 23430256,
    "maxmemory_policy": "noeviction"
  },
  "valkey": {
    "target": "valkey",
    "version": "valkey 9.1.0",
    "workload": "get",
    "skipped": false,
    "ops": 14151408,
    "errors": 0,
    "ops_per_sec": 1767974.4876225959,
    "min_us": 102.361,
    "p50_us": 4620.287,
    "p99_us": 5390.335,
    "p999_us": 6234.111,
    "nil_replies": 0,
    "err_replies": 0,
    "hit_ratio": 1,
    "value_ops_per_sec": 1767974.4876225959,
    "bytes_per_sec": 1878983464.1879666,
    "resp_ver": 2,
    "used_memory": 1331091584,
    "bytes_per_key": 1331.091584,
    "distinct_keys_est": 1000000,
    "key_draws": 14151408,
    "server_hits": 19506464,
    "maxmemory_policy": "noeviction"
  },
  "gate": {
    "pass": false,
    "reason": "aki is 1.92x Redis, below the 2.0x bar",
    "required_speedup": 2,
    "speedup_vs_redis": 1.9221496409099492,
    "speedup_vs_valkey": 2.3147735512748624,
    "tail_regressed_vs_redis": false,
    "tail_regressed_vs_valkey": false
  },
  "generator_bound": false
}
