{
  "workload": "get",
  "cell": {
    "keyspace": 1000000,
    "value_size": 64,
    "dist": "uniform",
    "pipeline": 16,
    "connections": 512
  },
  "timestamp": "2026-07-11T03:28:39.244107493Z",
  "aki": {
    "target": "aki",
    "version": "unknown",
    "workload": "get",
    "skipped": false,
    "ops": 54924912,
    "errors": 0,
    "ops_per_sec": 6864951.8796818,
    "min_us": 30.114,
    "p50_us": 1097.727,
    "p99_us": 2535.423,
    "p999_us": 4130.815,
    "nil_replies": 0,
    "err_replies": 0,
    "hit_ratio": 1,
    "value_ops_per_sec": 6864951.8796818,
    "bytes_per_sec": 691910633.2768646,
    "resp_ver": 2,
    "used_memory": 113449984,
    "bytes_per_key": 113.449984,
    "distinct_keys_est": 1000000,
    "key_draws": 54924912
  },
  "redis": {
    "target": "redis",
    "version": "redis 8.8.0",
    "workload": "get",
    "skipped": false,
    "ops": 37541232,
    "errors": 0,
    "ops_per_sec": 4691646.009238208,
    "min_us": 83.212,
    "p50_us": 1732.607,
    "p99_us": 2236.415,
    "p999_us": 3426.303,
    "nil_replies": 0,
    "err_replies": 0,
    "hit_ratio": 1,
    "value_ops_per_sec": 4691646.009238208,
    "bytes_per_sec": 472865714.9968644,
    "resp_ver": 2,
    "used_memory": 127513808,
    "bytes_per_key": 127.513808,
    "distinct_keys_est": 1000000,
    "key_draws": 37541232,
    "server_hits": 51592624,
    "maxmemory_policy": "noeviction"
  },
  "valkey": {
    "target": "valkey",
    "version": "valkey 9.1.0",
    "workload": "get",
    "skipped": false,
    "ops": 31676944,
    "errors": 0,
    "ops_per_sec": 3958744.2205323707,
    "min_us": 30.826,
    "p50_us": 2040.831,
    "p99_us": 2639.871,
    "p999_us": 3717.119,
    "nil_replies": 0,
    "err_replies": 0,
    "hit_ratio": 1,
    "value_ops_per_sec": 3958744.2205323707,
    "bytes_per_sec": 398997137.4282057,
    "resp_ver": 2,
    "used_memory": 115089360,
    "bytes_per_key": 115.08936,
    "distinct_keys_est": 1000000,
    "key_draws": 31676944,
    "server_hits": 43537696,
    "maxmemory_policy": "noeviction"
  },
  "gate": {
    "pass": false,
    "reason": "aki is 1.46x Redis, below the 2.0x bar",
    "required_speedup": 2,
    "speedup_vs_redis": 1.4632288681124253,
    "speedup_vs_valkey": 1.734123625385073,
    "tail_regressed_vs_redis": true,
    "tail_regressed_vs_valkey": false
  },
  "generator_bound": false
}
