{
  "workload": "get",
  "cell": {
    "keyspace": 1000000,
    "value_size": 64,
    "dist": "uniform",
    "pipeline": 1,
    "connections": 50
  },
  "timestamp": "2026-07-11T04:20:11.307546687Z",
  "aki": {
    "target": "aki",
    "version": "unknown",
    "workload": "get",
    "skipped": false,
    "ops": 2209089,
    "errors": 0,
    "ops_per_sec": 276130.74814755574,
    "min_us": 8.576,
    "p50_us": 167.807,
    "p99_us": 451.071,
    "p999_us": 616.447,
    "nil_replies": 0,
    "err_replies": 0,
    "hit_ratio": 1,
    "value_ops_per_sec": 276130.74814755574,
    "bytes_per_sec": 27831042.19546749,
    "resp_ver": 2,
    "used_memory": 113449984,
    "bytes_per_key": 113.449984,
    "distinct_keys_est": 890169,
    "key_draws": 2209089
  },
  "redis": {
    "target": "redis",
    "version": "redis 8.8.0",
    "workload": "get",
    "skipped": false,
    "ops": 2731454,
    "errors": 0,
    "ops_per_sec": 341424.87639171036,
    "min_us": 8.602,
    "p50_us": 142.207,
    "p99_us": 370.687,
    "p999_us": 541.183,
    "nil_replies": 0,
    "err_replies": 0,
    "hit_ratio": 1,
    "value_ops_per_sec": 341424.87639171036,
    "bytes_per_sec": 34412059.21212243,
    "resp_ver": 2,
    "used_memory": 127512304,
    "bytes_per_key": 127.512304,
    "distinct_keys_est": 934735,
    "key_draws": 2731454,
    "server_hits": 3704689,
    "maxmemory_policy": "noeviction"
  },
  "valkey": {
    "target": "valkey",
    "version": "valkey 9.1.0",
    "workload": "get",
    "skipped": false,
    "ops": 5206045,
    "errors": 0,
    "ops_per_sec": 650737.6107934047,
    "min_us": 5.976,
    "p50_us": 47.519,
    "p99_us": 325.631,
    "p999_us": 530.943,
    "nil_replies": 0,
    "err_replies": 0,
    "hit_ratio": 1,
    "value_ops_per_sec": 650737.6107934047,
    "bytes_per_sec": 65587215.865499996,
    "resp_ver": 2,
    "used_memory": 115084496,
    "bytes_per_key": 115.084496,
    "distinct_keys_est": 994508,
    "key_draws": 5206045,
    "server_hits": 7076211,
    "maxmemory_policy": "noeviction"
  },
  "gate": {
    "pass": false,
    "reason": "aki is 0.81x Redis, below the 2.0x bar",
    "required_speedup": 2,
    "speedup_vs_redis": 0.8087598978311004,
    "speedup_vs_valkey": 0.4243350062568019,
    "tail_regressed_vs_redis": true,
    "tail_regressed_vs_valkey": true
  },
  "generator_bound": false
}
