{
  "workload": "get",
  "cell": {
    "keyspace": 1000000,
    "value_size": 64,
    "dist": "uniform",
    "pipeline": 16,
    "connections": 50
  },
  "timestamp": "2026-07-11T03:56:42.562478883Z",
  "aki": {
    "target": "aki",
    "version": "unknown",
    "workload": "get",
    "skipped": false,
    "ops": 25534816,
    "errors": 0,
    "ops_per_sec": 3191770.338954849,
    "min_us": 14.586,
    "p50_us": 227.327,
    "p99_us": 556.031,
    "p999_us": 819.199,
    "nil_replies": 0,
    "err_replies": 0,
    "hit_ratio": 1,
    "value_ops_per_sec": 3191770.338954849,
    "bytes_per_sec": 321695143.0949758,
    "resp_ver": 2,
    "used_memory": 113449984,
    "bytes_per_key": 113.449984,
    "distinct_keys_est": 1000000,
    "key_draws": 25534816
  },
  "redis": {
    "target": "redis",
    "version": "redis 8.8.0",
    "workload": "get",
    "skipped": false,
    "ops": 26523968,
    "errors": 0,
    "ops_per_sec": 3315387.4915116373,
    "min_us": 20.678,
    "p50_us": 220.415,
    "p99_us": 516.351,
    "p999_us": 707.071,
    "nil_replies": 0,
    "err_replies": 0,
    "hit_ratio": 1,
    "value_ops_per_sec": 3315387.4915116373,
    "bytes_per_sec": 334154392.91941273,
    "resp_ver": 2,
    "used_memory": 127510080,
    "bytes_per_key": 127.51008,
    "distinct_keys_est": 1000000,
    "key_draws": 26523968,
    "server_hits": 36019296,
    "maxmemory_policy": "noeviction"
  },
  "valkey": {
    "target": "valkey",
    "version": "valkey 9.1.0",
    "workload": "get",
    "skipped": false,
    "ops": 30437872,
    "errors": 0,
    "ops_per_sec": 3804586.013493406,
    "min_us": 14.69,
    "p50_us": 198.271,
    "p99_us": 422.143,
    "p999_us": 655.359,
    "nil_replies": 0,
    "err_replies": 0,
    "hit_ratio": 1,
    "value_ops_per_sec": 3804586.013493406,
    "bytes_per_sec": 383460215.84591675,
    "resp_ver": 2,
    "used_memory": 115083728,
    "bytes_per_key": 115.083728,
    "distinct_keys_est": 1000000,
    "key_draws": 30437872,
    "server_hits": 41878720,
    "maxmemory_policy": "noeviction"
  },
  "gate": {
    "pass": false,
    "reason": "aki is 0.96x Redis, below the 2.0x bar",
    "required_speedup": 2,
    "speedup_vs_redis": 0.9627141162614372,
    "speedup_vs_valkey": 0.8389271073475182,
    "tail_regressed_vs_redis": true,
    "tail_regressed_vs_valkey": true
  },
  "generator_bound": false
}
