{
  "workload": "get",
  "cell": {
    "keyspace": 1000000,
    "value_size": 1024,
    "dist": "uniform",
    "pipeline": 16,
    "connections": 512
  },
  "timestamp": "2026-07-11T03:41:02.581869733Z",
  "aki": {
    "target": "aki",
    "version": "unknown",
    "workload": "get",
    "skipped": false,
    "ops": 23219600,
    "errors": 0,
    "ops_per_sec": 2901962.7510227244,
    "min_us": 47.235,
    "p50_us": 2752.511,
    "p99_us": 5890.047,
    "p999_us": 8413.183,
    "nil_replies": 0,
    "err_replies": 0,
    "hit_ratio": 1,
    "value_ops_per_sec": 2901962.7510227244,
    "bytes_per_sec": 3084173085.69035,
    "resp_ver": 2,
    "used_memory": 1073449984,
    "bytes_per_key": 1073.449984,
    "distinct_keys_est": 1000000,
    "key_draws": 23219600
  },
  "redis": {
    "target": "redis",
    "version": "redis 8.8.0",
    "workload": "get",
    "skipped": false,
    "ops": 16819408,
    "errors": 0,
    "ops_per_sec": 2101340.018022656,
    "min_us": 117.604,
    "p50_us": 3878.911,
    "p99_us": 4485.119,
    "p999_us": 7536.639,
    "nil_replies": 0,
    "err_replies": 0,
    "hit_ratio": 1,
    "value_ops_per_sec": 2101340.018022656,
    "bytes_per_sec": 2233280452.487393,
    "resp_ver": 2,
    "used_memory": 1327502096,
    "bytes_per_key": 1327.502096,
    "distinct_keys_est": 1000000,
    "key_draws": 16819408,
    "server_hits": 23157904,
    "maxmemory_policy": "noeviction"
  },
  "valkey": {
    "target": "valkey",
    "version": "valkey 9.1.0",
    "workload": "get",
    "skipped": false,
    "ops": 15208736,
    "errors": 0,
    "ops_per_sec": 1900110.738162211,
    "min_us": 73.618,
    "p50_us": 4227.071,
    "p99_us": 5455.871,
    "p999_us": 8122.367,
    "nil_replies": 0,
    "err_replies": 0,
    "hit_ratio": 1,
    "value_ops_per_sec": 1900110.738162211,
    "bytes_per_sec": 2019416340.0707037,
    "resp_ver": 2,
    "used_memory": 1331091584,
    "bytes_per_key": 1331.091584,
    "distinct_keys_est": 1000000,
    "key_draws": 15208736,
    "server_hits": 20877040,
    "maxmemory_policy": "noeviction"
  },
  "gate": {
    "pass": false,
    "reason": "aki is 1.38x Redis, below the 2.0x bar",
    "required_speedup": 2,
    "speedup_vs_redis": 1.3810057992201794,
    "speedup_vs_valkey": 1.5272598026731357,
    "tail_regressed_vs_redis": true,
    "tail_regressed_vs_valkey": true
  },
  "generator_bound": false
}
