{
  "workload": "get",
  "cell": {
    "keyspace": 1000000,
    "value_size": 1024,
    "dist": "uniform",
    "pipeline": 1,
    "connections": 512
  },
  "timestamp": "2026-07-11T03:13:17.965613766Z",
  "aki": {
    "target": "aki",
    "version": "unknown",
    "workload": "get",
    "skipped": false,
    "ops": 7794046,
    "errors": 0,
    "ops_per_sec": 974183.8603455718,
    "min_us": 15.746,
    "p50_us": 493.311,
    "p99_us": 1120.255,
    "p999_us": 1814.527,
    "nil_replies": 0,
    "err_replies": 0,
    "hit_ratio": 1,
    "value_ops_per_sec": 974183.8603455718,
    "bytes_per_sec": 1035351869.4676306,
    "resp_ver": 2,
    "used_memory": 1073449984,
    "bytes_per_key": 1073.449984,
    "distinct_keys_est": 999586,
    "key_draws": 7794046
  },
  "redis": {
    "target": "redis",
    "version": "redis 8.8.0",
    "workload": "get",
    "skipped": false,
    "ops": 8430780,
    "errors": 0,
    "ops_per_sec": 1053791.411425231,
    "min_us": 23.427,
    "p50_us": 463.871,
    "p99_us": 914.431,
    "p999_us": 1425.407,
    "nil_replies": 0,
    "err_replies": 0,
    "hit_ratio": 1,
    "value_ops_per_sec": 1053791.411425231,
    "bytes_per_sec": 1119957769.0627627,
    "resp_ver": 2,
    "used_memory": 1327502056,
    "bytes_per_key": 1327.502056,
    "distinct_keys_est": 999798,
    "key_draws": 8430780,
    "server_hits": 11550690,
    "maxmemory_policy": "noeviction"
  },
  "valkey": {
    "target": "valkey",
    "version": "valkey 9.1.0",
    "workload": "get",
    "skipped": false,
    "ops": 7965872,
    "errors": 0,
    "ops_per_sec": 995674.5337118519,
    "min_us": 11.849,
    "p50_us": 499.967,
    "p99_us": 966.655,
    "p999_us": 1504.255,
    "nil_replies": 0,
    "err_replies": 0,
    "hit_ratio": 1,
    "value_ops_per_sec": 995674.5337118519,
    "bytes_per_sec": 1058191925.5090709,
    "resp_ver": 2,
    "used_memory": 1331076992,
    "bytes_per_key": 1331.076992,
    "distinct_keys_est": 999658,
    "key_draws": 7965872,
    "server_hits": 10834381,
    "maxmemory_policy": "noeviction"
  },
  "gate": {
    "pass": false,
    "reason": "aki is 0.92x Redis, below the 2.0x bar",
    "required_speedup": 2,
    "speedup_vs_redis": 0.924456063869422,
    "speedup_vs_valkey": 0.9784159656206497,
    "tail_regressed_vs_redis": true,
    "tail_regressed_vs_valkey": true
  },
  "generator_bound": false
}
