{
  "workload": "get",
  "cell": {
    "keyspace": 1000000,
    "value_size": 64,
    "dist": "uniform",
    "pipeline": 16,
    "connections": 512
  },
  "timestamp": "2026-07-11T03:29:52.695506387Z",
  "aki": {
    "target": "aki",
    "version": "unknown",
    "workload": "get",
    "skipped": false,
    "ops": 56302544,
    "errors": 0,
    "ops_per_sec": 7036809.520523167,
    "min_us": 30.482,
    "p50_us": 1053.695,
    "p99_us": 2691.071,
    "p999_us": 4399.103,
    "nil_replies": 0,
    "err_replies": 0,
    "hit_ratio": 1,
    "value_ops_per_sec": 7036809.520523167,
    "bytes_per_sec": 709232051.7471578,
    "resp_ver": 2,
    "used_memory": 113449984,
    "bytes_per_key": 113.449984,
    "distinct_keys_est": 1000000,
    "key_draws": 56302544
  },
  "redis": {
    "target": "redis",
    "version": "redis 8.8.0",
    "workload": "get",
    "skipped": false,
    "ops": 37484240,
    "errors": 0,
    "ops_per_sec": 4684527.891063637,
    "min_us": 86.09,
    "p50_us": 1730.559,
    "p99_us": 2273.279,
    "p999_us": 5804.031,
    "nil_replies": 0,
    "err_replies": 0,
    "hit_ratio": 1,
    "value_ops_per_sec": 4684527.891063637,
    "bytes_per_sec": 472148279.1962811,
    "resp_ver": 2,
    "used_memory": 127514112,
    "bytes_per_key": 127.514112,
    "distinct_keys_est": 1000000,
    "key_draws": 37484240,
    "server_hits": 51574224,
    "maxmemory_policy": "noeviction"
  },
  "valkey": {
    "target": "valkey",
    "version": "valkey 9.1.0",
    "workload": "get",
    "skipped": false,
    "ops": 31624576,
    "errors": 0,
    "ops_per_sec": 3952233.205196132,
    "min_us": 34.553,
    "p50_us": 2038.783,
    "p99_us": 2750.463,
    "p999_us": 3637.247,
    "nil_replies": 0,
    "err_replies": 0,
    "hit_ratio": 1,
    "value_ops_per_sec": 3952233.205196132,
    "bytes_per_sec": 398340896.36674875,
    "resp_ver": 2,
    "used_memory": 115089360,
    "bytes_per_key": 115.08936,
    "distinct_keys_est": 1000000,
    "key_draws": 31624576,
    "server_hits": 43630624,
    "maxmemory_policy": "noeviction"
  },
  "gate": {
    "pass": false,
    "reason": "aki is 1.50x Redis, below the 2.0x bar",
    "required_speedup": 2,
    "speedup_vs_redis": 1.5021384617960802,
    "speedup_vs_valkey": 1.7804641465163646,
    "tail_regressed_vs_redis": true,
    "tail_regressed_vs_valkey": false
  },
  "generator_bound": false
}
