{
  "workload": "get",
  "cell": {
    "keyspace": 1000000,
    "value_size": 1024,
    "dist": "uniform",
    "pipeline": 16,
    "connections": 512
  },
  "timestamp": "2026-07-11T03:44:23.2135219Z",
  "aki": {
    "target": "aki",
    "version": "unknown",
    "workload": "get",
    "skipped": false,
    "ops": 28416928,
    "errors": 0,
    "ops_per_sec": 3551364.790459968,
    "min_us": 46.993,
    "p50_us": 2138.111,
    "p99_us": 4440.063,
    "p999_us": 6635.519,
    "nil_replies": 0,
    "err_replies": 0,
    "hit_ratio": 1,
    "value_ops_per_sec": 3551364.790459968,
    "bytes_per_sec": 3774350436.7251706,
    "resp_ver": 2,
    "used_memory": 1073449984,
    "bytes_per_key": 1073.449984,
    "distinct_keys_est": 1000000,
    "key_draws": 28416928
  },
  "redis": {
    "target": "redis",
    "version": "redis 8.8.0",
    "workload": "get",
    "skipped": false,
    "ops": 16671728,
    "errors": 0,
    "ops_per_sec": 2082933.7128927934,
    "min_us": 74.2,
    "p50_us": 3907.583,
    "p99_us": 5046.271,
    "p999_us": 8544.255,
    "nil_replies": 0,
    "err_replies": 0,
    "hit_ratio": 1,
    "value_ops_per_sec": 2082933.7128927934,
    "bytes_per_sec": 2213718459.1543875,
    "resp_ver": 2,
    "used_memory": 1327502856,
    "bytes_per_key": 1327.502856,
    "distinct_keys_est": 1000000,
    "key_draws": 16671728,
    "server_hits": 22905536,
    "maxmemory_policy": "noeviction"
  },
  "valkey": {
    "target": "valkey",
    "version": "valkey 9.1.0",
    "workload": "get",
    "skipped": false,
    "ops": 13987152,
    "errors": 0,
    "ops_per_sec": 1747375.2190891383,
    "min_us": 65.894,
    "p50_us": 4653.055,
    "p99_us": 5697.535,
    "p999_us": 7962.623,
    "nil_replies": 0,
    "err_replies": 0,
    "hit_ratio": 1,
    "value_ops_per_sec": 1747375.2190891383,
    "bytes_per_sec": 1857090808.1856494,
    "resp_ver": 2,
    "used_memory": 1331091584,
    "bytes_per_key": 1331.091584,
    "distinct_keys_est": 1000000,
    "key_draws": 13987152,
    "server_hits": 19348512,
    "maxmemory_policy": "noeviction"
  },
  "gate": {
    "pass": false,
    "reason": "aki is 1.70x Redis, below the 2.0x bar",
    "required_speedup": 2,
    "speedup_vs_redis": 1.7049821453644856,
    "speedup_vs_valkey": 2.032399653871252,
    "tail_regressed_vs_redis": false,
    "tail_regressed_vs_valkey": false
  },
  "generator_bound": false
}
