{
  "workload": "get",
  "cell": {
    "keyspace": 1000000,
    "value_size": 64,
    "dist": "uniform",
    "pipeline": 1,
    "connections": 512
  },
  "timestamp": "2026-07-11T03:00:44.222112102Z",
  "aki": {
    "target": "aki",
    "version": "unknown",
    "workload": "get",
    "skipped": false,
    "ops": 5500367,
    "errors": 0,
    "ops_per_sec": 687499.9649554653,
    "min_us": 7.793,
    "p50_us": 614.911,
    "p99_us": 3012.607,
    "p999_us": 5656.575,
    "nil_replies": 0,
    "err_replies": 0,
    "hit_ratio": 1,
    "value_ops_per_sec": 687499.9649554653,
    "bytes_per_sec": 69292598.01156685,
    "resp_ver": 2,
    "used_memory": 113449984,
    "bytes_per_key": 113.449984,
    "distinct_keys_est": 995877,
    "key_draws": 5500367
  },
  "redis": {
    "target": "redis",
    "version": "redis 8.8.0",
    "workload": "get",
    "skipped": false,
    "ops": 8928225,
    "errors": 0,
    "ops_per_sec": 1115978.6987219257,
    "min_us": 34.228,
    "p50_us": 443.135,
    "p99_us": 890.879,
    "p999_us": 1332.223,
    "nil_replies": 0,
    "err_replies": 0,
    "hit_ratio": 1,
    "value_ops_per_sec": 1115978.6987219257,
    "bytes_per_sec": 112478229.13141112,
    "resp_ver": 2,
    "used_memory": 127514128,
    "bytes_per_key": 127.514128,
    "distinct_keys_est": 999872,
    "key_draws": 8928225,
    "server_hits": 12233103,
    "maxmemory_policy": "noeviction"
  },
  "valkey": {
    "target": "valkey",
    "version": "valkey 9.1.0",
    "workload": "get",
    "skipped": false,
    "ops": 8296567,
    "errors": 0,
    "ops_per_sec": 1036986.4202334702,
    "min_us": 7.696,
    "p50_us": 481.279,
    "p99_us": 925.695,
    "p999_us": 1346.559,
    "nil_replies": 0,
    "err_replies": 0,
    "hit_ratio": 1,
    "value_ops_per_sec": 1036986.4202334702,
    "bytes_per_sec": 104516704.89826132,
    "resp_ver": 2,
    "used_memory": 115077840,
    "bytes_per_key": 115.07784,
    "distinct_keys_est": 999764,
    "key_draws": 8296567,
    "server_hits": 11263759,
    "maxmemory_policy": "noeviction"
  },
  "gate": {
    "pass": false,
    "reason": "aki is 0.62x Redis, below the 2.0x bar",
    "required_speedup": 2,
    "speedup_vs_redis": 0.6160511537924733,
    "speedup_vs_valkey": 0.6629787541486605,
    "tail_regressed_vs_redis": true,
    "tail_regressed_vs_valkey": true
  },
  "generator_bound": false
}
