{
  "workload": "get",
  "cell": {
    "keyspace": 1000000,
    "value_size": 64,
    "dist": "uniform",
    "pipeline": 16,
    "connections": 512
  },
  "timestamp": "2026-07-11T03:26:48.98546573Z",
  "aki": {
    "target": "aki",
    "version": "unknown",
    "workload": "get",
    "skipped": false,
    "ops": 55341088,
    "errors": 0,
    "ops_per_sec": 6916976.011546127,
    "min_us": 30.414,
    "p50_us": 1085.439,
    "p99_us": 2592.767,
    "p999_us": 3784.703,
    "nil_replies": 0,
    "err_replies": 0,
    "hit_ratio": 1,
    "value_ops_per_sec": 6916976.011546127,
    "bytes_per_sec": 697154104.2682757,
    "resp_ver": 2,
    "used_memory": 113449984,
    "bytes_per_key": 113.449984,
    "distinct_keys_est": 1000000,
    "key_draws": 55341088
  },
  "redis": {
    "target": "redis",
    "version": "redis 8.8.0",
    "workload": "get",
    "skipped": false,
    "ops": 37838464,
    "errors": 0,
    "ops_per_sec": 4728826.906144059,
    "min_us": 51.516,
    "p50_us": 1717.247,
    "p99_us": 2248.703,
    "p999_us": 3747.839,
    "nil_replies": 0,
    "err_replies": 0,
    "hit_ratio": 1,
    "value_ops_per_sec": 4728826.906144059,
    "bytes_per_sec": 476613123.9081463,
    "resp_ver": 2,
    "used_memory": 127513352,
    "bytes_per_key": 127.513352,
    "distinct_keys_est": 1000000,
    "key_draws": 37838464,
    "server_hits": 52068656,
    "maxmemory_policy": "noeviction"
  },
  "valkey": {
    "target": "valkey",
    "version": "valkey 9.1.0",
    "workload": "get",
    "skipped": false,
    "ops": 31627088,
    "errors": 0,
    "ops_per_sec": 3952307.485440681,
    "min_us": 27.031,
    "p50_us": 2039.807,
    "p99_us": 2680.831,
    "p999_us": 4390.911,
    "nil_replies": 0,
    "err_replies": 0,
    "hit_ratio": 1,
    "value_ops_per_sec": 3952307.485440681,
    "bytes_per_sec": 398348374.2993373,
    "resp_ver": 2,
    "used_memory": 115089360,
    "bytes_per_key": 115.08936,
    "distinct_keys_est": 1000000,
    "key_draws": 31627088,
    "server_hits": 43636160,
    "maxmemory_policy": "noeviction"
  },
  "gate": {
    "pass": false,
    "reason": "aki is 1.46x Redis, below the 2.0x bar",
    "required_speedup": 2,
    "speedup_vs_redis": 1.4627255657336609,
    "speedup_vs_valkey": 1.7501107990778926,
    "tail_regressed_vs_redis": true,
    "tail_regressed_vs_valkey": false
  },
  "generator_bound": false
}
