{
  "workload": "get",
  "cell": {
    "keyspace": 1000000,
    "value_size": 64,
    "dist": "uniform",
    "pipeline": 1,
    "connections": 50
  },
  "timestamp": "2026-07-11T04:23:50.005333967Z",
  "aki": {
    "target": "aki",
    "version": "unknown",
    "workload": "get",
    "skipped": false,
    "ops": 2203747,
    "errors": 0,
    "ops_per_sec": 275460.67921397666,
    "min_us": 8.971,
    "p50_us": 167.039,
    "p99_us": 454.655,
    "p999_us": 626.687,
    "nil_replies": 0,
    "err_replies": 0,
    "hit_ratio": 1,
    "value_ops_per_sec": 275460.67921397666,
    "bytes_per_sec": 27763505.096665043,
    "resp_ver": 2,
    "used_memory": 113449984,
    "bytes_per_key": 113.449984,
    "distinct_keys_est": 889563,
    "key_draws": 2203747
  },
  "redis": {
    "target": "redis",
    "version": "redis 8.8.0",
    "workload": "get",
    "skipped": false,
    "ops": 2688637,
    "errors": 0,
    "ops_per_sec": 336069.65809813235,
    "min_us": 8.168,
    "p50_us": 144.127,
    "p99_us": 372.479,
    "p999_us": 545.279,
    "nil_replies": 0,
    "err_replies": 0,
    "hit_ratio": 1,
    "value_ops_per_sec": 336069.65809813235,
    "bytes_per_sec": 33872302.81564732,
    "resp_ver": 2,
    "used_memory": 127513216,
    "bytes_per_key": 127.513216,
    "distinct_keys_est": 931897,
    "key_draws": 2688637,
    "server_hits": 3652435,
    "maxmemory_policy": "noeviction"
  },
  "valkey": {
    "target": "valkey",
    "version": "valkey 9.1.0",
    "workload": "get",
    "skipped": false,
    "ops": 5412775,
    "errors": 0,
    "ops_per_sec": 676595.3453870729,
    "min_us": 5.842,
    "p50_us": 44.735,
    "p99_us": 318.463,
    "p999_us": 526.847,
    "nil_replies": 0,
    "err_replies": 0,
    "hit_ratio": 1,
    "value_ops_per_sec": 676595.3453870729,
    "bytes_per_sec": 68193374.95682757,
    "resp_ver": 2,
    "used_memory": 115084496,
    "bytes_per_key": 115.084496,
    "distinct_keys_est": 995567,
    "key_draws": 5412775,
    "server_hits": 7352020,
    "maxmemory_policy": "noeviction"
  },
  "gate": {
    "pass": false,
    "reason": "aki is 0.82x Redis, below the 2.0x bar",
    "required_speedup": 2,
    "speedup_vs_redis": 0.8196535229417888,
    "speedup_vs_valkey": 0.4071276592309227,
    "tail_regressed_vs_redis": true,
    "tail_regressed_vs_valkey": true
  },
  "generator_bound": false
}
