{
  "workload": "get",
  "cell": {
    "keyspace": 1000000,
    "value_size": 1024,
    "dist": "uniform",
    "pipeline": 1,
    "connections": 512
  },
  "timestamp": "2026-07-11T03:15:18.823040177Z",
  "aki": {
    "target": "aki",
    "version": "unknown",
    "workload": "get",
    "skipped": false,
    "ops": 7749912,
    "errors": 0,
    "ops_per_sec": 968696.3630717534,
    "min_us": 33.655,
    "p50_us": 496.639,
    "p99_us": 1121.279,
    "p999_us": 1819.647,
    "nil_replies": 0,
    "err_replies": 0,
    "hit_ratio": 1,
    "value_ops_per_sec": 968696.3630717534,
    "bytes_per_sec": 1029519871.315244,
    "resp_ver": 2,
    "used_memory": 1073449984,
    "bytes_per_key": 1073.449984,
    "distinct_keys_est": 999572,
    "key_draws": 7749912
  },
  "redis": {
    "target": "redis",
    "version": "redis 8.8.0",
    "workload": "get",
    "skipped": false,
    "ops": 8441207,
    "errors": 0,
    "ops_per_sec": 1055077.5784968524,
    "min_us": 16.058,
    "p50_us": 465.151,
    "p99_us": 906.239,
    "p999_us": 1331.199,
    "nil_replies": 0,
    "err_replies": 0,
    "hit_ratio": 1,
    "value_ops_per_sec": 1055077.5784968524,
    "bytes_per_sec": 1121324686.2937121,
    "resp_ver": 2,
    "used_memory": 1327502512,
    "bytes_per_key": 1327.502512,
    "distinct_keys_est": 999795,
    "key_draws": 8441207,
    "server_hits": 11580042,
    "maxmemory_policy": "noeviction"
  },
  "valkey": {
    "target": "valkey",
    "version": "valkey 9.1.0",
    "workload": "get",
    "skipped": false,
    "ops": 7981990,
    "errors": 0,
    "ops_per_sec": 997687.0552772976,
    "min_us": 9.61,
    "p50_us": 499.711,
    "p99_us": 955.903,
    "p999_us": 1539.071,
    "nil_replies": 0,
    "err_replies": 0,
    "hit_ratio": 1,
    "value_ops_per_sec": 997687.0552772976,
    "bytes_per_sec": 1060330788.2797972,
    "resp_ver": 2,
    "used_memory": 1331076992,
    "bytes_per_key": 1331.076992,
    "distinct_keys_est": 999662,
    "key_draws": 7981990,
    "server_hits": 10848344,
    "maxmemory_policy": "noeviction"
  },
  "gate": {
    "pass": false,
    "reason": "aki is 0.92x Redis, below the 2.0x bar",
    "required_speedup": 2,
    "speedup_vs_redis": 0.9181280910659058,
    "speedup_vs_valkey": 0.9709420984744696,
    "tail_regressed_vs_redis": true,
    "tail_regressed_vs_valkey": true
  },
  "generator_bound": false
}
