{
  "workload": "get",
  "cell": {
    "keyspace": 1000000,
    "value_size": 1024,
    "dist": "uniform",
    "pipeline": 1,
    "connections": 50
  },
  "timestamp": "2026-07-11T04:36:16.984881666Z",
  "aki": {
    "target": "aki",
    "version": "unknown",
    "workload": "get",
    "skipped": false,
    "ops": 2164707,
    "errors": 0,
    "ops_per_sec": 270581.01032606093,
    "min_us": 9.18,
    "p50_us": 170.367,
    "p99_us": 462.079,
    "p999_us": 634.879,
    "nil_replies": 0,
    "err_replies": 0,
    "hit_ratio": 1,
    "value_ops_per_sec": 270581.01032606093,
    "bytes_per_sec": 287570628.9026225,
    "resp_ver": 2,
    "used_memory": 1073449984,
    "bytes_per_key": 1073.449984,
    "distinct_keys_est": 885278,
    "key_draws": 2164707
  },
  "redis": {
    "target": "redis",
    "version": "redis 8.8.0",
    "workload": "get",
    "skipped": false,
    "ops": 2629447,
    "errors": 0,
    "ops_per_sec": 328675.45493632596,
    "min_us": 10.234,
    "p50_us": 147.839,
    "p99_us": 371.199,
    "p999_us": 545.279,
    "nil_replies": 0,
    "err_replies": 0,
    "hit_ratio": 1,
    "value_ops_per_sec": 328675.45493632596,
    "bytes_per_sec": 349312834.98803055,
    "resp_ver": 2,
    "used_memory": 1327508960,
    "bytes_per_key": 1327.50896,
    "distinct_keys_est": 927824,
    "key_draws": 2629447,
    "server_hits": 3558521,
    "maxmemory_policy": "noeviction"
  },
  "valkey": {
    "target": "valkey",
    "version": "valkey 9.1.0",
    "workload": "get",
    "skipped": false,
    "ops": 5127483,
    "errors": 0,
    "ops_per_sec": 640930.0479099068,
    "min_us": 6.392,
    "p50_us": 48.543,
    "p99_us": 325.375,
    "p999_us": 557.055,
    "nil_replies": 0,
    "err_replies": 0,
    "hit_ratio": 1,
    "value_ops_per_sec": 640930.0479099068,
    "bytes_per_sec": 681173441.6769395,
    "resp_ver": 2,
    "used_memory": 1331079232,
    "bytes_per_key": 1331.079232,
    "distinct_keys_est": 994032,
    "key_draws": 5127483,
    "server_hits": 7005571,
    "maxmemory_policy": "noeviction"
  },
  "gate": {
    "pass": false,
    "reason": "aki is 0.82x Redis, below the 2.0x bar",
    "required_speedup": 2,
    "speedup_vs_redis": 0.8232467811704418,
    "speedup_vs_valkey": 0.42216933222031666,
    "tail_regressed_vs_redis": true,
    "tail_regressed_vs_valkey": true
  },
  "generator_bound": false
}
