{
  "workload": "get",
  "cell": {
    "keyspace": 1000000,
    "value_size": 1024,
    "dist": "uniform",
    "pipeline": 1,
    "connections": 50
  },
  "timestamp": "2026-07-11T04:32:17.448214504Z",
  "aki": {
    "target": "aki",
    "version": "unknown",
    "workload": "get",
    "skipped": false,
    "ops": 2187256,
    "errors": 0,
    "ops_per_sec": 273402.1499483857,
    "min_us": 10.007,
    "p50_us": 169.343,
    "p99_us": 451.327,
    "p999_us": 611.839,
    "nil_replies": 0,
    "err_replies": 0,
    "hit_ratio": 1,
    "value_ops_per_sec": 273402.1499483857,
    "bytes_per_sec": 290568914.0414282,
    "resp_ver": 2,
    "used_memory": 1073449984,
    "bytes_per_key": 1073.449984,
    "distinct_keys_est": 887783,
    "key_draws": 2187256
  },
  "redis": {
    "target": "redis",
    "version": "redis 8.8.0",
    "workload": "get",
    "skipped": false,
    "ops": 2626717,
    "errors": 0,
    "ops_per_sec": 328333.51015774853,
    "min_us": 9.513,
    "p50_us": 147.199,
    "p99_us": 379.647,
    "p999_us": 562.687,
    "nil_replies": 0,
    "err_replies": 0,
    "hit_ratio": 1,
    "value_ops_per_sec": 328333.51015774853,
    "bytes_per_sec": 348949416.4596865,
    "resp_ver": 2,
    "used_memory": 1327508048,
    "bytes_per_key": 1327.508048,
    "distinct_keys_est": 927615,
    "key_draws": 2626717,
    "server_hits": 3573639,
    "maxmemory_policy": "noeviction"
  },
  "valkey": {
    "target": "valkey",
    "version": "valkey 9.1.0",
    "workload": "get",
    "skipped": false,
    "ops": 4994020,
    "errors": 0,
    "ops_per_sec": 624243.6011733739,
    "min_us": 6.425,
    "p50_us": 50.559,
    "p99_us": 329.215,
    "p999_us": 561.151,
    "nil_replies": 0,
    "err_replies": 0,
    "hit_ratio": 1,
    "value_ops_per_sec": 624243.6011733739,
    "bytes_per_sec": 663439345.7983359,
    "resp_ver": 2,
    "used_memory": 1331079232,
    "bytes_per_key": 1331.079232,
    "distinct_keys_est": 993226,
    "key_draws": 4994020,
    "server_hits": 6789284,
    "maxmemory_policy": "noeviction"
  },
  "gate": {
    "pass": false,
    "reason": "aki is 0.83x Redis, below the 2.0x bar",
    "required_speedup": 2,
    "speedup_vs_redis": 0.8326964549461585,
    "speedup_vs_valkey": 0.4379734921342871,
    "tail_regressed_vs_redis": true,
    "tail_regressed_vs_valkey": true
  },
  "generator_bound": false
}
