{
  "workload": "get",
  "cell": {
    "keyspace": 1000000,
    "value_size": 64,
    "dist": "uniform",
    "pipeline": 1,
    "connections": 512
  },
  "timestamp": "2026-07-11T03:00:07.424216437Z",
  "aki": {
    "target": "aki",
    "version": "unknown",
    "workload": "get",
    "skipped": false,
    "ops": 8263333,
    "errors": 0,
    "ops_per_sec": 1032878.8486181006,
    "min_us": 29.375,
    "p50_us": 468.223,
    "p99_us": 1040.895,
    "p999_us": 1496.063,
    "nil_replies": 0,
    "err_replies": 0,
    "hit_ratio": 1,
    "value_ops_per_sec": 1032878.8486181006,
    "bytes_per_sec": 104102721.43507908,
    "resp_ver": 2,
    "used_memory": 113449984,
    "bytes_per_key": 113.449984,
    "distinct_keys_est": 999757,
    "key_draws": 8263333
  },
  "redis": {
    "target": "redis",
    "version": "redis 8.8.0",
    "workload": "get",
    "skipped": false,
    "ops": 8771341,
    "errors": 0,
    "ops_per_sec": 1096355.2718495799,
    "min_us": 15.245,
    "p50_us": 451.327,
    "p99_us": 890.879,
    "p999_us": 1352.703,
    "nil_replies": 0,
    "err_replies": 0,
    "hit_ratio": 1,
    "value_ops_per_sec": 1096355.2718495799,
    "bytes_per_sec": 110500409.87137684,
    "resp_ver": 2,
    "used_memory": 127513976,
    "bytes_per_key": 127.513976,
    "distinct_keys_est": 999848,
    "key_draws": 8771341,
    "server_hits": 12039722,
    "maxmemory_policy": "noeviction"
  },
  "valkey": {
    "target": "valkey",
    "version": "valkey 9.1.0",
    "workload": "get",
    "skipped": false,
    "ops": 8302195,
    "errors": 0,
    "ops_per_sec": 1037699.4209331265,
    "min_us": 9.455,
    "p50_us": 481.535,
    "p99_us": 916.479,
    "p999_us": 1317.887,
    "nil_replies": 0,
    "err_replies": 0,
    "hit_ratio": 1,
    "value_ops_per_sec": 1037699.4209331265,
    "bytes_per_sec": 104588552.46426694,
    "resp_ver": 2,
    "used_memory": 115077840,
    "bytes_per_key": 115.07784,
    "distinct_keys_est": 999764,
    "key_draws": 8302195,
    "server_hits": 11306485,
    "maxmemory_policy": "noeviction"
  },
  "gate": {
    "pass": false,
    "reason": "aki is 0.94x Redis, below the 2.0x bar",
    "required_speedup": 2,
    "speedup_vs_redis": 0.942102323159907,
    "speedup_vs_valkey": 0.9953545581525997,
    "tail_regressed_vs_redis": true,
    "tail_regressed_vs_valkey": true
  },
  "generator_bound": false
}
