{
  "workload": "get",
  "cell": {
    "keyspace": 1000000,
    "value_size": 64,
    "dist": "uniform",
    "pipeline": 16,
    "connections": 50
  },
  "timestamp": "2026-07-11T03:53:40.378949002Z",
  "aki": {
    "target": "aki",
    "version": "unknown",
    "workload": "get",
    "skipped": false,
    "ops": 24731200,
    "errors": 0,
    "ops_per_sec": 3091237.2904067915,
    "min_us": 15.408,
    "p50_us": 235.903,
    "p99_us": 552.447,
    "p999_us": 755.711,
    "nil_replies": 0,
    "err_replies": 0,
    "hit_ratio": 1,
    "value_ops_per_sec": 3091237.2904067915,
    "bytes_per_sec": 311562497.04929596,
    "resp_ver": 2,
    "used_memory": 113449984,
    "bytes_per_key": 113.449984,
    "distinct_keys_est": 1000000,
    "key_draws": 24731200
  },
  "redis": {
    "target": "redis",
    "version": "redis 8.8.0",
    "workload": "get",
    "skipped": false,
    "ops": 26695904,
    "errors": 0,
    "ops_per_sec": 3336757.2619840493,
    "min_us": 19.138,
    "p50_us": 219.263,
    "p99_us": 514.303,
    "p999_us": 683.519,
    "nil_replies": 0,
    "err_replies": 0,
    "hit_ratio": 1,
    "value_ops_per_sec": 3336757.2619840493,
    "bytes_per_sec": 336308161.53951395,
    "resp_ver": 2,
    "used_memory": 127509320,
    "bytes_per_key": 127.50932,
    "distinct_keys_est": 1000000,
    "key_draws": 26695904,
    "server_hits": 36339104,
    "maxmemory_policy": "noeviction"
  },
  "valkey": {
    "target": "valkey",
    "version": "valkey 9.1.0",
    "workload": "get",
    "skipped": false,
    "ops": 30255008,
    "errors": 0,
    "ops_per_sec": 3781804.5111311493,
    "min_us": 13.902,
    "p50_us": 199.551,
    "p99_us": 425.983,
    "p999_us": 647.167,
    "nil_replies": 0,
    "err_replies": 0,
    "hit_ratio": 1,
    "value_ops_per_sec": 3781804.5111311493,
    "bytes_per_sec": 381164096.9621386,
    "resp_ver": 2,
    "used_memory": 115083728,
    "bytes_per_key": 115.083728,
    "distinct_keys_est": 1000000,
    "key_draws": 30255008,
    "server_hits": 41679888,
    "maxmemory_policy": "noeviction"
  },
  "gate": {
    "pass": false,
    "reason": "aki is 0.93x Redis, below the 2.0x bar",
    "required_speedup": 2,
    "speedup_vs_redis": 0.9264195887502854,
    "speedup_vs_valkey": 0.8173974305938392,
    "tail_regressed_vs_redis": true,
    "tail_regressed_vs_valkey": true
  },
  "generator_bound": false
}
