{
  "workload": "get",
  "cell": {
    "keyspace": 1000000,
    "value_size": 64,
    "dist": "uniform",
    "pipeline": 16,
    "connections": 512
  },
  "timestamp": "2026-07-11T03:30:29.398581069Z",
  "aki": {
    "target": "aki",
    "version": "unknown",
    "workload": "get",
    "skipped": false,
    "ops": 54168912,
    "errors": 0,
    "ops_per_sec": 6770359.2970473245,
    "min_us": 25.673,
    "p50_us": 1105.919,
    "p99_us": 2701.311,
    "p999_us": 3989.503,
    "nil_replies": 0,
    "err_replies": 0,
    "hit_ratio": 1,
    "value_ops_per_sec": 6770359.2970473245,
    "bytes_per_sec": 682376783.8510419,
    "resp_ver": 2,
    "used_memory": 113449984,
    "bytes_per_key": 113.449984,
    "distinct_keys_est": 1000000,
    "key_draws": 54168912
  },
  "redis": {
    "target": "redis",
    "version": "redis 8.8.0",
    "workload": "get",
    "skipped": false,
    "ops": 37338816,
    "errors": 0,
    "ops_per_sec": 4666242.940793281,
    "min_us": 69.51,
    "p50_us": 1737.727,
    "p99_us": 2234.367,
    "p999_us": 5595.135,
    "nil_replies": 0,
    "err_replies": 0,
    "hit_ratio": 1,
    "value_ops_per_sec": 4666242.940793281,
    "bytes_per_sec": 470305355.67519104,
    "resp_ver": 2,
    "used_memory": 127514264,
    "bytes_per_key": 127.514264,
    "distinct_keys_est": 1000000,
    "key_draws": 37338816,
    "server_hits": 51226160,
    "maxmemory_policy": "noeviction"
  },
  "valkey": {
    "target": "valkey",
    "version": "valkey 9.1.0",
    "workload": "get",
    "skipped": false,
    "ops": 31450288,
    "errors": 0,
    "ops_per_sec": 3930237.865006251,
    "min_us": 51.653,
    "p50_us": 2055.167,
    "p99_us": 2619.391,
    "p999_us": 3657.727,
    "nil_replies": 0,
    "err_replies": 0,
    "hit_ratio": 1,
    "value_ops_per_sec": 3930237.865006251,
    "bytes_per_sec": 396123992.7225163,
    "resp_ver": 2,
    "used_memory": 115089360,
    "bytes_per_key": 115.08936,
    "distinct_keys_est": 1000000,
    "key_draws": 31450288,
    "server_hits": 43281856,
    "maxmemory_policy": "noeviction"
  },
  "gate": {
    "pass": false,
    "reason": "aki is 1.45x Redis, below the 2.0x bar",
    "required_speedup": 2,
    "speedup_vs_redis": 1.4509230194294886,
    "speedup_vs_valkey": 1.722633471456964,
    "tail_regressed_vs_redis": true,
    "tail_regressed_vs_valkey": true
  },
  "generator_bound": false
}
