{
  "workload": "get",
  "cell": {
    "keyspace": 1000000,
    "value_size": 64,
    "dist": "uniform",
    "pipeline": 1,
    "connections": 512
  },
  "timestamp": "2026-07-11T02:59:30.707390342Z",
  "aki": {
    "target": "aki",
    "version": "unknown",
    "workload": "get",
    "skipped": false,
    "ops": 8277616,
    "errors": 0,
    "ops_per_sec": 1034645.5326680864,
    "min_us": 27.703,
    "p50_us": 468.479,
    "p99_us": 1011.199,
    "p999_us": 1448.959,
    "nil_replies": 0,
    "err_replies": 0,
    "hit_ratio": 1,
    "value_ops_per_sec": 1034645.5326680864,
    "bytes_per_sec": 104280777.97012112,
    "resp_ver": 2,
    "used_memory": 113449984,
    "bytes_per_key": 113.449984,
    "distinct_keys_est": 999761,
    "key_draws": 8277616
  },
  "redis": {
    "target": "redis",
    "version": "redis 8.8.0",
    "workload": "get",
    "skipped": false,
    "ops": 8676712,
    "errors": 0,
    "ops_per_sec": 1084525.527194561,
    "min_us": 27.337,
    "p50_us": 455.423,
    "p99_us": 904.703,
    "p999_us": 1373.183,
    "nil_replies": 0,
    "err_replies": 0,
    "hit_ratio": 1,
    "value_ops_per_sec": 1084525.527194561,
    "bytes_per_sec": 109308102.52265526,
    "resp_ver": 2,
    "used_memory": 127513824,
    "bytes_per_key": 127.513824,
    "distinct_keys_est": 999838,
    "key_draws": 8676712,
    "server_hits": 11897851,
    "maxmemory_policy": "noeviction"
  },
  "valkey": {
    "target": "valkey",
    "version": "valkey 9.1.0",
    "workload": "get",
    "skipped": false,
    "ops": 8181639,
    "errors": 0,
    "ops_per_sec": 1022652.4001487175,
    "min_us": 9.345,
    "p50_us": 487.935,
    "p99_us": 916.479,
    "p999_us": 1284.095,
    "nil_replies": 0,
    "err_replies": 0,
    "hit_ratio": 1,
    "value_ops_per_sec": 1022652.4001487175,
    "bytes_per_sec": 103072015.74219224,
    "resp_ver": 2,
    "used_memory": 115077840,
    "bytes_per_key": 115.07784,
    "distinct_keys_est": 999730,
    "key_draws": 8181639,
    "server_hits": 11164967,
    "maxmemory_policy": "noeviction"
  },
  "gate": {
    "pass": false,
    "reason": "aki is 0.95x Redis, below the 2.0x bar",
    "required_speedup": 2,
    "speedup_vs_redis": 0.9540075422147936,
    "speedup_vs_valkey": 1.0117274770172395,
    "tail_regressed_vs_redis": true,
    "tail_regressed_vs_valkey": true
  },
  "generator_bound": false
}
