{
  "workload": "get",
  "cell": {
    "keyspace": 1000000,
    "value_size": 1024,
    "dist": "uniform",
    "pipeline": 16,
    "connections": 512
  },
  "timestamp": "2026-07-11T03:43:03.279879769Z",
  "aki": {
    "target": "aki",
    "version": "unknown",
    "workload": "get",
    "skipped": false,
    "ops": 23188432,
    "errors": 0,
    "ops_per_sec": 2897775.560408993,
    "min_us": 43.098,
    "p50_us": 2746.367,
    "p99_us": 5902.335,
    "p999_us": 8486.911,
    "nil_replies": 0,
    "err_replies": 0,
    "hit_ratio": 1,
    "value_ops_per_sec": 2897775.560408993,
    "bytes_per_sec": 3079723014.7275233,
    "resp_ver": 2,
    "used_memory": 1073449984,
    "bytes_per_key": 1073.449984,
    "distinct_keys_est": 1000000,
    "key_draws": 23188432
  },
  "redis": {
    "target": "redis",
    "version": "redis 8.8.0",
    "workload": "get",
    "skipped": false,
    "ops": 16712320,
    "errors": 0,
    "ops_per_sec": 2087990.5292412152,
    "min_us": 95.518,
    "p50_us": 3905.535,
    "p99_us": 4460.543,
    "p999_us": 7983.103,
    "nil_replies": 0,
    "err_replies": 0,
    "hit_ratio": 1,
    "value_ops_per_sec": 2087990.5292412152,
    "bytes_per_sec": 2219092776.443359,
    "resp_ver": 2,
    "used_memory": 1327502552,
    "bytes_per_key": 1327.502552,
    "distinct_keys_est": 1000000,
    "key_draws": 16712320,
    "server_hits": 22961856,
    "maxmemory_policy": "noeviction"
  },
  "valkey": {
    "target": "valkey",
    "version": "valkey 9.1.0",
    "workload": "get",
    "skipped": false,
    "ops": 15079392,
    "errors": 0,
    "ops_per_sec": 1883893.6010980655,
    "min_us": 39.96,
    "p50_us": 4308.991,
    "p99_us": 5341.183,
    "p999_us": 8634.367,
    "nil_replies": 0,
    "err_replies": 0,
    "hit_ratio": 1,
    "value_ops_per_sec": 1883893.6010980655,
    "bytes_per_sec": 2002181016.8390229,
    "resp_ver": 2,
    "used_memory": 1331091584,
    "bytes_per_key": 1331.091584,
    "distinct_keys_est": 1000000,
    "key_draws": 15079392,
    "server_hits": 20748656,
    "maxmemory_policy": "noeviction"
  },
  "gate": {
    "pass": false,
    "reason": "aki is 1.39x Redis, below the 2.0x bar",
    "required_speedup": 2,
    "speedup_vs_redis": 1.3878298391813384,
    "speedup_vs_valkey": 1.5381843001748963,
    "tail_regressed_vs_redis": true,
    "tail_regressed_vs_valkey": true
  },
  "generator_bound": false
}
