{
  "workload": "get",
  "cell": {
    "keyspace": 1000000,
    "value_size": 1024,
    "dist": "uniform",
    "pipeline": 16,
    "connections": 512
  },
  "timestamp": "2026-07-11T03:39:41.802226826Z",
  "aki": {
    "target": "aki",
    "version": "unknown",
    "workload": "get",
    "skipped": false,
    "ops": 33688128,
    "errors": 0,
    "ops_per_sec": 4209884.060582149,
    "min_us": 43.313,
    "p50_us": 1759.231,
    "p99_us": 4108.287,
    "p999_us": 6574.079,
    "nil_replies": 0,
    "err_replies": 0,
    "hit_ratio": 1,
    "value_ops_per_sec": 4209884.060582149,
    "bytes_per_sec": 4474217829.035614,
    "resp_ver": 2,
    "used_memory": 1073449984,
    "bytes_per_key": 1073.449984,
    "distinct_keys_est": 1000000,
    "key_draws": 33688128
  },
  "redis": {
    "target": "redis",
    "version": "redis 8.8.0",
    "workload": "get",
    "skipped": false,
    "ops": 16930304,
    "errors": 0,
    "ops_per_sec": 2115213.853158696,
    "min_us": 96.325,
    "p50_us": 3854.335,
    "p99_us": 5046.271,
    "p999_us": 7761.919,
    "nil_replies": 0,
    "err_replies": 0,
    "hit_ratio": 1,
    "value_ops_per_sec": 2115213.853158696,
    "bytes_per_sec": 2248025458.335761,
    "resp_ver": 2,
    "used_memory": 1327501792,
    "bytes_per_key": 1327.501792,
    "distinct_keys_est": 1000000,
    "key_draws": 16930304,
    "server_hits": 23261920,
    "maxmemory_policy": "noeviction"
  },
  "valkey": {
    "target": "valkey",
    "version": "valkey 9.1.0",
    "workload": "get",
    "skipped": false,
    "ops": 14823952,
    "errors": 0,
    "ops_per_sec": 1851831.6460160918,
    "min_us": 72.352,
    "p50_us": 4423.679,
    "p99_us": 5361.663,
    "p999_us": 7536.639,
    "nil_replies": 0,
    "err_replies": 0,
    "hit_ratio": 1,
    "value_ops_per_sec": 1851831.6460160918,
    "bytes_per_sec": 1968105945.1965308,
    "resp_ver": 2,
    "used_memory": 1331091584,
    "bytes_per_key": 1331.091584,
    "distinct_keys_est": 1000000,
    "key_draws": 14823952,
    "server_hits": 20206352,
    "maxmemory_policy": "noeviction"
  },
  "gate": {
    "pass": false,
    "reason": "aki is 1.99x Redis, below the 2.0x bar",
    "required_speedup": 2,
    "speedup_vs_redis": 1.990287674362304,
    "speedup_vs_valkey": 2.273362197713283,
    "tail_regressed_vs_redis": false,
    "tail_regressed_vs_valkey": false
  },
  "generator_bound": false
}
