{
  "workload": "get",
  "cell": {
    "keyspace": 1000000,
    "value_size": 1024,
    "dist": "uniform",
    "pipeline": 1,
    "connections": 512
  },
  "timestamp": "2026-07-11T03:16:39.532435948Z",
  "aki": {
    "target": "aki",
    "version": "unknown",
    "workload": "get",
    "skipped": false,
    "ops": 7959127,
    "errors": 0,
    "ops_per_sec": 994826.8077805188,
    "min_us": 22.211,
    "p50_us": 488.191,
    "p99_us": 1049.599,
    "p999_us": 1658.879,
    "nil_replies": 0,
    "err_replies": 0,
    "hit_ratio": 1,
    "value_ops_per_sec": 994826.8077805188,
    "bytes_per_sec": 1057290936.8171848,
    "resp_ver": 2,
    "used_memory": 1073449984,
    "bytes_per_key": 1073.449984,
    "distinct_keys_est": 999661,
    "key_draws": 7959127
  },
  "redis": {
    "target": "redis",
    "version": "redis 8.8.0",
    "workload": "get",
    "skipped": false,
    "ops": 8558357,
    "errors": 0,
    "ops_per_sec": 1069737.029823446,
    "min_us": 23.194,
    "p50_us": 460.031,
    "p99_us": 885.247,
    "p999_us": 1418.239,
    "nil_replies": 0,
    "err_replies": 0,
    "hit_ratio": 1,
    "value_ops_per_sec": 1069737.029823446,
    "bytes_per_sec": 1136904622.3616798,
    "resp_ver": 2,
    "used_memory": 1327502816,
    "bytes_per_key": 1327.502816,
    "distinct_keys_est": 999822,
    "key_draws": 8558357,
    "server_hits": 11695147,
    "maxmemory_policy": "noeviction"
  },
  "valkey": {
    "target": "valkey",
    "version": "valkey 9.1.0",
    "workload": "get",
    "skipped": false,
    "ops": 7965953,
    "errors": 0,
    "ops_per_sec": 995650.6768367059,
    "min_us": 10.806,
    "p50_us": 500.223,
    "p99_us": 962.047,
    "p999_us": 1540.095,
    "nil_replies": 0,
    "err_replies": 0,
    "hit_ratio": 1,
    "value_ops_per_sec": 995650.6768367059,
    "bytes_per_sec": 1058166551.0733701,
    "resp_ver": 2,
    "used_memory": 1331076992,
    "bytes_per_key": 1331.076992,
    "distinct_keys_est": 999657,
    "key_draws": 7965953,
    "server_hits": 10823927,
    "maxmemory_policy": "noeviction"
  },
  "gate": {
    "pass": false,
    "reason": "aki is 0.93x Redis, below the 2.0x bar",
    "required_speedup": 2,
    "speedup_vs_redis": 0.9299732364548596,
    "speedup_vs_valkey": 0.9991725320181526,
    "tail_regressed_vs_redis": true,
    "tail_regressed_vs_valkey": true
  },
  "generator_bound": false
}
