{
  "workload": "get",
  "cell": {
    "keyspace": 1000000,
    "value_size": 1024,
    "dist": "uniform",
    "pipeline": 16,
    "connections": 50
  },
  "timestamp": "2026-07-11T04:06:54.784657934Z",
  "aki": {
    "target": "aki",
    "version": "unknown",
    "workload": "get",
    "skipped": false,
    "ops": 21054272,
    "errors": 0,
    "ops_per_sec": 2631684.8371284553,
    "min_us": 19.258,
    "p50_us": 275.967,
    "p99_us": 660.991,
    "p999_us": 1076.223,
    "nil_replies": 0,
    "err_replies": 0,
    "hit_ratio": 1,
    "value_ops_per_sec": 2631684.8371284553,
    "bytes_per_sec": 2796925586.0450706,
    "resp_ver": 2,
    "used_memory": 1073449984,
    "bytes_per_key": 1073.449984,
    "distinct_keys_est": 1000000,
    "key_draws": 21054272
  },
  "redis": {
    "target": "redis",
    "version": "redis 8.8.0",
    "workload": "get",
    "skipped": false,
    "ops": 16470832,
    "errors": 0,
    "ops_per_sec": 2058742.9346788172,
    "min_us": 37.219,
    "p50_us": 375.551,
    "p99_us": 703.999,
    "p999_us": 1150.975,
    "nil_replies": 0,
    "err_replies": 0,
    "hit_ratio": 1,
    "value_ops_per_sec": 2058742.9346788172,
    "bytes_per_sec": 2188009490.8654857,
    "resp_ver": 2,
    "used_memory": 1327505336,
    "bytes_per_key": 1327.505336,
    "distinct_keys_est": 1000000,
    "key_draws": 16470832,
    "server_hits": 22614288,
    "maxmemory_policy": "noeviction"
  },
  "valkey": {
    "target": "valkey",
    "version": "valkey 9.1.0",
    "workload": "get",
    "skipped": false,
    "ops": 17021360,
    "errors": 0,
    "ops_per_sec": 2127577.6112719662,
    "min_us": 23.846,
    "p50_us": 363.775,
    "p99_us": 590.847,
    "p999_us": 1102.847,
    "nil_replies": 0,
    "err_replies": 0,
    "hit_ratio": 1,
    "value_ops_per_sec": 2127577.6112719662,
    "bytes_per_sec": 2261166195.02121,
    "resp_ver": 2,
    "used_memory": 1331083904,
    "bytes_per_key": 1331.083904,
    "distinct_keys_est": 1000000,
    "key_draws": 17021360,
    "server_hits": 23379568,
    "maxmemory_policy": "noeviction"
  },
  "gate": {
    "pass": false,
    "reason": "aki is 1.28x Redis, below the 2.0x bar",
    "required_speedup": 2,
    "speedup_vs_redis": 1.2782969611206085,
    "speedup_vs_valkey": 1.2369395237032552,
    "tail_regressed_vs_redis": false,
    "tail_regressed_vs_valkey": true
  },
  "generator_bound": false
}
