{
  "workload": "get",
  "cell": {
    "keyspace": 1000000,
    "value_size": 1024,
    "dist": "uniform",
    "pipeline": 1,
    "connections": 512
  },
  "timestamp": "2026-07-11T03:15:59.521136688Z",
  "aki": {
    "target": "aki",
    "version": "unknown",
    "workload": "get",
    "skipped": false,
    "ops": 4822345,
    "errors": 0,
    "ops_per_sec": 602741.2648402025,
    "min_us": 7.477,
    "p50_us": 681.471,
    "p99_us": 3710.975,
    "p999_us": 7131.135,
    "nil_replies": 0,
    "err_replies": 0,
    "hit_ratio": 1,
    "value_ops_per_sec": 602741.2648402025,
    "bytes_per_sec": 640586929.4552962,
    "resp_ver": 2,
    "used_memory": 1073449984,
    "bytes_per_key": 1073.449984,
    "distinct_keys_est": 991903,
    "key_draws": 4822345
  },
  "redis": {
    "target": "redis",
    "version": "redis 8.8.0",
    "workload": "get",
    "skipped": false,
    "ops": 8575767,
    "errors": 0,
    "ops_per_sec": 1071917.2220593048,
    "min_us": 24.461,
    "p50_us": 456.447,
    "p99_us": 936.959,
    "p999_us": 1529.855,
    "nil_replies": 0,
    "err_replies": 0,
    "hit_ratio": 1,
    "value_ops_per_sec": 1071917.2220593048,
    "bytes_per_sec": 1139221675.6276643,
    "resp_ver": 2,
    "used_memory": 1327502664,
    "bytes_per_key": 1327.502664,
    "distinct_keys_est": 999819,
    "key_draws": 8575767,
    "server_hits": 11691835,
    "maxmemory_policy": "noeviction"
  },
  "valkey": {
    "target": "valkey",
    "version": "valkey 9.1.0",
    "workload": "get",
    "skipped": false,
    "ops": 7974354,
    "errors": 0,
    "ops_per_sec": 996745.9728579911,
    "min_us": 9.442,
    "p50_us": 500.479,
    "p99_us": 949.759,
    "p999_us": 1421.311,
    "nil_replies": 0,
    "err_replies": 0,
    "hit_ratio": 1,
    "value_ops_per_sec": 996745.9728579911,
    "bytes_per_sec": 1059330623.5860792,
    "resp_ver": 2,
    "used_memory": 1331076992,
    "bytes_per_key": 1331.076992,
    "distinct_keys_est": 999659,
    "key_draws": 7974354,
    "server_hits": 10840997,
    "maxmemory_policy": "noeviction"
  },
  "gate": {
    "pass": false,
    "reason": "aki is 0.56x Redis, below the 2.0x bar",
    "required_speedup": 2,
    "speedup_vs_redis": 0.5623020625438326,
    "speedup_vs_valkey": 0.6047090043533856,
    "tail_regressed_vs_redis": true,
    "tail_regressed_vs_valkey": true
  },
  "generator_bound": false
}
