{
  "workload": "get",
  "cell": {
    "keyspace": 1000000,
    "value_size": 1024,
    "dist": "uniform",
    "pipeline": 1,
    "connections": 512
  },
  "timestamp": "2026-07-11T03:13:58.660874817Z",
  "aki": {
    "target": "aki",
    "version": "unknown",
    "workload": "get",
    "skipped": false,
    "ops": 4827278,
    "errors": 0,
    "ops_per_sec": 603360.088788652,
    "min_us": 8.07,
    "p50_us": 681.471,
    "p99_us": 3672.063,
    "p999_us": 6733.823,
    "nil_replies": 0,
    "err_replies": 0,
    "hit_ratio": 1,
    "value_ops_per_sec": 603360.088788652,
    "bytes_per_sec": 641244625.8476468,
    "resp_ver": 2,
    "used_memory": 1073449984,
    "bytes_per_key": 1073.449984,
    "distinct_keys_est": 991913,
    "key_draws": 4827278
  },
  "redis": {
    "target": "redis",
    "version": "redis 8.8.0",
    "workload": "get",
    "skipped": false,
    "ops": 8543472,
    "errors": 0,
    "ops_per_sec": 1067868.2888583287,
    "min_us": 29.299,
    "p50_us": 460.031,
    "p99_us": 919.039,
    "p999_us": 1386.495,
    "nil_replies": 0,
    "err_replies": 0,
    "hit_ratio": 1,
    "value_ops_per_sec": 1067868.2888583287,
    "bytes_per_sec": 1134918530.9300642,
    "resp_ver": 2,
    "used_memory": 1327502208,
    "bytes_per_key": 1327.502208,
    "distinct_keys_est": 999823,
    "key_draws": 8543472,
    "server_hits": 11713606,
    "maxmemory_policy": "noeviction"
  },
  "valkey": {
    "target": "valkey",
    "version": "valkey 9.1.0",
    "workload": "get",
    "skipped": false,
    "ops": 7975913,
    "errors": 0,
    "ops_per_sec": 996926.4788877616,
    "min_us": 10.378,
    "p50_us": 500.223,
    "p99_us": 965.631,
    "p999_us": 1509.375,
    "nil_replies": 0,
    "err_replies": 0,
    "hit_ratio": 1,
    "value_ops_per_sec": 996926.4788877616,
    "bytes_per_sec": 1059522472.2774839,
    "resp_ver": 2,
    "used_memory": 1331076992,
    "bytes_per_key": 1331.076992,
    "distinct_keys_est": 999658,
    "key_draws": 7975913,
    "server_hits": 10866570,
    "maxmemory_policy": "noeviction"
  },
  "gate": {
    "pass": false,
    "reason": "aki is 0.57x Redis, below the 2.0x bar",
    "required_speedup": 2,
    "speedup_vs_redis": 0.5650135836824144,
    "speedup_vs_valkey": 0.6052202459922633,
    "tail_regressed_vs_redis": true,
    "tail_regressed_vs_valkey": true
  },
  "generator_bound": false
}
