{
  "workload": "get",
  "cell": {
    "keyspace": 1000000,
    "value_size": 64,
    "dist": "uniform",
    "pipeline": 1,
    "connections": 512
  },
  "timestamp": "2026-07-11T02:58:54.005286005Z",
  "aki": {
    "target": "aki",
    "version": "unknown",
    "workload": "get",
    "skipped": false,
    "ops": 6543032,
    "errors": 0,
    "ops_per_sec": 817811.5140916306,
    "min_us": 9.288,
    "p50_us": 553.983,
    "p99_us": 1842.175,
    "p999_us": 2646.015,
    "nil_replies": 0,
    "err_replies": 0,
    "hit_ratio": 1,
    "value_ops_per_sec": 817811.5140916306,
    "bytes_per_sec": 82426571.14904545,
    "resp_ver": 2,
    "used_memory": 113449984,
    "bytes_per_key": 113.449984,
    "distinct_keys_est": 998552,
    "key_draws": 6543032
  },
  "redis": {
    "target": "redis",
    "version": "redis 8.8.0",
    "workload": "get",
    "skipped": false,
    "ops": 8809697,
    "errors": 0,
    "ops_per_sec": 1101155.851669001,
    "min_us": 31.493,
    "p50_us": 449.791,
    "p99_us": 880.127,
    "p999_us": 1277.951,
    "nil_replies": 0,
    "err_replies": 0,
    "hit_ratio": 1,
    "value_ops_per_sec": 1101155.851669001,
    "bytes_per_sec": 110984219.27633114,
    "resp_ver": 2,
    "used_memory": 127513672,
    "bytes_per_key": 127.513672,
    "distinct_keys_est": 999855,
    "key_draws": 8809697,
    "server_hits": 12079286,
    "maxmemory_policy": "noeviction"
  },
  "valkey": {
    "target": "valkey",
    "version": "valkey 9.1.0",
    "workload": "get",
    "skipped": false,
    "ops": 8203258,
    "errors": 0,
    "ops_per_sec": 1025347.2603923414,
    "min_us": 12.218,
    "p50_us": 486.655,
    "p99_us": 918.015,
    "p999_us": 1324.031,
    "nil_replies": 0,
    "err_replies": 0,
    "hit_ratio": 1,
    "value_ops_per_sec": 1025347.2603923414,
    "bytes_per_sec": 103343634.71271771,
    "resp_ver": 2,
    "used_memory": 115077840,
    "bytes_per_key": 115.07784,
    "distinct_keys_est": 999735,
    "key_draws": 8203258,
    "server_hits": 11179021,
    "maxmemory_policy": "noeviction"
  },
  "gate": {
    "pass": false,
    "reason": "aki is 0.74x Redis, below the 2.0x bar",
    "required_speedup": 2,
    "speedup_vs_redis": 0.7426846189411692,
    "speedup_vs_valkey": 0.7975946741972092,
    "tail_regressed_vs_redis": true,
    "tail_regressed_vs_valkey": true
  },
  "generator_bound": false
}
