{
  "workload": "get",
  "cell": {
    "keyspace": 1000000,
    "value_size": 1024,
    "dist": "uniform",
    "pipeline": 1,
    "connections": 50
  },
  "timestamp": "2026-07-11T04:31:37.659727883Z",
  "aki": {
    "target": "aki",
    "version": "unknown",
    "workload": "get",
    "skipped": false,
    "ops": 2712687,
    "errors": 0,
    "ops_per_sec": 339081.9829322294,
    "min_us": 6.445,
    "p50_us": 137.215,
    "p99_us": 438.783,
    "p999_us": 640.511,
    "nil_replies": 0,
    "err_replies": 0,
    "hit_ratio": 1,
    "value_ops_per_sec": 339081.9829322294,
    "bytes_per_sec": 360372793.80097955,
    "resp_ver": 2,
    "used_memory": 1073449984,
    "bytes_per_key": 1073.449984,
    "distinct_keys_est": 933549,
    "key_draws": 2712687
  },
  "redis": {
    "target": "redis",
    "version": "redis 8.8.0",
    "workload": "get",
    "skipped": false,
    "ops": 2638988,
    "errors": 0,
    "ops_per_sec": 329870.04283824976,
    "min_us": 10.215,
    "p50_us": 147.711,
    "p99_us": 369.919,
    "p999_us": 537.599,
    "nil_replies": 0,
    "err_replies": 0,
    "hit_ratio": 1,
    "value_ops_per_sec": 329870.04283824976,
    "bytes_per_sec": 350582432.7646362,
    "resp_ver": 2,
    "used_memory": 1327507896,
    "bytes_per_key": 1327.507896,
    "distinct_keys_est": 928518,
    "key_draws": 2638988,
    "server_hits": 3632407,
    "maxmemory_policy": "noeviction"
  },
  "valkey": {
    "target": "valkey",
    "version": "valkey 9.1.0",
    "workload": "get",
    "skipped": false,
    "ops": 5092539,
    "errors": 0,
    "ops_per_sec": 636561.3220975285,
    "min_us": 6.214,
    "p50_us": 49.151,
    "p99_us": 327.167,
    "p999_us": 545.791,
    "nil_replies": 0,
    "err_replies": 0,
    "hit_ratio": 1,
    "value_ops_per_sec": 636561.3220975285,
    "bytes_per_sec": 676530433.2912424,
    "resp_ver": 2,
    "used_memory": 1331079232,
    "bytes_per_key": 1331.079232,
    "distinct_keys_est": 993819,
    "key_draws": 5092539,
    "server_hits": 6972237,
    "maxmemory_policy": "noeviction"
  },
  "gate": {
    "pass": false,
    "reason": "aki is 1.03x Redis, below the 2.0x bar",
    "required_speedup": 2,
    "speedup_vs_redis": 1.0279259674953165,
    "speedup_vs_valkey": 0.5326776402545522,
    "tail_regressed_vs_redis": true,
    "tail_regressed_vs_valkey": true
  },
  "generator_bound": false
}
