{
  "workload": "get",
  "cell": {
    "keyspace": 1000000,
    "value_size": 64,
    "dist": "uniform",
    "pipeline": 1,
    "connections": 50
  },
  "timestamp": "2026-07-11T04:20:47.763827797Z",
  "aki": {
    "target": "aki",
    "version": "unknown",
    "workload": "get",
    "skipped": false,
    "ops": 2187634,
    "errors": 0,
    "ops_per_sec": 273448.25980823964,
    "min_us": 10.62,
    "p50_us": 170.623,
    "p99_us": 441.087,
    "p999_us": 602.111,
    "nil_replies": 0,
    "err_replies": 0,
    "hit_ratio": 1,
    "value_ops_per_sec": 273448.25980823964,
    "bytes_per_sec": 27560692.25203044,
    "resp_ver": 2,
    "used_memory": 113449984,
    "bytes_per_key": 113.449984,
    "distinct_keys_est": 887819,
    "key_draws": 2187634
  },
  "redis": {
    "target": "redis",
    "version": "redis 8.8.0",
    "workload": "get",
    "skipped": false,
    "ops": 2710832,
    "errors": 0,
    "ops_per_sec": 338844.0351899021,
    "min_us": 9.6,
    "p50_us": 142.975,
    "p99_us": 368.383,
    "p999_us": 538.111,
    "nil_replies": 0,
    "err_replies": 0,
    "hit_ratio": 1,
    "value_ops_per_sec": 338844.0351899021,
    "bytes_per_sec": 34151938.15126486,
    "resp_ver": 2,
    "used_memory": 127512456,
    "bytes_per_key": 127.512456,
    "distinct_keys_est": 933391,
    "key_draws": 2710832,
    "server_hits": 3685267,
    "maxmemory_policy": "noeviction"
  },
  "valkey": {
    "target": "valkey",
    "version": "valkey 9.1.0",
    "workload": "get",
    "skipped": false,
    "ops": 5351850,
    "errors": 0,
    "ops_per_sec": 668979.4110592214,
    "min_us": 6.019,
    "p50_us": 45.535,
    "p99_us": 318.207,
    "p999_us": 541.695,
    "nil_replies": 0,
    "err_replies": 0,
    "hit_ratio": 1,
    "value_ops_per_sec": 668979.4110592214,
    "bytes_per_sec": 67425752.40503486,
    "resp_ver": 2,
    "used_memory": 115084496,
    "bytes_per_key": 115.084496,
    "distinct_keys_est": 995283,
    "key_draws": 5351850,
    "server_hits": 7275196,
    "maxmemory_policy": "noeviction"
  },
  "gate": {
    "pass": false,
    "reason": "aki is 0.81x Redis, below the 2.0x bar",
    "required_speedup": 2,
    "speedup_vs_redis": 0.8070033154191072,
    "speedup_vs_valkey": 0.4087543731357566,
    "tail_regressed_vs_redis": true,
    "tail_regressed_vs_valkey": true
  },
  "generator_bound": false
}
