{
  "workload": "set",
  "cell": {
    "keyspace": 1000000,
    "value_size": 64,
    "dist": "uniform",
    "pipeline": 16,
    "connections": 512
  },
  "timestamp": "2026-07-11T03:32:55.742313748Z",
  "aki": {
    "target": "aki",
    "version": "unknown",
    "workload": "set",
    "skipped": false,
    "ops": 56318064,
    "errors": 0,
    "ops_per_sec": 7038919.297807964,
    "min_us": 28.067,
    "p50_us": 1052.671,
    "p99_us": 2695.167,
    "p999_us": 4251.647,
    "nil_replies": 0,
    "err_replies": 0,
    "hit_ratio": 1,
    "value_ops_per_sec": 7038919.297807964,
    "bytes_per_sec": 744639282.397144,
    "resp_ver": 2,
    "used_memory": 113449984,
    "bytes_per_key": 113.449984,
    "distinct_keys_est": 1000000,
    "key_draws": 56318064
  },
  "redis": {
    "target": "redis",
    "version": "redis 8.8.0",
    "workload": "set",
    "skipped": false,
    "ops": 29678512,
    "errors": 0,
    "ops_per_sec": 3708783.3592383326,
    "min_us": 48.119,
    "p50_us": 2197.503,
    "p99_us": 2934.783,
    "p999_us": 4018.175,
    "nil_replies": 0,
    "err_replies": 0,
    "hit_ratio": 1,
    "value_ops_per_sec": 3708783.3592383326,
    "bytes_per_sec": 392347502.0669991,
    "resp_ver": 2,
    "used_memory": 127487328,
    "bytes_per_key": 127.487328,
    "distinct_keys_est": 1000000,
    "key_draws": 29678512,
    "maxmemory_policy": "noeviction"
  },
  "valkey": {
    "target": "valkey",
    "version": "valkey 9.1.0",
    "workload": "set",
    "skipped": false,
    "ops": 23637104,
    "errors": 0,
    "ops_per_sec": 2953576.3174252585,
    "min_us": 43.819,
    "p50_us": 2752.511,
    "p99_us": 3289.087,
    "p999_us": 4571.135,
    "nil_replies": 0,
    "err_replies": 0,
    "hit_ratio": 1,
    "value_ops_per_sec": 2953576.3174252585,
    "bytes_per_sec": 312454896.7673433,
    "resp_ver": 2,
    "used_memory": 115057632,
    "bytes_per_key": 115.057632,
    "distinct_keys_est": 1000000,
    "key_draws": 23637104,
    "maxmemory_policy": "noeviction"
  },
  "gate": {
    "pass": false,
    "reason": "aki is 1.90x Redis, below the 2.0x bar",
    "required_speedup": 2,
    "speedup_vs_redis": 1.8979052201241369,
    "speedup_vs_valkey": 2.3831851766552794,
    "tail_regressed_vs_redis": false,
    "tail_regressed_vs_valkey": false
  },
  "generator_bound": false
}
