{
  "workload": "set",
  "cell": {
    "keyspace": 1000000,
    "value_size": 64,
    "dist": "uniform",
    "pipeline": 1,
    "connections": 512
  },
  "timestamp": "2026-07-11T03:07:17.447328381Z",
  "aki": {
    "target": "aki",
    "version": "unknown",
    "workload": "set",
    "skipped": false,
    "ops": 4815456,
    "errors": 0,
    "ops_per_sec": 601883.9206095958,
    "min_us": 8.956,
    "p50_us": 688.639,
    "p99_us": 3670.015,
    "p999_us": 7192.575,
    "nil_replies": 0,
    "err_replies": 0,
    "hit_ratio": 1,
    "value_ops_per_sec": 601883.9206095958,
    "bytes_per_sec": 63672861.21633674,
    "resp_ver": 2,
    "used_memory": 112641336,
    "bytes_per_key": 112.641336,
    "distinct_keys_est": 991850,
    "key_draws": 4815456
  },
  "redis": {
    "target": "redis",
    "version": "redis 8.8.0",
    "workload": "set",
    "skipped": false,
    "ops": 8284355,
    "errors": 0,
    "ops_per_sec": 1035465.7476850487,
    "min_us": 14.907,
    "p50_us": 474.367,
    "p99_us": 990.207,
    "p999_us": 1530.879,
    "nil_replies": 0,
    "err_replies": 0,
    "hit_ratio": 1,
    "value_ops_per_sec": 1035465.7476850487,
    "bytes_per_sec": 109540775.47836962,
    "resp_ver": 2,
    "used_memory": 127455904,
    "bytes_per_key": 127.455904,
    "distinct_keys_est": 999757,
    "key_draws": 8284355,
    "maxmemory_policy": "noeviction"
  },
  "valkey": {
    "target": "valkey",
    "version": "valkey 9.1.0",
    "workload": "set",
    "skipped": false,
    "ops": 8265842,
    "errors": 0,
    "ops_per_sec": 1033180.3231106562,
    "min_us": 15.562,
    "p50_us": 484.095,
    "p99_us": 933.375,
    "p999_us": 1352.703,
    "nil_replies": 0,
    "err_replies": 0,
    "hit_ratio": 1,
    "value_ops_per_sec": 1033180.3231106562,
    "bytes_per_sec": 109298989.16529708,
    "resp_ver": 2,
    "used_memory": 115040352,
    "bytes_per_key": 115.040352,
    "distinct_keys_est": 999758,
    "key_draws": 8265842,
    "maxmemory_policy": "noeviction"
  },
  "gate": {
    "pass": false,
    "reason": "aki is 0.58x Redis, below the 2.0x bar",
    "required_speedup": 2,
    "speedup_vs_redis": 0.5812687884222194,
    "speedup_vs_valkey": 0.5825545716912889,
    "tail_regressed_vs_redis": true,
    "tail_regressed_vs_valkey": true
  },
  "generator_bound": false
}
