{
  "workload": "set",
  "cell": {
    "keyspace": 1000000,
    "value_size": 1024,
    "dist": "uniform",
    "pipeline": 16,
    "connections": 512
  },
  "timestamp": "2026-07-11T03:46:48.210582516Z",
  "aki": {
    "target": "aki",
    "version": "unknown",
    "workload": "set",
    "skipped": false,
    "ops": 35926704,
    "errors": 0,
    "ops_per_sec": 4489962.117833638,
    "min_us": 33.781,
    "p50_us": 1637.375,
    "p99_us": 3719.167,
    "p999_us": 5406.719,
    "nil_replies": 0,
    "err_replies": 0,
    "hit_ratio": 1,
    "value_ops_per_sec": 4489962.117833638,
    "bytes_per_sec": 4794331419.801826,
    "resp_ver": 2,
    "used_memory": 1073449984,
    "bytes_per_key": 1073.449984,
    "distinct_keys_est": 1000000,
    "key_draws": 35926704
  },
  "redis": {
    "target": "redis",
    "version": "redis 8.8.0",
    "workload": "set",
    "skipped": false,
    "ops": 24815632,
    "errors": 0,
    "ops_per_sec": 3101072.172527242,
    "min_us": 65.998,
    "p50_us": 2625.535,
    "p99_us": 3837.951,
    "p999_us": 6143.999,
    "nil_replies": 0,
    "err_replies": 0,
    "hit_ratio": 1,
    "value_ops_per_sec": 3101072.172527242,
    "bytes_per_sec": 3311289670.507804,
    "resp_ver": 2,
    "used_memory": 1327478496,
    "bytes_per_key": 1327.478496,
    "distinct_keys_est": 1000000,
    "key_draws": 24815632,
    "maxmemory_policy": "noeviction"
  },
  "valkey": {
    "target": "valkey",
    "version": "valkey 9.1.0",
    "workload": "set",
    "skipped": false,
    "ops": 17063504,
    "errors": 0,
    "ops_per_sec": 2131949.3263549786,
    "min_us": 95.478,
    "p50_us": 3815.423,
    "p99_us": 4456.447,
    "p999_us": 5955.583,
    "nil_replies": 0,
    "err_replies": 0,
    "hit_ratio": 1,
    "value_ops_per_sec": 2131949.3263549786,
    "bytes_per_sec": 2276471458.6764874,
    "resp_ver": 2,
    "used_memory": 1331050704,
    "bytes_per_key": 1331.050704,
    "distinct_keys_est": 1000000,
    "key_draws": 17063504,
    "maxmemory_policy": "noeviction"
  },
  "gate": {
    "pass": false,
    "reason": "aki is 1.45x Redis, below the 2.0x bar",
    "required_speedup": 2,
    "speedup_vs_redis": 1.447874111931587,
    "speedup_vs_valkey": 2.1060360405048577,
    "tail_regressed_vs_redis": false,
    "tail_regressed_vs_valkey": false
  },
  "generator_bound": false
}
