{
  "workload": "set",
  "cell": {
    "keyspace": 1000000,
    "value_size": 1024,
    "dist": "uniform",
    "pipeline": 16,
    "connections": 50
  },
  "timestamp": "2026-07-11T04:14:31.130115513Z",
  "aki": {
    "target": "aki",
    "version": "unknown",
    "workload": "set",
    "skipped": false,
    "ops": 20744192,
    "errors": 0,
    "ops_per_sec": 2592923.9630488125,
    "min_us": 19.302,
    "p50_us": 280.575,
    "p99_us": 641.023,
    "p999_us": 857.087,
    "nil_replies": 0,
    "err_replies": 0,
    "hit_ratio": 1,
    "value_ops_per_sec": 2592923.9630488125,
    "bytes_per_sec": 2768695644.145527,
    "resp_ver": 2,
    "used_memory": 1073449984,
    "bytes_per_key": 1073.449984,
    "distinct_keys_est": 1000000,
    "key_draws": 20744192
  },
  "redis": {
    "target": "redis",
    "version": "redis 8.8.0",
    "workload": "set",
    "skipped": false,
    "ops": 20778000,
    "errors": 0,
    "ops_per_sec": 2595899.8468551394,
    "min_us": 29.263,
    "p50_us": 289.023,
    "p99_us": 624.639,
    "p999_us": 887.295,
    "nil_replies": 0,
    "err_replies": 0,
    "hit_ratio": 1,
    "value_ops_per_sec": 2595899.8468551394,
    "bytes_per_sec": 2771873254.97284,
    "resp_ver": 2,
    "used_memory": 1327490664,
    "bytes_per_key": 1327.490664,
    "distinct_keys_est": 1000000,
    "key_draws": 20778000,
    "maxmemory_policy": "noeviction"
  },
  "valkey": {
    "target": "valkey",
    "version": "valkey 9.1.0",
    "workload": "set",
    "skipped": false,
    "ops": 18018496,
    "errors": 0,
    "ops_per_sec": 2252189.42064945,
    "min_us": 23.188,
    "p50_us": 340.479,
    "p99_us": 584.703,
    "p999_us": 805.887,
    "nil_replies": 0,
    "err_replies": 0,
    "hit_ratio": 1,
    "value_ops_per_sec": 2252189.42064945,
    "bytes_per_sec": 2404863142.989932,
    "resp_ver": 2,
    "used_memory": 1331066384,
    "bytes_per_key": 1331.066384,
    "distinct_keys_est": 1000000,
    "key_draws": 18018496,
    "maxmemory_policy": "noeviction"
  },
  "gate": {
    "pass": false,
    "reason": "aki is 1.00x Redis, below the 2.0x bar",
    "required_speedup": 2,
    "speedup_vs_redis": 0.998853621487003,
    "speedup_vs_valkey": 1.151290357407463,
    "tail_regressed_vs_redis": true,
    "tail_regressed_vs_valkey": true
  },
  "generator_bound": false
}
