{
  "workload": "set",
  "cell": {
    "keyspace": 1000000,
    "value_size": 1024,
    "dist": "uniform",
    "pipeline": 16,
    "connections": 512
  },
  "timestamp": "2026-07-11T03:48:30.212054548Z",
  "aki": {
    "target": "aki",
    "version": "unknown",
    "workload": "set",
    "skipped": false,
    "ops": 36375392,
    "errors": 0,
    "ops_per_sec": 4546080.248074218,
    "min_us": 39.307,
    "p50_us": 1615.871,
    "p99_us": 3680.255,
    "p999_us": 5357.567,
    "nil_replies": 0,
    "err_replies": 0,
    "hit_ratio": 1,
    "value_ops_per_sec": 4546080.248074218,
    "bytes_per_sec": 4854253728.114843,
    "resp_ver": 2,
    "used_memory": 1073449984,
    "bytes_per_key": 1073.449984,
    "distinct_keys_est": 1000000,
    "key_draws": 36375392
  },
  "redis": {
    "target": "redis",
    "version": "redis 8.8.0",
    "workload": "set",
    "skipped": false,
    "ops": 24783312,
    "errors": 0,
    "ops_per_sec": 3097024.582543774,
    "min_us": 80.003,
    "p50_us": 2623.487,
    "p99_us": 4093.951,
    "p999_us": 5869.567,
    "nil_replies": 0,
    "err_replies": 0,
    "hit_ratio": 1,
    "value_ops_per_sec": 3097024.582543774,
    "bytes_per_sec": 3306967667.6438513,
    "resp_ver": 2,
    "used_memory": 1327479320,
    "bytes_per_key": 1327.47932,
    "distinct_keys_est": 1000000,
    "key_draws": 24783312,
    "maxmemory_policy": "noeviction"
  },
  "valkey": {
    "target": "valkey",
    "version": "valkey 9.1.0",
    "workload": "set",
    "skipped": false,
    "ops": 16805392,
    "errors": 0,
    "ops_per_sec": 2099640.4658907834,
    "min_us": 65.226,
    "p50_us": 3874.815,
    "p99_us": 4411.391,
    "p999_us": 6029.311,
    "nil_replies": 0,
    "err_replies": 0,
    "hit_ratio": 1,
    "value_ops_per_sec": 2099640.4658907834,
    "bytes_per_sec": 2241972382.19793,
    "resp_ver": 2,
    "used_memory": 1331050704,
    "bytes_per_key": 1331.050704,
    "distinct_keys_est": 1000000,
    "key_draws": 16805392,
    "maxmemory_policy": "noeviction"
  },
  "gate": {
    "pass": false,
    "reason": "aki is 1.47x Redis, below the 2.0x bar",
    "required_speedup": 2,
    "speedup_vs_redis": 1.4678863944761609,
    "speedup_vs_valkey": 2.1651708099203164,
    "tail_regressed_vs_redis": false,
    "tail_regressed_vs_valkey": false
  },
  "generator_bound": false
}
