{
  "workload": "set",
  "cell": {
    "keyspace": 1000000,
    "value_size": 1024,
    "dist": "uniform",
    "pipeline": 1,
    "connections": 50
  },
  "timestamp": "2026-07-11T04:39:26.214916449Z",
  "aki": {
    "target": "aki",
    "version": "unknown",
    "workload": "set",
    "skipped": false,
    "ops": 2121824,
    "errors": 0,
    "ops_per_sec": 265220.15100854606,
    "min_us": 10.261,
    "p50_us": 175.487,
    "p99_us": 449.023,
    "p999_us": 606.207,
    "nil_replies": 0,
    "err_replies": 0,
    "hit_ratio": 1,
    "value_ops_per_sec": 265220.15100854606,
    "bytes_per_sec": 283199273.1799097,
    "resp_ver": 2,
    "used_memory": 946521600,
    "bytes_per_key": 946.5216,
    "distinct_keys_est": 880113,
    "key_draws": 2121824
  },
  "redis": {
    "target": "redis",
    "version": "redis 8.8.0",
    "workload": "set",
    "skipped": false,
    "ops": 2553209,
    "errors": 0,
    "ops_per_sec": 319140.9447628956,
    "min_us": 10.01,
    "p50_us": 151.295,
    "p99_us": 386.303,
    "p999_us": 554.495,
    "nil_replies": 0,
    "err_replies": 0,
    "hit_ratio": 1,
    "value_ops_per_sec": 319140.9447628956,
    "bytes_per_sec": 340775365.024228,
    "resp_ver": 2,
    "used_memory": 1224566224,
    "bytes_per_key": 1224.566224,
    "distinct_keys_est": 922120,
    "key_draws": 2553209,
    "maxmemory_policy": "noeviction"
  },
  "valkey": {
    "target": "valkey",
    "version": "valkey 9.1.0",
    "workload": "set",
    "skipped": false,
    "ops": 4437334,
    "errors": 0,
    "ops_per_sec": 554659.8564793062,
    "min_us": 6.356,
    "p50_us": 62.495,
    "p99_us": 340.991,
    "p999_us": 559.615,
    "nil_replies": 0,
    "err_replies": 0,
    "hit_ratio": 1,
    "value_ops_per_sec": 554659.8564793062,
    "bytes_per_sec": 592259883.1720744,
    "resp_ver": 2,
    "used_memory": 1315623504,
    "bytes_per_key": 1315.623504,
    "distinct_keys_est": 988260,
    "key_draws": 4437334,
    "maxmemory_policy": "noeviction"
  },
  "gate": {
    "pass": false,
    "reason": "aki is 0.83x Redis, below the 2.0x bar",
    "required_speedup": 2,
    "speedup_vs_redis": 0.8310439489536207,
    "speedup_vs_valkey": 0.47816720087158704,
    "tail_regressed_vs_redis": true,
    "tail_regressed_vs_valkey": true
  },
  "generator_bound": false
}
