{
  "workload": "set",
  "cell": {
    "keyspace": 1000000,
    "value_size": 64,
    "dist": "uniform",
    "pipeline": 16,
    "connections": 50
  },
  "timestamp": "2026-07-11T04:01:41.280187037Z",
  "aki": {
    "target": "aki",
    "version": "unknown",
    "workload": "set",
    "skipped": false,
    "ops": 25558096,
    "errors": 0,
    "ops_per_sec": 3194628.1694387402,
    "min_us": 14.993,
    "p50_us": 226.559,
    "p99_us": 558.591,
    "p999_us": 800.767,
    "nil_replies": 0,
    "err_replies": 0,
    "hit_ratio": 1,
    "value_ops_per_sec": 3194628.1694387402,
    "bytes_per_sec": 337956347.2059692,
    "resp_ver": 2,
    "used_memory": 113449984,
    "bytes_per_key": 113.449984,
    "distinct_keys_est": 1000000,
    "key_draws": 25558096
  },
  "redis": {
    "target": "redis",
    "version": "redis 8.8.0",
    "workload": "set",
    "skipped": false,
    "ops": 23487632,
    "errors": 0,
    "ops_per_sec": 2935858.266065731,
    "min_us": 23.391,
    "p50_us": 252.415,
    "p99_us": 551.423,
    "p999_us": 740.351,
    "nil_replies": 0,
    "err_replies": 0,
    "hit_ratio": 1,
    "value_ops_per_sec": 2935858.266065731,
    "bytes_per_sec": 310581343.0332757,
    "resp_ver": 2,
    "used_memory": 127496136,
    "bytes_per_key": 127.496136,
    "distinct_keys_est": 1000000,
    "key_draws": 23487632,
    "maxmemory_policy": "noeviction"
  },
  "valkey": {
    "target": "valkey",
    "version": "valkey 9.1.0",
    "workload": "set",
    "skipped": false,
    "ops": 22812896,
    "errors": 0,
    "ops_per_sec": 2851505.925761753,
    "min_us": 19.624,
    "p50_us": 270.079,
    "p99_us": 484.863,
    "p999_us": 692.223,
    "nil_replies": 0,
    "err_replies": 0,
    "hit_ratio": 1,
    "value_ops_per_sec": 2851505.925761753,
    "bytes_per_sec": 301657867.5158646,
    "resp_ver": 2,
    "used_memory": 115073504,
    "bytes_per_key": 115.073504,
    "distinct_keys_est": 1000000,
    "key_draws": 22812896,
    "maxmemory_policy": "noeviction"
  },
  "gate": {
    "pass": false,
    "reason": "aki is 1.09x Redis, below the 2.0x bar",
    "required_speedup": 2,
    "speedup_vs_redis": 1.0881411430395038,
    "speedup_vs_valkey": 1.120330187841123,
    "tail_regressed_vs_redis": true,
    "tail_regressed_vs_valkey": true
  },
  "generator_bound": false
}
