{
  "workload": "set",
  "cell": {
    "keyspace": 1000000,
    "value_size": 64,
    "dist": "uniform",
    "pipeline": 1,
    "connections": 512
  },
  "timestamp": "2026-07-11T03:05:35.759293755Z",
  "aki": {
    "target": "aki",
    "version": "unknown",
    "workload": "set",
    "skipped": false,
    "ops": 5740571,
    "errors": 0,
    "ops_per_sec": 717515.3036006378,
    "min_us": 9.129,
    "p50_us": 633.343,
    "p99_us": 2073.599,
    "p999_us": 2942.975,
    "nil_replies": 0,
    "err_replies": 0,
    "hit_ratio": 1,
    "value_ops_per_sec": 717515.3036006378,
    "bytes_per_sec": 75905427.49702193,
    "resp_ver": 2,
    "used_memory": 113129872,
    "bytes_per_key": 113.129872,
    "distinct_keys_est": 996769,
    "key_draws": 5740571
  },
  "redis": {
    "target": "redis",
    "version": "redis 8.8.0",
    "workload": "set",
    "skipped": false,
    "ops": 8235851,
    "errors": 0,
    "ops_per_sec": 1029404.69580229,
    "min_us": 23.808,
    "p50_us": 479.487,
    "p99_us": 929.791,
    "p999_us": 1436.671,
    "nil_replies": 0,
    "err_replies": 0,
    "hit_ratio": 1,
    "value_ops_per_sec": 1029404.69580229,
    "bytes_per_sec": 108899570.69349107,
    "resp_ver": 2,
    "used_memory": 127454120,
    "bytes_per_key": 127.45412,
    "distinct_keys_est": 999746,
    "key_draws": 8235851,
    "maxmemory_policy": "noeviction"
  },
  "valkey": {
    "target": "valkey",
    "version": "valkey 9.1.0",
    "workload": "set",
    "skipped": false,
    "ops": 8102577,
    "errors": 0,
    "ops_per_sec": 1012759.7003909923,
    "min_us": 12.812,
    "p50_us": 493.311,
    "p99_us": 939.007,
    "p999_us": 1329.151,
    "nil_replies": 0,
    "err_replies": 0,
    "hit_ratio": 1,
    "value_ops_per_sec": 1012759.7003909923,
    "bytes_per_sec": 107138769.6671229,
    "resp_ver": 2,
    "used_memory": 115034944,
    "bytes_per_key": 115.034944,
    "distinct_keys_est": 999703,
    "key_draws": 8102577,
    "maxmemory_policy": "noeviction"
  },
  "gate": {
    "pass": false,
    "reason": "aki is 0.70x Redis, below the 2.0x bar",
    "required_speedup": 2,
    "speedup_vs_redis": 0.6970196527434975,
    "speedup_vs_valkey": 0.708475370143213,
    "tail_regressed_vs_redis": true,
    "tail_regressed_vs_valkey": true
  },
  "generator_bound": false
}
