{
  "workload": "set",
  "cell": {
    "keyspace": 1000000,
    "value_size": 1024,
    "dist": "uniform",
    "pipeline": 1,
    "connections": 512
  },
  "timestamp": "2026-07-11T03:23:44.155718605Z",
  "aki": {
    "target": "aki",
    "version": "unknown",
    "workload": "set",
    "skipped": false,
    "ops": 7858799,
    "errors": 0,
    "ops_per_sec": 982272.4720519864,
    "min_us": 29.619,
    "p50_us": 492.287,
    "p99_us": 1085.439,
    "p999_us": 1593.343,
    "nil_replies": 0,
    "err_replies": 0,
    "hit_ratio": 1,
    "value_ops_per_sec": 982272.4720519864,
    "bytes_per_sec": 1048859720.2351528,
    "resp_ver": 2,
    "used_memory": 1073037344,
    "bytes_per_key": 1073.037344,
    "distinct_keys_est": 999610,
    "key_draws": 7858799
  },
  "redis": {
    "target": "redis",
    "version": "redis 8.8.0",
    "workload": "set",
    "skipped": false,
    "ops": 7818316,
    "errors": 0,
    "ops_per_sec": 977222.9437883559,
    "min_us": 25.151,
    "p50_us": 504.831,
    "p99_us": 1001.471,
    "p999_us": 1548.287,
    "nil_replies": 0,
    "err_replies": 0,
    "hit_ratio": 1,
    "value_ops_per_sec": 977222.9437883559,
    "bytes_per_sec": 1043467872.6368644,
    "resp_ver": 2,
    "used_memory": 1326952792,
    "bytes_per_key": 1326.952792,
    "distinct_keys_est": 999599,
    "key_draws": 7818316,
    "maxmemory_policy": "noeviction"
  },
  "valkey": {
    "target": "valkey",
    "version": "valkey 9.1.0",
    "workload": "set",
    "skipped": false,
    "ops": 6905725,
    "errors": 0,
    "ops_per_sec": 863169.4178147257,
    "min_us": 9.757,
    "p50_us": 575.487,
    "p99_us": 1022.975,
    "p999_us": 1539.071,
    "nil_replies": 0,
    "err_replies": 0,
    "hit_ratio": 1,
    "value_ops_per_sec": 863169.4178147257,
    "bytes_per_sec": 921682928.0944933,
    "resp_ver": 2,
    "used_memory": 1329696080,
    "bytes_per_key": 1329.69608,
    "distinct_keys_est": 998957,
    "key_draws": 6905725,
    "maxmemory_policy": "noeviction"
  },
  "gate": {
    "pass": false,
    "reason": "aki is 1.01x Redis, below the 2.0x bar",
    "required_speedup": 2,
    "speedup_vs_redis": 1.0051672223781967,
    "speedup_vs_valkey": 1.1379834036970313,
    "tail_regressed_vs_redis": true,
    "tail_regressed_vs_valkey": true
  },
  "generator_bound": false
}
