{
  "workload": "set",
  "cell": {
    "keyspace": 1000000,
    "value_size": 1024,
    "dist": "uniform",
    "pipeline": 1,
    "connections": 512
  },
  "timestamp": "2026-07-11T03:19:46.110679605Z",
  "aki": {
    "target": "aki",
    "version": "unknown",
    "workload": "set",
    "skipped": false,
    "ops": 8103038,
    "errors": 0,
    "ops_per_sec": 1012810.2843810252,
    "min_us": 25.589,
    "p50_us": 479.999,
    "p99_us": 1026.559,
    "p999_us": 1423.359,
    "nil_replies": 0,
    "err_replies": 0,
    "hit_ratio": 1,
    "value_ops_per_sec": 1012810.2843810252,
    "bytes_per_sec": 1081467610.2560155,
    "resp_ver": 2,
    "used_memory": 1073143440,
    "bytes_per_key": 1073.14344,
    "distinct_keys_est": 999710,
    "key_draws": 8103038
  },
  "redis": {
    "target": "redis",
    "version": "redis 8.8.0",
    "workload": "set",
    "skipped": false,
    "ops": 7778243,
    "errors": 0,
    "ops_per_sec": 972205.7003662576,
    "min_us": 21.008,
    "p50_us": 507.135,
    "p99_us": 1008.127,
    "p999_us": 1489.919,
    "nil_replies": 0,
    "err_replies": 0,
    "hit_ratio": 1,
    "value_ops_per_sec": 972205.7003662576,
    "bytes_per_sec": 1038110532.7490346,
    "resp_ver": 2,
    "used_memory": 1326934544,
    "bytes_per_key": 1326.934544,
    "distinct_keys_est": 999586,
    "key_draws": 7778243,
    "maxmemory_policy": "noeviction"
  },
  "valkey": {
    "target": "valkey",
    "version": "valkey 9.1.0",
    "workload": "set",
    "skipped": false,
    "ops": 6979265,
    "errors": 0,
    "ops_per_sec": 872362.1190208385,
    "min_us": 10.36,
    "p50_us": 569.343,
    "p99_us": 1016.319,
    "p999_us": 1449.983,
    "nil_replies": 0,
    "err_replies": 0,
    "hit_ratio": 1,
    "value_ops_per_sec": 872362.1190208385,
    "bytes_per_sec": 931498776.8161323,
    "resp_ver": 2,
    "used_memory": 1329807632,
    "bytes_per_key": 1329.807632,
    "distinct_keys_est": 999042,
    "key_draws": 6979265,
    "maxmemory_policy": "noeviction"
  },
  "gate": {
    "pass": false,
    "reason": "aki is 1.04x Redis, below the 2.0x bar",
    "required_speedup": 2,
    "speedup_vs_redis": 1.0417654247444452,
    "speedup_vs_valkey": 1.1609975517023015,
    "tail_regressed_vs_redis": true,
    "tail_regressed_vs_valkey": true
  },
  "generator_bound": false
}
