{
  "workload": "set",
  "cell": {
    "keyspace": 1000000,
    "value_size": 64,
    "dist": "uniform",
    "pipeline": 16,
    "connections": 50
  },
  "timestamp": "2026-07-11T04:00:33.90357743Z",
  "aki": {
    "target": "aki",
    "version": "unknown",
    "workload": "set",
    "skipped": false,
    "ops": 24706784,
    "errors": 0,
    "ops_per_sec": 3088264.3366029235,
    "min_us": 13.529,
    "p50_us": 235.391,
    "p99_us": 551.935,
    "p999_us": 759.807,
    "nil_replies": 0,
    "err_replies": 0,
    "hit_ratio": 1,
    "value_ops_per_sec": 3088264.3366029235,
    "bytes_per_sec": 326704159.71428525,
    "resp_ver": 2,
    "used_memory": 113449984,
    "bytes_per_key": 113.449984,
    "distinct_keys_est": 1000000,
    "key_draws": 24706784
  },
  "redis": {
    "target": "redis",
    "version": "redis 8.8.0",
    "workload": "set",
    "skipped": false,
    "ops": 23548720,
    "errors": 0,
    "ops_per_sec": 2943507.2591147614,
    "min_us": 21.548,
    "p50_us": 251.391,
    "p99_us": 552.447,
    "p999_us": 737.791,
    "nil_replies": 0,
    "err_replies": 0,
    "hit_ratio": 1,
    "value_ops_per_sec": 2943507.2591147614,
    "bytes_per_sec": 311390489.1801205,
    "resp_ver": 2,
    "used_memory": 127495832,
    "bytes_per_key": 127.495832,
    "distinct_keys_est": 1000000,
    "key_draws": 23548720,
    "maxmemory_policy": "noeviction"
  },
  "valkey": {
    "target": "valkey",
    "version": "valkey 9.1.0",
    "workload": "set",
    "skipped": false,
    "ops": 23014032,
    "errors": 0,
    "ops_per_sec": 2876585.8099829955,
    "min_us": 14.759,
    "p50_us": 268.031,
    "p99_us": 477.695,
    "p999_us": 693.759,
    "nil_replies": 0,
    "err_replies": 0,
    "hit_ratio": 1,
    "value_ops_per_sec": 2876585.8099829955,
    "bytes_per_sec": 304311070.22515166,
    "resp_ver": 2,
    "used_memory": 115073504,
    "bytes_per_key": 115.073504,
    "distinct_keys_est": 1000000,
    "key_draws": 23014032,
    "maxmemory_policy": "noeviction"
  },
  "gate": {
    "pass": false,
    "reason": "aki is 1.05x Redis, below the 2.0x bar",
    "required_speedup": 2,
    "speedup_vs_redis": 1.0491784340058659,
    "speedup_vs_valkey": 1.0735867241941166,
    "tail_regressed_vs_redis": false,
    "tail_regressed_vs_valkey": true
  },
  "generator_bound": false
}
