{
  "workload": "set",
  "cell": {
    "keyspace": 1000000,
    "value_size": 1024,
    "dist": "uniform",
    "pipeline": 16,
    "connections": 512
  },
  "timestamp": "2026-07-11T03:46:14.248946287Z",
  "aki": {
    "target": "aki",
    "version": "unknown",
    "workload": "set",
    "skipped": false,
    "ops": 31158384,
    "errors": 0,
    "ops_per_sec": 3894577.573724838,
    "min_us": 37.36,
    "p50_us": 2039.807,
    "p99_us": 4423.679,
    "p999_us": 5627.903,
    "nil_replies": 0,
    "err_replies": 0,
    "hit_ratio": 1,
    "value_ops_per_sec": 3894577.573724838,
    "bytes_per_sec": 4158586293.6683044,
    "resp_ver": 2,
    "used_memory": 1073449984,
    "bytes_per_key": 1073.449984,
    "distinct_keys_est": 1000000,
    "key_draws": 31158384
  },
  "redis": {
    "target": "redis",
    "version": "redis 8.8.0",
    "workload": "set",
    "skipped": false,
    "ops": 25514752,
    "errors": 0,
    "ops_per_sec": 3188440.8207311444,
    "min_us": 57.868,
    "p50_us": 2557.951,
    "p99_us": 3399.679,
    "p999_us": 4968.447,
    "nil_replies": 0,
    "err_replies": 0,
    "hit_ratio": 1,
    "value_ops_per_sec": 3188440.8207311444,
    "bytes_per_sec": 3404580913.429541,
    "resp_ver": 2,
    "used_memory": 1327478344,
    "bytes_per_key": 1327.478344,
    "distinct_keys_est": 1000000,
    "key_draws": 25514752,
    "maxmemory_policy": "noeviction"
  },
  "valkey": {
    "target": "valkey",
    "version": "valkey 9.1.0",
    "workload": "set",
    "skipped": false,
    "ops": 17627392,
    "errors": 0,
    "ops_per_sec": 2202395.2187971915,
    "min_us": 59.758,
    "p50_us": 3696.639,
    "p99_us": 4263.935,
    "p999_us": 4980.735,
    "nil_replies": 0,
    "err_replies": 0,
    "hit_ratio": 1,
    "value_ops_per_sec": 2202395.2187971915,
    "bytes_per_sec": 2351692824.011817,
    "resp_ver": 2,
    "used_memory": 1331050704,
    "bytes_per_key": 1331.050704,
    "distinct_keys_est": 1000000,
    "key_draws": 17627392,
    "maxmemory_policy": "noeviction"
  },
  "gate": {
    "pass": false,
    "reason": "aki is 1.22x Redis, below the 2.0x bar",
    "required_speedup": 2,
    "speedup_vs_redis": 1.2214677306859247,
    "speedup_vs_valkey": 1.7683372813766864,
    "tail_regressed_vs_redis": true,
    "tail_regressed_vs_valkey": true
  },
  "generator_bound": false
}
