{
  "workload": "set",
  "cell": {
    "keyspace": 1000000,
    "value_size": 1024,
    "dist": "uniform",
    "pipeline": 1,
    "connections": 512
  },
  "timestamp": "2026-07-11T03:21:28.158950035Z",
  "aki": {
    "target": "aki",
    "version": "unknown",
    "workload": "set",
    "skipped": false,
    "ops": 8009658,
    "errors": 0,
    "ops_per_sec": 1001114.5675641709,
    "min_us": 35.174,
    "p50_us": 485.375,
    "p99_us": 1037.311,
    "p999_us": 1479.679,
    "nil_replies": 0,
    "err_replies": 0,
    "hit_ratio": 1,
    "value_ops_per_sec": 1001114.5675641709,
    "bytes_per_sec": 1068979067.9696218,
    "resp_ver": 2,
    "used_memory": 1073097776,
    "bytes_per_key": 1073.097776,
    "distinct_keys_est": 999667,
    "key_draws": 8009658
  },
  "redis": {
    "target": "redis",
    "version": "redis 8.8.0",
    "workload": "set",
    "skipped": false,
    "ops": 7693841,
    "errors": 0,
    "ops_per_sec": 961680.5450786581,
    "min_us": 35.721,
    "p50_us": 511.487,
    "p99_us": 1029.119,
    "p999_us": 1577.983,
    "nil_replies": 0,
    "err_replies": 0,
    "hit_ratio": 1,
    "value_ops_per_sec": 961680.5450786581,
    "bytes_per_sec": 1026871892.4811472,
    "resp_ver": 2,
    "used_memory": 1326883368,
    "bytes_per_key": 1326.883368,
    "distinct_keys_est": 999547,
    "key_draws": 7693841,
    "maxmemory_policy": "noeviction"
  },
  "valkey": {
    "target": "valkey",
    "version": "valkey 9.1.0",
    "workload": "set",
    "skipped": false,
    "ops": 6913895,
    "errors": 0,
    "ops_per_sec": 864189.3879011585,
    "min_us": 9.232,
    "p50_us": 573.951,
    "p99_us": 1051.647,
    "p999_us": 1831.935,
    "nil_replies": 0,
    "err_replies": 0,
    "hit_ratio": 1,
    "value_ops_per_sec": 864189.3879011585,
    "bytes_per_sec": 922772033.0421308,
    "resp_ver": 2,
    "used_memory": 1329710288,
    "bytes_per_key": 1329.710288,
    "distinct_keys_est": 998968,
    "key_draws": 6913895,
    "maxmemory_policy": "noeviction"
  },
  "gate": {
    "pass": false,
    "reason": "aki is 1.04x Redis, below the 2.0x bar",
    "required_speedup": 2,
    "speedup_vs_redis": 1.0410053241560453,
    "speedup_vs_valkey": 1.1584434865551405,
    "tail_regressed_vs_redis": true,
    "tail_regressed_vs_valkey": false
  },
  "generator_bound": false
}
