{
  "workload": "set",
  "cell": {
    "keyspace": 1000000,
    "value_size": 1024,
    "dist": "uniform",
    "pipeline": 16,
    "connections": 50
  },
  "timestamp": "2026-07-11T04:13:23.580497426Z",
  "aki": {
    "target": "aki",
    "version": "unknown",
    "workload": "set",
    "skipped": false,
    "ops": 21495792,
    "errors": 0,
    "ops_per_sec": 2686878.033448999,
    "min_us": 18.187,
    "p50_us": 288.511,
    "p99_us": 638.463,
    "p999_us": 847.359,
    "nil_replies": 0,
    "err_replies": 0,
    "hit_ratio": 1,
    "value_ops_per_sec": 2686878.033448999,
    "bytes_per_sec": 2869018734.2251244,
    "resp_ver": 2,
    "used_memory": 1073449984,
    "bytes_per_key": 1073.449984,
    "distinct_keys_est": 1000000,
    "key_draws": 21495792
  },
  "redis": {
    "target": "redis",
    "version": "redis 8.8.0",
    "workload": "set",
    "skipped": false,
    "ops": 21293968,
    "errors": 0,
    "ops_per_sec": 2661680.202932673,
    "min_us": 26.262,
    "p50_us": 283.135,
    "p99_us": 599.039,
    "p999_us": 797.695,
    "nil_replies": 0,
    "err_replies": 0,
    "hit_ratio": 1,
    "value_ops_per_sec": 2661680.202932673,
    "bytes_per_sec": 2842112692.9939647,
    "resp_ver": 2,
    "used_memory": 1327490360,
    "bytes_per_key": 1327.49036,
    "distinct_keys_est": 1000000,
    "key_draws": 21293968,
    "maxmemory_policy": "noeviction"
  },
  "valkey": {
    "target": "valkey",
    "version": "valkey 9.1.0",
    "workload": "set",
    "skipped": false,
    "ops": 18169712,
    "errors": 0,
    "ops_per_sec": 2271116.112908307,
    "min_us": 23.003,
    "p50_us": 338.687,
    "p99_us": 583.679,
    "p999_us": 826.879,
    "nil_replies": 0,
    "err_replies": 0,
    "hit_ratio": 1,
    "value_ops_per_sec": 2271116.112908307,
    "bytes_per_sec": 2425072815.864698,
    "resp_ver": 2,
    "used_memory": 1331066384,
    "bytes_per_key": 1331.066384,
    "distinct_keys_est": 1000000,
    "key_draws": 18169712,
    "maxmemory_policy": "noeviction"
  },
  "gate": {
    "pass": false,
    "reason": "aki is 1.01x Redis, below the 2.0x bar",
    "required_speedup": 2,
    "speedup_vs_redis": 1.00946688880526,
    "speedup_vs_valkey": 1.1830650217210967,
    "tail_regressed_vs_redis": true,
    "tail_regressed_vs_valkey": true
  },
  "generator_bound": false
}
