{
  "workload": "set",
  "cell": {
    "keyspace": 1000000,
    "value_size": 1024,
    "dist": "uniform",
    "pipeline": 1,
    "connections": 512
  },
  "timestamp": "2026-07-11T03:20:54.128134943Z",
  "aki": {
    "target": "aki",
    "version": "unknown",
    "workload": "set",
    "skipped": false,
    "ops": 4502215,
    "errors": 0,
    "ops_per_sec": 562734.2596972474,
    "min_us": 7.338,
    "p50_us": 724.479,
    "p99_us": 4007.935,
    "p999_us": 7192.575,
    "nil_replies": 0,
    "err_replies": 0,
    "hit_ratio": 1,
    "value_ops_per_sec": 562734.2596972474,
    "bytes_per_sec": 600881584.9634523,
    "resp_ver": 2,
    "used_memory": 1061733000,
    "bytes_per_key": 1061.733,
    "distinct_keys_est": 988938,
    "key_draws": 4502215
  },
  "redis": {
    "target": "redis",
    "version": "redis 8.8.0",
    "workload": "set",
    "skipped": false,
    "ops": 7750051,
    "errors": 0,
    "ops_per_sec": 968700.0292308374,
    "min_us": 19.74,
    "p50_us": 507.135,
    "p99_us": 1046.527,
    "p999_us": 1683.455,
    "nil_replies": 0,
    "err_replies": 0,
    "hit_ratio": 1,
    "value_ops_per_sec": 968700.0292308374,
    "bytes_per_sec": 1034367205.9842092,
    "resp_ver": 2,
    "used_memory": 1326913616,
    "bytes_per_key": 1326.913616,
    "distinct_keys_est": 999570,
    "key_draws": 7750051,
    "maxmemory_policy": "noeviction"
  },
  "valkey": {
    "target": "valkey",
    "version": "valkey 9.1.0",
    "workload": "set",
    "skipped": false,
    "ops": 6909807,
    "errors": 0,
    "ops_per_sec": 863661.8543377236,
    "min_us": 11.342,
    "p50_us": 575.999,
    "p99_us": 1040.895,
    "p999_us": 1477.631,
    "nil_replies": 0,
    "err_replies": 0,
    "hit_ratio": 1,
    "value_ops_per_sec": 863661.8543377236,
    "bytes_per_sec": 922208744.9323645,
    "resp_ver": 2,
    "used_memory": 1329698352,
    "bytes_per_key": 1329.698352,
    "distinct_keys_est": 998959,
    "key_draws": 6909807,
    "maxmemory_policy": "noeviction"
  },
  "gate": {
    "pass": false,
    "reason": "aki is 0.58x Redis, below the 2.0x bar",
    "required_speedup": 2,
    "speedup_vs_redis": 0.5809169430335075,
    "speedup_vs_valkey": 0.6515678061627087,
    "tail_regressed_vs_redis": true,
    "tail_regressed_vs_valkey": true
  },
  "generator_bound": false
}
