{
  "workload": "set",
  "cell": {
    "keyspace": 1000000,
    "value_size": 64,
    "dist": "uniform",
    "pipeline": 16,
    "connections": 50
  },
  "timestamp": "2026-07-11T04:03:56.045015106Z",
  "aki": {
    "target": "aki",
    "version": "unknown",
    "workload": "set",
    "skipped": false,
    "ops": 24569376,
    "errors": 0,
    "ops_per_sec": 3071094.08749466,
    "min_us": 16.161,
    "p50_us": 236.543,
    "p99_us": 555.519,
    "p999_us": 761.343,
    "nil_replies": 0,
    "err_replies": 0,
    "hit_ratio": 1,
    "value_ops_per_sec": 3071094.08749466,
    "bytes_per_sec": 324887787.0936743,
    "resp_ver": 2,
    "used_memory": 113449984,
    "bytes_per_key": 113.449984,
    "distinct_keys_est": 1000000,
    "key_draws": 24569376
  },
  "redis": {
    "target": "redis",
    "version": "redis 8.8.0",
    "workload": "set",
    "skipped": false,
    "ops": 23364640,
    "errors": 0,
    "ops_per_sec": 2920504.000089469,
    "min_us": 19.902,
    "p50_us": 253.055,
    "p99_us": 563.711,
    "p999_us": 759.295,
    "nil_replies": 0,
    "err_replies": 0,
    "hit_ratio": 1,
    "value_ops_per_sec": 2920504.000089469,
    "bytes_per_sec": 308957007.5504122,
    "resp_ver": 2,
    "used_memory": 127496744,
    "bytes_per_key": 127.496744,
    "distinct_keys_est": 1000000,
    "key_draws": 23364640,
    "maxmemory_policy": "noeviction"
  },
  "valkey": {
    "target": "valkey",
    "version": "valkey 9.1.0",
    "workload": "set",
    "skipped": false,
    "ops": 22884928,
    "errors": 0,
    "ops_per_sec": 2860522.158425201,
    "min_us": 15.969,
    "p50_us": 269.055,
    "p99_us": 489.727,
    "p999_us": 701.951,
    "nil_replies": 0,
    "err_replies": 0,
    "hit_ratio": 1,
    "value_ops_per_sec": 2860522.158425201,
    "bytes_per_sec": 302611709.0959243,
    "resp_ver": 2,
    "used_memory": 115073504,
    "bytes_per_key": 115.073504,
    "distinct_keys_est": 1000000,
    "key_draws": 22884928,
    "maxmemory_policy": "noeviction"
  },
  "gate": {
    "pass": false,
    "reason": "aki is 1.05x Redis, below the 2.0x bar",
    "required_speedup": 2,
    "speedup_vs_redis": 1.0515630478166023,
    "speedup_vs_valkey": 1.0736131088686915,
    "tail_regressed_vs_redis": false,
    "tail_regressed_vs_valkey": true
  },
  "generator_bound": false
}
