{
  "workload": "set",
  "cell": {
    "keyspace": 1000000,
    "value_size": 1024,
    "dist": "uniform",
    "pipeline": 1,
    "connections": 50
  },
  "timestamp": "2026-07-11T04:39:59.987509705Z",
  "aki": {
    "target": "aki",
    "version": "unknown",
    "workload": "set",
    "skipped": false,
    "ops": 2600501,
    "errors": 0,
    "ops_per_sec": 325051.2230157247,
    "min_us": 6.934,
    "p50_us": 141.567,
    "p99_us": 470.783,
    "p999_us": 703.487,
    "nil_replies": 0,
    "err_replies": 0,
    "hit_ratio": 1,
    "value_ops_per_sec": 325051.2230157247,
    "bytes_per_sec": 347086287.58074737,
    "resp_ver": 2,
    "used_memory": 994809248,
    "bytes_per_key": 994.809248,
    "distinct_keys_est": 925726,
    "key_draws": 2600501
  },
  "redis": {
    "target": "redis",
    "version": "redis 8.8.0",
    "workload": "set",
    "skipped": false,
    "ops": 2514331,
    "errors": 0,
    "ops_per_sec": 314281.0601777496,
    "min_us": 10.253,
    "p50_us": 153.215,
    "p99_us": 395.007,
    "p999_us": 586.239,
    "nil_replies": 0,
    "err_replies": 0,
    "hit_ratio": 1,
    "value_ops_per_sec": 314281.0601777496,
    "bytes_per_sec": 335586022.19090694,
    "resp_ver": 2,
    "used_memory": 1220534536,
    "bytes_per_key": 1220.534536,
    "distinct_keys_est": 919069,
    "key_draws": 2514331,
    "maxmemory_policy": "noeviction"
  },
  "valkey": {
    "target": "valkey",
    "version": "valkey 9.1.0",
    "workload": "set",
    "skipped": false,
    "ops": 4464287,
    "errors": 0,
    "ops_per_sec": 558030.2611458191,
    "min_us": 6.484,
    "p50_us": 62.015,
    "p99_us": 338.687,
    "p999_us": 561.663,
    "nil_replies": 0,
    "err_replies": 0,
    "hit_ratio": 1,
    "value_ops_per_sec": 558030.2611458191,
    "bytes_per_sec": 595858775.2112391,
    "resp_ver": 2,
    "used_memory": 1316061296,
    "bytes_per_key": 1316.061296,
    "distinct_keys_est": 988593,
    "key_draws": 4464287,
    "maxmemory_policy": "noeviction"
  },
  "gate": {
    "pass": false,
    "reason": "aki is 1.03x Redis, below the 2.0x bar",
    "required_speedup": 2,
    "speedup_vs_redis": 1.034269207415438,
    "speedup_vs_valkey": 0.5824974838251387,
    "tail_regressed_vs_redis": true,
    "tail_regressed_vs_valkey": true
  },
  "generator_bound": false
}
