{
  "workload": "set",
  "cell": {
    "keyspace": 1000000,
    "value_size": 1024,
    "dist": "uniform",
    "pipeline": 1,
    "connections": 512
  },
  "timestamp": "2026-07-11T03:22:36.168838966Z",
  "aki": {
    "target": "aki",
    "version": "unknown",
    "workload": "set",
    "skipped": false,
    "ops": 4532190,
    "errors": 0,
    "ops_per_sec": 566488.500819525,
    "min_us": 8.294,
    "p50_us": 724.479,
    "p99_us": 3909.631,
    "p999_us": 7245.823,
    "nil_replies": 0,
    "err_replies": 0,
    "hit_ratio": 1,
    "value_ops_per_sec": 566488.500819525,
    "bytes_per_sec": 604890315.5550048,
    "resp_ver": 2,
    "used_memory": 1062055648,
    "bytes_per_key": 1062.055648,
    "distinct_keys_est": 989243,
    "key_draws": 4532190
  },
  "redis": {
    "target": "redis",
    "version": "redis 8.8.0",
    "workload": "set",
    "skipped": false,
    "ops": 7680004,
    "errors": 0,
    "ops_per_sec": 959915.2234113509,
    "min_us": 30.84,
    "p50_us": 513.535,
    "p99_us": 1035.263,
    "p999_us": 1677.311,
    "nil_replies": 0,
    "err_replies": 0,
    "hit_ratio": 1,
    "value_ops_per_sec": 959915.2234113509,
    "bytes_per_sec": 1024986901.598006,
    "resp_ver": 2,
    "used_memory": 1326877144,
    "bytes_per_key": 1326.877144,
    "distinct_keys_est": 999542,
    "key_draws": 7680004,
    "maxmemory_policy": "noeviction"
  },
  "valkey": {
    "target": "valkey",
    "version": "valkey 9.1.0",
    "workload": "set",
    "skipped": false,
    "ops": 6961464,
    "errors": 0,
    "ops_per_sec": 870100.3641756383,
    "min_us": 9.822,
    "p50_us": 571.391,
    "p99_us": 1032.703,
    "p999_us": 1465.343,
    "nil_replies": 0,
    "err_replies": 0,
    "hit_ratio": 1,
    "value_ops_per_sec": 870100.3641756383,
    "bytes_per_sec": 929083710.6150228,
    "resp_ver": 2,
    "used_memory": 1329779120,
    "bytes_per_key": 1329.77912,
    "distinct_keys_est": 999020,
    "key_draws": 6961464,
    "maxmemory_policy": "noeviction"
  },
  "gate": {
    "pass": false,
    "reason": "aki is 0.59x Redis, below the 2.0x bar",
    "required_speedup": 2,
    "speedup_vs_redis": 0.5901443033753916,
    "speedup_vs_valkey": 0.6510611006998426,
    "tail_regressed_vs_redis": true,
    "tail_regressed_vs_valkey": true
  },
  "generator_bound": false
}
