{
  "workload": "set",
  "cell": {
    "keyspace": 1000000,
    "value_size": 64,
    "dist": "uniform",
    "pipeline": 16,
    "connections": 512
  },
  "timestamp": "2026-07-11T03:34:37.53214918Z",
  "aki": {
    "target": "aki",
    "version": "unknown",
    "workload": "set",
    "skipped": false,
    "ops": 56679952,
    "errors": 0,
    "ops_per_sec": 7084070.006153414,
    "min_us": 21.983,
    "p50_us": 1051.647,
    "p99_us": 2545.663,
    "p999_us": 4040.703,
    "nil_replies": 0,
    "err_replies": 0,
    "hit_ratio": 1,
    "value_ops_per_sec": 7084070.006153414,
    "bytes_per_sec": 749415712.4914035,
    "resp_ver": 2,
    "used_memory": 113449984,
    "bytes_per_key": 113.449984,
    "distinct_keys_est": 1000000,
    "key_draws": 56679952
  },
  "redis": {
    "target": "redis",
    "version": "redis 8.8.0",
    "workload": "set",
    "skipped": false,
    "ops": 29512464,
    "errors": 0,
    "ops_per_sec": 3688095.9993445906,
    "min_us": 47.181,
    "p50_us": 2207.743,
    "p99_us": 2902.015,
    "p999_us": 4526.079,
    "nil_replies": 0,
    "err_replies": 0,
    "hit_ratio": 1,
    "value_ops_per_sec": 3688095.9993445906,
    "bytes_per_sec": 390158957.5563603,
    "resp_ver": 2,
    "used_memory": 127487784,
    "bytes_per_key": 127.487784,
    "distinct_keys_est": 1000000,
    "key_draws": 29512464,
    "maxmemory_policy": "noeviction"
  },
  "valkey": {
    "target": "valkey",
    "version": "valkey 9.1.0",
    "workload": "set",
    "skipped": false,
    "ops": 23428800,
    "errors": 0,
    "ops_per_sec": 2927559.8533537923,
    "min_us": 65.514,
    "p50_us": 2770.943,
    "p99_us": 3473.407,
    "p999_us": 4820.991,
    "nil_replies": 0,
    "err_replies": 0,
    "hit_ratio": 1,
    "value_ops_per_sec": 2927559.8533537923,
    "bytes_per_sec": 309702641.6523598,
    "resp_ver": 2,
    "used_memory": 115057632,
    "bytes_per_key": 115.057632,
    "distinct_keys_est": 1000000,
    "key_draws": 23428800,
    "maxmemory_policy": "noeviction"
  },
  "gate": {
    "pass": false,
    "reason": "aki is 1.92x Redis, below the 2.0x bar",
    "required_speedup": 2,
    "speedup_vs_redis": 1.9207932785405586,
    "speedup_vs_valkey": 2.419786566630893,
    "tail_regressed_vs_redis": false,
    "tail_regressed_vs_valkey": false
  },
  "generator_bound": false
}
