{
  "workload": "set",
  "cell": {
    "keyspace": 1000000,
    "value_size": 64,
    "dist": "uniform",
    "pipeline": 16,
    "connections": 50
  },
  "timestamp": "2026-07-11T03:59:26.534148943Z",
  "aki": {
    "target": "aki",
    "version": "unknown",
    "workload": "set",
    "skipped": false,
    "ops": 22203200,
    "errors": 0,
    "ops_per_sec": 2775368.4548152215,
    "min_us": 14.425,
    "p50_us": 279.295,
    "p99_us": 622.079,
    "p999_us": 804.351,
    "nil_replies": 0,
    "err_replies": 0,
    "hit_ratio": 1,
    "value_ops_per_sec": 2775368.4548152215,
    "bytes_per_sec": 293603331.1178381,
    "resp_ver": 2,
    "used_memory": 113449984,
    "bytes_per_key": 113.449984,
    "distinct_keys_est": 1000000,
    "key_draws": 22203200
  },
  "redis": {
    "target": "redis",
    "version": "redis 8.8.0",
    "workload": "set",
    "skipped": false,
    "ops": 24116384,
    "errors": 0,
    "ops_per_sec": 3014448.9960748157,
    "min_us": 23.366,
    "p50_us": 245.887,
    "p99_us": 533.503,
    "p999_us": 702.975,
    "nil_replies": 0,
    "err_replies": 0,
    "hit_ratio": 1,
    "value_ops_per_sec": 3014448.9960748157,
    "bytes_per_sec": 318895335.73062664,
    "resp_ver": 2,
    "used_memory": 127495528,
    "bytes_per_key": 127.495528,
    "distinct_keys_est": 1000000,
    "key_draws": 24116384,
    "maxmemory_policy": "noeviction"
  },
  "valkey": {
    "target": "valkey",
    "version": "valkey 9.1.0",
    "workload": "set",
    "skipped": false,
    "ops": 23072432,
    "errors": 0,
    "ops_per_sec": 2883947.2903453233,
    "min_us": 17.977,
    "p50_us": 267.519,
    "p99_us": 477.183,
    "p999_us": 686.591,
    "nil_replies": 0,
    "err_replies": 0,
    "hit_ratio": 1,
    "value_ops_per_sec": 2883947.2903453233,
    "bytes_per_sec": 305089799.9210407,
    "resp_ver": 2,
    "used_memory": 115073504,
    "bytes_per_key": 115.073504,
    "distinct_keys_est": 1000000,
    "key_draws": 23072432,
    "maxmemory_policy": "noeviction"
  },
  "gate": {
    "pass": false,
    "reason": "aki is 0.92x Redis, below the 2.0x bar",
    "required_speedup": 2,
    "speedup_vs_redis": 0.9206884768755728,
    "speedup_vs_valkey": 0.962350617192764,
    "tail_regressed_vs_redis": true,
    "tail_regressed_vs_valkey": true
  },
  "generator_bound": false
}
