{
  "workload": "set",
  "cell": {
    "keyspace": 1000000,
    "value_size": 1024,
    "dist": "uniform",
    "pipeline": 16,
    "connections": 512
  },
  "timestamp": "2026-07-11T03:49:38.230692678Z",
  "aki": {
    "target": "aki",
    "version": "unknown",
    "workload": "set",
    "skipped": false,
    "ops": 25286208,
    "errors": 0,
    "ops_per_sec": 3160286.9053077456,
    "min_us": 47.102,
    "p50_us": 2539.519,
    "p99_us": 5386.239,
    "p999_us": 7540.735,
    "nil_replies": 0,
    "err_replies": 0,
    "hit_ratio": 1,
    "value_ops_per_sec": 3160286.9053077456,
    "bytes_per_sec": 3374518496.2375965,
    "resp_ver": 2,
    "used_memory": 1073449984,
    "bytes_per_key": 1073.449984,
    "distinct_keys_est": 1000000,
    "key_draws": 25286208
  },
  "redis": {
    "target": "redis",
    "version": "redis 8.8.0",
    "workload": "set",
    "skipped": false,
    "ops": 24709664,
    "errors": 0,
    "ops_per_sec": 3087828.9734449205,
    "min_us": 92.96,
    "p50_us": 2631.679,
    "p99_us": 4067.327,
    "p999_us": 5627.903,
    "nil_replies": 0,
    "err_replies": 0,
    "hit_ratio": 1,
    "value_ops_per_sec": 3087828.9734449205,
    "bytes_per_sec": 3297148709.30261,
    "resp_ver": 2,
    "used_memory": 1327479992,
    "bytes_per_key": 1327.479992,
    "distinct_keys_est": 1000000,
    "key_draws": 24709664,
    "maxmemory_policy": "noeviction"
  },
  "valkey": {
    "target": "valkey",
    "version": "valkey 9.1.0",
    "workload": "set",
    "skipped": false,
    "ops": 16833648,
    "errors": 0,
    "ops_per_sec": 2103219.469396636,
    "min_us": 63.787,
    "p50_us": 3860.479,
    "p99_us": 4599.807,
    "p999_us": 5423.103,
    "nil_replies": 0,
    "err_replies": 0,
    "hit_ratio": 1,
    "value_ops_per_sec": 2103219.469396636,
    "bytes_per_sec": 2245794019.502422,
    "resp_ver": 2,
    "used_memory": 1331050704,
    "bytes_per_key": 1331.050704,
    "distinct_keys_est": 1000000,
    "key_draws": 16833648,
    "maxmemory_policy": "noeviction"
  },
  "gate": {
    "pass": false,
    "reason": "aki is 1.02x Redis, below the 2.0x bar",
    "required_speedup": 2,
    "speedup_vs_redis": 1.0234656558008741,
    "speedup_vs_valkey": 1.50259492710685,
    "tail_regressed_vs_redis": true,
    "tail_regressed_vs_valkey": true
  },
  "generator_bound": false
}
