{
  "workload": "set",
  "cell": {
    "keyspace": 1000000,
    "value_size": 1024,
    "dist": "uniform",
    "pipeline": 1,
    "connections": 50
  },
  "timestamp": "2026-07-11T04:38:18.684841922Z",
  "aki": {
    "target": "aki",
    "version": "unknown",
    "workload": "set",
    "skipped": false,
    "ops": 2658003,
    "errors": 0,
    "ops_per_sec": 332243.12379382324,
    "min_us": 6.833,
    "p50_us": 140.671,
    "p99_us": 444.415,
    "p999_us": 637.951,
    "nil_replies": 0,
    "err_replies": 0,
    "hit_ratio": 1,
    "value_ops_per_sec": 332243.12379382324,
    "bytes_per_sec": 354765715.9882486,
    "resp_ver": 2,
    "used_memory": 999157944,
    "bytes_per_key": 999.157944,
    "distinct_keys_est": 929834,
    "key_draws": 2658003
  },
  "redis": {
    "target": "redis",
    "version": "redis 8.8.0",
    "workload": "set",
    "skipped": false,
    "ops": 2607301,
    "errors": 0,
    "ops_per_sec": 325905.9698371429,
    "min_us": 9.172,
    "p50_us": 148.351,
    "p99_us": 371.199,
    "p999_us": 544.767,
    "nil_replies": 0,
    "err_replies": 0,
    "hit_ratio": 1,
    "value_ops_per_sec": 325905.9698371429,
    "bytes_per_sec": 347998983.1867638,
    "resp_ver": 2,
    "used_memory": 1229947872,
    "bytes_per_key": 1229.947872,
    "distinct_keys_est": 926193,
    "key_draws": 2607301,
    "maxmemory_policy": "noeviction"
  },
  "valkey": {
    "target": "valkey",
    "version": "valkey 9.1.0",
    "workload": "set",
    "skipped": false,
    "ops": 4563737,
    "errors": 0,
    "ops_per_sec": 570450.5707383562,
    "min_us": 6.353,
    "p50_us": 59.647,
    "p99_us": 331.775,
    "p999_us": 557.567,
    "nil_replies": 0,
    "err_replies": 0,
    "hit_ratio": 1,
    "value_ops_per_sec": 570450.5707383562,
    "bytes_per_sec": 609120993.0372025,
    "resp_ver": 2,
    "used_memory": 1317492144,
    "bytes_per_key": 1317.492144,
    "distinct_keys_est": 989681,
    "key_draws": 4563737,
    "maxmemory_policy": "noeviction"
  },
  "gate": {
    "pass": false,
    "reason": "aki is 1.02x Redis, below the 2.0x bar",
    "required_speedup": 2,
    "speedup_vs_redis": 1.0194447311285737,
    "speedup_vs_valkey": 0.5824222830801766,
    "tail_regressed_vs_redis": true,
    "tail_regressed_vs_valkey": true
  },
  "generator_bound": false
}
