{
  "workload": "set",
  "cell": {
    "keyspace": 1000000,
    "value_size": 64,
    "dist": "uniform",
    "pipeline": 16,
    "connections": 512
  },
  "timestamp": "2026-07-11T03:35:45.385156046Z",
  "aki": {
    "target": "aki",
    "version": "unknown",
    "workload": "set",
    "skipped": false,
    "ops": 31208272,
    "errors": 0,
    "ops_per_sec": 3900733.958957019,
    "min_us": 32.05,
    "p50_us": 2037.759,
    "p99_us": 4599.807,
    "p999_us": 7192.575,
    "nil_replies": 0,
    "err_replies": 0,
    "hit_ratio": 1,
    "value_ops_per_sec": 3900733.958957019,
    "bytes_per_sec": 412653975.5172754,
    "resp_ver": 2,
    "used_memory": 113449984,
    "bytes_per_key": 113.449984,
    "distinct_keys_est": 1000000,
    "key_draws": 31208272
  },
  "redis": {
    "target": "redis",
    "version": "redis 8.8.0",
    "workload": "set",
    "skipped": false,
    "ops": 29627616,
    "errors": 0,
    "ops_per_sec": 3702565.9606925217,
    "min_us": 60.304,
    "p50_us": 2201.599,
    "p99_us": 2971.647,
    "p999_us": 3987.455,
    "nil_replies": 0,
    "err_replies": 0,
    "hit_ratio": 1,
    "value_ops_per_sec": 3702565.9606925217,
    "bytes_per_sec": 391689739.7795506,
    "resp_ver": 2,
    "used_memory": 127488088,
    "bytes_per_key": 127.488088,
    "distinct_keys_est": 1000000,
    "key_draws": 29627616,
    "maxmemory_policy": "noeviction"
  },
  "valkey": {
    "target": "valkey",
    "version": "valkey 9.1.0",
    "workload": "set",
    "skipped": false,
    "ops": 23476864,
    "errors": 0,
    "ops_per_sec": 2933590.757236492,
    "min_us": 27.084,
    "p50_us": 2770.943,
    "p99_us": 3293.183,
    "p999_us": 4796.415,
    "nil_replies": 0,
    "err_replies": 0,
    "hit_ratio": 1,
    "value_ops_per_sec": 2933590.757236492,
    "bytes_per_sec": 310340642.74853504,
    "resp_ver": 2,
    "used_memory": 115057632,
    "bytes_per_key": 115.057632,
    "distinct_keys_est": 1000000,
    "key_draws": 23476864,
    "maxmemory_policy": "noeviction"
  },
  "gate": {
    "pass": false,
    "reason": "aki is 1.05x Redis, below the 2.0x bar",
    "required_speedup": 2,
    "speedup_vs_redis": 1.0535218009262506,
    "speedup_vs_valkey": 1.3296789776606732,
    "tail_regressed_vs_redis": true,
    "tail_regressed_vs_valkey": true
  },
  "generator_bound": false
}
