{
  "workload": "set",
  "cell": {
    "keyspace": 1000000,
    "value_size": 64,
    "dist": "uniform",
    "pipeline": 16,
    "connections": 512
  },
  "timestamp": "2026-07-11T03:34:03.606418808Z",
  "aki": {
    "target": "aki",
    "version": "unknown",
    "workload": "set",
    "skipped": false,
    "ops": 31365104,
    "errors": 0,
    "ops_per_sec": 3919597.483564076,
    "min_us": 36.088,
    "p50_us": 2024.447,
    "p99_us": 4640.767,
    "p999_us": 7278.591,
    "nil_replies": 0,
    "err_replies": 0,
    "hit_ratio": 1,
    "value_ops_per_sec": 3919597.483564076,
    "bytes_per_sec": 414649507.1417554,
    "resp_ver": 2,
    "used_memory": 113449984,
    "bytes_per_key": 113.449984,
    "distinct_keys_est": 1000000,
    "key_draws": 31365104
  },
  "redis": {
    "target": "redis",
    "version": "redis 8.8.0",
    "workload": "set",
    "skipped": false,
    "ops": 29643200,
    "errors": 0,
    "ops_per_sec": 3704389.0675929673,
    "min_us": 61.722,
    "p50_us": 2199.551,
    "p99_us": 2922.495,
    "p999_us": 4460.543,
    "nil_replies": 0,
    "err_replies": 0,
    "hit_ratio": 1,
    "value_ops_per_sec": 3704389.0675929673,
    "bytes_per_sec": 391882620.61798006,
    "resp_ver": 2,
    "used_memory": 127487632,
    "bytes_per_key": 127.487632,
    "distinct_keys_est": 1000000,
    "key_draws": 29643200,
    "maxmemory_policy": "noeviction"
  },
  "valkey": {
    "target": "valkey",
    "version": "valkey 9.1.0",
    "workload": "set",
    "skipped": false,
    "ops": 23547024,
    "errors": 0,
    "ops_per_sec": 2942357.6874517957,
    "min_us": 26.312,
    "p50_us": 2760.703,
    "p99_us": 3371.007,
    "p999_us": 4988.927,
    "nil_replies": 0,
    "err_replies": 0,
    "hit_ratio": 1,
    "value_ops_per_sec": 2942357.6874517957,
    "bytes_per_sec": 311268074.003782,
    "resp_ver": 2,
    "used_memory": 115057632,
    "bytes_per_key": 115.057632,
    "distinct_keys_est": 1000000,
    "key_draws": 23547024,
    "maxmemory_policy": "noeviction"
  },
  "gate": {
    "pass": false,
    "reason": "aki is 1.06x Redis, below the 2.0x bar",
    "required_speedup": 2,
    "speedup_vs_redis": 1.0580955218375445,
    "speedup_vs_valkey": 1.3321281434544454,
    "tail_regressed_vs_redis": true,
    "tail_regressed_vs_valkey": true
  },
  "generator_bound": false
}
