{
  "workload": "set",
  "cell": {
    "keyspace": 1000000,
    "value_size": 1024,
    "dist": "uniform",
    "pipeline": 16,
    "connections": 512
  },
  "timestamp": "2026-07-11T03:50:12.244983081Z",
  "aki": {
    "target": "aki",
    "version": "unknown",
    "workload": "set",
    "skipped": false,
    "ops": 36297632,
    "errors": 0,
    "ops_per_sec": 4536331.423608716,
    "min_us": 38.786,
    "p50_us": 1618.943,
    "p99_us": 3698.687,
    "p999_us": 5476.351,
    "nil_replies": 0,
    "err_replies": 0,
    "hit_ratio": 1,
    "value_ops_per_sec": 4536331.423608716,
    "bytes_per_sec": 4843844039.173013,
    "resp_ver": 2,
    "used_memory": 1073449984,
    "bytes_per_key": 1073.449984,
    "distinct_keys_est": 1000000,
    "key_draws": 36297632
  },
  "redis": {
    "target": "redis",
    "version": "redis 8.8.0",
    "workload": "set",
    "skipped": false,
    "ops": 24792000,
    "errors": 0,
    "ops_per_sec": 3098079.6949018515,
    "min_us": 55.11,
    "p50_us": 2625.535,
    "p99_us": 3846.143,
    "p999_us": 5550.079,
    "nil_replies": 0,
    "err_replies": 0,
    "hit_ratio": 1,
    "value_ops_per_sec": 3098079.6949018515,
    "bytes_per_sec": 3308094310.543928,
    "resp_ver": 2,
    "used_memory": 1327480144,
    "bytes_per_key": 1327.480144,
    "distinct_keys_est": 1000000,
    "key_draws": 24792000,
    "maxmemory_policy": "noeviction"
  },
  "valkey": {
    "target": "valkey",
    "version": "valkey 9.1.0",
    "workload": "set",
    "skipped": false,
    "ops": 16888112,
    "errors": 0,
    "ops_per_sec": 2110019.0073494655,
    "min_us": 78.875,
    "p50_us": 3854.335,
    "p99_us": 4468.735,
    "p999_us": 6184.959,
    "nil_replies": 0,
    "err_replies": 0,
    "hit_ratio": 1,
    "value_ops_per_sec": 2110019.0073494655,
    "bytes_per_sec": 2253054510.0641885,
    "resp_ver": 2,
    "used_memory": 1331050704,
    "bytes_per_key": 1331.050704,
    "distinct_keys_est": 1000000,
    "key_draws": 16888112,
    "maxmemory_policy": "noeviction"
  },
  "gate": {
    "pass": false,
    "reason": "aki is 1.46x Redis, below the 2.0x bar",
    "required_speedup": 2,
    "speedup_vs_redis": 1.4642397453731184,
    "speedup_vs_valkey": 2.1499007391914926,
    "tail_regressed_vs_redis": false,
    "tail_regressed_vs_valkey": false
  },
  "generator_bound": false
}
