{
  "workload": "set",
  "cell": {
    "keyspace": 1000000,
    "value_size": 64,
    "dist": "uniform",
    "pipeline": 16,
    "connections": 512
  },
  "timestamp": "2026-07-11T03:35:11.471378518Z",
  "aki": {
    "target": "aki",
    "version": "unknown",
    "workload": "set",
    "skipped": false,
    "ops": 53699136,
    "errors": 0,
    "ops_per_sec": 6711763.897194062,
    "min_us": 30.885,
    "p50_us": 1119.231,
    "p99_us": 2670.591,
    "p999_us": 4061.183,
    "nil_replies": 0,
    "err_replies": 0,
    "hit_ratio": 1,
    "value_ops_per_sec": 6711763.897194062,
    "bytes_per_sec": 710029817.0983952,
    "resp_ver": 2,
    "used_memory": 113449984,
    "bytes_per_key": 113.449984,
    "distinct_keys_est": 1000000,
    "key_draws": 53699136
  },
  "redis": {
    "target": "redis",
    "version": "redis 8.8.0",
    "workload": "set",
    "skipped": false,
    "ops": 29529344,
    "errors": 0,
    "ops_per_sec": 3690235.362204116,
    "min_us": 83.587,
    "p50_us": 2201.599,
    "p99_us": 2977.791,
    "p999_us": 6037.503,
    "nil_replies": 0,
    "err_replies": 0,
    "hit_ratio": 1,
    "value_ops_per_sec": 3690235.362204116,
    "bytes_per_sec": 390385295.811208,
    "resp_ver": 2,
    "used_memory": 127487936,
    "bytes_per_key": 127.487936,
    "distinct_keys_est": 1000000,
    "key_draws": 29529344,
    "maxmemory_policy": "noeviction"
  },
  "valkey": {
    "target": "valkey",
    "version": "valkey 9.1.0",
    "workload": "set",
    "skipped": false,
    "ops": 23476880,
    "errors": 0,
    "ops_per_sec": 2933568.452288945,
    "min_us": 21.783,
    "p50_us": 2764.799,
    "p99_us": 3338.239,
    "p999_us": 5033.983,
    "nil_replies": 0,
    "err_replies": 0,
    "hit_ratio": 1,
    "value_ops_per_sec": 2933568.452288945,
    "bytes_per_sec": 310338279.06208724,
    "resp_ver": 2,
    "used_memory": 115057632,
    "bytes_per_key": 115.057632,
    "distinct_keys_est": 1000000,
    "key_draws": 23476880,
    "maxmemory_policy": "noeviction"
  },
  "gate": {
    "pass": false,
    "reason": "aki is 1.82x Redis, below the 2.0x bar",
    "required_speedup": 2,
    "speedup_vs_redis": 1.8187901958603632,
    "speedup_vs_valkey": 2.2879179423807696,
    "tail_regressed_vs_redis": false,
    "tail_regressed_vs_valkey": false
  },
  "generator_bound": false
}
