{
  "workload": "set",
  "cell": {
    "keyspace": 1000000,
    "value_size": 64,
    "dist": "uniform",
    "pipeline": 1,
    "connections": 50
  },
  "timestamp": "2026-07-11T04:25:45.931628431Z",
  "aki": {
    "target": "aki",
    "version": "unknown",
    "workload": "set",
    "skipped": false,
    "ops": 2710105,
    "errors": 0,
    "ops_per_sec": 338756.43405229284,
    "min_us": 6.343,
    "p50_us": 137.471,
    "p99_us": 439.551,
    "p999_us": 651.263,
    "nil_replies": 0,
    "err_replies": 0,
    "hit_ratio": 1,
    "value_ops_per_sec": 338756.43405229284,
    "bytes_per_sec": 35836896.16754535,
    "resp_ver": 2,
    "used_memory": 106865856,
    "bytes_per_key": 106.865856,
    "distinct_keys_est": 933374,
    "key_draws": 2710105
  },
  "redis": {
    "target": "redis",
    "version": "redis 8.8.0",
    "workload": "set",
    "skipped": false,
    "ops": 2689026,
    "errors": 0,
    "ops_per_sec": 336120.89966615103,
    "min_us": 9.598,
    "p50_us": 143.871,
    "p99_us": 371.455,
    "p999_us": 541.183,
    "nil_replies": 0,
    "err_replies": 0,
    "hit_ratio": 1,
    "value_ops_per_sec": 336120.89966615103,
    "bytes_per_sec": 35558064.78679448,
    "resp_ver": 2,
    "used_memory": 119203824,
    "bytes_per_key": 119.203824,
    "distinct_keys_est": 931966,
    "key_draws": 2689026,
    "maxmemory_policy": "noeviction"
  },
  "valkey": {
    "target": "valkey",
    "version": "valkey 9.1.0",
    "workload": "set",
    "skipped": false,
    "ops": 4936500,
    "errors": 0,
    "ops_per_sec": 617054.1797185724,
    "min_us": 5.807,
    "p50_us": 51.647,
    "p99_us": 332.287,
    "p999_us": 542.207,
    "nil_replies": 0,
    "err_replies": 0,
    "hit_ratio": 1,
    "value_ops_per_sec": 617054.1797185724,
    "bytes_per_sec": 65277622.804693796,
    "resp_ver": 2,
    "used_memory": 114350208,
    "bytes_per_key": 114.350208,
    "distinct_keys_est": 992831,
    "key_draws": 4936500,
    "maxmemory_policy": "noeviction"
  },
  "gate": {
    "pass": false,
    "reason": "aki is 1.01x Redis, below the 2.0x bar",
    "required_speedup": 2,
    "speedup_vs_redis": 1.007841030976531,
    "speedup_vs_valkey": 0.5489897729998259,
    "tail_regressed_vs_redis": true,
    "tail_regressed_vs_valkey": true
  },
  "generator_bound": false
}
