{
  "workload": "set",
  "cell": {
    "keyspace": 1000000,
    "value_size": 1024,
    "dist": "uniform",
    "pipeline": 1,
    "connections": 512
  },
  "timestamp": "2026-07-11T03:22:02.165816462Z",
  "aki": {
    "target": "aki",
    "version": "unknown",
    "workload": "set",
    "skipped": false,
    "ops": 7902510,
    "errors": 0,
    "ops_per_sec": 987767.4330911787,
    "min_us": 20.843,
    "p50_us": 490.495,
    "p99_us": 1076.223,
    "p999_us": 1473.535,
    "nil_replies": 0,
    "err_replies": 0,
    "hit_ratio": 1,
    "value_ops_per_sec": 987767.4330911787,
    "bytes_per_sec": 1054727176.6903214,
    "resp_ver": 2,
    "used_memory": 1073061752,
    "bytes_per_key": 1073.061752,
    "distinct_keys_est": 999633,
    "key_draws": 7902510
  },
  "redis": {
    "target": "redis",
    "version": "redis 8.8.0",
    "workload": "set",
    "skipped": false,
    "ops": 7677426,
    "errors": 0,
    "ops_per_sec": 959604.9312652762,
    "min_us": 23.55,
    "p50_us": 513.791,
    "p99_us": 1024.511,
    "p999_us": 1498.111,
    "nil_replies": 0,
    "err_replies": 0,
    "hit_ratio": 1,
    "value_ops_per_sec": 959604.9312652762,
    "bytes_per_sec": 1024655571.9379442,
    "resp_ver": 2,
    "used_memory": 1326880848,
    "bytes_per_key": 1326.880848,
    "distinct_keys_est": 999545,
    "key_draws": 7677426,
    "maxmemory_policy": "noeviction"
  },
  "valkey": {
    "target": "valkey",
    "version": "valkey 9.1.0",
    "workload": "set",
    "skipped": false,
    "ops": 6901905,
    "errors": 0,
    "ops_per_sec": 862664.165781743,
    "min_us": 9.132,
    "p50_us": 575.999,
    "p99_us": 1028.607,
    "p999_us": 1486.847,
    "nil_replies": 0,
    "err_replies": 0,
    "hit_ratio": 1,
    "value_ops_per_sec": 862664.165781743,
    "bytes_per_sec": 921143435.8992383,
    "resp_ver": 2,
    "used_memory": 1329687920,
    "bytes_per_key": 1329.68792,
    "distinct_keys_est": 998951,
    "key_draws": 6901905,
    "maxmemory_policy": "noeviction"
  },
  "gate": {
    "pass": false,
    "reason": "aki is 1.03x Redis, below the 2.0x bar",
    "required_speedup": 2,
    "speedup_vs_redis": 1.0293480169894178,
    "speedup_vs_valkey": 1.145019663817921,
    "tail_regressed_vs_redis": true,
    "tail_regressed_vs_valkey": true
  },
  "generator_bound": false
}
