{
  "workload": "set",
  "cell": {
    "keyspace": 1000000,
    "value_size": 1024,
    "dist": "uniform",
    "pipeline": 1,
    "connections": 512
  },
  "timestamp": "2026-07-11T03:23:10.161934713Z",
  "aki": {
    "target": "aki",
    "version": "unknown",
    "workload": "set",
    "skipped": false,
    "ops": 8018676,
    "errors": 0,
    "ops_per_sec": 1002284.229557468,
    "min_us": 25.718,
    "p50_us": 485.375,
    "p99_us": 1042.431,
    "p999_us": 1522.687,
    "nil_replies": 0,
    "err_replies": 0,
    "hit_ratio": 1,
    "value_ops_per_sec": 1002284.229557468,
    "bytes_per_sec": 1070228009.9027139,
    "resp_ver": 2,
    "used_memory": 1073107352,
    "bytes_per_key": 1073.107352,
    "distinct_keys_est": 999676,
    "key_draws": 8018676
  },
  "redis": {
    "target": "redis",
    "version": "redis 8.8.0",
    "workload": "set",
    "skipped": false,
    "ops": 7750992,
    "errors": 0,
    "ops_per_sec": 968814.1941309822,
    "min_us": 29.821,
    "p50_us": 507.391,
    "p99_us": 1019.391,
    "p999_us": 1514.495,
    "nil_replies": 0,
    "err_replies": 0,
    "hit_ratio": 1,
    "value_ops_per_sec": 968814.1941309822,
    "bytes_per_sec": 1034489150.0752767,
    "resp_ver": 2,
    "used_memory": 1326922192,
    "bytes_per_key": 1326.922192,
    "distinct_keys_est": 999576,
    "key_draws": 7750992,
    "maxmemory_policy": "noeviction"
  },
  "valkey": {
    "target": "valkey",
    "version": "valkey 9.1.0",
    "workload": "set",
    "skipped": false,
    "ops": 6877944,
    "errors": 0,
    "ops_per_sec": 859678.4838162849,
    "min_us": 9.812,
    "p50_us": 577.535,
    "p99_us": 1029.119,
    "p999_us": 1573.887,
    "nil_replies": 0,
    "err_replies": 0,
    "hit_ratio": 1,
    "value_ops_per_sec": 859678.4838162849,
    "bytes_per_sec": 917955348.3197191,
    "resp_ver": 2,
    "used_memory": 1329667152,
    "bytes_per_key": 1329.667152,
    "distinct_keys_est": 998935,
    "key_draws": 6877944,
    "maxmemory_policy": "noeviction"
  },
  "gate": {
    "pass": false,
    "reason": "aki is 1.03x Redis, below the 2.0x bar",
    "required_speedup": 2,
    "speedup_vs_redis": 1.0345474247066624,
    "speedup_vs_valkey": 1.165882650811647,
    "tail_regressed_vs_redis": true,
    "tail_regressed_vs_valkey": true
  },
  "generator_bound": false
}
