{
  "workload": "set",
  "cell": {
    "keyspace": 1000000,
    "value_size": 64,
    "dist": "uniform",
    "pipeline": 1,
    "connections": 512
  },
  "timestamp": "2026-07-11T03:07:51.332547817Z",
  "aki": {
    "target": "aki",
    "version": "unknown",
    "workload": "set",
    "skipped": false,
    "ops": 8344318,
    "errors": 0,
    "ops_per_sec": 1042983.5451812254,
    "min_us": 28.079,
    "p50_us": 466.175,
    "p99_us": 989.183,
    "p999_us": 1390.591,
    "nil_replies": 0,
    "err_replies": 0,
    "hit_ratio": 1,
    "value_ops_per_sec": 1042983.5451812254,
    "bytes_per_sec": 110336042.65616532,
    "resp_ver": 2,
    "used_memory": 113428656,
    "bytes_per_key": 113.428656,
    "distinct_keys_est": 999781,
    "key_draws": 8344318
  },
  "redis": {
    "target": "redis",
    "version": "redis 8.8.0",
    "workload": "set",
    "skipped": false,
    "ops": 8300845,
    "errors": 0,
    "ops_per_sec": 1037575.9053242528,
    "min_us": 25.47,
    "p50_us": 476.927,
    "p99_us": 946.175,
    "p999_us": 1318.911,
    "nil_replies": 0,
    "err_replies": 0,
    "hit_ratio": 1,
    "value_ops_per_sec": 1037575.9053242528,
    "bytes_per_sec": 109764006.73839349,
    "resp_ver": 2,
    "used_memory": 127456184,
    "bytes_per_key": 127.456184,
    "distinct_keys_est": 999758,
    "key_draws": 8300845,
    "maxmemory_policy": "noeviction"
  },
  "valkey": {
    "target": "valkey",
    "version": "valkey 9.1.0",
    "workload": "set",
    "skipped": false,
    "ops": 8045232,
    "errors": 0,
    "ops_per_sec": 1005609.6296120137,
    "min_us": 9.41,
    "p50_us": 495.871,
    "p99_us": 947.711,
    "p999_us": 1389.567,
    "nil_replies": 0,
    "err_replies": 0,
    "hit_ratio": 1,
    "value_ops_per_sec": 1005609.6296120137,
    "bytes_per_sec": 106382363.97925192,
    "resp_ver": 2,
    "used_memory": 115033184,
    "bytes_per_key": 115.033184,
    "distinct_keys_est": 999686,
    "key_draws": 8045232,
    "maxmemory_policy": "noeviction"
  },
  "gate": {
    "pass": false,
    "reason": "aki is 1.01x Redis, below the 2.0x bar",
    "required_speedup": 2,
    "speedup_vs_redis": 1.0052118016900968,
    "speedup_vs_valkey": 1.037165431265442,
    "tail_regressed_vs_redis": true,
    "tail_regressed_vs_valkey": true
  },
  "generator_bound": false
}
