{
  "workload": "set",
  "cell": {
    "keyspace": 1000000,
    "value_size": 1024,
    "dist": "uniform",
    "pipeline": 16,
    "connections": 50
  },
  "timestamp": "2026-07-11T04:17:53.795050691Z",
  "aki": {
    "target": "aki",
    "version": "unknown",
    "workload": "set",
    "skipped": false,
    "ops": 20693728,
    "errors": 0,
    "ops_per_sec": 2586646.5999483927,
    "min_us": 20.806,
    "p50_us": 280.831,
    "p99_us": 641.535,
    "p999_us": 937.983,
    "nil_replies": 0,
    "err_replies": 0,
    "hit_ratio": 1,
    "value_ops_per_sec": 2586646.5999483927,
    "bytes_per_sec": 2761992745.0144024,
    "resp_ver": 2,
    "used_memory": 1073449984,
    "bytes_per_key": 1073.449984,
    "distinct_keys_est": 1000000,
    "key_draws": 20693728
  },
  "redis": {
    "target": "redis",
    "version": "redis 8.8.0",
    "workload": "set",
    "skipped": false,
    "ops": 20630528,
    "errors": 0,
    "ops_per_sec": 2578745.2959614755,
    "min_us": 25.969,
    "p50_us": 292.351,
    "p99_us": 626.175,
    "p999_us": 842.751,
    "nil_replies": 0,
    "err_replies": 0,
    "hit_ratio": 1,
    "value_ops_per_sec": 2578745.2959614755,
    "bytes_per_sec": 2753555862.7553554,
    "resp_ver": 2,
    "used_memory": 1327493048,
    "bytes_per_key": 1327.493048,
    "distinct_keys_est": 1000000,
    "key_draws": 20630528,
    "maxmemory_policy": "noeviction"
  },
  "valkey": {
    "target": "valkey",
    "version": "valkey 9.1.0",
    "workload": "set",
    "skipped": false,
    "ops": 18126160,
    "errors": 0,
    "ops_per_sec": 2265648.2885243227,
    "min_us": 24.681,
    "p50_us": 341.247,
    "p99_us": 577.023,
    "p999_us": 807.935,
    "nil_replies": 0,
    "err_replies": 0,
    "hit_ratio": 1,
    "value_ops_per_sec": 2265648.2885243227,
    "bytes_per_sec": 2419234349.6985216,
    "resp_ver": 2,
    "used_memory": 1331066736,
    "bytes_per_key": 1331.066736,
    "distinct_keys_est": 1000000,
    "key_draws": 18126160,
    "maxmemory_policy": "noeviction"
  },
  "gate": {
    "pass": false,
    "reason": "aki is 1.00x Redis, below the 2.0x bar",
    "required_speedup": 2,
    "speedup_vs_redis": 1.0030640110131432,
    "speedup_vs_valkey": 1.14168055697345,
    "tail_regressed_vs_redis": true,
    "tail_regressed_vs_valkey": true
  },
  "generator_bound": false
}
