{
  "workload": "set",
  "cell": {
    "keyspace": 1000000,
    "value_size": 1024,
    "dist": "uniform",
    "pipeline": 16,
    "connections": 50
  },
  "timestamp": "2026-07-11T04:15:04.904082995Z",
  "aki": {
    "target": "aki",
    "version": "unknown",
    "workload": "set",
    "skipped": false,
    "ops": 19679712,
    "errors": 0,
    "ops_per_sec": 2459896.20587554,
    "min_us": 18.446,
    "p50_us": 315.391,
    "p99_us": 706.559,
    "p999_us": 951.295,
    "nil_replies": 0,
    "err_replies": 0,
    "hit_ratio": 1,
    "value_ops_per_sec": 2459896.20587554,
    "bytes_per_sec": 2626650053.6811833,
    "resp_ver": 2,
    "used_memory": 1073449984,
    "bytes_per_key": 1073.449984,
    "distinct_keys_est": 1000000,
    "key_draws": 19679712
  },
  "redis": {
    "target": "redis",
    "version": "redis 8.8.0",
    "workload": "set",
    "skipped": false,
    "ops": 20743520,
    "errors": 0,
    "ops_per_sec": 2592822.3027208014,
    "min_us": 26.25,
    "p50_us": 290.815,
    "p99_us": 623.103,
    "p999_us": 827.391,
    "nil_replies": 0,
    "err_replies": 0,
    "hit_ratio": 1,
    "value_ops_per_sec": 2592822.3027208014,
    "bytes_per_sec": 2768587091.6418557,
    "resp_ver": 2,
    "used_memory": 1327490816,
    "bytes_per_key": 1327.490816,
    "distinct_keys_est": 1000000,
    "key_draws": 20743520,
    "maxmemory_policy": "noeviction"
  },
  "valkey": {
    "target": "valkey",
    "version": "valkey 9.1.0",
    "workload": "set",
    "skipped": false,
    "ops": 18058928,
    "errors": 0,
    "ops_per_sec": 2257279.665542472,
    "min_us": 21.5,
    "p50_us": 342.783,
    "p99_us": 583.167,
    "p999_us": 786.943,
    "nil_replies": 0,
    "err_replies": 0,
    "hit_ratio": 1,
    "value_ops_per_sec": 2257279.665542472,
    "bytes_per_sec": 2410298459.0135508,
    "resp_ver": 2,
    "used_memory": 1331066384,
    "bytes_per_key": 1331.066384,
    "distinct_keys_est": 1000000,
    "key_draws": 18058928,
    "maxmemory_policy": "noeviction"
  },
  "gate": {
    "pass": false,
    "reason": "aki is 0.95x Redis, below the 2.0x bar",
    "required_speedup": 2,
    "speedup_vs_redis": 0.9487330478815404,
    "speedup_vs_valkey": 1.0897613811110884,
    "tail_regressed_vs_redis": true,
    "tail_regressed_vs_valkey": true
  },
  "generator_bound": false
}
