{
  "workload": "set",
  "cell": {
    "keyspace": 1000000,
    "value_size": 1024,
    "dist": "uniform",
    "pipeline": 1,
    "connections": 50
  },
  "timestamp": "2026-07-11T04:41:07.520373528Z",
  "aki": {
    "target": "aki",
    "version": "unknown",
    "workload": "set",
    "skipped": false,
    "ops": 2130273,
    "errors": 0,
    "ops_per_sec": 266274.82555142377,
    "min_us": 10.458,
    "p50_us": 175.359,
    "p99_us": 446.207,
    "p999_us": 616.959,
    "nil_replies": 0,
    "err_replies": 0,
    "hit_ratio": 1,
    "value_ops_per_sec": 266274.82555142377,
    "bytes_per_sec": 284325430.52258307,
    "resp_ver": 2,
    "used_memory": 947600728,
    "bytes_per_key": 947.600728,
    "distinct_keys_est": 881133,
    "key_draws": 2130273
  },
  "redis": {
    "target": "redis",
    "version": "redis 8.8.0",
    "workload": "set",
    "skipped": false,
    "ops": 2560660,
    "errors": 0,
    "ops_per_sec": 320068.9612429739,
    "min_us": 10.252,
    "p50_us": 150.143,
    "p99_us": 384.767,
    "p999_us": 565.247,
    "nil_replies": 0,
    "err_replies": 0,
    "hit_ratio": 1,
    "value_ops_per_sec": 320068.9612429739,
    "bytes_per_sec": 341766281.83216166,
    "resp_ver": 2,
    "used_memory": 1225318376,
    "bytes_per_key": 1225.318376,
    "distinct_keys_est": 922689,
    "key_draws": 2560660,
    "maxmemory_policy": "noeviction"
  },
  "valkey": {
    "target": "valkey",
    "version": "valkey 9.1.0",
    "workload": "set",
    "skipped": false,
    "ops": 4381745,
    "errors": 0,
    "ops_per_sec": 547714.5164513726,
    "min_us": 6.304,
    "p50_us": 64.863,
    "p99_us": 342.015,
    "p999_us": 568.831,
    "nil_replies": 0,
    "err_replies": 0,
    "hit_ratio": 1,
    "value_ops_per_sec": 547714.5164513726,
    "bytes_per_sec": 584843737.955138,
    "resp_ver": 2,
    "used_memory": 1314773712,
    "bytes_per_key": 1314.773712,
    "distinct_keys_est": 987614,
    "key_draws": 4381745,
    "maxmemory_policy": "noeviction"
  },
  "gate": {
    "pass": false,
    "reason": "aki is 0.83x Redis, below the 2.0x bar",
    "required_speedup": 2,
    "speedup_vs_redis": 0.831929545799621,
    "speedup_vs_valkey": 0.48615623203966013,
    "tail_regressed_vs_redis": true,
    "tail_regressed_vs_valkey": true
  },
  "generator_bound": false
}
