{
  "workload": "set",
  "cell": {
    "keyspace": 1000000,
    "value_size": 64,
    "dist": "uniform",
    "pipeline": 1,
    "connections": 512
  },
  "timestamp": "2026-07-11T03:08:25.240787724Z",
  "aki": {
    "target": "aki",
    "version": "unknown",
    "workload": "set",
    "skipped": false,
    "ops": 8285523,
    "errors": 0,
    "ops_per_sec": 1035591.6490707682,
    "min_us": 19.041,
    "p50_us": 467.711,
    "p99_us": 1031.679,
    "p999_us": 1466.367,
    "nil_replies": 0,
    "err_replies": 0,
    "hit_ratio": 1,
    "value_ops_per_sec": 1035591.6490707682,
    "bytes_per_sec": 109554061.39635916,
    "resp_ver": 2,
    "used_memory": 113426928,
    "bytes_per_key": 113.426928,
    "distinct_keys_est": 999763,
    "key_draws": 8285523
  },
  "redis": {
    "target": "redis",
    "version": "redis 8.8.0",
    "workload": "set",
    "skipped": false,
    "ops": 8309658,
    "errors": 0,
    "ops_per_sec": 1038660.5981697355,
    "min_us": 23.407,
    "p50_us": 475.647,
    "p99_us": 958.975,
    "p999_us": 1419.263,
    "nil_replies": 0,
    "err_replies": 0,
    "hit_ratio": 1,
    "value_ops_per_sec": 1038660.5981697355,
    "bytes_per_sec": 109878710.3815187,
    "resp_ver": 2,
    "used_memory": 127457488,
    "bytes_per_key": 127.457488,
    "distinct_keys_est": 999767,
    "key_draws": 8309658,
    "maxmemory_policy": "noeviction"
  },
  "valkey": {
    "target": "valkey",
    "version": "valkey 9.1.0",
    "workload": "set",
    "skipped": false,
    "ops": 8177468,
    "errors": 0,
    "ops_per_sec": 1022130.1876059086,
    "min_us": 8.294,
    "p50_us": 488.447,
    "p99_us": 933.375,
    "p999_us": 1385.471,
    "nil_replies": 0,
    "err_replies": 0,
    "hit_ratio": 1,
    "value_ops_per_sec": 1022130.1876059086,
    "bytes_per_sec": 108130035.8900718,
    "resp_ver": 2,
    "used_memory": 115037248,
    "bytes_per_key": 115.037248,
    "distinct_keys_est": 999727,
    "key_draws": 8177468,
    "maxmemory_policy": "noeviction"
  },
  "gate": {
    "pass": false,
    "reason": "aki is 1.00x Redis, below the 2.0x bar",
    "required_speedup": 2,
    "speedup_vs_redis": 0.9970452820638664,
    "speedup_vs_valkey": 1.0131700067448255,
    "tail_regressed_vs_redis": true,
    "tail_regressed_vs_valkey": true
  },
  "generator_bound": false
}
