{
  "workload": "set",
  "cell": {
    "keyspace": 1000000,
    "value_size": 1024,
    "dist": "uniform",
    "pipeline": 16,
    "connections": 512
  },
  "timestamp": "2026-07-11T03:50:46.25740395Z",
  "aki": {
    "target": "aki",
    "version": "unknown",
    "workload": "set",
    "skipped": false,
    "ops": 32260976,
    "errors": 0,
    "ops_per_sec": 4032096.8052787734,
    "min_us": 42.904,
    "p50_us": 1859.583,
    "p99_us": 3971.071,
    "p999_us": 5746.687,
    "nil_replies": 0,
    "err_replies": 0,
    "hit_ratio": 1,
    "value_ops_per_sec": 4032096.8052787734,
    "bytes_per_sec": 4305427807.209113,
    "resp_ver": 2,
    "used_memory": 1073449984,
    "bytes_per_key": 1073.449984,
    "distinct_keys_est": 1000000,
    "key_draws": 32260976
  },
  "redis": {
    "target": "redis",
    "version": "redis 8.8.0",
    "workload": "set",
    "skipped": false,
    "ops": 24683792,
    "errors": 0,
    "ops_per_sec": 3084609.3947827755,
    "min_us": 182.976,
    "p50_us": 2629.631,
    "p99_us": 4085.759,
    "p999_us": 7241.727,
    "nil_replies": 0,
    "err_replies": 0,
    "hit_ratio": 1,
    "value_ops_per_sec": 3084609.3947827755,
    "bytes_per_sec": 3293710854.7504015,
    "resp_ver": 2,
    "used_memory": 1327480296,
    "bytes_per_key": 1327.480296,
    "distinct_keys_est": 1000000,
    "key_draws": 24683792,
    "maxmemory_policy": "noeviction"
  },
  "valkey": {
    "target": "valkey",
    "version": "valkey 9.1.0",
    "workload": "set",
    "skipped": false,
    "ops": 16784432,
    "errors": 0,
    "ops_per_sec": 2097044.947057942,
    "min_us": 63.012,
    "p50_us": 3874.815,
    "p99_us": 4509.695,
    "p999_us": 7081.983,
    "nil_replies": 0,
    "err_replies": 0,
    "hit_ratio": 1,
    "value_ops_per_sec": 2097044.947057942,
    "bytes_per_sec": 2239200916.2869024,
    "resp_ver": 2,
    "used_memory": 1331050704,
    "bytes_per_key": 1331.050704,
    "distinct_keys_est": 1000000,
    "key_draws": 16784432,
    "maxmemory_policy": "noeviction"
  },
  "gate": {
    "pass": false,
    "reason": "aki is 1.31x Redis, below the 2.0x bar",
    "required_speedup": 2,
    "speedup_vs_redis": 1.3071660911422212,
    "speedup_vs_valkey": 1.9227517325919126,
    "tail_regressed_vs_redis": false,
    "tail_regressed_vs_valkey": false
  },
  "generator_bound": false
}
