{
  "workload": "set",
  "cell": {
    "keyspace": 1000000,
    "value_size": 64,
    "dist": "uniform",
    "pipeline": 16,
    "connections": 50
  },
  "timestamp": "2026-07-11T04:01:07.592561962Z",
  "aki": {
    "target": "aki",
    "version": "unknown",
    "workload": "set",
    "skipped": false,
    "ops": 20249552,
    "errors": 0,
    "ops_per_sec": 2531123.579712546,
    "min_us": 17.318,
    "p50_us": 306.175,
    "p99_us": 692.735,
    "p999_us": 914.943,
    "nil_replies": 0,
    "err_replies": 0,
    "hit_ratio": 1,
    "value_ops_per_sec": 2531123.579712546,
    "bytes_per_sec": 267764972.55987468,
    "resp_ver": 2,
    "used_memory": 113449984,
    "bytes_per_key": 113.449984,
    "distinct_keys_est": 1000000,
    "key_draws": 20249552
  },
  "redis": {
    "target": "redis",
    "version": "redis 8.8.0",
    "workload": "set",
    "skipped": false,
    "ops": 23502544,
    "errors": 0,
    "ops_per_sec": 2937711.250550219,
    "min_us": 23.466,
    "p50_us": 251.391,
    "p99_us": 558.591,
    "p999_us": 767.487,
    "nil_replies": 0,
    "err_replies": 0,
    "hit_ratio": 1,
    "value_ops_per_sec": 2937711.250550219,
    "bytes_per_sec": 310777348.33925754,
    "resp_ver": 2,
    "used_memory": 127495984,
    "bytes_per_key": 127.495984,
    "distinct_keys_est": 1000000,
    "key_draws": 23502544,
    "maxmemory_policy": "noeviction"
  },
  "valkey": {
    "target": "valkey",
    "version": "valkey 9.1.0",
    "workload": "set",
    "skipped": false,
    "ops": 22913968,
    "errors": 0,
    "ops_per_sec": 2864090.7351351692,
    "min_us": 19.072,
    "p50_us": 268.799,
    "p99_us": 484.607,
    "p999_us": 679.935,
    "nil_replies": 0,
    "err_replies": 0,
    "hit_ratio": 1,
    "value_ops_per_sec": 2864090.7351351692,
    "bytes_per_sec": 302989213.56461716,
    "resp_ver": 2,
    "used_memory": 115073504,
    "bytes_per_key": 115.073504,
    "distinct_keys_est": 1000000,
    "key_draws": 22913968,
    "maxmemory_policy": "noeviction"
  },
  "gate": {
    "pass": false,
    "reason": "aki is 0.86x Redis, below the 2.0x bar",
    "required_speedup": 2,
    "speedup_vs_redis": 0.8615971291387059,
    "speedup_vs_valkey": 0.8837442014884668,
    "tail_regressed_vs_redis": true,
    "tail_regressed_vs_valkey": true
  },
  "generator_bound": false
}
