{
  "workload": "set",
  "cell": {
    "keyspace": 1000000,
    "value_size": 1024,
    "dist": "uniform",
    "pipeline": 16,
    "connections": 50
  },
  "timestamp": "2026-07-11T04:15:38.68197619Z",
  "aki": {
    "target": "aki",
    "version": "unknown",
    "workload": "set",
    "skipped": false,
    "ops": 21890592,
    "errors": 0,
    "ops_per_sec": 2736264.2191254394,
    "min_us": 16.942,
    "p50_us": 261.631,
    "p99_us": 648.191,
    "p999_us": 877.055,
    "nil_replies": 0,
    "err_replies": 0,
    "hit_ratio": 1,
    "value_ops_per_sec": 2736264.2191254394,
    "bytes_per_sec": 2921752695.3927684,
    "resp_ver": 2,
    "used_memory": 1073449984,
    "bytes_per_key": 1073.449984,
    "distinct_keys_est": 1000000,
    "key_draws": 21890592
  },
  "redis": {
    "target": "redis",
    "version": "redis 8.8.0",
    "workload": "set",
    "skipped": false,
    "ops": 20594112,
    "errors": 0,
    "ops_per_sec": 2574183.811278322,
    "min_us": 28.501,
    "p50_us": 290.815,
    "p99_us": 631.295,
    "p999_us": 867.839,
    "nil_replies": 0,
    "err_replies": 0,
    "hit_ratio": 1,
    "value_ops_per_sec": 2574183.811278322,
    "bytes_per_sec": 2748685152.365233,
    "resp_ver": 2,
    "used_memory": 1327492072,
    "bytes_per_key": 1327.492072,
    "distinct_keys_est": 1000000,
    "key_draws": 20594112,
    "maxmemory_policy": "noeviction"
  },
  "valkey": {
    "target": "valkey",
    "version": "valkey 9.1.0",
    "workload": "set",
    "skipped": false,
    "ops": 18111568,
    "errors": 0,
    "ops_per_sec": 2263852.5144933956,
    "min_us": 23.239,
    "p50_us": 339.967,
    "p99_us": 570.367,
    "p999_us": 811.007,
    "nil_replies": 0,
    "err_replies": 0,
    "hit_ratio": 1,
    "value_ops_per_sec": 2263852.5144933956,
    "bytes_per_sec": 2417316852.327748,
    "resp_ver": 2,
    "used_memory": 1331066736,
    "bytes_per_key": 1331.066736,
    "distinct_keys_est": 1000000,
    "key_draws": 18111568,
    "maxmemory_policy": "noeviction"
  },
  "gate": {
    "pass": false,
    "reason": "aki is 1.06x Redis, below the 2.0x bar",
    "required_speedup": 2,
    "speedup_vs_redis": 1.0629638051241685,
    "speedup_vs_valkey": 1.2086760076496237,
    "tail_regressed_vs_redis": true,
    "tail_regressed_vs_valkey": true
  },
  "generator_bound": false
}
