{
  "workload": "set",
  "cell": {
    "keyspace": 1000000,
    "value_size": 64,
    "dist": "uniform",
    "pipeline": 1,
    "connections": 512
  },
  "timestamp": "2026-07-11T03:09:33.082970238Z",
  "aki": {
    "target": "aki",
    "version": "unknown",
    "workload": "set",
    "skipped": false,
    "ops": 8260948,
    "errors": 0,
    "ops_per_sec": 1032547.0159956722,
    "min_us": 37.688,
    "p50_us": 470.783,
    "p99_us": 996.863,
    "p999_us": 1389.567,
    "nil_replies": 0,
    "err_replies": 0,
    "hit_ratio": 1,
    "value_ops_per_sec": 1032547.0159956722,
    "bytes_per_sec": 109231990.78735378,
    "resp_ver": 2,
    "used_memory": 113426256,
    "bytes_per_key": 113.426256,
    "distinct_keys_est": 999756,
    "key_draws": 8260948
  },
  "redis": {
    "target": "redis",
    "version": "redis 8.8.0",
    "workload": "set",
    "skipped": false,
    "ops": 8412319,
    "errors": 0,
    "ops_per_sec": 1051478.8204879838,
    "min_us": 26.307,
    "p50_us": 469.503,
    "p99_us": 957.439,
    "p999_us": 1390.591,
    "nil_replies": 0,
    "err_replies": 0,
    "hit_ratio": 1,
    "value_ops_per_sec": 1051478.8204879838,
    "bytes_per_sec": 111234790.11019921,
    "resp_ver": 2,
    "used_memory": 127460896,
    "bytes_per_key": 127.460896,
    "distinct_keys_est": 999793,
    "key_draws": 8412319,
    "maxmemory_policy": "noeviction"
  },
  "valkey": {
    "target": "valkey",
    "version": "valkey 9.1.0",
    "workload": "set",
    "skipped": false,
    "ops": 8158392,
    "errors": 0,
    "ops_per_sec": 1019745.1472587733,
    "min_us": 8.852,
    "p50_us": 489.471,
    "p99_us": 937.471,
    "p999_us": 1401.855,
    "nil_replies": 0,
    "err_replies": 0,
    "hit_ratio": 1,
    "value_ops_per_sec": 1019745.1472587733,
    "bytes_per_sec": 107877738.10165086,
    "resp_ver": 2,
    "used_memory": 115036768,
    "bytes_per_key": 115.036768,
    "distinct_keys_est": 999722,
    "key_draws": 8158392,
    "maxmemory_policy": "noeviction"
  },
  "gate": {
    "pass": false,
    "reason": "aki is 0.98x Redis, below the 2.0x bar",
    "required_speedup": 2,
    "speedup_vs_redis": 0.9819950681616911,
    "speedup_vs_valkey": 1.0125539883875028,
    "tail_regressed_vs_redis": true,
    "tail_regressed_vs_valkey": true
  },
  "generator_bound": false
}
