{
  "workload": "set",
  "cell": {
    "keyspace": 1000000,
    "value_size": 1024,
    "dist": "uniform",
    "pipeline": 16,
    "connections": 50
  },
  "timestamp": "2026-07-11T04:16:46.23937319Z",
  "aki": {
    "target": "aki",
    "version": "unknown",
    "workload": "set",
    "skipped": false,
    "ops": 19797328,
    "errors": 0,
    "ops_per_sec": 2474589.2376232017,
    "min_us": 16.954,
    "p50_us": 312.831,
    "p99_us": 705.535,
    "p999_us": 957.439,
    "nil_replies": 0,
    "err_replies": 0,
    "hit_ratio": 1,
    "value_ops_per_sec": 2474589.2376232017,
    "bytes_per_sec": 2642339102.8554444,
    "resp_ver": 2,
    "used_memory": 1073449984,
    "bytes_per_key": 1073.449984,
    "distinct_keys_est": 1000000,
    "key_draws": 19797328
  },
  "redis": {
    "target": "redis",
    "version": "redis 8.8.0",
    "workload": "set",
    "skipped": false,
    "ops": 20589072,
    "errors": 0,
    "ops_per_sec": 2573545.0557093294,
    "min_us": 26.567,
    "p50_us": 292.607,
    "p99_us": 628.735,
    "p999_us": 857.599,
    "nil_replies": 0,
    "err_replies": 0,
    "hit_ratio": 1,
    "value_ops_per_sec": 2573545.0557093294,
    "bytes_per_sec": 2748003041.6418777,
    "resp_ver": 2,
    "used_memory": 1327492376,
    "bytes_per_key": 1327.492376,
    "distinct_keys_est": 1000000,
    "key_draws": 20589072,
    "maxmemory_policy": "noeviction"
  },
  "valkey": {
    "target": "valkey",
    "version": "valkey 9.1.0",
    "workload": "set",
    "skipped": false,
    "ops": 17877200,
    "errors": 0,
    "ops_per_sec": 2234458.159756772,
    "min_us": 23.244,
    "p50_us": 345.087,
    "p99_us": 596.991,
    "p999_us": 822.783,
    "nil_replies": 0,
    "err_replies": 0,
    "hit_ratio": 1,
    "value_ops_per_sec": 2234458.159756772,
    "bytes_per_sec": 2385929891.344455,
    "resp_ver": 2,
    "used_memory": 1331066736,
    "bytes_per_key": 1331.066736,
    "distinct_keys_est": 1000000,
    "key_draws": 17877200,
    "maxmemory_policy": "noeviction"
  },
  "gate": {
    "pass": false,
    "reason": "aki is 0.96x Redis, below the 2.0x bar",
    "required_speedup": 2,
    "speedup_vs_redis": 0.9615488301374023,
    "speedup_vs_valkey": 1.1074672518784459,
    "tail_regressed_vs_redis": true,
    "tail_regressed_vs_valkey": true
  },
  "generator_bound": false
}
