{
  "workload": "set",
  "cell": {
    "keyspace": 1000000,
    "value_size": 1024,
    "dist": "uniform",
    "pipeline": 16,
    "connections": 50
  },
  "timestamp": "2026-07-11T04:17:20.014233398Z",
  "aki": {
    "target": "aki",
    "version": "unknown",
    "workload": "set",
    "skipped": false,
    "ops": 21985728,
    "errors": 0,
    "ops_per_sec": 2748095.308806716,
    "min_us": 16.485,
    "p50_us": 261.375,
    "p99_us": 639.999,
    "p999_us": 863.231,
    "nil_replies": 0,
    "err_replies": 0,
    "hit_ratio": 1,
    "value_ops_per_sec": 2748095.308806716,
    "bytes_per_sec": 2934385854.0252647,
    "resp_ver": 2,
    "used_memory": 1073449984,
    "bytes_per_key": 1073.449984,
    "distinct_keys_est": 1000000,
    "key_draws": 21985728
  },
  "redis": {
    "target": "redis",
    "version": "redis 8.8.0",
    "workload": "set",
    "skipped": false,
    "ops": 20414880,
    "errors": 0,
    "ops_per_sec": 2551744.3543079267,
    "min_us": 29.743,
    "p50_us": 293.375,
    "p99_us": 629.759,
    "p999_us": 851.455,
    "nil_replies": 0,
    "err_replies": 0,
    "hit_ratio": 1,
    "value_ops_per_sec": 2551744.3543079267,
    "bytes_per_sec": 2724724489.3049636,
    "resp_ver": 2,
    "used_memory": 1327492896,
    "bytes_per_key": 1327.492896,
    "distinct_keys_est": 1000000,
    "key_draws": 20414880,
    "maxmemory_policy": "noeviction"
  },
  "valkey": {
    "target": "valkey",
    "version": "valkey 9.1.0",
    "workload": "set",
    "skipped": false,
    "ops": 17932688,
    "errors": 0,
    "ops_per_sec": 2241492.17309894,
    "min_us": 24.824,
    "p50_us": 344.063,
    "p99_us": 581.119,
    "p999_us": 814.079,
    "nil_replies": 0,
    "err_replies": 0,
    "hit_ratio": 1,
    "value_ops_per_sec": 2241492.17309894,
    "bytes_per_sec": 2393440757.7891397,
    "resp_ver": 2,
    "used_memory": 1331066736,
    "bytes_per_key": 1331.066736,
    "distinct_keys_est": 1000000,
    "key_draws": 17932688,
    "maxmemory_policy": "noeviction"
  },
  "gate": {
    "pass": false,
    "reason": "aki is 1.08x Redis, below the 2.0x bar",
    "required_speedup": 2,
    "speedup_vs_redis": 1.0769477374045342,
    "speedup_vs_valkey": 1.2260115568493732,
    "tail_regressed_vs_redis": true,
    "tail_regressed_vs_valkey": true
  },
  "generator_bound": false
}
