{
  "workload": "set",
  "cell": {
    "keyspace": 1000000,
    "value_size": 1024,
    "dist": "uniform",
    "pipeline": 1,
    "connections": 50
  },
  "timestamp": "2026-07-11T04:38:52.447892361Z",
  "aki": {
    "target": "aki",
    "version": "unknown",
    "workload": "set",
    "skipped": false,
    "ops": 2163657,
    "errors": 0,
    "ops_per_sec": 270452.4264976076,
    "min_us": 9.659,
    "p50_us": 169.855,
    "p99_us": 464.127,
    "p999_us": 636.927,
    "nil_replies": 0,
    "err_replies": 0,
    "hit_ratio": 1,
    "value_ops_per_sec": 270452.4264976076,
    "bytes_per_sec": 288786227.6140642,
    "resp_ver": 2,
    "used_memory": 951877232,
    "bytes_per_key": 951.877232,
    "distinct_keys_est": 885163,
    "key_draws": 2163657
  },
  "redis": {
    "target": "redis",
    "version": "redis 8.8.0",
    "workload": "set",
    "skipped": false,
    "ops": 2566819,
    "errors": 0,
    "ops_per_sec": 320846.14352620044,
    "min_us": 9.392,
    "p50_us": 150.015,
    "p99_us": 386.303,
    "p999_us": 564.223,
    "nil_replies": 0,
    "err_replies": 0,
    "hit_ratio": 1,
    "value_ops_per_sec": 320846.14352620044,
    "bytes_per_sec": 342596159.972381,
    "resp_ver": 2,
    "used_memory": 1225989208,
    "bytes_per_key": 1225.989208,
    "distinct_keys_est": 923197,
    "key_draws": 2566819,
    "maxmemory_policy": "noeviction"
  },
  "valkey": {
    "target": "valkey",
    "version": "valkey 9.1.0",
    "workload": "set",
    "skipped": false,
    "ops": 4418818,
    "errors": 0,
    "ops_per_sec": 552338.2992463645,
    "min_us": 6.457,
    "p50_us": 61.919,
    "p99_us": 342.527,
    "p999_us": 571.391,
    "nil_replies": 0,
    "err_replies": 0,
    "hit_ratio": 1,
    "value_ops_per_sec": 552338.2992463645,
    "bytes_per_sec": 589780949.2839509,
    "resp_ver": 2,
    "used_memory": 1315341040,
    "bytes_per_key": 1315.34104,
    "distinct_keys_est": 988045,
    "key_draws": 4418818,
    "maxmemory_policy": "noeviction"
  },
  "gate": {
    "pass": false,
    "reason": "aki is 0.84x Redis, below the 2.0x bar",
    "required_speedup": 2,
    "speedup_vs_redis": 0.8429349454702807,
    "speedup_vs_valkey": 0.4896499606611115,
    "tail_regressed_vs_redis": true,
    "tail_regressed_vs_valkey": true
  },
  "generator_bound": false
}
