{
  "workload": "set",
  "cell": {
    "keyspace": 1000000,
    "value_size": 64,
    "dist": "uniform",
    "pipeline": 1,
    "connections": 512
  },
  "timestamp": "2026-07-11T03:08:59.170047488Z",
  "aki": {
    "target": "aki",
    "version": "unknown",
    "workload": "set",
    "skipped": false,
    "ops": 4855082,
    "errors": 0,
    "ops_per_sec": 606825.243327282,
    "min_us": 7.672,
    "p50_us": 686.079,
    "p99_us": 3610.623,
    "p999_us": 6692.863,
    "nil_replies": 0,
    "err_replies": 0,
    "hit_ratio": 1,
    "value_ops_per_sec": 606825.243327282,
    "bytes_per_sec": 64195591.188720815,
    "resp_ver": 2,
    "used_memory": 112673336,
    "bytes_per_key": 112.673336,
    "distinct_keys_est": 992173,
    "key_draws": 4855082
  },
  "redis": {
    "target": "redis",
    "version": "redis 8.8.0",
    "workload": "set",
    "skipped": false,
    "ops": 8346328,
    "errors": 0,
    "ops_per_sec": 1043179.9631423382,
    "min_us": 17.376,
    "p50_us": 474.111,
    "p99_us": 940.031,
    "p999_us": 1340.415,
    "nil_replies": 0,
    "err_replies": 0,
    "hit_ratio": 1,
    "value_ops_per_sec": 1043179.9631423382,
    "bytes_per_sec": 110356845.40960696,
    "resp_ver": 2,
    "used_memory": 127459160,
    "bytes_per_key": 127.45916,
    "distinct_keys_est": 999780,
    "key_draws": 8346328,
    "maxmemory_policy": "noeviction"
  },
  "valkey": {
    "target": "valkey",
    "version": "valkey 9.1.0",
    "workload": "set",
    "skipped": false,
    "ops": 8159860,
    "errors": 0,
    "ops_per_sec": 1019928.8990391132,
    "min_us": 8.135,
    "p50_us": 489.727,
    "p99_us": 940.031,
    "p999_us": 1409.023,
    "nil_replies": 0,
    "err_replies": 0,
    "hit_ratio": 1,
    "value_ops_per_sec": 1019928.8990391132,
    "bytes_per_sec": 107897168.11268844,
    "resp_ver": 2,
    "used_memory": 115036576,
    "bytes_per_key": 115.036576,
    "distinct_keys_est": 999720,
    "key_draws": 8159860,
    "maxmemory_policy": "noeviction"
  },
  "gate": {
    "pass": false,
    "reason": "aki is 0.58x Redis, below the 2.0x bar",
    "required_speedup": 2,
    "speedup_vs_redis": 0.5817071500293789,
    "speedup_vs_valkey": 0.5949681824870137,
    "tail_regressed_vs_redis": true,
    "tail_regressed_vs_valkey": true
  },
  "generator_bound": false
}
