{
  "workload": "set",
  "cell": {
    "keyspace": 1000000,
    "value_size": 64,
    "dist": "uniform",
    "pipeline": 16,
    "connections": 50
  },
  "timestamp": "2026-07-11T04:00:00.21740514Z",
  "aki": {
    "target": "aki",
    "version": "unknown",
    "workload": "set",
    "skipped": false,
    "ops": 25800192,
    "errors": 0,
    "ops_per_sec": 3224963.991482529,
    "min_us": 14.029,
    "p50_us": 225.279,
    "p99_us": 545.279,
    "p999_us": 749.055,
    "nil_replies": 0,
    "err_replies": 0,
    "hit_ratio": 1,
    "value_ops_per_sec": 3224963.991482529,
    "bytes_per_sec": 341165587.88632345,
    "resp_ver": 2,
    "used_memory": 113449984,
    "bytes_per_key": 113.449984,
    "distinct_keys_est": 1000000,
    "key_draws": 25800192
  },
  "redis": {
    "target": "redis",
    "version": "redis 8.8.0",
    "workload": "set",
    "skipped": false,
    "ops": 23562192,
    "errors": 0,
    "ops_per_sec": 2945166.1450706013,
    "min_us": 24.121,
    "p50_us": 251.775,
    "p99_us": 556.543,
    "p999_us": 756.223,
    "nil_replies": 0,
    "err_replies": 0,
    "hit_ratio": 1,
    "value_ops_per_sec": 2945166.1450706013,
    "bytes_per_sec": 311565968.39267147,
    "resp_ver": 2,
    "used_memory": 127495680,
    "bytes_per_key": 127.49568,
    "distinct_keys_est": 1000000,
    "key_draws": 23562192,
    "maxmemory_policy": "noeviction"
  },
  "valkey": {
    "target": "valkey",
    "version": "valkey 9.1.0",
    "workload": "set",
    "skipped": false,
    "ops": 23042416,
    "errors": 0,
    "ops_per_sec": 2880203.490920178,
    "min_us": 18.406,
    "p50_us": 268.031,
    "p99_us": 471.551,
    "p999_us": 673.279,
    "nil_replies": 0,
    "err_replies": 0,
    "hit_ratio": 1,
    "value_ops_per_sec": 2880203.490920178,
    "bytes_per_sec": 304693801.3245204,
    "resp_ver": 2,
    "used_memory": 115073504,
    "bytes_per_key": 115.073504,
    "distinct_keys_est": 1000000,
    "key_draws": 23042416,
    "maxmemory_policy": "noeviction"
  },
  "gate": {
    "pass": false,
    "reason": "aki is 1.10x Redis, below the 2.0x bar",
    "required_speedup": 2,
    "speedup_vs_redis": 1.0950023980413575,
    "speedup_vs_valkey": 1.1197000495448346,
    "tail_regressed_vs_redis": false,
    "tail_regressed_vs_valkey": true
  },
  "generator_bound": false
}
