{
  "workload": "set",
  "cell": {
    "keyspace": 1000000,
    "value_size": 64,
    "dist": "uniform",
    "pipeline": 1,
    "connections": 512
  },
  "timestamp": "2026-07-11T03:10:07.010908906Z",
  "aki": {
    "target": "aki",
    "version": "unknown",
    "workload": "set",
    "skipped": false,
    "ops": 8159319,
    "errors": 0,
    "ops_per_sec": 1019856.5177901955,
    "min_us": 22.271,
    "p50_us": 475.903,
    "p99_us": 1038.335,
    "p999_us": 1485.823,
    "nil_replies": 0,
    "err_replies": 0,
    "hit_ratio": 1,
    "value_ops_per_sec": 1019856.5177901955,
    "bytes_per_sec": 107889523.20359276,
    "resp_ver": 2,
    "used_memory": 113422800,
    "bytes_per_key": 113.4228,
    "distinct_keys_est": 999720,
    "key_draws": 8159319
  },
  "redis": {
    "target": "redis",
    "version": "redis 8.8.0",
    "workload": "set",
    "skipped": false,
    "ops": 8193772,
    "errors": 0,
    "ops_per_sec": 1024136.664103224,
    "min_us": 19.803,
    "p50_us": 481.791,
    "p99_us": 970.239,
    "p999_us": 1410.047,
    "nil_replies": 0,
    "err_replies": 0,
    "hit_ratio": 1,
    "value_ops_per_sec": 1024136.664103224,
    "bytes_per_sec": 108342296.05339296,
    "resp_ver": 2,
    "used_memory": 127453848,
    "bytes_per_key": 127.453848,
    "distinct_keys_est": 999734,
    "key_draws": 8193772,
    "maxmemory_policy": "noeviction"
  },
  "valkey": {
    "target": "valkey",
    "version": "valkey 9.1.0",
    "workload": "set",
    "skipped": false,
    "ops": 8273799,
    "errors": 0,
    "ops_per_sec": 1034129.7510919106,
    "min_us": 9.442,
    "p50_us": 483.327,
    "p99_us": 935.935,
    "p999_us": 1386.495,
    "nil_replies": 0,
    "err_replies": 0,
    "hit_ratio": 1,
    "value_ops_per_sec": 1034129.7510919106,
    "bytes_per_sec": 109399422.19884874,
    "resp_ver": 2,
    "used_memory": 115040256,
    "bytes_per_key": 115.040256,
    "distinct_keys_est": 999757,
    "key_draws": 8273799,
    "maxmemory_policy": "noeviction"
  },
  "gate": {
    "pass": false,
    "reason": "aki is 1.00x Redis, below the 2.0x bar",
    "required_speedup": 2,
    "speedup_vs_redis": 0.9958207273862456,
    "speedup_vs_valkey": 0.9861978312811865,
    "tail_regressed_vs_redis": true,
    "tail_regressed_vs_valkey": true
  },
  "generator_bound": false
}
