{
  "workload": "set",
  "cell": {
    "keyspace": 1000000,
    "value_size": 1024,
    "dist": "uniform",
    "pipeline": 16,
    "connections": 512
  },
  "timestamp": "2026-07-11T03:47:22.20232895Z",
  "aki": {
    "target": "aki",
    "version": "unknown",
    "workload": "set",
    "skipped": false,
    "ops": 32318160,
    "errors": 0,
    "ops_per_sec": 4039407.0870441524,
    "min_us": 39.397,
    "p50_us": 1861.631,
    "p99_us": 3870.719,
    "p999_us": 5382.143,
    "nil_replies": 0,
    "err_replies": 0,
    "hit_ratio": 1,
    "value_ops_per_sec": 4039407.0870441524,
    "bytes_per_sec": 4313233635.611321,
    "resp_ver": 2,
    "used_memory": 1073449984,
    "bytes_per_key": 1073.449984,
    "distinct_keys_est": 1000000,
    "key_draws": 32318160
  },
  "redis": {
    "target": "redis",
    "version": "redis 8.8.0",
    "workload": "set",
    "skipped": false,
    "ops": 24800704,
    "errors": 0,
    "ops_per_sec": 3099241.6222942895,
    "min_us": 114.213,
    "p50_us": 2625.535,
    "p99_us": 3907.583,
    "p999_us": 6397.951,
    "nil_replies": 0,
    "err_replies": 0,
    "hit_ratio": 1,
    "value_ops_per_sec": 3099241.6222942895,
    "bytes_per_sec": 3309335042.863141,
    "resp_ver": 2,
    "used_memory": 1327478648,
    "bytes_per_key": 1327.478648,
    "distinct_keys_est": 1000000,
    "key_draws": 24800704,
    "maxmemory_policy": "noeviction"
  },
  "valkey": {
    "target": "valkey",
    "version": "valkey 9.1.0",
    "workload": "set",
    "skipped": false,
    "ops": 16890080,
    "errors": 0,
    "ops_per_sec": 2110247.242493736,
    "min_us": 61.514,
    "p50_us": 3852.287,
    "p99_us": 4526.079,
    "p999_us": 5890.047,
    "nil_replies": 0,
    "err_replies": 0,
    "hit_ratio": 1,
    "value_ops_per_sec": 2110247.242493736,
    "bytes_per_sec": 2253298212.5786133,
    "resp_ver": 2,
    "used_memory": 1331050704,
    "bytes_per_key": 1331.050704,
    "distinct_keys_est": 1000000,
    "key_draws": 16890080,
    "maxmemory_policy": "noeviction"
  },
  "gate": {
    "pass": false,
    "reason": "aki is 1.30x Redis, below the 2.0x bar",
    "required_speedup": 2,
    "speedup_vs_redis": 1.303353393935734,
    "speedup_vs_valkey": 1.9141866439643709,
    "tail_regressed_vs_redis": false,
    "tail_regressed_vs_valkey": false
  },
  "generator_bound": false
}
