{
  "workload": "set",
  "cell": {
    "keyspace": 1000000,
    "value_size": 64,
    "dist": "uniform",
    "pipeline": 16,
    "connections": 50
  },
  "timestamp": "2026-07-11T04:03:22.355088406Z",
  "aki": {
    "target": "aki",
    "version": "unknown",
    "workload": "set",
    "skipped": false,
    "ops": 25454032,
    "errors": 0,
    "ops_per_sec": 3181616.44241541,
    "min_us": 14.326,
    "p50_us": 227.967,
    "p99_us": 550.911,
    "p999_us": 798.207,
    "nil_replies": 0,
    "err_replies": 0,
    "hit_ratio": 1,
    "value_ops_per_sec": 3181616.44241541,
    "bytes_per_sec": 336579822.9292832,
    "resp_ver": 2,
    "used_memory": 113449984,
    "bytes_per_key": 113.449984,
    "distinct_keys_est": 1000000,
    "key_draws": 25454032
  },
  "redis": {
    "target": "redis",
    "version": "redis 8.8.0",
    "workload": "set",
    "skipped": false,
    "ops": 23426816,
    "errors": 0,
    "ops_per_sec": 2928249.9069330264,
    "min_us": 21.939,
    "p50_us": 252.543,
    "p99_us": 557.055,
    "p999_us": 754.175,
    "nil_replies": 0,
    "err_replies": 0,
    "hit_ratio": 1,
    "value_ops_per_sec": 2928249.9069330264,
    "bytes_per_sec": 309776470.1820892,
    "resp_ver": 2,
    "used_memory": 127496592,
    "bytes_per_key": 127.496592,
    "distinct_keys_est": 1000000,
    "key_draws": 23426816,
    "maxmemory_policy": "noeviction"
  },
  "valkey": {
    "target": "valkey",
    "version": "valkey 9.1.0",
    "workload": "set",
    "skipped": false,
    "ops": 22955216,
    "errors": 0,
    "ops_per_sec": 2869304.2539226227,
    "min_us": 17.933,
    "p50_us": 269.055,
    "p99_us": 473.599,
    "p999_us": 662.527,
    "nil_replies": 0,
    "err_replies": 0,
    "hit_ratio": 1,
    "value_ops_per_sec": 2869304.2539226227,
    "bytes_per_sec": 303540776.2919722,
    "resp_ver": 2,
    "used_memory": 115073504,
    "bytes_per_key": 115.073504,
    "distinct_keys_est": 1000000,
    "key_draws": 22955216,
    "maxmemory_policy": "noeviction"
  },
  "gate": {
    "pass": false,
    "reason": "aki is 1.09x Redis, below the 2.0x bar",
    "required_speedup": 2,
    "speedup_vs_redis": 1.0865249017450678,
    "speedup_vs_valkey": 1.1088459643364157,
    "tail_regressed_vs_redis": false,
    "tail_regressed_vs_valkey": true
  },
  "generator_bound": false
}
