{
  "workload": "set",
  "cell": {
    "keyspace": 1000000,
    "value_size": 64,
    "dist": "uniform",
    "pipeline": 16,
    "connections": 512
  },
  "timestamp": "2026-07-11T03:36:53.225463965Z",
  "aki": {
    "target": "aki",
    "version": "unknown",
    "workload": "set",
    "skipped": false,
    "ops": 52780048,
    "errors": 0,
    "ops_per_sec": 6596730.635123791,
    "min_us": 23.133,
    "p50_us": 1129.471,
    "p99_us": 2875.391,
    "p999_us": 4167.679,
    "nil_replies": 0,
    "err_replies": 0,
    "hit_ratio": 1,
    "value_ops_per_sec": 6596730.635123791,
    "bytes_per_sec": 697860610.4090389,
    "resp_ver": 2,
    "used_memory": 113449984,
    "bytes_per_key": 113.449984,
    "distinct_keys_est": 1000000,
    "key_draws": 52780048
  },
  "redis": {
    "target": "redis",
    "version": "redis 8.8.0",
    "workload": "set",
    "skipped": false,
    "ops": 29393824,
    "errors": 0,
    "ops_per_sec": 3673240.320317317,
    "min_us": 92.008,
    "p50_us": 2213.887,
    "p99_us": 2938.879,
    "p999_us": 4792.319,
    "nil_replies": 0,
    "err_replies": 0,
    "hit_ratio": 1,
    "value_ops_per_sec": 3673240.320317317,
    "bytes_per_sec": 388587373.51050025,
    "resp_ver": 2,
    "used_memory": 127488392,
    "bytes_per_key": 127.488392,
    "distinct_keys_est": 1000000,
    "key_draws": 29393824,
    "maxmemory_policy": "noeviction"
  },
  "valkey": {
    "target": "valkey",
    "version": "valkey 9.1.0",
    "workload": "set",
    "skipped": false,
    "ops": 23365072,
    "errors": 0,
    "ops_per_sec": 2919576.156905062,
    "min_us": 34.293,
    "p50_us": 2783.231,
    "p99_us": 3383.295,
    "p999_us": 4268.031,
    "nil_replies": 0,
    "err_replies": 0,
    "hit_ratio": 1,
    "value_ops_per_sec": 2919576.156905062,
    "bytes_per_sec": 308858068.68950963,
    "resp_ver": 2,
    "used_memory": 115057632,
    "bytes_per_key": 115.057632,
    "distinct_keys_est": 1000000,
    "key_draws": 23365072,
    "maxmemory_policy": "noeviction"
  },
  "gate": {
    "pass": false,
    "reason": "aki is 1.80x Redis, below the 2.0x bar",
    "required_speedup": 2,
    "speedup_vs_redis": 1.795888659567454,
    "speedup_vs_valkey": 2.259482294894732,
    "tail_regressed_vs_redis": false,
    "tail_regressed_vs_valkey": false
  },
  "generator_bound": false
}
