{
  "workload": "set",
  "cell": {
    "keyspace": 1000000,
    "value_size": 64,
    "dist": "uniform",
    "pipeline": 1,
    "connections": 512
  },
  "timestamp": "2026-07-11T03:06:43.547894887Z",
  "aki": {
    "target": "aki",
    "version": "unknown",
    "workload": "set",
    "skipped": false,
    "ops": 8214680,
    "errors": 0,
    "ops_per_sec": 1026785.6150773162,
    "min_us": 28.677,
    "p50_us": 472.319,
    "p99_us": 1038.847,
    "p999_us": 1449.983,
    "nil_replies": 0,
    "err_replies": 0,
    "hit_ratio": 1,
    "value_ops_per_sec": 1026785.6150773162,
    "bytes_per_sec": 108622524.12319069,
    "resp_ver": 2,
    "used_memory": 113424432,
    "bytes_per_key": 113.424432,
    "distinct_keys_est": 999737,
    "key_draws": 8214680
  },
  "redis": {
    "target": "redis",
    "version": "redis 8.8.0",
    "workload": "set",
    "skipped": false,
    "ops": 8316453,
    "errors": 0,
    "ops_per_sec": 1039494.9943812782,
    "min_us": 20.864,
    "p50_us": 474.367,
    "p99_us": 969.215,
    "p999_us": 1427.455,
    "nil_replies": 0,
    "err_replies": 0,
    "hit_ratio": 1,
    "value_ops_per_sec": 1039494.9943812782,
    "bytes_per_sec": 109966968.04343168,
    "resp_ver": 2,
    "used_memory": 127456888,
    "bytes_per_key": 127.456888,
    "distinct_keys_est": 999766,
    "key_draws": 8316453,
    "maxmemory_policy": "noeviction"
  },
  "valkey": {
    "target": "valkey",
    "version": "valkey 9.1.0",
    "workload": "set",
    "skipped": false,
    "ops": 8045841,
    "errors": 0,
    "ops_per_sec": 1005658.5055210415,
    "min_us": 7.853,
    "p50_us": 495.615,
    "p99_us": 953.343,
    "p999_us": 1498.111,
    "nil_replies": 0,
    "err_replies": 0,
    "hit_ratio": 1,
    "value_ops_per_sec": 1005658.5055210415,
    "bytes_per_sec": 106387528.95254435,
    "resp_ver": 2,
    "used_memory": 115033056,
    "bytes_per_key": 115.033056,
    "distinct_keys_est": 999684,
    "key_draws": 8045841,
    "maxmemory_policy": "noeviction"
  },
  "gate": {
    "pass": false,
    "reason": "aki is 0.99x Redis, below the 2.0x bar",
    "required_speedup": 2,
    "speedup_vs_redis": 0.9877735060075717,
    "speedup_vs_valkey": 1.0210082343462392,
    "tail_regressed_vs_redis": true,
    "tail_regressed_vs_valkey": true
  },
  "generator_bound": false
}
