{
  "workload": "set",
  "cell": {
    "keyspace": 1000000,
    "value_size": 1024,
    "dist": "uniform",
    "pipeline": 1,
    "connections": 50
  },
  "timestamp": "2026-07-11T04:42:48.797369305Z",
  "aki": {
    "target": "aki",
    "version": "unknown",
    "workload": "set",
    "skipped": false,
    "ops": 2096051,
    "errors": 0,
    "ops_per_sec": 261999.12974156594,
    "min_us": 10.788,
    "p50_us": 175.487,
    "p99_us": 461.311,
    "p999_us": 628.735,
    "nil_replies": 0,
    "err_replies": 0,
    "hit_ratio": 1,
    "value_ops_per_sec": 261999.12974156594,
    "bytes_per_sec": 279759895.21479774,
    "resp_ver": 2,
    "used_memory": 943285112,
    "bytes_per_key": 943.285112,
    "distinct_keys_est": 877055,
    "key_draws": 2096051
  },
  "redis": {
    "target": "redis",
    "version": "redis 8.8.0",
    "workload": "set",
    "skipped": false,
    "ops": 2554448,
    "errors": 0,
    "ops_per_sec": 319294.39528511517,
    "min_us": 9.469,
    "p50_us": 150.911,
    "p99_us": 379.391,
    "p999_us": 552.959,
    "nil_replies": 0,
    "err_replies": 0,
    "hit_ratio": 1,
    "value_ops_per_sec": 319294.39528511517,
    "bytes_per_sec": 340939210.60700786,
    "resp_ver": 2,
    "used_memory": 1224661104,
    "bytes_per_key": 1224.661104,
    "distinct_keys_est": 922191,
    "key_draws": 2554448,
    "maxmemory_policy": "noeviction"
  },
  "valkey": {
    "target": "valkey",
    "version": "valkey 9.1.0",
    "workload": "set",
    "skipped": false,
    "ops": 4407444,
    "errors": 0,
    "ops_per_sec": 550916.1905717306,
    "min_us": 6.261,
    "p50_us": 62.175,
    "p99_us": 345.855,
    "p999_us": 570.367,
    "nil_replies": 0,
    "err_replies": 0,
    "hit_ratio": 1,
    "value_ops_per_sec": 550916.1905717306,
    "bytes_per_sec": 588262447.4197236,
    "resp_ver": 2,
    "used_memory": 1315160336,
    "bytes_per_key": 1315.160336,
    "distinct_keys_est": 987908,
    "key_draws": 4407444,
    "maxmemory_policy": "noeviction"
  },
  "gate": {
    "pass": false,
    "reason": "aki is 0.82x Redis, below the 2.0x bar",
    "required_speedup": 2,
    "speedup_vs_redis": 0.820556619879321,
    "speedup_vs_valkey": 0.4755698493262071,
    "tail_regressed_vs_redis": true,
    "tail_regressed_vs_valkey": true
  },
  "generator_bound": false
}
