{
  "workload": "set",
  "cell": {
    "keyspace": 1000000,
    "value_size": 64,
    "dist": "uniform",
    "pipeline": 16,
    "connections": 512
  },
  "timestamp": "2026-07-11T03:32:21.83081523Z",
  "aki": {
    "target": "aki",
    "version": "unknown",
    "workload": "set",
    "skipped": false,
    "ops": 37544864,
    "errors": 0,
    "ops_per_sec": 4692488.684170341,
    "min_us": 27.762,
    "p50_us": 1686.527,
    "p99_us": 3653.631,
    "p999_us": 4698.111,
    "nil_replies": 0,
    "err_replies": 0,
    "hit_ratio": 1,
    "value_ops_per_sec": 4692488.684170341,
    "bytes_per_sec": 496413066.5293762,
    "resp_ver": 2,
    "used_memory": 113449984,
    "bytes_per_key": 113.449984,
    "distinct_keys_est": 1000000,
    "key_draws": 37544864
  },
  "redis": {
    "target": "redis",
    "version": "redis 8.8.0",
    "workload": "set",
    "skipped": false,
    "ops": 29837488,
    "errors": 0,
    "ops_per_sec": 3728645.749317124,
    "min_us": 72.05,
    "p50_us": 2187.263,
    "p99_us": 2584.575,
    "p999_us": 4147.199,
    "nil_replies": 0,
    "err_replies": 0,
    "hit_ratio": 1,
    "value_ops_per_sec": 3728645.749317124,
    "bytes_per_sec": 394448738.5651825,
    "resp_ver": 2,
    "used_memory": 127487176,
    "bytes_per_key": 127.487176,
    "distinct_keys_est": 1000000,
    "key_draws": 29837488,
    "maxmemory_policy": "noeviction"
  },
  "valkey": {
    "target": "valkey",
    "version": "valkey 9.1.0",
    "workload": "set",
    "skipped": false,
    "ops": 23486176,
    "errors": 0,
    "ops_per_sec": 2934750.180516367,
    "min_us": 57.484,
    "p50_us": 2766.847,
    "p99_us": 3383.295,
    "p999_us": 4114.431,
    "nil_replies": 0,
    "err_replies": 0,
    "hit_ratio": 1,
    "value_ops_per_sec": 2934750.180516367,
    "bytes_per_sec": 310463295.9586527,
    "resp_ver": 2,
    "used_memory": 115057632,
    "bytes_per_key": 115.057632,
    "distinct_keys_est": 1000000,
    "key_draws": 23486176,
    "maxmemory_policy": "noeviction"
  },
  "gate": {
    "pass": false,
    "reason": "aki is 1.26x Redis, below the 2.0x bar",
    "required_speedup": 2,
    "speedup_vs_redis": 1.258496783994494,
    "speedup_vs_valkey": 1.5989397378091996,
    "tail_regressed_vs_redis": true,
    "tail_regressed_vs_valkey": true
  },
  "generator_bound": false
}
