{
  "workload": "set",
  "cell": {
    "keyspace": 1000000,
    "value_size": 1024,
    "dist": "uniform",
    "pipeline": 1,
    "connections": 512
  },
  "timestamp": "2026-07-11T03:20:20.125063891Z",
  "aki": {
    "target": "aki",
    "version": "unknown",
    "workload": "set",
    "skipped": false,
    "ops": 7947495,
    "errors": 0,
    "ops_per_sec": 993386.2193806883,
    "min_us": 26.448,
    "p50_us": 486.399,
    "p99_us": 1085.439,
    "p999_us": 1565.695,
    "nil_replies": 0,
    "err_replies": 0,
    "hit_ratio": 1,
    "value_ops_per_sec": 993386.2193806883,
    "bytes_per_sec": 1060726849.9883293,
    "resp_ver": 2,
    "used_memory": 1073074544,
    "bytes_per_key": 1073.074544,
    "distinct_keys_est": 999645,
    "key_draws": 7947495
  },
  "redis": {
    "target": "redis",
    "version": "redis 8.8.0",
    "workload": "set",
    "skipped": false,
    "ops": 7801762,
    "errors": 0,
    "ops_per_sec": 975174.2073935915,
    "min_us": 21.337,
    "p50_us": 506.623,
    "p99_us": 1011.711,
    "p999_us": 1554.431,
    "nil_replies": 0,
    "err_replies": 0,
    "hit_ratio": 1,
    "value_ops_per_sec": 975174.2073935915,
    "bytes_per_sec": 1041280272.0872736,
    "resp_ver": 2,
    "used_memory": 1326946600,
    "bytes_per_key": 1326.9466,
    "distinct_keys_est": 999595,
    "key_draws": 7801762,
    "maxmemory_policy": "noeviction"
  },
  "valkey": {
    "target": "valkey",
    "version": "valkey 9.1.0",
    "workload": "set",
    "skipped": false,
    "ops": 6894006,
    "errors": 0,
    "ops_per_sec": 861687.6057476727,
    "min_us": 9.338,
    "p50_us": 577.023,
    "p99_us": 1032.191,
    "p999_us": 1544.191,
    "nil_replies": 0,
    "err_replies": 0,
    "hit_ratio": 1,
    "value_ops_per_sec": 861687.6057476727,
    "bytes_per_sec": 920100655.7539715,
    "resp_ver": 2,
    "used_memory": 1329683920,
    "bytes_per_key": 1329.68392,
    "distinct_keys_est": 998948,
    "key_draws": 6894006,
    "maxmemory_policy": "noeviction"
  },
  "gate": {
    "pass": false,
    "reason": "aki is 1.02x Redis, below the 2.0x bar",
    "required_speedup": 2,
    "speedup_vs_redis": 1.018675649795715,
    "speedup_vs_valkey": 1.1528380038827908,
    "tail_regressed_vs_redis": true,
    "tail_regressed_vs_valkey": true
  },
  "generator_bound": false
}
