{
  "workload": "set",
  "cell": {
    "keyspace": 1000000,
    "value_size": 1024,
    "dist": "uniform",
    "pipeline": 1,
    "connections": 50
  },
  "timestamp": "2026-07-11T04:42:15.037920521Z",
  "aki": {
    "target": "aki",
    "version": "unknown",
    "workload": "set",
    "skipped": false,
    "ops": 2165970,
    "errors": 0,
    "ops_per_sec": 270741.14568333776,
    "min_us": 9.457,
    "p50_us": 169.983,
    "p99_us": 463.359,
    "p999_us": 631.807,
    "nil_replies": 0,
    "err_replies": 0,
    "hit_ratio": 1,
    "value_ops_per_sec": 270741.14568333776,
    "bytes_per_sec": 289094521.91484153,
    "resp_ver": 2,
    "used_memory": 952154864,
    "bytes_per_key": 952.154864,
    "distinct_keys_est": 885431,
    "key_draws": 2165970
  },
  "redis": {
    "target": "redis",
    "version": "redis 8.8.0",
    "workload": "set",
    "skipped": false,
    "ops": 2528914,
    "errors": 0,
    "ops_per_sec": 316107.8395305817,
    "min_us": 10.26,
    "p50_us": 152.319,
    "p99_us": 387.583,
    "p999_us": 560.127,
    "nil_replies": 0,
    "err_replies": 0,
    "hit_ratio": 1,
    "value_ops_per_sec": 316107.8395305817,
    "bytes_per_sec": 337536644.842803,
    "resp_ver": 2,
    "used_memory": 1222040344,
    "bytes_per_key": 1222.040344,
    "distinct_keys_est": 920208,
    "key_draws": 2528914,
    "maxmemory_policy": "noeviction"
  },
  "valkey": {
    "target": "valkey",
    "version": "valkey 9.1.0",
    "workload": "set",
    "skipped": false,
    "ops": 4531731,
    "errors": 0,
    "ops_per_sec": 566457.2832189901,
    "min_us": 6.397,
    "p50_us": 60.703,
    "p99_us": 337.919,
    "p999_us": 555.007,
    "nil_replies": 0,
    "err_replies": 0,
    "hit_ratio": 1,
    "value_ops_per_sec": 566457.2832189901,
    "bytes_per_sec": 604857025.5185262,
    "resp_ver": 2,
    "used_memory": 1317065840,
    "bytes_per_key": 1317.06584,
    "distinct_keys_est": 989357,
    "key_draws": 4531731,
    "maxmemory_policy": "noeviction"
  },
  "gate": {
    "pass": false,
    "reason": "aki is 0.86x Redis, below the 2.0x bar",
    "required_speedup": 2,
    "speedup_vs_redis": 0.8564834902082364,
    "speedup_vs_valkey": 0.47795509688710336,
    "tail_regressed_vs_redis": true,
    "tail_regressed_vs_valkey": true
  },
  "generator_bound": false
}
