{
  "workload": "set",
  "cell": {
    "keyspace": 1000000,
    "value_size": 64,
    "dist": "uniform",
    "pipeline": 16,
    "connections": 512
  },
  "timestamp": "2026-07-11T03:36:19.320568196Z",
  "aki": {
    "target": "aki",
    "version": "unknown",
    "workload": "set",
    "skipped": false,
    "ops": 54019552,
    "errors": 0,
    "ops_per_sec": 6751736.544605186,
    "min_us": 25.326,
    "p50_us": 1087.487,
    "p99_us": 2988.031,
    "p999_us": 4292.607,
    "nil_replies": 0,
    "err_replies": 0,
    "hit_ratio": 1,
    "value_ops_per_sec": 6751736.544605186,
    "bytes_per_sec": 714258540.9722538,
    "resp_ver": 2,
    "used_memory": 113449984,
    "bytes_per_key": 113.449984,
    "distinct_keys_est": 1000000,
    "key_draws": 54019552
  },
  "redis": {
    "target": "redis",
    "version": "redis 8.8.0",
    "workload": "set",
    "skipped": false,
    "ops": 29648624,
    "errors": 0,
    "ops_per_sec": 3705048.043883163,
    "min_us": 66.608,
    "p50_us": 2195.455,
    "p99_us": 3043.327,
    "p999_us": 5193.727,
    "nil_replies": 0,
    "err_replies": 0,
    "hit_ratio": 1,
    "value_ops_per_sec": 3705048.043883163,
    "bytes_per_sec": 391952331.8741312,
    "resp_ver": 2,
    "used_memory": 127488240,
    "bytes_per_key": 127.48824,
    "distinct_keys_est": 1000000,
    "key_draws": 29648624,
    "maxmemory_policy": "noeviction"
  },
  "valkey": {
    "target": "valkey",
    "version": "valkey 9.1.0",
    "workload": "set",
    "skipped": false,
    "ops": 23501088,
    "errors": 0,
    "ops_per_sec": 2936543.6270606746,
    "min_us": 28.708,
    "p50_us": 2766.847,
    "p99_us": 3284.991,
    "p999_us": 4501.503,
    "nil_replies": 0,
    "err_replies": 0,
    "hit_ratio": 1,
    "value_ops_per_sec": 2936543.6270606746,
    "bytes_per_sec": 310653008.83294845,
    "resp_ver": 2,
    "used_memory": 115057632,
    "bytes_per_key": 115.057632,
    "distinct_keys_est": 1000000,
    "key_draws": 23501088,
    "maxmemory_policy": "noeviction"
  },
  "gate": {
    "pass": false,
    "reason": "aki is 1.82x Redis, below the 2.0x bar",
    "required_speedup": 2,
    "speedup_vs_redis": 1.822307420750439,
    "speedup_vs_valkey": 2.2992120676794845,
    "tail_regressed_vs_redis": false,
    "tail_regressed_vs_valkey": false
  },
  "generator_bound": false
}
