{
  "workload": "set",
  "cell": {
    "keyspace": 1000000,
    "value_size": 1024,
    "dist": "uniform",
    "pipeline": 16,
    "connections": 512
  },
  "timestamp": "2026-07-11T03:49:04.237827505Z",
  "aki": {
    "target": "aki",
    "version": "unknown",
    "workload": "set",
    "skipped": false,
    "ops": 31826816,
    "errors": 0,
    "ops_per_sec": 3977730.06301043,
    "min_us": 45.032,
    "p50_us": 1890.303,
    "p99_us": 3960.831,
    "p999_us": 5591.039,
    "nil_replies": 0,
    "err_replies": 0,
    "hit_ratio": 1,
    "value_ops_per_sec": 3977730.06301043,
    "bytes_per_sec": 4247375667.63933,
    "resp_ver": 2,
    "used_memory": 1073449984,
    "bytes_per_key": 1073.449984,
    "distinct_keys_est": 1000000,
    "key_draws": 31826816
  },
  "redis": {
    "target": "redis",
    "version": "redis 8.8.0",
    "workload": "set",
    "skipped": false,
    "ops": 24802512,
    "errors": 0,
    "ops_per_sec": 3099455.6108052027,
    "min_us": 89.7,
    "p50_us": 2621.439,
    "p99_us": 4079.615,
    "p999_us": 6340.607,
    "nil_replies": 0,
    "err_replies": 0,
    "hit_ratio": 1,
    "value_ops_per_sec": 3099455.6108052027,
    "bytes_per_sec": 3309563474.148875,
    "resp_ver": 2,
    "used_memory": 1327479840,
    "bytes_per_key": 1327.47984,
    "distinct_keys_est": 1000000,
    "key_draws": 24802512,
    "maxmemory_policy": "noeviction"
  },
  "valkey": {
    "target": "valkey",
    "version": "valkey 9.1.0",
    "workload": "set",
    "skipped": false,
    "ops": 16579440,
    "errors": 0,
    "ops_per_sec": 2071500.0904036048,
    "min_us": 68.458,
    "p50_us": 3905.535,
    "p99_us": 4747.263,
    "p999_us": 9691.135,
    "nil_replies": 0,
    "err_replies": 0,
    "hit_ratio": 1,
    "value_ops_per_sec": 2071500.0904036048,
    "bytes_per_sec": 2211924447.889324,
    "resp_ver": 2,
    "used_memory": 1331050704,
    "bytes_per_key": 1331.050704,
    "distinct_keys_est": 1000000,
    "key_draws": 16579440,
    "maxmemory_policy": "noeviction"
  },
  "gate": {
    "pass": false,
    "reason": "aki is 1.28x Redis, below the 2.0x bar",
    "required_speedup": 2,
    "speedup_vs_redis": 1.2833641008257775,
    "speedup_vs_valkey": 1.9202171805048878,
    "tail_regressed_vs_redis": false,
    "tail_regressed_vs_valkey": false
  },
  "generator_bound": false
}
