{
  "workload": "set",
  "cell": {
    "keyspace": 1000000,
    "value_size": 1024,
    "dist": "uniform",
    "pipeline": 16,
    "connections": 512
  },
  "timestamp": "2026-07-11T03:47:56.19506846Z",
  "aki": {
    "target": "aki",
    "version": "unknown",
    "workload": "set",
    "skipped": false,
    "ops": 25050528,
    "errors": 0,
    "ops_per_sec": 3130938.267561343,
    "min_us": 42.004,
    "p50_us": 2568.191,
    "p99_us": 5427.199,
    "p999_us": 7573.503,
    "nil_replies": 0,
    "err_replies": 0,
    "hit_ratio": 1,
    "value_ops_per_sec": 3130938.267561343,
    "bytes_per_sec": 3343180296.220265,
    "resp_ver": 2,
    "used_memory": 1073449984,
    "bytes_per_key": 1073.449984,
    "distinct_keys_est": 1000000,
    "key_draws": 25050528
  },
  "redis": {
    "target": "redis",
    "version": "redis 8.8.0",
    "workload": "set",
    "skipped": false,
    "ops": 24700208,
    "errors": 0,
    "ops_per_sec": 3086684.776537796,
    "min_us": 68.478,
    "p50_us": 2629.631,
    "p99_us": 3919.871,
    "p999_us": 6639.615,
    "nil_replies": 0,
    "err_replies": 0,
    "hit_ratio": 1,
    "value_ops_per_sec": 3086684.776537796,
    "bytes_per_sec": 3295926944.1421323,
    "resp_ver": 2,
    "used_memory": 1327479168,
    "bytes_per_key": 1327.479168,
    "distinct_keys_est": 1000000,
    "key_draws": 24700208,
    "maxmemory_policy": "noeviction"
  },
  "valkey": {
    "target": "valkey",
    "version": "valkey 9.1.0",
    "workload": "set",
    "skipped": false,
    "ops": 16638560,
    "errors": 0,
    "ops_per_sec": 2078896.8666259611,
    "min_us": 73.912,
    "p50_us": 3913.727,
    "p99_us": 4481.023,
    "p999_us": 6651.903,
    "nil_replies": 0,
    "err_replies": 0,
    "hit_ratio": 1,
    "value_ops_per_sec": 2078896.8666259611,
    "bytes_per_sec": 2219822626.5950937,
    "resp_ver": 2,
    "used_memory": 1331050704,
    "bytes_per_key": 1331.050704,
    "distinct_keys_est": 1000000,
    "key_draws": 16638560,
    "maxmemory_policy": "noeviction"
  },
  "gate": {
    "pass": false,
    "reason": "aki is 1.01x Redis, below the 2.0x bar",
    "required_speedup": 2,
    "speedup_vs_redis": 1.0143369000164586,
    "speedup_vs_valkey": 1.5060575239804175,
    "tail_regressed_vs_redis": true,
    "tail_regressed_vs_valkey": true
  },
  "generator_bound": false
}
