{
  "workload": "set",
  "cell": {
    "keyspace": 1000000,
    "value_size": 1024,
    "dist": "uniform",
    "pipeline": 16,
    "connections": 50
  },
  "timestamp": "2026-07-11T04:13:57.351106346Z",
  "aki": {
    "target": "aki",
    "version": "unknown",
    "workload": "set",
    "skipped": false,
    "ops": 22248128,
    "errors": 0,
    "ops_per_sec": 2780952.3144539036,
    "min_us": 17.982,
    "p50_us": 258.559,
    "p99_us": 629.247,
    "p999_us": 886.271,
    "nil_replies": 0,
    "err_replies": 0,
    "hit_ratio": 1,
    "value_ops_per_sec": 2780952.3144539036,
    "bytes_per_sec": 2969470199.2765174,
    "resp_ver": 2,
    "used_memory": 1073449984,
    "bytes_per_key": 1073.449984,
    "distinct_keys_est": 1000000,
    "key_draws": 22248128
  },
  "redis": {
    "target": "redis",
    "version": "redis 8.8.0",
    "workload": "set",
    "skipped": false,
    "ops": 20710000,
    "errors": 0,
    "ops_per_sec": 2588674.565699571,
    "min_us": 30.316,
    "p50_us": 290.559,
    "p99_us": 624.639,
    "p999_us": 852.991,
    "nil_replies": 0,
    "err_replies": 0,
    "hit_ratio": 1,
    "value_ops_per_sec": 2588674.565699571,
    "bytes_per_sec": 2764158186.33493,
    "resp_ver": 2,
    "used_memory": 1327490512,
    "bytes_per_key": 1327.490512,
    "distinct_keys_est": 1000000,
    "key_draws": 20710000,
    "maxmemory_policy": "noeviction"
  },
  "valkey": {
    "target": "valkey",
    "version": "valkey 9.1.0",
    "workload": "set",
    "skipped": false,
    "ops": 18188432,
    "errors": 0,
    "ops_per_sec": 2273435.571625844,
    "min_us": 25.245,
    "p50_us": 339.711,
    "p99_us": 575.487,
    "p999_us": 804.351,
    "nil_replies": 0,
    "err_replies": 0,
    "hit_ratio": 1,
    "value_ops_per_sec": 2273435.571625844,
    "bytes_per_sec": 2427549500.234546,
    "resp_ver": 2,
    "used_memory": 1331066384,
    "bytes_per_key": 1331.066384,
    "distinct_keys_est": 1000000,
    "key_draws": 18188432,
    "maxmemory_policy": "noeviction"
  },
  "gate": {
    "pass": false,
    "reason": "aki is 1.07x Redis, below the 2.0x bar",
    "required_speedup": 2,
    "speedup_vs_redis": 1.0742765240953998,
    "speedup_vs_valkey": 1.2232377944474184,
    "tail_regressed_vs_redis": true,
    "tail_regressed_vs_valkey": true
  },
  "generator_bound": false
}
