{
  "workload": "set",
  "cell": {
    "keyspace": 1000000,
    "value_size": 64,
    "dist": "uniform",
    "pipeline": 16,
    "connections": 50
  },
  "timestamp": "2026-07-11T04:02:14.971016Z",
  "aki": {
    "target": "aki",
    "version": "unknown",
    "workload": "set",
    "skipped": false,
    "ops": 24668064,
    "errors": 0,
    "ops_per_sec": 3083379.9206377445,
    "min_us": 14.387,
    "p50_us": 236.159,
    "p99_us": 548.863,
    "p999_us": 745.983,
    "nil_replies": 0,
    "err_replies": 0,
    "hit_ratio": 1,
    "value_ops_per_sec": 3083379.9206377445,
    "bytes_per_sec": 326187457.37152857,
    "resp_ver": 2,
    "used_memory": 113449984,
    "bytes_per_key": 113.449984,
    "distinct_keys_est": 1000000,
    "key_draws": 24668064
  },
  "redis": {
    "target": "redis",
    "version": "redis 8.8.0",
    "workload": "set",
    "skipped": false,
    "ops": 23428688,
    "errors": 0,
    "ops_per_sec": 2928480.9165871497,
    "min_us": 18.018,
    "p50_us": 252.543,
    "p99_us": 560.127,
    "p999_us": 758.271,
    "nil_replies": 0,
    "err_replies": 0,
    "hit_ratio": 1,
    "value_ops_per_sec": 2928480.9165871497,
    "bytes_per_sec": 309800874.58776695,
    "resp_ver": 2,
    "used_memory": 127496288,
    "bytes_per_key": 127.496288,
    "distinct_keys_est": 1000000,
    "key_draws": 23428688,
    "maxmemory_policy": "noeviction"
  },
  "valkey": {
    "target": "valkey",
    "version": "valkey 9.1.0",
    "workload": "set",
    "skipped": false,
    "ops": 22949808,
    "errors": 0,
    "ops_per_sec": 2868582.948071254,
    "min_us": 16.603,
    "p50_us": 268.543,
    "p99_us": 471.551,
    "p999_us": 679.935,
    "nil_replies": 0,
    "err_replies": 0,
    "hit_ratio": 1,
    "value_ops_per_sec": 2868582.948071254,
    "bytes_per_sec": 303464449.0581221,
    "resp_ver": 2,
    "used_memory": 115073504,
    "bytes_per_key": 115.073504,
    "distinct_keys_est": 1000000,
    "key_draws": 22949808,
    "maxmemory_policy": "noeviction"
  },
  "gate": {
    "pass": false,
    "reason": "aki is 1.05x Redis, below the 2.0x bar",
    "required_speedup": 2,
    "speedup_vs_redis": 1.052893977615915,
    "speedup_vs_valkey": 1.0748791220107172,
    "tail_regressed_vs_redis": false,
    "tail_regressed_vs_valkey": true
  },
  "generator_bound": false
}
