{
  "workload": "set",
  "cell": {
    "keyspace": 1000000,
    "value_size": 64,
    "dist": "uniform",
    "pipeline": 1,
    "connections": 512
  },
  "timestamp": "2026-07-11T03:06:09.651441741Z",
  "aki": {
    "target": "aki",
    "version": "unknown",
    "workload": "set",
    "skipped": false,
    "ops": 8211685,
    "errors": 0,
    "ops_per_sec": 1026409.9062374956,
    "min_us": 29.877,
    "p50_us": 472.831,
    "p99_us": 1008.639,
    "p999_us": 1431.551,
    "nil_replies": 0,
    "err_replies": 0,
    "hit_ratio": 1,
    "value_ops_per_sec": 1026409.9062374956,
    "bytes_per_sec": 108582772.39303066,
    "resp_ver": 2,
    "used_memory": 113425296,
    "bytes_per_key": 113.425296,
    "distinct_keys_est": 999746,
    "key_draws": 8211685
  },
  "redis": {
    "target": "redis",
    "version": "redis 8.8.0",
    "workload": "set",
    "skipped": false,
    "ops": 8320090,
    "errors": 0,
    "ops_per_sec": 1039959.8157974251,
    "min_us": 27.196,
    "p50_us": 474.111,
    "p99_us": 953.343,
    "p999_us": 1400.831,
    "nil_replies": 0,
    "err_replies": 0,
    "hit_ratio": 1,
    "value_ops_per_sec": 1039959.8157974251,
    "bytes_per_sec": 110016152.0849022,
    "resp_ver": 2,
    "used_memory": 127456720,
    "bytes_per_key": 127.45672,
    "distinct_keys_est": 999766,
    "key_draws": 8320090,
    "maxmemory_policy": "noeviction"
  },
  "valkey": {
    "target": "valkey",
    "version": "valkey 9.1.0",
    "workload": "set",
    "skipped": false,
    "ops": 8144462,
    "errors": 0,
    "ops_per_sec": 1017994.1211682012,
    "min_us": 10.165,
    "p50_us": 490.495,
    "p99_us": 927.231,
    "p999_us": 1343.487,
    "nil_replies": 0,
    "err_replies": 0,
    "hit_ratio": 1,
    "value_ops_per_sec": 1017994.1211682012,
    "bytes_per_sec": 107692490.40011847,
    "resp_ver": 2,
    "used_memory": 115036480,
    "bytes_per_key": 115.03648,
    "distinct_keys_est": 999719,
    "key_draws": 8144462,
    "maxmemory_policy": "noeviction"
  },
  "gate": {
    "pass": false,
    "reason": "aki is 0.99x Redis, below the 2.0x bar",
    "required_speedup": 2,
    "speedup_vs_redis": 0.9869707373745594,
    "speedup_vs_valkey": 1.0082670271805074,
    "tail_regressed_vs_redis": true,
    "tail_regressed_vs_valkey": true
  },
  "generator_bound": false
}
