{
  "workload": "set",
  "cell": {
    "keyspace": 1000000,
    "value_size": 1024,
    "dist": "uniform",
    "pipeline": 1,
    "connections": 50
  },
  "timestamp": "2026-07-11T04:41:41.277100909Z",
  "aki": {
    "target": "aki",
    "version": "unknown",
    "workload": "set",
    "skipped": false,
    "ops": 2627101,
    "errors": 0,
    "ops_per_sec": 328379.5084026434,
    "min_us": 6.482,
    "p50_us": 140.287,
    "p99_us": 464.639,
    "p999_us": 670.719,
    "nil_replies": 0,
    "err_replies": 0,
    "hit_ratio": 1,
    "value_ops_per_sec": 328379.5084026434,
    "bytes_per_sec": 350640199.1823668,
    "resp_ver": 2,
    "used_memory": 996839568,
    "bytes_per_key": 996.839568,
    "distinct_keys_est": 927644,
    "key_draws": 2627101
  },
  "redis": {
    "target": "redis",
    "version": "redis 8.8.0",
    "workload": "set",
    "skipped": false,
    "ops": 2600121,
    "errors": 0,
    "ops_per_sec": 325002.0311556678,
    "min_us": 9.605,
    "p50_us": 147.967,
    "p99_us": 380.159,
    "p999_us": 561.663,
    "nil_replies": 0,
    "err_replies": 0,
    "hit_ratio": 1,
    "value_ops_per_sec": 325002.0311556678,
    "bytes_per_sec": 347033762.9052432,
    "resp_ver": 2,
    "used_memory": 1229311856,
    "bytes_per_key": 1229.311856,
    "distinct_keys_est": 925711,
    "key_draws": 2600121,
    "maxmemory_policy": "noeviction"
  },
  "valkey": {
    "target": "valkey",
    "version": "valkey 9.1.0",
    "workload": "set",
    "skipped": false,
    "ops": 4462960,
    "errors": 0,
    "ops_per_sec": 557866.8145804888,
    "min_us": 6.525,
    "p50_us": 62.655,
    "p99_us": 335.103,
    "p999_us": 551.423,
    "nil_replies": 0,
    "err_replies": 0,
    "hit_ratio": 1,
    "value_ops_per_sec": 557866.8145804888,
    "bytes_per_sec": 595684248.0179439,
    "resp_ver": 2,
    "used_memory": 1316041488,
    "bytes_per_key": 1316.041488,
    "distinct_keys_est": 988578,
    "key_draws": 4462960,
    "maxmemory_policy": "noeviction"
  },
  "gate": {
    "pass": false,
    "reason": "aki is 1.01x Redis, below the 2.0x bar",
    "required_speedup": 2,
    "speedup_vs_redis": 1.0103921727349385,
    "speedup_vs_valkey": 0.5886342399656485,
    "tail_regressed_vs_redis": true,
    "tail_regressed_vs_valkey": true
  },
  "generator_bound": false
}
