{
  "workload": "set",
  "cell": {
    "keyspace": 1000000,
    "value_size": 64,
    "dist": "uniform",
    "pipeline": 16,
    "connections": 512
  },
  "timestamp": "2026-07-11T03:33:29.685891593Z",
  "aki": {
    "target": "aki",
    "version": "unknown",
    "workload": "set",
    "skipped": false,
    "ops": 54005248,
    "errors": 0,
    "ops_per_sec": 6750102.187022302,
    "min_us": 21.192,
    "p50_us": 1112.063,
    "p99_us": 2686.975,
    "p999_us": 4143.103,
    "nil_replies": 0,
    "err_replies": 0,
    "hit_ratio": 1,
    "value_ops_per_sec": 6750102.187022302,
    "bytes_per_sec": 714085614.506497,
    "resp_ver": 2,
    "used_memory": 113449984,
    "bytes_per_key": 113.449984,
    "distinct_keys_est": 1000000,
    "key_draws": 54005248
  },
  "redis": {
    "target": "redis",
    "version": "redis 8.8.0",
    "workload": "set",
    "skipped": false,
    "ops": 29635248,
    "errors": 0,
    "ops_per_sec": 3703391.604005747,
    "min_us": 96.625,
    "p50_us": 2201.599,
    "p99_us": 2840.575,
    "p999_us": 4067.327,
    "nil_replies": 0,
    "err_replies": 0,
    "hit_ratio": 1,
    "value_ops_per_sec": 3703391.604005747,
    "bytes_per_sec": 391777094.21112466,
    "resp_ver": 2,
    "used_memory": 127487480,
    "bytes_per_key": 127.48748,
    "distinct_keys_est": 1000000,
    "key_draws": 29635248,
    "maxmemory_policy": "noeviction"
  },
  "valkey": {
    "target": "valkey",
    "version": "valkey 9.1.0",
    "workload": "set",
    "skipped": false,
    "ops": 23270448,
    "errors": 0,
    "ops_per_sec": 2907925.741071939,
    "min_us": 54.67,
    "p50_us": 2787.327,
    "p99_us": 3563.519,
    "p999_us": 5201.919,
    "nil_replies": 0,
    "err_replies": 0,
    "hit_ratio": 1,
    "value_ops_per_sec": 2907925.741071939,
    "bytes_per_sec": 307625565.83805877,
    "resp_ver": 2,
    "used_memory": 115057632,
    "bytes_per_key": 115.057632,
    "distinct_keys_est": 1000000,
    "key_draws": 23270448,
    "maxmemory_policy": "noeviction"
  },
  "gate": {
    "pass": false,
    "reason": "aki is 1.82x Redis, below the 2.0x bar",
    "required_speedup": 2,
    "speedup_vs_redis": 1.8226811822225613,
    "speedup_vs_valkey": 2.3212773599005434,
    "tail_regressed_vs_redis": false,
    "tail_regressed_vs_valkey": false
  },
  "generator_bound": false
}
