{
  "workload": "set",
  "cell": {
    "keyspace": 1000000,
    "value_size": 1024,
    "dist": "uniform",
    "pipeline": 16,
    "connections": 50
  },
  "timestamp": "2026-07-11T04:16:12.459354236Z",
  "aki": {
    "target": "aki",
    "version": "unknown",
    "workload": "set",
    "skipped": false,
    "ops": 20739712,
    "errors": 0,
    "ops_per_sec": 2592401.785597648,
    "min_us": 18.666,
    "p50_us": 280.063,
    "p99_us": 638.975,
    "p999_us": 873.471,
    "nil_replies": 0,
    "err_replies": 0,
    "hit_ratio": 1,
    "value_ops_per_sec": 2592401.785597648,
    "bytes_per_sec": 2768138057.646789,
    "resp_ver": 2,
    "used_memory": 1073449984,
    "bytes_per_key": 1073.449984,
    "distinct_keys_est": 1000000,
    "key_draws": 20739712
  },
  "redis": {
    "target": "redis",
    "version": "redis 8.8.0",
    "workload": "set",
    "skipped": false,
    "ops": 20513136,
    "errors": 0,
    "ops_per_sec": 2564034.032372948,
    "min_us": 25.438,
    "p50_us": 293.631,
    "p99_us": 630.783,
    "p999_us": 844.799,
    "nil_replies": 0,
    "err_replies": 0,
    "hit_ratio": 1,
    "value_ops_per_sec": 2564034.032372948,
    "bytes_per_sec": 2737847311.606479,
    "resp_ver": 2,
    "used_memory": 1327492224,
    "bytes_per_key": 1327.492224,
    "distinct_keys_est": 1000000,
    "key_draws": 20513136,
    "maxmemory_policy": "noeviction"
  },
  "valkey": {
    "target": "valkey",
    "version": "valkey 9.1.0",
    "workload": "set",
    "skipped": false,
    "ops": 17910144,
    "errors": 0,
    "ops_per_sec": 2238669.161637179,
    "min_us": 24.911,
    "p50_us": 344.319,
    "p99_us": 587.263,
    "p999_us": 841.215,
    "nil_replies": 0,
    "err_replies": 0,
    "hit_ratio": 1,
    "value_ops_per_sec": 2238669.161637179,
    "bytes_per_sec": 2390426368.9805965,
    "resp_ver": 2,
    "used_memory": 1331066736,
    "bytes_per_key": 1331.066736,
    "distinct_keys_est": 1000000,
    "key_draws": 17910144,
    "maxmemory_policy": "noeviction"
  },
  "gate": {
    "pass": false,
    "reason": "aki is 1.01x Redis, below the 2.0x bar",
    "required_speedup": 2,
    "speedup_vs_redis": 1.011063719461807,
    "speedup_vs_valkey": 1.1580102276933935,
    "tail_regressed_vs_redis": true,
    "tail_regressed_vs_valkey": true
  },
  "generator_bound": false
}
