{
  "workload": "set",
  "cell": {
    "keyspace": 1000000,
    "value_size": 64,
    "dist": "uniform",
    "pipeline": 16,
    "connections": 50
  },
  "timestamp": "2026-07-11T04:02:48.661093354Z",
  "aki": {
    "target": "aki",
    "version": "unknown",
    "workload": "set",
    "skipped": false,
    "ops": 20290832,
    "errors": 0,
    "ops_per_sec": 2536256.7817902006,
    "min_us": 16.233,
    "p50_us": 306.175,
    "p99_us": 689.663,
    "p999_us": 920.575,
    "nil_replies": 0,
    "err_replies": 0,
    "hit_ratio": 1,
    "value_ops_per_sec": 2536256.7817902006,
    "bytes_per_sec": 268308033.0091712,
    "resp_ver": 2,
    "used_memory": 113449984,
    "bytes_per_key": 113.449984,
    "distinct_keys_est": 1000000,
    "key_draws": 20290832
  },
  "redis": {
    "target": "redis",
    "version": "redis 8.8.0",
    "workload": "set",
    "skipped": false,
    "ops": 23401456,
    "errors": 0,
    "ops_per_sec": 2925100.68000727,
    "min_us": 26.63,
    "p50_us": 252.927,
    "p99_us": 560.639,
    "p999_us": 754.687,
    "nil_replies": 0,
    "err_replies": 0,
    "hit_ratio": 1,
    "value_ops_per_sec": 2925100.68000727,
    "bytes_per_sec": 309443266.24511594,
    "resp_ver": 2,
    "used_memory": 127496440,
    "bytes_per_key": 127.49644,
    "distinct_keys_est": 1000000,
    "key_draws": 23401456,
    "maxmemory_policy": "noeviction"
  },
  "valkey": {
    "target": "valkey",
    "version": "valkey 9.1.0",
    "workload": "set",
    "skipped": false,
    "ops": 22978416,
    "errors": 0,
    "ops_per_sec": 2872152.4850761225,
    "min_us": 17.999,
    "p50_us": 268.543,
    "p99_us": 477.439,
    "p999_us": 682.495,
    "nil_replies": 0,
    "err_replies": 0,
    "hit_ratio": 1,
    "value_ops_per_sec": 2872152.4850761225,
    "bytes_per_sec": 303842076.3439923,
    "resp_ver": 2,
    "used_memory": 115073504,
    "bytes_per_key": 115.073504,
    "distinct_keys_est": 1000000,
    "key_draws": 22978416,
    "maxmemory_policy": "noeviction"
  },
  "gate": {
    "pass": false,
    "reason": "aki is 0.87x Redis, below the 2.0x bar",
    "required_speedup": 2,
    "speedup_vs_redis": 0.8670664907793523,
    "speedup_vs_valkey": 0.8830508808180428,
    "tail_regressed_vs_redis": true,
    "tail_regressed_vs_valkey": true
  },
  "generator_bound": false
}
