{
  "workload": "get",
  "cell": {
    "keyspace": 1000000,
    "value_size": 1024,
    "dist": "uniform",
    "pipeline": 16,
    "connections": 512
  },
  "timestamp": "2026-07-10T15:10:04.415445885Z",
  "aki": {
    "target": "aki",
    "version": "unknown",
    "workload": "get",
    "skipped": false,
    "ops": 27003056,
    "errors": 0,
    "ops_per_sec": 3374522.265369777,
    "min_us": 42.475,
    "p50_us": 2349.055,
    "p99_us": 5005.311,
    "p999_us": 7925.759,
    "nil_replies": 0,
    "err_replies": 0,
    "hit_ratio": 1,
    "value_ops_per_sec": 3374522.265369777,
    "bytes_per_sec": 3586404083.3872666,
    "resp_ver": 2,
    "used_memory": 1073449984,
    "bytes_per_key": 1073.449984,
    "distinct_keys_est": 1000000,
    "key_draws": 27003056
  },
  "redis": {
    "target": "redis",
    "version": "redis 8.8.0",
    "workload": "get",
    "skipped": false,
    "ops": 16786672,
    "errors": 0,
    "ops_per_sec": 2097245.8238183204,
    "min_us": 110.056,
    "p50_us": 3885.055,
    "p99_us": 4521.983,
    "p999_us": 8048.639,
    "nil_replies": 0,
    "err_replies": 0,
    "hit_ratio": 1,
    "value_ops_per_sec": 2097245.8238183204,
    "bytes_per_sec": 2228929182.140403,
    "resp_ver": 2,
    "used_memory": 1327523624,
    "bytes_per_key": 1327.523624,
    "distinct_keys_est": 1000000,
    "key_draws": 16786672,
    "server_hits": 23050512,
    "maxmemory_policy": "noeviction"
  },
  "valkey": {
    "target": "valkey",
    "version": "valkey 9.1.0",
    "workload": "get",
    "skipped": false,
    "ops": 14477680,
    "errors": 0,
    "ops_per_sec": 1808693.9117081938,
    "min_us": 58.183,
    "p50_us": 4497.407,
    "p99_us": 5206.015,
    "p999_us": 7905.279,
    "nil_replies": 0,
    "err_replies": 0,
    "hit_ratio": 1,
    "value_ops_per_sec": 1808693.9117081938,
    "bytes_per_sec": 1922259633.6177437,
    "resp_ver": 2,
    "used_memory": 1331108776,
    "bytes_per_key": 1331.108776,
    "distinct_keys_est": 1000000,
    "key_draws": 14477680,
    "server_hits": 19859376,
    "maxmemory_policy": "noeviction"
  },
  "gate": {
    "pass": false,
    "reason": "aki is 1.61x Redis, below the 2.0x bar",
    "required_speedup": 2,
    "speedup_vs_redis": 1.609025621625033,
    "speedup_vs_valkey": 1.8657232401378296,
    "tail_regressed_vs_redis": true,
    "tail_regressed_vs_valkey": false
  },
  "generator_bound": false
}
