{
  "workload": "get",
  "cell": {
    "keyspace": 1000000,
    "value_size": 1024,
    "dist": "uniform",
    "pipeline": 16,
    "connections": 512
  },
  "timestamp": "2026-07-10T15:09:24.37222098Z",
  "aki": {
    "target": "aki",
    "version": "unknown",
    "workload": "get",
    "skipped": false,
    "ops": 32037504,
    "errors": 0,
    "ops_per_sec": 4004117.2966653095,
    "min_us": 43.295,
    "p50_us": 1932.287,
    "p99_us": 4448.255,
    "p999_us": 6733.823,
    "nil_replies": 0,
    "err_replies": 0,
    "hit_ratio": 1,
    "value_ops_per_sec": 4004117.2966653095,
    "bytes_per_sec": 4255531023.0118804,
    "resp_ver": 2,
    "used_memory": 1073449984,
    "bytes_per_key": 1073.449984,
    "distinct_keys_est": 1000000,
    "key_draws": 32037504
  },
  "redis": {
    "target": "redis",
    "version": "redis 8.8.0",
    "workload": "get",
    "skipped": false,
    "ops": 16725712,
    "errors": 0,
    "ops_per_sec": 2089659.1249237098,
    "min_us": 107.433,
    "p50_us": 3901.439,
    "p99_us": 4542.463,
    "p999_us": 8056.831,
    "nil_replies": 0,
    "err_replies": 0,
    "hit_ratio": 1,
    "value_ops_per_sec": 2089659.1249237098,
    "bytes_per_sec": 2220866139.4215403,
    "resp_ver": 2,
    "used_memory": 1327523472,
    "bytes_per_key": 1327.523472,
    "distinct_keys_est": 1000000,
    "key_draws": 16725712,
    "server_hits": 22829248,
    "maxmemory_policy": "noeviction"
  },
  "valkey": {
    "target": "valkey",
    "version": "valkey 9.1.0",
    "workload": "get",
    "skipped": false,
    "ops": 15550320,
    "errors": 0,
    "ops_per_sec": 1942760.192847846,
    "min_us": 30.184,
    "p50_us": 4169.727,
    "p99_us": 4861.951,
    "p999_us": 7864.319,
    "nil_replies": 0,
    "err_replies": 0,
    "hit_ratio": 1,
    "value_ops_per_sec": 1942760.192847846,
    "bytes_per_sec": 2064743642.5622265,
    "resp_ver": 2,
    "used_memory": 1331108776,
    "bytes_per_key": 1331.108776,
    "distinct_keys_est": 1000000,
    "key_draws": 15550320,
    "server_hits": 20840768,
    "maxmemory_policy": "noeviction"
  },
  "gate": {
    "pass": false,
    "reason": "aki is 1.92x Redis, below the 2.0x bar",
    "required_speedup": 2,
    "speedup_vs_redis": 1.9161581182823268,
    "speedup_vs_valkey": 2.0610455739242677,
    "tail_regressed_vs_redis": false,
    "tail_regressed_vs_valkey": false
  },
  "generator_bound": false
}
