{
  "workload": "get",
  "cell": {
    "keyspace": 1000000,
    "value_size": 64,
    "dist": "uniform",
    "pipeline": 16,
    "connections": 512
  },
  "timestamp": "2026-07-10T15:06:35.599056451Z",
  "aki": {
    "target": "aki",
    "version": "unknown",
    "workload": "get",
    "skipped": false,
    "ops": 50085424,
    "errors": 0,
    "ops_per_sec": 6259935.899466465,
    "min_us": 19.225,
    "p50_us": 1261.567,
    "p99_us": 2686.975,
    "p999_us": 3682.303,
    "nil_replies": 0,
    "err_replies": 0,
    "hit_ratio": 1,
    "value_ops_per_sec": 6259935.899466465,
    "bytes_per_sec": 630931790.0347543,
    "resp_ver": 2,
    "used_memory": 113449984,
    "bytes_per_key": 113.449984,
    "distinct_keys_est": 1000000,
    "key_draws": 50085424
  },
  "redis": {
    "target": "redis",
    "version": "redis 8.8.0",
    "workload": "get",
    "skipped": false,
    "ops": 37687008,
    "errors": 0,
    "ops_per_sec": 4709882.806995487,
    "min_us": 51.871,
    "p50_us": 1723.391,
    "p99_us": 2140.159,
    "p999_us": 4341.759,
    "nil_replies": 0,
    "err_replies": 0,
    "hit_ratio": 1,
    "value_ops_per_sec": 4709882.806995487,
    "bytes_per_sec": 474703776.3221959,
    "resp_ver": 2,
    "used_memory": 127532848,
    "bytes_per_key": 127.532848,
    "distinct_keys_est": 1000000,
    "key_draws": 37687008,
    "server_hits": 51652768,
    "maxmemory_policy": "noeviction"
  },
  "valkey": {
    "target": "valkey",
    "version": "valkey 9.1.0",
    "workload": "get",
    "skipped": false,
    "ops": 31676576,
    "errors": 0,
    "ops_per_sec": 3958440.755811194,
    "min_us": 41.037,
    "p50_us": 2044.927,
    "p99_us": 2494.463,
    "p999_us": 3469.311,
    "nil_replies": 0,
    "err_replies": 0,
    "hit_ratio": 1,
    "value_ops_per_sec": 3958440.755811194,
    "bytes_per_sec": 398966538.992745,
    "resp_ver": 2,
    "used_memory": 115110328,
    "bytes_per_key": 115.110328,
    "distinct_keys_est": 1000000,
    "key_draws": 31676576,
    "server_hits": 43191168,
    "maxmemory_policy": "noeviction"
  },
  "gate": {
    "pass": false,
    "reason": "aki is 1.33x Redis, below the 2.0x bar",
    "required_speedup": 2,
    "speedup_vs_redis": 1.3291065098623511,
    "speedup_vs_valkey": 1.5814145734722842,
    "tail_regressed_vs_redis": true,
    "tail_regressed_vs_valkey": true
  },
  "generator_bound": false
}
