{
  "workload": "get",
  "cell": {
    "keyspace": 1000000,
    "value_size": 64,
    "dist": "uniform",
    "pipeline": 16,
    "connections": 512
  },
  "timestamp": "2026-07-10T15:07:12.338661946Z",
  "aki": {
    "target": "aki",
    "version": "unknown",
    "workload": "get",
    "skipped": false,
    "ops": 42063408,
    "errors": 0,
    "ops_per_sec": 5255979.081542609,
    "min_us": 22.734,
    "p50_us": 1504.255,
    "p99_us": 3321.855,
    "p999_us": 5431.295,
    "nil_replies": 0,
    "err_replies": 0,
    "hit_ratio": 1,
    "value_ops_per_sec": 5255979.081542609,
    "bytes_per_sec": 529744351.3548072,
    "resp_ver": 2,
    "used_memory": 113449984,
    "bytes_per_key": 113.449984,
    "distinct_keys_est": 1000000,
    "key_draws": 42063408
  },
  "redis": {
    "target": "redis",
    "version": "redis 8.8.0",
    "workload": "get",
    "skipped": false,
    "ops": 37483504,
    "errors": 0,
    "ops_per_sec": 4684418.135418961,
    "min_us": 60.493,
    "p50_us": 1734.655,
    "p99_us": 2168.831,
    "p999_us": 3608.575,
    "nil_replies": 0,
    "err_replies": 0,
    "hit_ratio": 1,
    "value_ops_per_sec": 4684418.135418961,
    "bytes_per_sec": 472137217.1248766,
    "resp_ver": 2,
    "used_memory": 127533000,
    "bytes_per_key": 127.533,
    "distinct_keys_est": 1000000,
    "key_draws": 37483504,
    "server_hits": 51335408,
    "maxmemory_policy": "noeviction"
  },
  "valkey": {
    "target": "valkey",
    "version": "valkey 9.1.0",
    "workload": "get",
    "skipped": false,
    "ops": 31605808,
    "errors": 0,
    "ops_per_sec": 3949692.3581042113,
    "min_us": 24.398,
    "p50_us": 2046.975,
    "p99_us": 2510.847,
    "p999_us": 3147.775,
    "nil_replies": 0,
    "err_replies": 0,
    "hit_ratio": 1,
    "value_ops_per_sec": 3949692.3581042113,
    "bytes_per_sec": 398084797.71202976,
    "resp_ver": 2,
    "used_memory": 115110328,
    "bytes_per_key": 115.110328,
    "distinct_keys_est": 1000000,
    "key_draws": 31605808,
    "server_hits": 43318992,
    "maxmemory_policy": "noeviction"
  },
  "gate": {
    "pass": false,
    "reason": "aki is 1.12x Redis, below the 2.0x bar",
    "required_speedup": 2,
    "speedup_vs_redis": 1.1220132211943394,
    "speedup_vs_valkey": 1.3307312582859985,
    "tail_regressed_vs_redis": true,
    "tail_regressed_vs_valkey": true
  },
  "generator_bound": false
}
