{
  "workload": "get",
  "cell": {
    "keyspace": 1000000,
    "value_size": 64,
    "dist": "uniform",
    "pipeline": 16,
    "connections": 512
  },
  "timestamp": "2026-07-10T15:07:49.07733229Z",
  "aki": {
    "target": "aki",
    "version": "unknown",
    "workload": "get",
    "skipped": false,
    "ops": 42039200,
    "errors": 0,
    "ops_per_sec": 5254180.260057711,
    "min_us": 24.316,
    "p50_us": 1507.327,
    "p99_us": 3284.991,
    "p999_us": 5476.351,
    "nil_replies": 0,
    "err_replies": 0,
    "hit_ratio": 1,
    "value_ops_per_sec": 5254180.260057711,
    "bytes_per_sec": 529563074.9493503,
    "resp_ver": 2,
    "used_memory": 113449984,
    "bytes_per_key": 113.449984,
    "distinct_keys_est": 1000000,
    "key_draws": 42039200
  },
  "redis": {
    "target": "redis",
    "version": "redis 8.8.0",
    "workload": "get",
    "skipped": false,
    "ops": 37568336,
    "errors": 0,
    "ops_per_sec": 4695065.245082128,
    "min_us": 80.732,
    "p50_us": 1731.583,
    "p99_us": 2183.167,
    "p999_us": 3473.407,
    "nil_replies": 0,
    "err_replies": 0,
    "hit_ratio": 1,
    "value_ops_per_sec": 4695065.245082128,
    "bytes_per_sec": 473210327.72408444,
    "resp_ver": 2,
    "used_memory": 127533152,
    "bytes_per_key": 127.533152,
    "distinct_keys_est": 1000000,
    "key_draws": 37568336,
    "server_hits": 51529632,
    "maxmemory_policy": "noeviction"
  },
  "valkey": {
    "target": "valkey",
    "version": "valkey 9.1.0",
    "workload": "get",
    "skipped": false,
    "ops": 31787056,
    "errors": 0,
    "ops_per_sec": 3972386.8321887683,
    "min_us": 18.735,
    "p50_us": 2040.831,
    "p99_us": 2478.079,
    "p999_us": 3436.543,
    "nil_replies": 0,
    "err_replies": 0,
    "hit_ratio": 1,
    "value_ops_per_sec": 3972386.8321887683,
    "bytes_per_sec": 400372097.1067212,
    "resp_ver": 2,
    "used_memory": 115110328,
    "bytes_per_key": 115.110328,
    "distinct_keys_est": 1000000,
    "key_draws": 31787056,
    "server_hits": 43661088,
    "maxmemory_policy": "noeviction"
  },
  "gate": {
    "pass": false,
    "reason": "aki is 1.12x Redis, below the 2.0x bar",
    "required_speedup": 2,
    "speedup_vs_redis": 1.1190856752334233,
    "speedup_vs_valkey": 1.3226758827922809,
    "tail_regressed_vs_redis": true,
    "tail_regressed_vs_valkey": true
  },
  "generator_bound": false
}
