{
  "workload": "incr",
  "cell": {
    "keyspace": 1000000,
    "value_size": 64,
    "dist": "uniform",
    "pipeline": 16,
    "connections": 512
  },
  "timestamp": "2026-07-10T15:02:40.387152331Z",
  "aki": {
    "target": "aki",
    "version": "unknown",
    "workload": "incr",
    "skipped": false,
    "ops": 47464896,
    "errors": 0,
    "ops_per_sec": 5932475.756064792,
    "min_us": 19.505,
    "p50_us": 1340.415,
    "p99_us": 2826.239,
    "p999_us": 4976.639,
    "nil_replies": 0,
    "err_replies": 0,
    "hit_ratio": 1,
    "value_ops_per_sec": 5932475.756064792,
    "bytes_per_sec": 212309351.32630497,
    "resp_ver": 2,
    "used_memory": 57455360,
    "bytes_per_key": 57.45536,
    "distinct_keys_est": 1000000,
    "key_draws": 47464896
  },
  "redis": {
    "target": "redis",
    "version": "redis 8.8.0",
    "workload": "incr",
    "skipped": false,
    "ops": 35698112,
    "errors": 0,
    "ops_per_sec": 4461246.415344827,
    "min_us": 53.452,
    "p50_us": 1822.719,
    "p99_us": 2297.855,
    "p999_us": 3414.015,
    "nil_replies": 0,
    "err_replies": 0,
    "hit_ratio": 1,
    "value_ops_per_sec": 4461246.415344827,
    "bytes_per_sec": 159633688.9734389,
    "resp_ver": 2,
    "used_memory": 47509488,
    "bytes_per_key": 47.509488,
    "distinct_keys_est": 1000000,
    "key_draws": 35698112,
    "maxmemory_policy": "noeviction"
  },
  "valkey": {
    "target": "valkey",
    "version": "valkey 9.1.0",
    "workload": "incr",
    "skipped": false,
    "ops": 31930528,
    "errors": 0,
    "ops_per_sec": 3990211.150933194,
    "min_us": 23.45,
    "p50_us": 2030.591,
    "p99_us": 2478.079,
    "p999_us": 3108.863,
    "nil_replies": 0,
    "err_replies": 0,
    "hit_ratio": 1,
    "value_ops_per_sec": 3990211.150933194,
    "bytes_per_sec": 142731592.4422101,
    "resp_ver": 2,
    "used_memory": 51088696,
    "bytes_per_key": 51.088696,
    "distinct_keys_est": 1000000,
    "key_draws": 31930528,
    "maxmemory_policy": "noeviction"
  },
  "gate": {
    "pass": false,
    "reason": "aki is 1.33x Redis, below the 2.0x bar",
    "required_speedup": 2,
    "speedup_vs_redis": 1.3297798874457034,
    "speedup_vs_valkey": 1.486757349840336,
    "tail_regressed_vs_redis": true,
    "tail_regressed_vs_valkey": true
  },
  "generator_bound": false
}
