{
  "workload": "incr",
  "cell": {
    "keyspace": 1000000,
    "value_size": 64,
    "dist": "uniform",
    "pipeline": 16,
    "connections": 512
  },
  "timestamp": "2026-07-10T15:01:32.769543298Z",
  "aki": {
    "target": "aki",
    "version": "unknown",
    "workload": "incr",
    "skipped": false,
    "ops": 56954224,
    "errors": 0,
    "ops_per_sec": 7118715.406141774,
    "min_us": 24.205,
    "p50_us": 1103.871,
    "p99_us": 2416.639,
    "p999_us": 3289.087,
    "nil_replies": 0,
    "err_replies": 0,
    "hit_ratio": 1,
    "value_ops_per_sec": 7118715.406141774,
    "bytes_per_sec": 254786648.14750025,
    "resp_ver": 2,
    "used_memory": 57455360,
    "bytes_per_key": 57.45536,
    "distinct_keys_est": 1000000,
    "key_draws": 56954224
  },
  "redis": {
    "target": "redis",
    "version": "redis 8.8.0",
    "workload": "incr",
    "skipped": false,
    "ops": 35727616,
    "errors": 0,
    "ops_per_sec": 4464971.897925537,
    "min_us": 33.486,
    "p50_us": 1821.695,
    "p99_us": 2217.983,
    "p999_us": 3590.143,
    "nil_replies": 0,
    "err_replies": 0,
    "hit_ratio": 1,
    "value_ops_per_sec": 4464971.897925537,
    "bytes_per_sec": 159766061.8915495,
    "resp_ver": 2,
    "used_memory": 47509184,
    "bytes_per_key": 47.509184,
    "distinct_keys_est": 1000000,
    "key_draws": 35727616,
    "maxmemory_policy": "noeviction"
  },
  "valkey": {
    "target": "valkey",
    "version": "valkey 9.1.0",
    "workload": "incr",
    "skipped": false,
    "ops": 32024304,
    "errors": 0,
    "ops_per_sec": 4002202.0035364176,
    "min_us": 50.797,
    "p50_us": 2027.519,
    "p99_us": 2455.551,
    "p999_us": 2822.143,
    "nil_replies": 0,
    "err_replies": 0,
    "hit_ratio": 1,
    "value_ops_per_sec": 4002202.0035364176,
    "bytes_per_sec": 143154284.84247068,
    "resp_ver": 2,
    "used_memory": 51088696,
    "bytes_per_key": 51.088696,
    "distinct_keys_est": 1000000,
    "key_draws": 32024304,
    "maxmemory_policy": "noeviction"
  },
  "gate": {
    "pass": false,
    "reason": "aki is 1.59x Redis, below the 2.0x bar",
    "required_speedup": 2,
    "speedup_vs_redis": 1.594347191624921,
    "speedup_vs_valkey": 1.778699675791364,
    "tail_regressed_vs_redis": true,
    "tail_regressed_vs_valkey": false
  },
  "generator_bound": false
}
