{
  "workload": "incr",
  "cell": {
    "keyspace": 1000000,
    "value_size": 64,
    "dist": "uniform",
    "pipeline": 16,
    "connections": 512
  },
  "timestamp": "2026-07-10T15:02:06.578203639Z",
  "aki": {
    "target": "aki",
    "version": "unknown",
    "workload": "incr",
    "skipped": false,
    "ops": 47823104,
    "errors": 0,
    "ops_per_sec": 5977359.855426575,
    "min_us": 20.27,
    "p50_us": 1316.863,
    "p99_us": 2942.975,
    "p999_us": 5083.135,
    "nil_replies": 0,
    "err_replies": 0,
    "hit_ratio": 1,
    "value_ops_per_sec": 5977359.855426575,
    "bytes_per_sec": 213920730.49905494,
    "resp_ver": 2,
    "used_memory": 57455360,
    "bytes_per_key": 57.45536,
    "distinct_keys_est": 1000000,
    "key_draws": 47823104
  },
  "redis": {
    "target": "redis",
    "version": "redis 8.8.0",
    "workload": "incr",
    "skipped": false,
    "ops": 35778016,
    "errors": 0,
    "ops_per_sec": 4471223.921982267,
    "min_us": 55.206,
    "p50_us": 1819.647,
    "p99_us": 2303.999,
    "p999_us": 3323.903,
    "nil_replies": 0,
    "err_replies": 0,
    "hit_ratio": 1,
    "value_ops_per_sec": 4471223.921982267,
    "bytes_per_sec": 159991466.82205173,
    "resp_ver": 2,
    "used_memory": 47509336,
    "bytes_per_key": 47.509336,
    "distinct_keys_est": 1000000,
    "key_draws": 35778016,
    "maxmemory_policy": "noeviction"
  },
  "valkey": {
    "target": "valkey",
    "version": "valkey 9.1.0",
    "workload": "incr",
    "skipped": false,
    "ops": 31872800,
    "errors": 0,
    "ops_per_sec": 3983065.1986656203,
    "min_us": 18.277,
    "p50_us": 2032.639,
    "p99_us": 2502.655,
    "p999_us": 3082.239,
    "nil_replies": 0,
    "err_replies": 0,
    "hit_ratio": 1,
    "value_ops_per_sec": 3983065.1986656203,
    "bytes_per_sec": 142472802.905187,
    "resp_ver": 2,
    "used_memory": 51088696,
    "bytes_per_key": 51.088696,
    "distinct_keys_est": 1000000,
    "key_draws": 31872800,
    "maxmemory_policy": "noeviction"
  },
  "gate": {
    "pass": false,
    "reason": "aki is 1.34x Redis, below the 2.0x bar",
    "required_speedup": 2,
    "speedup_vs_redis": 1.3368509293483517,
    "speedup_vs_valkey": 1.5006934502174532,
    "tail_regressed_vs_redis": true,
    "tail_regressed_vs_valkey": true
  },
  "generator_bound": false
}
