{
  "workload": "get",
  "cell": {
    "keyspace": 2000000,
    "value_size": 1032,
    "dist": "uniform",
    "pipeline": 16,
    "connections": 64
  },
  "timestamp": "2026-07-10T15:16:03.33743018Z",
  "aki": {
    "target": "aki",
    "version": "unknown",
    "workload": "get",
    "skipped": false,
    "ops": 15588208,
    "errors": 0,
    "ops_per_sec": 779372.8802101738,
    "min_us": 40.002,
    "p50_us": 1113.087,
    "p99_us": 11468.799,
    "p999_us": 14229.503,
    "nil_replies": 0,
    "err_replies": 0,
    "hit_ratio": 1,
    "value_ops_per_sec": 779372.8802101738,
    "bytes_per_sec": 835015757.4064226,
    "resp_ver": 2,
    "used_memory": 573343768,
    "bytes_per_key": 286.671884,
    "distinct_keys_est": 1999157,
    "key_draws": 15588208
  },
  "redis": {
    "target": "redis",
    "version": "redis 8.8.0",
    "workload": "get",
    "skipped": false,
    "ops": 65849760,
    "errors": 0,
    "ops_per_sec": 3292442.3636210198,
    "min_us": 25.17,
    "p50_us": 294.143,
    "p99_us": 606.719,
    "p999_us": 844.799,
    "nil_replies": 52639704,
    "err_replies": 0,
    "hit_ratio": 0.20060902272081174,
    "value_ops_per_sec": 660493.6449306123,
    "bytes_per_sec": 800805254.32841,
    "resp_ver": 2,
    "used_memory": 535448880,
    "bytes_per_key": 267.72444,
    "distinct_keys_est": 2000000,
    "key_draws": 65849760,
    "server_hits": 15188537,
    "server_misses": 60528327,
    "evicted_keys": 1078,
    "maxmemory": 536870912,
    "maxmemory_policy": "allkeys-lfu"
  },
  "valkey": {
    "target": "valkey",
    "version": "valkey 9.1.0",
    "workload": "get",
    "skipped": false,
    "ops": 64779296,
    "errors": 0,
    "ops_per_sec": 3238907.843805567,
    "min_us": 16.126,
    "p50_us": 305.151,
    "p99_us": 529.919,
    "p999_us": 783.359,
    "nil_replies": 51743826,
    "err_replies": 0,
    "hit_ratio": 0.20122895438690783,
    "value_ops_per_sec": 651762.0387645484,
    "bytes_per_sec": 789864541.3320407,
    "resp_ver": 2,
    "used_memory": 535663656,
    "bytes_per_key": 267.831828,
    "distinct_keys_est": 2000000,
    "key_draws": 64779296,
    "server_hits": 14989792,
    "server_misses": 59497376,
    "evicted_keys": 912,
    "maxmemory": 536870912,
    "maxmemory_policy": "allkeys-lfu"
  },
  "gate": {
    "pass": false,
    "reason": "aki is 1.18x Redis, below the 2.0x bar",
    "required_speedup": 2,
    "speedup_vs_redis": 1.1799854339129188,
    "speedup_vs_valkey": 1.1957936084886425,
    "tail_regressed_vs_redis": true,
    "tail_regressed_vs_valkey": true
  },
  "generator_bound": false
}
