{
  "workload": "get",
  "cell": {
    "keyspace": 2000000,
    "value_size": 1032,
    "dist": "uniform",
    "pipeline": 16,
    "connections": 64
  },
  "timestamp": "2026-07-10T15:13:07.006482263Z",
  "aki": {
    "target": "aki",
    "version": "unknown",
    "workload": "get",
    "skipped": false,
    "ops": 15913856,
    "errors": 0,
    "ops_per_sec": 795663.510949848,
    "min_us": 35.236,
    "p50_us": 1076.223,
    "p99_us": 11673.599,
    "p999_us": 15237.119,
    "nil_replies": 0,
    "err_replies": 0,
    "hit_ratio": 1,
    "value_ops_per_sec": 795663.510949848,
    "bytes_per_sec": 852469490.3734603,
    "resp_ver": 2,
    "used_memory": 563500552,
    "bytes_per_key": 281.750276,
    "distinct_keys_est": 1999280,
    "key_draws": 15913856
  },
  "redis": {
    "target": "redis",
    "version": "redis 8.8.0",
    "workload": "get",
    "skipped": false,
    "ops": 66840288,
    "errors": 0,
    "ops_per_sec": 3341979.93165448,
    "min_us": 21.58,
    "p50_us": 288.511,
    "p99_us": 603.135,
    "p999_us": 834.047,
    "nil_replies": 53426451,
    "err_replies": 0,
    "hit_ratio": 0.20068490728226665,
    "value_ops_per_sec": 670684.9327232752,
    "bytes_per_sec": 813116821.4663826,
    "resp_ver": 2,
    "used_memory": 535451072,
    "bytes_per_key": 267.725536,
    "distinct_keys_est": 2000000,
    "key_draws": 66840288,
    "server_hits": 15414839,
    "server_misses": 61404105,
    "evicted_keys": 1126,
    "maxmemory": 536870912,
    "maxmemory_policy": "allkeys-lfu"
  },
  "valkey": {
    "target": "valkey",
    "version": "valkey 9.1.0",
    "workload": "get",
    "skipped": false,
    "ops": 64885264,
    "errors": 0,
    "ops_per_sec": 3244195.1523578404,
    "min_us": 17.422,
    "p50_us": 304.127,
    "p99_us": 541.183,
    "p999_us": 786.943,
    "nil_replies": 51831698,
    "err_replies": 0,
    "hit_ratio": 0.2011792076549153,
    "value_ops_per_sec": 652664.6102292675,
    "bytes_per_sec": 790986740.7949145,
    "resp_ver": 2,
    "used_memory": 535650312,
    "bytes_per_key": 267.825156,
    "distinct_keys_est": 2000000,
    "key_draws": 64885264,
    "server_hits": 14991070,
    "server_misses": 59537570,
    "evicted_keys": 941,
    "maxmemory": 536870912,
    "maxmemory_policy": "allkeys-lfu"
  },
  "gate": {
    "pass": false,
    "reason": "aki is 1.19x Redis, below the 2.0x bar",
    "required_speedup": 2,
    "speedup_vs_redis": 1.1863446935047504,
    "speedup_vs_valkey": 1.2191001296521162,
    "tail_regressed_vs_redis": true,
    "tail_regressed_vs_valkey": true
  },
  "generator_bound": false
}
