{
  "workload": "set",
  "cell": {
    "keyspace": 2000000,
    "value_size": 1032,
    "dist": "uniform",
    "pipeline": 16,
    "connections": 64
  },
  "timestamp": "2026-07-10T15:24:10.477302872Z",
  "aki": {
    "target": "aki",
    "version": "unknown",
    "workload": "set",
    "skipped": false,
    "ops": 3912224,
    "errors": 0,
    "ops_per_sec": 195515.61200670712,
    "min_us": 25.419,
    "p50_us": 533.503,
    "p99_us": 14016.511,
    "p999_us": 1142947.839,
    "nil_replies": 0,
    "err_replies": 0,
    "hit_ratio": 1,
    "value_ops_per_sec": 195515.61200670712,
    "bytes_per_sec": 210451970.03989834,
    "resp_ver": 2,
    "used_memory": 557989816,
    "bytes_per_key": 278.994908,
    "distinct_keys_est": 1716368,
    "key_draws": 3912224
  },
  "redis": {
    "target": "redis",
    "version": "redis 8.8.0",
    "workload": "set",
    "skipped": false,
    "ops": 20520256,
    "errors": 0,
    "ops_per_sec": 1025993.2509297954,
    "min_us": 56.284,
    "p50_us": 1004.543,
    "p99_us": 1497.087,
    "p999_us": 2146.303,
    "nil_replies": 0,
    "err_replies": 0,
    "hit_ratio": 1,
    "value_ops_per_sec": 1025993.2509297954,
    "bytes_per_sec": 1104373362.4908257,
    "resp_ver": 2,
    "used_memory": 536275704,
    "bytes_per_key": 268.137852,
    "distinct_keys_est": 1999935,
    "key_draws": 20520256,
    "evicted_keys": 18366380,
    "maxmemory": 536870912,
    "maxmemory_policy": "allkeys-lfu"
  },
  "valkey": {
    "target": "valkey",
    "version": "valkey 9.1.0",
    "workload": "set",
    "skipped": false,
    "ops": 18513216,
    "errors": 0,
    "ops_per_sec": 925633.2495908042,
    "min_us": 23.829,
    "p50_us": 1100.799,
    "p99_us": 1605.631,
    "p999_us": 1835.007,
    "nil_replies": 0,
    "err_replies": 0,
    "hit_ratio": 1,
    "value_ops_per_sec": 925633.2495908042,
    "bytes_per_sec": 996346481.6427724,
    "resp_ver": 2,
    "used_memory": 536623656,
    "bytes_per_key": 268.311828,
    "distinct_keys_est": 1999799,
    "key_draws": 18513216,
    "evicted_keys": 16268182,
    "maxmemory": 536870912,
    "maxmemory_policy": "allkeys-lfu"
  },
  "gate": {
    "pass": false,
    "reason": "aki is 0.19x Redis, below the 2.0x bar",
    "required_speedup": 2,
    "speedup_vs_redis": 0.19056227887417698,
    "speedup_vs_valkey": 0.21122362673676529,
    "tail_regressed_vs_redis": true,
    "tail_regressed_vs_valkey": true
  },
  "generator_bound": false
}
