{
  "workload": "get",
  "cell": {
    "keyspace": 2000000,
    "value_size": 1032,
    "dist": "zipfian",
    "zipf_s": 0.99,
    "pipeline": 16,
    "connections": 64
  },
  "timestamp": "2026-07-10T15:17:37.296863662Z",
  "aki": {
    "target": "aki",
    "version": "unknown",
    "workload": "get",
    "skipped": false,
    "ops": 37882512,
    "errors": 0,
    "ops_per_sec": 1894078.997606823,
    "min_us": 20.677,
    "p50_us": 464.895,
    "p99_us": 1189.887,
    "p999_us": 12722.175,
    "nil_replies": 0,
    "err_replies": 0,
    "hit_ratio": 1,
    "value_ops_per_sec": 1894078.997606823,
    "bytes_per_sec": 2022596616.3772013,
    "resp_ver": 2,
    "used_memory": 565143496,
    "bytes_per_key": 282.571748,
    "distinct_keys_est": 1819995,
    "key_draws": 37882512
  },
  "redis": {
    "target": "redis",
    "version": "redis 8.8.0",
    "workload": "get",
    "skipped": false,
    "ops": 66757584,
    "errors": 0,
    "ops_per_sec": 3337824.6908194306,
    "min_us": 23.851,
    "p50_us": 282.367,
    "p99_us": 621.567,
    "p999_us": 938.495,
    "nil_replies": 40228402,
    "err_replies": 0,
    "hit_ratio": 0.3973957775344297,
    "value_ops_per_sec": 1326437.4382818048,
    "bytes_per_sec": 1480506430.1696155,
    "resp_ver": 2,
    "used_memory": 535446224,
    "bytes_per_key": 267.723112,
    "distinct_keys_est": 1953611,
    "key_draws": 66757584,
    "server_hits": 30471347,
    "server_misses": 46206061,
    "evicted_keys": 1130,
    "maxmemory": 536870912,
    "maxmemory_policy": "allkeys-lfu"
  },
  "valkey": {
    "target": "valkey",
    "version": "valkey 9.1.0",
    "workload": "get",
    "skipped": false,
    "ops": 63636976,
    "errors": 0,
    "ops_per_sec": 3181782.937729546,
    "min_us": 16.715,
    "p50_us": 307.455,
    "p99_us": 561.663,
    "p999_us": 1023.487,
    "nil_replies": 37557410,
    "err_replies": 0,
    "hit_ratio": 0.40981780781035226,
    "value_ops_per_sec": 1303951.308468705,
    "bytes_per_sec": 1452240674.8584785,
    "resp_ver": 2,
    "used_memory": 535647976,
    "bytes_per_key": 267.823988,
    "distinct_keys_est": 1946616,
    "key_draws": 63636976,
    "server_hits": 29962933,
    "server_misses": 43151947,
    "evicted_keys": 941,
    "maxmemory": 536870912,
    "maxmemory_policy": "allkeys-lfu"
  },
  "gate": {
    "pass": false,
    "reason": "aki is 1.43x Redis, below the 2.0x bar",
    "required_speedup": 2,
    "speedup_vs_redis": 1.427944464580486,
    "speedup_vs_valkey": 1.4525688078269843,
    "tail_regressed_vs_redis": true,
    "tail_regressed_vs_valkey": true
  },
  "generator_bound": false
}
