{
  "workload": "set",
  "cell": {
    "keyspace": 2000000,
    "value_size": 1032,
    "dist": "uniform",
    "pipeline": 16,
    "connections": 64
  },
  "timestamp": "2026-07-10T15:21:50.77022115Z",
  "aki": {
    "target": "aki",
    "version": "unknown",
    "workload": "set",
    "skipped": false,
    "ops": 3915936,
    "errors": 0,
    "ops_per_sec": 182037.86987293875,
    "min_us": 24.417,
    "p50_us": 514.303,
    "p99_us": 14188.543,
    "p999_us": 1851785.215,
    "nil_replies": 0,
    "err_replies": 0,
    "hit_ratio": 1,
    "value_ops_per_sec": 182037.86987293875,
    "bytes_per_sec": 195944595.45118892,
    "resp_ver": 2,
    "used_memory": 561283000,
    "bytes_per_key": 280.6415,
    "distinct_keys_est": 1716911,
    "key_draws": 3915936
  },
  "redis": {
    "target": "redis",
    "version": "redis 8.8.0",
    "workload": "set",
    "skipped": false,
    "ops": 20900416,
    "errors": 0,
    "ops_per_sec": 1044995.3164829635,
    "min_us": 47.699,
    "p50_us": 984.575,
    "p99_us": 1459.199,
    "p999_us": 2071.551,
    "nil_replies": 0,
    "err_replies": 0,
    "hit_ratio": 1,
    "value_ops_per_sec": 1044995.3164829635,
    "bytes_per_sec": 1124827088.6354098,
    "resp_ver": 2,
    "used_memory": 536199000,
    "bytes_per_key": 268.0995,
    "distinct_keys_est": 1999950,
    "key_draws": 20900416,
    "evicted_keys": 18713893,
    "maxmemory": 536870912,
    "maxmemory_policy": "allkeys-lfu"
  },
  "valkey": {
    "target": "valkey",
    "version": "valkey 9.1.0",
    "workload": "set",
    "skipped": false,
    "ops": 18516672,
    "errors": 0,
    "ops_per_sec": 925799.3767150805,
    "min_us": 21.116,
    "p50_us": 1100.799,
    "p99_us": 1595.391,
    "p999_us": 1835.007,
    "nil_replies": 0,
    "err_replies": 0,
    "hit_ratio": 1,
    "value_ops_per_sec": 925799.3767150805,
    "bytes_per_sec": 996525294.4966586,
    "resp_ver": 2,
    "used_memory": 536609016,
    "bytes_per_key": 268.304508,
    "distinct_keys_est": 1999799,
    "key_draws": 18516672,
    "evicted_keys": 16304413,
    "maxmemory": 536870912,
    "maxmemory_policy": "allkeys-lfu"
  },
  "gate": {
    "pass": false,
    "reason": "aki is 0.17x Redis, below the 2.0x bar",
    "required_speedup": 2,
    "speedup_vs_redis": 0.17419969927291679,
    "speedup_vs_valkey": 0.19662777319946484,
    "tail_regressed_vs_redis": true,
    "tail_regressed_vs_valkey": true
  },
  "generator_bound": false
}
