{
  "workload": "set",
  "cell": {
    "keyspace": 2000000,
    "value_size": 1032,
    "dist": "uniform",
    "pipeline": 16,
    "connections": 64
  },
  "timestamp": "2026-07-10T15:23:00.79713871Z",
  "aki": {
    "target": "aki",
    "version": "unknown",
    "workload": "set",
    "skipped": false,
    "ops": 3909760,
    "errors": 0,
    "ops_per_sec": 192086.09691588496,
    "min_us": 24.208,
    "p50_us": 528.383,
    "p99_us": 13991.935,
    "p999_us": 1927282.687,
    "nil_replies": 0,
    "err_replies": 0,
    "hit_ratio": 1,
    "value_ops_per_sec": 192086.09691588496,
    "bytes_per_sec": 206760450.7549942,
    "resp_ver": 2,
    "used_memory": 560722568,
    "bytes_per_key": 280.361284,
    "distinct_keys_est": 1715987,
    "key_draws": 3909760
  },
  "redis": {
    "target": "redis",
    "version": "redis 8.8.0",
    "workload": "set",
    "skipped": false,
    "ops": 21014240,
    "errors": 0,
    "ops_per_sec": 1050672.5265483793,
    "min_us": 44.874,
    "p50_us": 974.847,
    "p99_us": 1456.127,
    "p999_us": 2121.727,
    "nil_replies": 0,
    "err_replies": 0,
    "hit_ratio": 1,
    "value_ops_per_sec": 1050672.5265483793,
    "bytes_per_sec": 1130938018.0479434,
    "resp_ver": 2,
    "used_memory": 536219328,
    "bytes_per_key": 268.109664,
    "distinct_keys_est": 1999954,
    "key_draws": 21014240,
    "evicted_keys": 18820395,
    "maxmemory": 536870912,
    "maxmemory_policy": "allkeys-lfu"
  },
  "valkey": {
    "target": "valkey",
    "version": "valkey 9.1.0",
    "workload": "set",
    "skipped": false,
    "ops": 18482224,
    "errors": 0,
    "ops_per_sec": 924073.2643437046,
    "min_us": 24.966,
    "p50_us": 1104.895,
    "p99_us": 1599.487,
    "p999_us": 1818.623,
    "nil_replies": 0,
    "err_replies": 0,
    "hit_ratio": 1,
    "value_ops_per_sec": 924073.2643437046,
    "bytes_per_sec": 994667326.7703677,
    "resp_ver": 2,
    "used_memory": 536594816,
    "bytes_per_key": 268.297408,
    "distinct_keys_est": 1999790,
    "key_draws": 18482224,
    "evicted_keys": 16258795,
    "maxmemory": 536870912,
    "maxmemory_policy": "allkeys-lfu"
  },
  "gate": {
    "pass": false,
    "reason": "aki is 0.18x Redis, below the 2.0x bar",
    "required_speedup": 2,
    "speedup_vs_redis": 0.1828220421323067,
    "speedup_vs_valkey": 0.20786890426086332,
    "tail_regressed_vs_redis": true,
    "tail_regressed_vs_valkey": true
  },
  "generator_bound": false
}
