{
  "workload": "get",
  "cell": {
    "keyspace": 2000000,
    "value_size": 1032,
    "dist": "uniform",
    "pipeline": 16,
    "connections": 64
  },
  "timestamp": "2026-07-10T15:14:35.160203321Z",
  "aki": {
    "target": "aki",
    "version": "unknown",
    "workload": "get",
    "skipped": false,
    "ops": 15734624,
    "errors": 0,
    "ops_per_sec": 786687.4156138498,
    "min_us": 31.158,
    "p50_us": 1105.919,
    "p99_us": 11444.223,
    "p999_us": 14417.919,
    "nil_replies": 0,
    "err_replies": 0,
    "hit_ratio": 1,
    "value_ops_per_sec": 786687.4156138498,
    "bytes_per_sec": 842852527.701864,
    "resp_ver": 2,
    "used_memory": 562236352,
    "bytes_per_key": 281.118176,
    "distinct_keys_est": 1999223,
    "key_draws": 15734624
  },
  "redis": {
    "target": "redis",
    "version": "redis 8.8.0",
    "workload": "get",
    "skipped": false,
    "ops": 66044160,
    "errors": 0,
    "ops_per_sec": 3302169.351079698,
    "min_us": 20.678,
    "p50_us": 292.351,
    "p99_us": 606.719,
    "p999_us": 821.247,
    "nil_replies": 52786917,
    "err_replies": 0,
    "hit_ratio": 0.20073300954997383,
    "value_ops_per_sec": 662854.3918859119,
    "bytes_per_sec": 803595319.5900201,
    "resp_ver": 2,
    "used_memory": 535449880,
    "bytes_per_key": 267.72494,
    "distinct_keys_est": 2000000,
    "key_draws": 66044160,
    "server_hits": 15240091,
    "server_misses": 60682309,
    "evicted_keys": 1077,
    "maxmemory": 536870912,
    "maxmemory_policy": "allkeys-lfu"
  },
  "valkey": {
    "target": "valkey",
    "version": "valkey 9.1.0",
    "workload": "get",
    "skipped": false,
    "ops": 65270032,
    "errors": 0,
    "ops_per_sec": 3263466.0291993218,
    "min_us": 14.145,
    "p50_us": 302.847,
    "p99_us": 522.239,
    "p999_us": 781.823,
    "nil_replies": 52135907,
    "err_replies": 0,
    "hit_ratio": 0.2012274944188782,
    "value_ops_per_sec": 656699.092176905,
    "bytes_per_sec": 795848510.0899945,
    "resp_ver": 2,
    "used_memory": 535653416,
    "bytes_per_key": 267.826708,
    "distinct_keys_est": 2000000,
    "key_draws": 65270032,
    "server_hits": 15101232,
    "server_misses": 59945984,
    "evicted_keys": 919,
    "maxmemory": 536870912,
    "maxmemory_policy": "allkeys-lfu"
  },
  "gate": {
    "pass": false,
    "reason": "aki is 1.19x Redis, below the 2.0x bar",
    "required_speedup": 2,
    "speedup_vs_redis": 1.1868178369847047,
    "speedup_vs_valkey": 1.1979419874116832,
    "tail_regressed_vs_redis": true,
    "tail_regressed_vs_valkey": true
  },
  "generator_bound": false
}
