{
  "workload": "get",
  "cell": {
    "keyspace": 2000000,
    "value_size": 1032,
    "dist": "zipfian",
    "zipf_s": 0.99,
    "pipeline": 16,
    "connections": 64
  },
  "timestamp": "2026-07-10T15:19:05.812423829Z",
  "aki": {
    "target": "aki",
    "version": "unknown",
    "workload": "get",
    "skipped": false,
    "ops": 35877920,
    "errors": 0,
    "ops_per_sec": 1793865.3476846444,
    "min_us": 21.954,
    "p50_us": 492.799,
    "p99_us": 1234.943,
    "p999_us": 11993.087,
    "nil_replies": 0,
    "err_replies": 0,
    "hit_ratio": 1,
    "value_ops_per_sec": 1793865.3476846444,
    "bytes_per_sec": 1915583165.2057812,
    "resp_ver": 2,
    "used_memory": 567975304,
    "bytes_per_key": 283.987652,
    "distinct_keys_est": 1801148,
    "key_draws": 35877920
  },
  "redis": {
    "target": "redis",
    "version": "redis 8.8.0",
    "workload": "get",
    "skipped": false,
    "ops": 65994400,
    "errors": 0,
    "ops_per_sec": 3299668.55849714,
    "min_us": 22.784,
    "p50_us": 287.487,
    "p99_us": 625.663,
    "p999_us": 899.583,
    "nil_replies": 40004221,
    "err_replies": 0,
    "hit_ratio": 0.3938240062793207,
    "value_ops_per_sec": 1299488.6911012547,
    "bytes_per_sec": 1451372242.6518743,
    "resp_ver": 2,
    "used_memory": 535437832,
    "bytes_per_key": 267.718916,
    "distinct_keys_est": 1951985,
    "key_draws": 65994400,
    "server_hits": 29875007,
    "server_misses": 45985089,
    "evicted_keys": 1086,
    "maxmemory": 536870912,
    "maxmemory_policy": "allkeys-lfu"
  },
  "valkey": {
    "target": "valkey",
    "version": "valkey 9.1.0",
    "workload": "get",
    "skipped": false,
    "ops": 64057888,
    "errors": 0,
    "ops_per_sec": 3202847.072489664,
    "min_us": 18.345,
    "p50_us": 306.175,
    "p99_us": 553.471,
    "p999_us": 908.799,
    "nil_replies": 37856723,
    "err_replies": 0,
    "hit_ratio": 0.4090232416029701,
    "value_ops_per_sec": 1310038.8919483053,
    "bytes_per_sec": 1459218369.867914,
    "resp_ver": 2,
    "used_memory": 535668616,
    "bytes_per_key": 267.834308,
    "distinct_keys_est": 1947594,
    "key_draws": 64057888,
    "server_hits": 30103970,
    "server_misses": 43495422,
    "evicted_keys": 908,
    "maxmemory": 536870912,
    "maxmemory_policy": "allkeys-lfu"
  },
  "gate": {
    "pass": false,
    "reason": "aki is 1.38x Redis, below the 2.0x bar",
    "required_speedup": 2,
    "speedup_vs_redis": 1.380439368167513,
    "speedup_vs_valkey": 1.369322207691702,
    "tail_regressed_vs_redis": true,
    "tail_regressed_vs_valkey": true
  },
  "generator_bound": false
}
