{
  "workload": "set",
  "cell": {
    "keyspace": 1000000,
    "value_size": 1024,
    "dist": "uniform",
    "pipeline": 16,
    "connections": 512
  },
  "timestamp": "2026-07-10T15:04:06.31735113Z",
  "aki": {
    "target": "aki",
    "version": "unknown",
    "workload": "set",
    "skipped": false,
    "ops": 34935808,
    "errors": 0,
    "ops_per_sec": 4366514.033731516,
    "min_us": 37.87,
    "p50_us": 1787.903,
    "p99_us": 4007.935,
    "p999_us": 5459.967,
    "nil_replies": 0,
    "err_replies": 0,
    "hit_ratio": 1,
    "value_ops_per_sec": 4366514.033731516,
    "bytes_per_sec": 4662515099.558754,
    "resp_ver": 2,
    "used_memory": 1073449984,
    "bytes_per_key": 1073.449984,
    "distinct_keys_est": 1000000,
    "key_draws": 34935808
  },
  "redis": {
    "target": "redis",
    "version": "redis 8.8.0",
    "workload": "set",
    "skipped": false,
    "ops": 25605008,
    "errors": 0,
    "ops_per_sec": 3199662.0378178665,
    "min_us": 97.71,
    "p50_us": 2547.711,
    "p99_us": 3385.343,
    "p999_us": 4923.391,
    "nil_replies": 0,
    "err_replies": 0,
    "hit_ratio": 1,
    "value_ops_per_sec": 3199662.0378178665,
    "bytes_per_sec": 3416562817.86986,
    "resp_ver": 2,
    "used_memory": 1327500800,
    "bytes_per_key": 1327.5008,
    "distinct_keys_est": 1000000,
    "key_draws": 25605008,
    "maxmemory_policy": "noeviction"
  },
  "valkey": {
    "target": "valkey",
    "version": "valkey 9.1.0",
    "workload": "set",
    "skipped": false,
    "ops": 17564128,
    "errors": 0,
    "ops_per_sec": 2194490.7136395485,
    "min_us": 47.933,
    "p50_us": 3708.927,
    "p99_us": 4222.975,
    "p999_us": 5476.351,
    "nil_replies": 0,
    "err_replies": 0,
    "hit_ratio": 1,
    "value_ops_per_sec": 2194490.7136395485,
    "bytes_per_sec": 2343252443.908121,
    "resp_ver": 2,
    "used_memory": 1331085880,
    "bytes_per_key": 1331.08588,
    "distinct_keys_est": 1000000,
    "key_draws": 17564128,
    "maxmemory_policy": "noeviction"
  },
  "gate": {
    "pass": false,
    "reason": "aki is 1.36x Redis, below the 2.0x bar",
    "required_speedup": 2,
    "speedup_vs_redis": 1.364679763713242,
    "speedup_vs_valkey": 1.989761909946605,
    "tail_regressed_vs_redis": true,
    "tail_regressed_vs_valkey": false
  },
  "generator_bound": false
}
