{
  "workload": "set",
  "cell": {
    "keyspace": 1000000,
    "value_size": 1024,
    "dist": "uniform",
    "pipeline": 16,
    "connections": 512
  },
  "timestamp": "2026-07-10T15:04:40.279457512Z",
  "aki": {
    "target": "aki",
    "version": "unknown",
    "workload": "set",
    "skipped": false,
    "ops": 28903232,
    "errors": 0,
    "ops_per_sec": 3611920.5720015895,
    "min_us": 36.221,
    "p50_us": 2197.503,
    "p99_us": 4591.615,
    "p999_us": 6283.263,
    "nil_replies": 0,
    "err_replies": 0,
    "hit_ratio": 1,
    "value_ops_per_sec": 3611920.5720015895,
    "bytes_per_sec": 3856768077.0424557,
    "resp_ver": 2,
    "used_memory": 1073449984,
    "bytes_per_key": 1073.449984,
    "distinct_keys_est": 1000000,
    "key_draws": 28903232
  },
  "redis": {
    "target": "redis",
    "version": "redis 8.8.0",
    "workload": "set",
    "skipped": false,
    "ops": 24716176,
    "errors": 0,
    "ops_per_sec": 3088695.6623311955,
    "min_us": 70.604,
    "p50_us": 2629.631,
    "p99_us": 3559.423,
    "p999_us": 9101.311,
    "nil_replies": 0,
    "err_replies": 0,
    "hit_ratio": 1,
    "value_ops_per_sec": 3088695.6623311955,
    "bytes_per_sec": 3298074145.5231442,
    "resp_ver": 2,
    "used_memory": 1327500952,
    "bytes_per_key": 1327.500952,
    "distinct_keys_est": 1000000,
    "key_draws": 24716176,
    "maxmemory_policy": "noeviction"
  },
  "valkey": {
    "target": "valkey",
    "version": "valkey 9.1.0",
    "workload": "set",
    "skipped": false,
    "ops": 17015120,
    "errors": 0,
    "ops_per_sec": 2126026.4912200533,
    "min_us": 82.212,
    "p50_us": 3823.615,
    "p99_us": 4390.911,
    "p999_us": 5529.599,
    "nil_replies": 0,
    "err_replies": 0,
    "hit_ratio": 1,
    "value_ops_per_sec": 2126026.4912200533,
    "bytes_per_sec": 2270147170.913683,
    "resp_ver": 2,
    "used_memory": 1331085880,
    "bytes_per_key": 1331.08588,
    "distinct_keys_est": 1000000,
    "key_draws": 17015120,
    "maxmemory_policy": "noeviction"
  },
  "gate": {
    "pass": false,
    "reason": "aki is 1.17x Redis, below the 2.0x bar",
    "required_speedup": 2,
    "speedup_vs_redis": 1.1693999561211186,
    "speedup_vs_valkey": 1.6989066631661927,
    "tail_regressed_vs_redis": true,
    "tail_regressed_vs_valkey": true
  },
  "generator_bound": false
}
