{
  "workload": "set",
  "cell": {
    "keyspace": 1000000,
    "value_size": 1024,
    "dist": "uniform",
    "pipeline": 16,
    "connections": 512
  },
  "timestamp": "2026-07-10T15:05:14.257296031Z",
  "aki": {
    "target": "aki",
    "version": "unknown",
    "workload": "set",
    "skipped": false,
    "ops": 28465200,
    "errors": 0,
    "ops_per_sec": 3557673.85649587,
    "min_us": 47.017,
    "p50_us": 2240.511,
    "p99_us": 4648.959,
    "p999_us": 6324.223,
    "nil_replies": 0,
    "err_replies": 0,
    "hit_ratio": 1,
    "value_ops_per_sec": 3557673.85649587,
    "bytes_per_sec": 3798843974.217433,
    "resp_ver": 2,
    "used_memory": 1073449984,
    "bytes_per_key": 1073.449984,
    "distinct_keys_est": 1000000,
    "key_draws": 28465200
  },
  "redis": {
    "target": "redis",
    "version": "redis 8.8.0",
    "workload": "set",
    "skipped": false,
    "ops": 24631120,
    "errors": 0,
    "ops_per_sec": 3077934.89871806,
    "min_us": 80.896,
    "p50_us": 2639.871,
    "p99_us": 3772.415,
    "p999_us": 6873.087,
    "nil_replies": 0,
    "err_replies": 0,
    "hit_ratio": 1,
    "value_ops_per_sec": 3077934.89871806,
    "bytes_per_sec": 3286583882.212669,
    "resp_ver": 2,
    "used_memory": 1327501472,
    "bytes_per_key": 1327.501472,
    "distinct_keys_est": 1000000,
    "key_draws": 24631120,
    "maxmemory_policy": "noeviction"
  },
  "valkey": {
    "target": "valkey",
    "version": "valkey 9.1.0",
    "workload": "set",
    "skipped": false,
    "ops": 16705904,
    "errors": 0,
    "ops_per_sec": 2087197.2863852566,
    "min_us": 53.069,
    "p50_us": 3889.151,
    "p99_us": 4415.487,
    "p999_us": 4960.255,
    "nil_replies": 0,
    "err_replies": 0,
    "hit_ratio": 1,
    "value_ops_per_sec": 2087197.2863852566,
    "bytes_per_sec": 2228685719.4910903,
    "resp_ver": 2,
    "used_memory": 1331085880,
    "bytes_per_key": 1331.08588,
    "distinct_keys_est": 1000000,
    "key_draws": 16705904,
    "maxmemory_policy": "noeviction"
  },
  "gate": {
    "pass": false,
    "reason": "aki is 1.16x Redis, below the 2.0x bar",
    "required_speedup": 2,
    "speedup_vs_redis": 1.1558639066659981,
    "speedup_vs_valkey": 1.704522078340414,
    "tail_regressed_vs_redis": true,
    "tail_regressed_vs_valkey": true
  },
  "generator_bound": false
}
