{
  "workload": "set",
  "cell": {
    "keyspace": 1000000,
    "value_size": 64,
    "dist": "uniform",
    "pipeline": 16,
    "connections": 512
  },
  "timestamp": "2026-07-10T14:59:53.850421488Z",
  "aki": {
    "target": "aki",
    "version": "unknown",
    "workload": "set",
    "skipped": false,
    "ops": 32961424,
    "errors": 0,
    "ops_per_sec": 4119638.337161973,
    "min_us": 22.478,
    "p50_us": 1913.855,
    "p99_us": 4292.607,
    "p999_us": 6434.815,
    "nil_replies": 0,
    "err_replies": 0,
    "hit_ratio": 1,
    "value_ops_per_sec": 4119638.337161973,
    "bytes_per_sec": 435811617.0882141,
    "resp_ver": 2,
    "used_memory": 113449984,
    "bytes_per_key": 113.449984,
    "distinct_keys_est": 1000000,
    "key_draws": 32961424
  },
  "redis": {
    "target": "redis",
    "version": "redis 8.8.0",
    "workload": "set",
    "skipped": false,
    "ops": 29549024,
    "errors": 0,
    "ops_per_sec": 3692590.6483559124,
    "min_us": 90.548,
    "p50_us": 2205.695,
    "p99_us": 2742.271,
    "p999_us": 3694.591,
    "nil_replies": 0,
    "err_replies": 0,
    "hit_ratio": 1,
    "value_ops_per_sec": 3692590.6483559124,
    "bytes_per_sec": 390634456.14233416,
    "resp_ver": 2,
    "used_memory": 127500896,
    "bytes_per_key": 127.500896,
    "distinct_keys_est": 1000000,
    "key_draws": 29549024,
    "maxmemory_policy": "noeviction"
  },
  "valkey": {
    "target": "valkey",
    "version": "valkey 9.1.0",
    "workload": "set",
    "skipped": false,
    "ops": 23130768,
    "errors": 0,
    "ops_per_sec": 2890310.8918764256,
    "min_us": 30.242,
    "p50_us": 2813.951,
    "p99_us": 3315.711,
    "p999_us": 4677.631,
    "nil_replies": 0,
    "err_replies": 0,
    "hit_ratio": 1,
    "value_ops_per_sec": 2890310.8918764256,
    "bytes_per_sec": 305762139.6652609,
    "resp_ver": 2,
    "used_memory": 115092488,
    "bytes_per_key": 115.092488,
    "distinct_keys_est": 1000000,
    "key_draws": 23130768,
    "maxmemory_policy": "noeviction"
  },
  "gate": {
    "pass": false,
    "reason": "aki is 1.12x Redis, below the 2.0x bar",
    "required_speedup": 2,
    "speedup_vs_redis": 1.1156498863463784,
    "speedup_vs_valkey": 1.4253270638604045,
    "tail_regressed_vs_redis": true,
    "tail_regressed_vs_valkey": true
  },
  "generator_bound": false
}
