{
  "workload": "set",
  "cell": {
    "keyspace": 1000000,
    "value_size": 64,
    "dist": "uniform",
    "pipeline": 16,
    "connections": 512
  },
  "timestamp": "2026-07-10T14:59:19.957276753Z",
  "aki": {
    "target": "aki",
    "version": "unknown",
    "workload": "set",
    "skipped": false,
    "ops": 33358176,
    "errors": 0,
    "ops_per_sec": 4168954.3018243597,
    "min_us": 23.714,
    "p50_us": 1895.423,
    "p99_us": 4179.967,
    "p999_us": 6148.095,
    "nil_replies": 0,
    "err_replies": 0,
    "hit_ratio": 1,
    "value_ops_per_sec": 4168954.3018243597,
    "bytes_per_sec": 441028847.4069982,
    "resp_ver": 2,
    "used_memory": 113449984,
    "bytes_per_key": 113.449984,
    "distinct_keys_est": 1000000,
    "key_draws": 33358176
  },
  "redis": {
    "target": "redis",
    "version": "redis 8.8.0",
    "workload": "set",
    "skipped": false,
    "ops": 29424224,
    "errors": 0,
    "ops_per_sec": 3677101.554722925,
    "min_us": 77.893,
    "p50_us": 2211.839,
    "p99_us": 2727.935,
    "p999_us": 4247.551,
    "nil_replies": 0,
    "err_replies": 0,
    "hit_ratio": 1,
    "value_ops_per_sec": 3677101.554722925,
    "bytes_per_sec": 388995822.0512587,
    "resp_ver": 2,
    "used_memory": 127500744,
    "bytes_per_key": 127.500744,
    "distinct_keys_est": 1000000,
    "key_draws": 29424224,
    "maxmemory_policy": "noeviction"
  },
  "valkey": {
    "target": "valkey",
    "version": "valkey 9.1.0",
    "workload": "set",
    "skipped": false,
    "ops": 23055696,
    "errors": 0,
    "ops_per_sec": 2880936.176772845,
    "min_us": 68.829,
    "p50_us": 2824.191,
    "p99_us": 3250.175,
    "p999_us": 3878.911,
    "nil_replies": 0,
    "err_replies": 0,
    "hit_ratio": 1,
    "value_ops_per_sec": 2880936.176772845,
    "bytes_per_sec": 304770379.4097887,
    "resp_ver": 2,
    "used_memory": 115092488,
    "bytes_per_key": 115.092488,
    "distinct_keys_est": 1000000,
    "key_draws": 23055696,
    "maxmemory_policy": "noeviction"
  },
  "gate": {
    "pass": false,
    "reason": "aki is 1.13x Redis, below the 2.0x bar",
    "required_speedup": 2,
    "speedup_vs_redis": 1.1337609907645034,
    "speedup_vs_valkey": 1.4470831861656586,
    "tail_regressed_vs_redis": true,
    "tail_regressed_vs_valkey": true
  },
  "generator_bound": false
}
