{
  "workload": "set",
  "cell": {
    "keyspace": 1000000,
    "value_size": 64,
    "dist": "uniform",
    "pipeline": 16,
    "connections": 512
  },
  "timestamp": "2026-07-10T14:58:46.065384197Z",
  "aki": {
    "target": "aki",
    "version": "unknown",
    "workload": "set",
    "skipped": false,
    "ops": 40406432,
    "errors": 0,
    "ops_per_sec": 5049916.958099204,
    "min_us": 32.237,
    "p50_us": 1575.935,
    "p99_us": 3223.551,
    "p999_us": 4345.855,
    "nil_replies": 0,
    "err_replies": 0,
    "hit_ratio": 1,
    "value_ops_per_sec": 5049916.958099204,
    "bytes_per_sec": 534225260.7953713,
    "resp_ver": 2,
    "used_memory": 113449984,
    "bytes_per_key": 113.449984,
    "distinct_keys_est": 1000000,
    "key_draws": 40406432
  },
  "redis": {
    "target": "redis",
    "version": "redis 8.8.0",
    "workload": "set",
    "skipped": false,
    "ops": 29547680,
    "errors": 0,
    "ops_per_sec": 3692437.6641681637,
    "min_us": 65.833,
    "p50_us": 2203.647,
    "p99_us": 2607.103,
    "p999_us": 5242.879,
    "nil_replies": 0,
    "err_replies": 0,
    "hit_ratio": 1,
    "value_ops_per_sec": 3692437.6641681637,
    "bytes_per_sec": 390618256.400323,
    "resp_ver": 2,
    "used_memory": 127500592,
    "bytes_per_key": 127.500592,
    "distinct_keys_est": 1000000,
    "key_draws": 29547680,
    "maxmemory_policy": "noeviction"
  },
  "valkey": {
    "target": "valkey",
    "version": "valkey 9.1.0",
    "workload": "set",
    "skipped": false,
    "ops": 23158928,
    "errors": 0,
    "ops_per_sec": 2893938.8066048436,
    "min_us": 47.2,
    "p50_us": 2811.903,
    "p99_us": 3250.175,
    "p999_us": 4028.415,
    "nil_replies": 0,
    "err_replies": 0,
    "hit_ratio": 1,
    "value_ops_per_sec": 2893938.8066048436,
    "bytes_per_sec": 306145915.07604986,
    "resp_ver": 2,
    "used_memory": 115092488,
    "bytes_per_key": 115.092488,
    "distinct_keys_est": 1000000,
    "key_draws": 23158928,
    "maxmemory_policy": "noeviction"
  },
  "gate": {
    "pass": false,
    "reason": "aki is 1.37x Redis, below the 2.0x bar",
    "required_speedup": 2,
    "speedup_vs_redis": 1.3676377009974128,
    "speedup_vs_valkey": 1.7449978370564596,
    "tail_regressed_vs_redis": true,
    "tail_regressed_vs_valkey": false
  },
  "generator_bound": false
}
