{
  "workload": "mixed",
  "cell": {
    "keyspace": 9418787,
    "value_size": 128,
    "dist": "uniform",
    "pipeline": 16,
    "connections": 64
  },
  "timestamp": "2026-07-16T04:38:06.733210765Z",
  "aki": {
    "target": "aki",
    "version": "unknown",
    "workload": "mixed",
    "skipped": false,
    "ops": 6908672,
    "errors": 0,
    "ops_per_sec": 690829.6190759712,
    "min_us": 24.424,
    "p50_us": 1521.663,
    "p99_us": 2770.943,
    "p999_us": 3389.439,
    "nil_replies": 213577,
    "err_replies": 1925160,
    "hit_ratio": 0.690427190638085,
    "value_ops_per_sec": 476967.5531082012,
    "bytes_per_sec": 124830850.23919626,
    "resp_ver": 2,
    "used_memory": 1160704672,
    "bytes_per_key": 123.23292500403714,
    "coverage_sampled": 2000,
    "coverage_retrievable": 1449,
    "coverage_missing": 551,
    "coverage_fraction": 0.7245,
    "coverage_keyspace": 9418787,
    "distinct_keys_est": 4895079,
    "key_draws": 6908672
  },
  "redis": {
    "target": "redis",
    "version": "redis 8.8.0",
    "workload": "mixed",
    "skipped": false,
    "ops": 22577856,
    "errors": 0,
    "ops_per_sec": 2257661.260660666,
    "min_us": 29.856,
    "p50_us": 360.191,
    "p99_us": 2551.807,
    "p999_us": 4624.383,
    "nil_replies": 0,
    "err_replies": 0,
    "hit_ratio": 1,
    "value_ops_per_sec": 2257661.260660666,
    "bytes_per_sec": 386898565.8936226,
    "resp_ver": 2,
    "used_memory": 1979432424,
    "bytes_per_key": 210.15789230608993,
    "coverage_sampled": 2000,
    "coverage_retrievable": 2000,
    "coverage_fraction": 1,
    "coverage_keyspace": 9418787,
    "distinct_keys_est": 8562996,
    "key_draws": 22577856,
    "server_hits": 3176756,
    "maxmemory_policy": "noeviction"
  },
  "valkey": {
    "target": "valkey",
    "version": "valkey 9.1.0",
    "workload": "mixed",
    "skipped": false,
    "ops": 21272496,
    "errors": 0,
    "ops_per_sec": 2127078.667532861,
    "min_us": 18.388,
    "p50_us": 354.303,
    "p99_us": 3878.911,
    "p999_us": 6860.799,
    "nil_replies": 0,
    "err_replies": 0,
    "hit_ratio": 1,
    "value_ops_per_sec": 2127078.667532861,
    "bytes_per_sec": 364520520.65805584,
    "resp_ver": 2,
    "used_memory": 1955789664,
    "bytes_per_key": 207.64772194126485,
    "coverage_sampled": 2000,
    "coverage_retrievable": 2000,
    "coverage_fraction": 1,
    "coverage_keyspace": 9418787,
    "distinct_keys_est": 8435754,
    "key_draws": 21272496,
    "server_hits": 3198732,
    "maxmemory_policy": "noeviction"
  },
  "gate": {
    "pass": false,
    "reason": "aki is 0.21x Redis, below the 2.0x bar",
    "required_speedup": 2,
    "speedup_vs_redis": 0.21126621669037488,
    "speedup_vs_valkey": 0.22423597226962105,
    "tail_regressed_vs_redis": true,
    "tail_regressed_vs_valkey": false
  },
  "generator_bound": false
}
