{
  "workload": "mixed",
  "cell": {
    "keyspace": 31987,
    "value_size": 4096,
    "dist": "zipfian",
    "zipf_s": 0.99,
    "pipeline": 16,
    "connections": 64
  },
  "timestamp": "2026-07-16T05:02:24.703390315Z",
  "aki": {
    "target": "aki",
    "version": "unknown",
    "workload": "mixed",
    "skipped": false,
    "ops": 15060048,
    "errors": 0,
    "ops_per_sec": 1505877.1865460542,
    "min_us": 25.493,
    "p50_us": 453.119,
    "p99_us": 3371.007,
    "p999_us": 6012.927,
    "nil_replies": 0,
    "err_replies": 0,
    "hit_ratio": 1,
    "value_ops_per_sec": 1505877.1865460542,
    "bytes_per_sec": 6227137227.573641,
    "resp_ver": 2,
    "used_memory": 133025424,
    "bytes_per_key": 4158.733985681683,
    "coverage_sampled": 2000,
    "coverage_retrievable": 2000,
    "coverage_fraction": 1,
    "coverage_keyspace": 31987,
    "distinct_keys_est": 31987,
    "key_draws": 15060048
  },
  "redis": {
    "target": "redis",
    "version": "redis 8.8.0",
    "workload": "mixed",
    "skipped": false,
    "ops": 12398304,
    "errors": 0,
    "ops_per_sec": 1239729.2895387392,
    "min_us": 20.651,
    "p50_us": 335.871,
    "p99_us": 5165.055,
    "p999_us": 8888.319,
    "nil_replies": 0,
    "err_replies": 0,
    "hit_ratio": 1,
    "value_ops_per_sec": 1239729.2895387392,
    "bytes_per_sec": 5126556471.7439995,
    "resp_ver": 2,
    "used_memory": 166637256,
    "bytes_per_key": 5209.530621815113,
    "coverage_sampled": 2000,
    "coverage_retrievable": 2000,
    "coverage_fraction": 1,
    "coverage_keyspace": 31987,
    "distinct_keys_est": 31987,
    "key_draws": 12398304,
    "server_hits": 1864446,
    "maxmemory_policy": "noeviction"
  },
  "valkey": {
    "target": "valkey",
    "version": "valkey 9.1.0",
    "workload": "mixed",
    "skipped": false,
    "ops": 14763520,
    "errors": 0,
    "ops_per_sec": 1476219.2778486302,
    "min_us": 13.827,
    "p50_us": 254.591,
    "p99_us": 5414.911,
    "p999_us": 9723.903,
    "nil_replies": 0,
    "err_replies": 0,
    "hit_ratio": 1,
    "value_ops_per_sec": 1476219.2778486302,
    "bytes_per_sec": 6104495259.465606,
    "resp_ver": 2,
    "used_memory": 166969408,
    "bytes_per_key": 5219.91459030231,
    "coverage_sampled": 2000,
    "coverage_retrievable": 2000,
    "coverage_fraction": 1,
    "coverage_keyspace": 31987,
    "distinct_keys_est": 31987,
    "key_draws": 14763520,
    "server_hits": 2193206,
    "maxmemory_policy": "noeviction"
  },
  "gate": {
    "pass": false,
    "reason": "aki is 1.21x Redis, below the 2.0x bar",
    "required_speedup": 2,
    "speedup_vs_redis": 1.2146822691479198,
    "speedup_vs_valkey": 1.0200904493949206,
    "tail_regressed_vs_redis": false,
    "tail_regressed_vs_valkey": false
  },
  "generator_bound": false
}
