{
  "workload": "mixed",
  "cell": {
    "keyspace": 588674,
    "value_size": 128,
    "dist": "zipfian",
    "zipf_s": 0.99,
    "pipeline": 16,
    "connections": 64
  },
  "timestamp": "2026-07-16T04:41:06.842251455Z",
  "aki": {
    "target": "aki",
    "version": "unknown",
    "workload": "mixed",
    "skipped": false,
    "ops": 17605728,
    "errors": 0,
    "ops_per_sec": 1760322.862670731,
    "min_us": 18.506,
    "p50_us": 383.999,
    "p99_us": 3530.751,
    "p999_us": 6135.807,
    "nil_replies": 0,
    "err_replies": 0,
    "hit_ratio": 1,
    "value_ops_per_sec": 1760322.862670731,
    "bytes_per_sec": 293972747.2322515,
    "resp_ver": 2,
    "used_memory": 103258560,
    "bytes_per_key": 175.40873216754943,
    "coverage_sampled": 2000,
    "coverage_retrievable": 2000,
    "coverage_fraction": 1,
    "coverage_keyspace": 588674,
    "distinct_keys_est": 574007,
    "key_draws": 17605728
  },
  "redis": {
    "target": "redis",
    "version": "redis 8.8.0",
    "workload": "mixed",
    "skipped": false,
    "ops": 23753424,
    "errors": 0,
    "ops_per_sec": 2375203.049449812,
    "min_us": 24.773,
    "p50_us": 323.071,
    "p99_us": 2772.991,
    "p999_us": 4993.023,
    "nil_replies": 0,
    "err_replies": 0,
    "hit_ratio": 1,
    "value_ops_per_sec": 2375203.049449812,
    "bytes_per_sec": 396656884.67689854,
    "resp_ver": 2,
    "used_memory": 125055720,
    "bytes_per_key": 212.43628901565214,
    "coverage_sampled": 2000,
    "coverage_retrievable": 2000,
    "coverage_fraction": 1,
    "coverage_keyspace": 588674,
    "distinct_keys_est": 583254,
    "key_draws": 23753424,
    "server_hits": 3544350,
    "maxmemory_policy": "noeviction"
  },
  "valkey": {
    "target": "valkey",
    "version": "valkey 9.1.0",
    "workload": "mixed",
    "skipped": false,
    "ops": 23934784,
    "errors": 0,
    "ops_per_sec": 2393177.5589140593,
    "min_us": 17.237,
    "p50_us": 287.743,
    "p99_us": 4079.615,
    "p999_us": 7147.519,
    "nil_replies": 0,
    "err_replies": 0,
    "hit_ratio": 1,
    "value_ops_per_sec": 2393177.5589140593,
    "bytes_per_sec": 399658627.49318683,
    "resp_ver": 2,
    "used_memory": 123756896,
    "bytes_per_key": 210.22993371543504,
    "coverage_sampled": 2000,
    "coverage_retrievable": 2000,
    "coverage_fraction": 1,
    "coverage_keyspace": 588674,
    "distinct_keys_est": 583407,
    "key_draws": 23934784,
    "server_hits": 3590690,
    "maxmemory_policy": "noeviction"
  },
  "gate": {
    "pass": false,
    "reason": "aki is 0.74x Redis, below the 2.0x bar",
    "required_speedup": 2,
    "speedup_vs_redis": 0.7411252116228502,
    "speedup_vs_valkey": 0.7355588205789061,
    "tail_regressed_vs_redis": true,
    "tail_regressed_vs_valkey": false
  },
  "generator_bound": false
}
