{
  "workload": "mixed",
  "cell": {
    "keyspace": 9418787,
    "value_size": 128,
    "dist": "uniform",
    "pipeline": 16,
    "connections": 64
  },
  "timestamp": "2026-07-16T04:39:31.913959458Z",
  "aki": {
    "target": "aki",
    "version": "unknown",
    "workload": "mixed",
    "skipped": false,
    "ops": 6932832,
    "errors": 0,
    "ops_per_sec": 693182.1981548624,
    "min_us": 27.353,
    "p50_us": 1520.639,
    "p99_us": 2758.655,
    "p999_us": 3387.391,
    "nil_replies": 214338,
    "err_replies": 1931934,
    "hit_ratio": 0.6904191533849371,
    "value_ops_per_sec": 478586.2663915898,
    "bytes_per_sec": 125255993.36234717,
    "resp_ver": 2,
    "used_memory": 1160704672,
    "bytes_per_key": 123.23292500403714,
    "coverage_sampled": 2000,
    "coverage_retrievable": 1449,
    "coverage_missing": 551,
    "coverage_fraction": 0.7245,
    "coverage_keyspace": 9418787,
    "distinct_keys_est": 4906657,
    "key_draws": 6932832
  },
  "redis": {
    "target": "redis",
    "version": "redis 8.8.0",
    "workload": "mixed",
    "skipped": false,
    "ops": 22525424,
    "errors": 0,
    "ops_per_sec": 2252432.340299529,
    "min_us": 20.913,
    "p50_us": 361.215,
    "p99_us": 2559.999,
    "p999_us": 4747.263,
    "nil_replies": 0,
    "err_replies": 0,
    "hit_ratio": 1,
    "value_ops_per_sec": 2252432.340299529,
    "bytes_per_sec": 386002473.61553276,
    "resp_ver": 2,
    "used_memory": 1979438072,
    "bytes_per_key": 210.1584919586779,
    "coverage_sampled": 2000,
    "coverage_retrievable": 2000,
    "coverage_fraction": 1,
    "coverage_keyspace": 9418787,
    "distinct_keys_est": 8558109,
    "key_draws": 22525424,
    "server_hits": 3174990,
    "maxmemory_policy": "noeviction"
  },
  "valkey": {
    "target": "valkey",
    "version": "valkey 9.1.0",
    "workload": "mixed",
    "skipped": false,
    "ops": 21118512,
    "errors": 0,
    "ops_per_sec": 2111657.9032700164,
    "min_us": 18.666,
    "p50_us": 358.399,
    "p99_us": 3794.943,
    "p999_us": 6901.759,
    "nil_replies": 0,
    "err_replies": 0,
    "hit_ratio": 1,
    "value_ops_per_sec": 2111657.9032700164,
    "bytes_per_sec": 361877855.9610088,
    "resp_ver": 2,
    "used_memory": 1955805408,
    "bytes_per_key": 207.64939349408795,
    "coverage_sampled": 2000,
    "coverage_retrievable": 2000,
    "coverage_fraction": 1,
    "coverage_keyspace": 9418787,
    "distinct_keys_est": 8419529,
    "key_draws": 21118512,
    "server_hits": 3183498,
    "maxmemory_policy": "noeviction"
  },
  "gate": {
    "pass": false,
    "reason": "aki is 0.21x Redis, below the 2.0x bar",
    "required_speedup": 2,
    "speedup_vs_redis": 0.21247531294455985,
    "speedup_vs_valkey": 0.22664005644592009,
    "tail_regressed_vs_redis": true,
    "tail_regressed_vs_valkey": false
  },
  "generator_bound": false
}
