{
  "workload": "mixed",
  "cell": {
    "keyspace": 127948,
    "value_size": 4096,
    "dist": "zipfian",
    "zipf_s": 0.99,
    "pipeline": 16,
    "connections": 64
  },
  "timestamp": "2026-07-16T05:03:59.111810992Z",
  "aki": {
    "target": "aki",
    "version": "unknown",
    "workload": "mixed",
    "skipped": false,
    "ops": 14848960,
    "errors": 0,
    "ops_per_sec": 1484726.1400544196,
    "min_us": 23.311,
    "p50_us": 463.359,
    "p99_us": 3360.767,
    "p999_us": 6123.519,
    "nil_replies": 0,
    "err_replies": 0,
    "hit_ratio": 1,
    "value_ops_per_sec": 1484726.1400544196,
    "bytes_per_sec": 6140136972.343693,
    "resp_ver": 2,
    "used_memory": 532337600,
    "bytes_per_key": 4160.577734704724,
    "coverage_sampled": 2000,
    "coverage_retrievable": 2000,
    "coverage_fraction": 1,
    "coverage_keyspace": 127948,
    "distinct_keys_est": 127947,
    "key_draws": 14848960
  },
  "redis": {
    "target": "redis",
    "version": "redis 8.8.0",
    "workload": "mixed",
    "skipped": false,
    "ops": 12172112,
    "errors": 0,
    "ops_per_sec": 1217114.4587526491,
    "min_us": 20.737,
    "p50_us": 352.255,
    "p99_us": 5070.847,
    "p999_us": 8486.911,
    "nil_replies": 0,
    "err_replies": 0,
    "hit_ratio": 1,
    "value_ops_per_sec": 1217114.4587526491,
    "bytes_per_sec": 5033419648.8692875,
    "resp_ver": 2,
    "used_memory": 662367048,
    "bytes_per_key": 5176.84565604777,
    "coverage_sampled": 2000,
    "coverage_retrievable": 2000,
    "coverage_fraction": 1,
    "coverage_keyspace": 127948,
    "distinct_keys_est": 127946,
    "key_draws": 12172112,
    "server_hits": 1820870,
    "maxmemory_policy": "noeviction"
  },
  "valkey": {
    "target": "valkey",
    "version": "valkey 9.1.0",
    "workload": "mixed",
    "skipped": false,
    "ops": 14465920,
    "errors": 0,
    "ops_per_sec": 1446460.9581587878,
    "min_us": 11.548,
    "p50_us": 262.143,
    "p99_us": 5472.255,
    "p999_us": 9191.423,
    "nil_replies": 0,
    "err_replies": 0,
    "hit_ratio": 1,
    "value_ops_per_sec": 1446460.9581587878,
    "bytes_per_sec": 5981890029.169186,
    "resp_ver": 2,
    "used_memory": 663004448,
    "bytes_per_key": 5181.827367367993,
    "coverage_sampled": 2000,
    "coverage_retrievable": 2000,
    "coverage_fraction": 1,
    "coverage_keyspace": 127948,
    "distinct_keys_est": 127947,
    "key_draws": 14465920,
    "server_hits": 2147718,
    "maxmemory_policy": "noeviction"
  },
  "gate": {
    "pass": false,
    "reason": "aki is 1.22x Redis, below the 2.0x bar",
    "required_speedup": 2,
    "speedup_vs_redis": 1.2198738823430217,
    "speedup_vs_valkey": 1.0264543482351158,
    "tail_regressed_vs_redis": false,
    "tail_regressed_vs_valkey": false
  },
  "generator_bound": false
}
