{
  "workload": "mixed",
  "cell": {
    "keyspace": 4628197,
    "value_size": 16,
    "dist": "uniform",
    "pipeline": 16,
    "connections": 64
  },
  "timestamp": "2026-07-16T04:22:01.642253282Z",
  "aki": {
    "target": "aki",
    "version": "unknown",
    "workload": "mixed",
    "skipped": false,
    "ops": 17368000,
    "errors": 0,
    "ops_per_sec": 1736598.7912386316,
    "min_us": 21.934,
    "p50_us": 398.079,
    "p99_us": 3485.695,
    "p999_us": 6086.655,
    "nil_replies": 0,
    "err_replies": 0,
    "hit_ratio": 1,
    "value_ops_per_sec": 1736598.7912386316,
    "bytes_per_sec": 101136578.44181639,
    "resp_ver": 2,
    "used_memory": 294814896,
    "bytes_per_key": 63.69972928982928,
    "coverage_sampled": 2000,
    "coverage_retrievable": 2000,
    "coverage_fraction": 1,
    "coverage_keyspace": 4628197,
    "distinct_keys_est": 4519925,
    "key_draws": 17368000
  },
  "redis": {
    "target": "redis",
    "version": "redis 8.8.0",
    "workload": "mixed",
    "skipped": false,
    "ops": 24393136,
    "errors": 0,
    "ops_per_sec": 2439030.173230429,
    "min_us": 25.661,
    "p50_us": 312.575,
    "p99_us": 2861.055,
    "p999_us": 5124.095,
    "nil_replies": 0,
    "err_replies": 0,
    "hit_ratio": 1,
    "value_ops_per_sec": 2439030.173230429,
    "bytes_per_sec": 142044778.8290896,
    "resp_ver": 2,
    "used_memory": 344064656,
    "bytes_per_key": 74.34097036059615,
    "coverage_sampled": 2000,
    "coverage_retrievable": 2000,
    "coverage_fraction": 1,
    "coverage_keyspace": 4628197,
    "distinct_keys_est": 4604664,
    "key_draws": 24393136,
    "server_hits": 3556254,
    "maxmemory_policy": "noeviction"
  },
  "valkey": {
    "target": "valkey",
    "version": "valkey 9.1.0",
    "workload": "mixed",
    "skipped": false,
    "ops": 26073568,
    "errors": 0,
    "ops_per_sec": 2607083.0166555895,
    "min_us": 15.482,
    "p50_us": 265.471,
    "p99_us": 3934.207,
    "p999_us": 7196.671,
    "nil_replies": 0,
    "err_replies": 0,
    "hit_ratio": 1,
    "value_ops_per_sec": 2607083.0166555895,
    "bytes_per_sec": 151831891.7435222,
    "resp_ver": 2,
    "used_memory": 295432672,
    "bytes_per_key": 63.83321021123344,
    "coverage_sampled": 2000,
    "coverage_retrievable": 2000,
    "coverage_fraction": 1,
    "coverage_keyspace": 4628197,
    "distinct_keys_est": 4611842,
    "key_draws": 26073568,
    "server_hits": 3911884,
    "maxmemory_policy": "noeviction"
  },
  "gate": {
    "pass": false,
    "reason": "aki is 0.71x Redis, below the 2.0x bar",
    "required_speedup": 2,
    "speedup_vs_redis": 0.7120038162293637,
    "speedup_vs_valkey": 0.6661079759041851,
    "tail_regressed_vs_redis": true,
    "tail_regressed_vs_valkey": false
  },
  "generator_bound": false
}
