{
  "workload": "mixed",
  "cell": {
    "keyspace": 31987,
    "value_size": 4096,
    "dist": "uniform",
    "pipeline": 16,
    "connections": 64
  },
  "timestamp": "2026-07-16T04:58:08.587471875Z",
  "aki": {
    "target": "aki",
    "version": "unknown",
    "workload": "mixed",
    "skipped": false,
    "ops": 14726176,
    "errors": 0,
    "ops_per_sec": 1472495.8515397517,
    "min_us": 20.128,
    "p50_us": 463.871,
    "p99_us": 3321.855,
    "p999_us": 5926.911,
    "nil_replies": 0,
    "err_replies": 0,
    "hit_ratio": 1,
    "value_ops_per_sec": 1472495.8515397517,
    "bytes_per_sec": 6091939954.848235,
    "resp_ver": 2,
    "used_memory": 133025424,
    "bytes_per_key": 4158.733985681683,
    "coverage_sampled": 2000,
    "coverage_retrievable": 2000,
    "coverage_fraction": 1,
    "coverage_keyspace": 31987,
    "distinct_keys_est": 31987,
    "key_draws": 14726176
  },
  "redis": {
    "target": "redis",
    "version": "redis 8.8.0",
    "workload": "mixed",
    "skipped": false,
    "ops": 11760992,
    "errors": 0,
    "ops_per_sec": 1176005.2704598394,
    "min_us": 19.696,
    "p50_us": 361.727,
    "p99_us": 5320.703,
    "p999_us": 9289.727,
    "nil_replies": 0,
    "err_replies": 0,
    "hit_ratio": 1,
    "value_ops_per_sec": 1176005.2704598394,
    "bytes_per_sec": 4865313109.370922,
    "resp_ver": 2,
    "used_memory": 166636136,
    "bytes_per_key": 5209.495607590584,
    "coverage_sampled": 2000,
    "coverage_retrievable": 2000,
    "coverage_fraction": 1,
    "coverage_keyspace": 31987,
    "distinct_keys_est": 31987,
    "key_draws": 11760992,
    "server_hits": 1755110,
    "maxmemory_policy": "noeviction"
  },
  "valkey": {
    "target": "valkey",
    "version": "valkey 9.1.0",
    "workload": "mixed",
    "skipped": false,
    "ops": 14395680,
    "errors": 0,
    "ops_per_sec": 1439432.3514937763,
    "min_us": 16.511,
    "p50_us": 261.375,
    "p99_us": 5431.295,
    "p999_us": 9428.991,
    "nil_replies": 0,
    "err_replies": 0,
    "hit_ratio": 1,
    "value_ops_per_sec": 1439432.3514937763,
    "bytes_per_sec": 5955151195.539211,
    "resp_ver": 2,
    "used_memory": 166967232,
    "bytes_per_key": 5219.846562666083,
    "coverage_sampled": 2000,
    "coverage_retrievable": 2000,
    "coverage_fraction": 1,
    "coverage_keyspace": 31987,
    "distinct_keys_est": 31987,
    "key_draws": 14395680,
    "server_hits": 2128058,
    "maxmemory_policy": "noeviction"
  },
  "gate": {
    "pass": false,
    "reason": "aki is 1.25x Redis, below the 2.0x bar",
    "required_speedup": 2,
    "speedup_vs_redis": 1.2521167111470335,
    "speedup_vs_valkey": 1.0229698186313956,
    "tail_regressed_vs_redis": false,
    "tail_regressed_vs_valkey": false
  },
  "generator_bound": false
}
