{
  "workload": "mixed",
  "cell": {
    "keyspace": 3508960,
    "value_size": 512,
    "dist": "uniform",
    "pipeline": 16,
    "connections": 64
  },
  "timestamp": "2026-07-16T04:51:10.910268292Z",
  "aki": {
    "target": "aki",
    "version": "unknown",
    "workload": "mixed",
    "skipped": false,
    "ops": 6239824,
    "errors": 0,
    "ops_per_sec": 623921.6518059797,
    "min_us": 43.158,
    "p50_us": 1702.911,
    "p99_us": 2793.471,
    "p999_us": 3244.031,
    "nil_replies": 284118,
    "err_replies": 2554865,
    "hit_ratio": 0.5450219429265953,
    "value_ops_per_sec": 340050.99090126576,
    "bytes_per_sec": 344004452.57207483,
    "resp_ver": 2,
    "used_memory": 1074965504,
    "bytes_per_key": 306.3487483470886,
    "coverage_sampled": 2000,
    "coverage_retrievable": 1052,
    "coverage_missing": 948,
    "coverage_fraction": 0.526,
    "coverage_keyspace": 3508960,
    "distinct_keys_est": 2915802,
    "key_draws": 6239824
  },
  "redis": {
    "target": "redis",
    "version": "redis 8.8.0",
    "workload": "mixed",
    "skipped": false,
    "ops": 22161584,
    "errors": 0,
    "ops_per_sec": 2215968.1356462925,
    "min_us": 25.453,
    "p50_us": 364.287,
    "p99_us": 2633.727,
    "p999_us": 4845.567,
    "nil_replies": 0,
    "err_replies": 0,
    "hit_ratio": 1,
    "value_ops_per_sec": 2215968.1356462925,
    "bytes_per_sec": 1230205256.7385333,
    "resp_ver": 2,
    "used_memory": 2411118008,
    "bytes_per_key": 687.131802015412,
    "coverage_sampled": 2000,
    "coverage_retrievable": 2000,
    "coverage_fraction": 1,
    "coverage_keyspace": 3508960,
    "distinct_keys_est": 3502690,
    "key_draws": 22161584,
    "server_hits": 3313756,
    "maxmemory_policy": "noeviction"
  },
  "valkey": {
    "target": "valkey",
    "version": "valkey 9.1.0",
    "workload": "mixed",
    "skipped": false,
    "ops": 19546560,
    "errors": 0,
    "ops_per_sec": 1954491.6411298716,
    "min_us": 20.885,
    "p50_us": 393.215,
    "p99_us": 3848.191,
    "p999_us": 6885.375,
    "nil_replies": 0,
    "err_replies": 0,
    "hit_ratio": 1,
    "value_ops_per_sec": 1954491.6411298716,
    "bytes_per_sec": 1085045453.18121,
    "resp_ver": 2,
    "used_memory": 2405442400,
    "bytes_per_key": 685.5143404313529,
    "coverage_sampled": 2000,
    "coverage_retrievable": 2000,
    "coverage_fraction": 1,
    "coverage_keyspace": 3508960,
    "distinct_keys_est": 3495654,
    "key_draws": 19546560,
    "server_hits": 2946372,
    "maxmemory_policy": "noeviction"
  },
  "gate": {
    "pass": false,
    "reason": "aki is 0.15x Redis, below the 2.0x bar",
    "required_speedup": 2,
    "speedup_vs_redis": 0.15345481978335807,
    "speedup_vs_valkey": 0.1739843669552282,
    "tail_regressed_vs_redis": true,
    "tail_regressed_vs_valkey": false
  },
  "generator_bound": false
}
