{
  "workload": "mixed",
  "cell": {
    "keyspace": 3508960,
    "value_size": 512,
    "dist": "uniform",
    "pipeline": 16,
    "connections": 64
  },
  "timestamp": "2026-07-16T04:50:05.140224344Z",
  "aki": {
    "target": "aki",
    "version": "unknown",
    "workload": "mixed",
    "skipped": false,
    "ops": 6242736,
    "errors": 0,
    "ops_per_sec": 624183.026049456,
    "min_us": 38.933,
    "p50_us": 1700.863,
    "p99_us": 2801.663,
    "p999_us": 3262.463,
    "nil_replies": 284253,
    "err_replies": 2556006,
    "hit_ratio": 0.545029775406168,
    "value_ops_per_sec": 340198.33450007736,
    "bytes_per_sec": 344148216.6405797,
    "resp_ver": 2,
    "used_memory": 1074965504,
    "bytes_per_key": 306.3487483470886,
    "coverage_sampled": 2000,
    "coverage_retrievable": 1052,
    "coverage_missing": 948,
    "coverage_fraction": 0.526,
    "coverage_keyspace": 3508960,
    "distinct_keys_est": 2916297,
    "key_draws": 6242736
  },
  "redis": {
    "target": "redis",
    "version": "redis 8.8.0",
    "workload": "mixed",
    "skipped": false,
    "ops": 22496752,
    "errors": 0,
    "ops_per_sec": 2249494.9652895425,
    "min_us": 29.012,
    "p50_us": 360.191,
    "p99_us": 2592.767,
    "p999_us": 4816.895,
    "nil_replies": 0,
    "err_replies": 0,
    "hit_ratio": 1,
    "value_ops_per_sec": 2249494.9652895425,
    "bytes_per_sec": 1248817832.9429436,
    "resp_ver": 2,
    "used_memory": 2411120632,
    "bytes_per_key": 687.1325498153299,
    "coverage_sampled": 2000,
    "coverage_retrievable": 2000,
    "coverage_fraction": 1,
    "coverage_keyspace": 3508960,
    "distinct_keys_est": 3503262,
    "key_draws": 22496752,
    "server_hits": 3381594,
    "maxmemory_policy": "noeviction"
  },
  "valkey": {
    "target": "valkey",
    "version": "valkey 9.1.0",
    "workload": "mixed",
    "skipped": false,
    "ops": 19724496,
    "errors": 0,
    "ops_per_sec": 1972249.6994761103,
    "min_us": 21.978,
    "p50_us": 392.447,
    "p99_us": 3704.831,
    "p999_us": 6459.391,
    "nil_replies": 0,
    "err_replies": 0,
    "hit_ratio": 1,
    "value_ops_per_sec": 1972249.6994761103,
    "bytes_per_sec": 1094903913.0620453,
    "resp_ver": 2,
    "used_memory": 2405424224,
    "bytes_per_key": 685.5091605489946,
    "coverage_sampled": 2000,
    "coverage_retrievable": 2000,
    "coverage_fraction": 1,
    "coverage_keyspace": 3508960,
    "distinct_keys_est": 3496346,
    "key_draws": 19724496,
    "server_hits": 2967730,
    "maxmemory_policy": "noeviction"
  },
  "gate": {
    "pass": false,
    "reason": "aki is 0.15x Redis, below the 2.0x bar",
    "required_speedup": 2,
    "speedup_vs_redis": 0.15123320556367145,
    "speedup_vs_valkey": 0.1724925269809621,
    "tail_regressed_vs_redis": true,
    "tail_regressed_vs_valkey": false
  },
  "generator_bound": false
}
