{
  "workload": "mixed",
  "cell": {
    "keyspace": 1157049,
    "value_size": 16,
    "dist": "zipfian",
    "zipf_s": 0.99,
    "pipeline": 16,
    "connections": 64
  },
  "timestamp": "2026-07-16T04:27:57.335120137Z",
  "aki": {
    "target": "aki",
    "version": "unknown",
    "workload": "mixed",
    "skipped": false,
    "ops": 17590240,
    "errors": 0,
    "ops_per_sec": 1758859.0811059177,
    "min_us": 21.032,
    "p50_us": 386.559,
    "p99_us": 3508.223,
    "p999_us": 6123.519,
    "nil_replies": 0,
    "err_replies": 0,
    "hit_ratio": 1,
    "value_ops_per_sec": 1758859.0811059177,
    "bytes_per_sec": 95302523.38748533,
    "resp_ver": 2,
    "used_memory": 73639088,
    "bytes_per_key": 63.643880250533904,
    "coverage_sampled": 2000,
    "coverage_retrievable": 2000,
    "coverage_fraction": 1,
    "coverage_keyspace": 1157049,
    "distinct_keys_est": 1012912,
    "key_draws": 17590240
  },
  "redis": {
    "target": "redis",
    "version": "redis 8.8.0",
    "workload": "mixed",
    "skipped": false,
    "ops": 24180704,
    "errors": 0,
    "ops_per_sec": 2417862.2742840094,
    "min_us": 21.719,
    "p50_us": 304.383,
    "p99_us": 3004.415,
    "p999_us": 5308.415,
    "nil_replies": 0,
    "err_replies": 0,
    "hit_ratio": 1,
    "value_ops_per_sec": 2417862.2742840094,
    "bytes_per_sec": 131009879.07922466,
    "resp_ver": 2,
    "used_memory": 86492016,
    "bytes_per_key": 74.75224990471449,
    "coverage_sampled": 2000,
    "coverage_retrievable": 2000,
    "coverage_fraction": 1,
    "coverage_keyspace": 1157049,
    "distinct_keys_est": 1076885,
    "key_draws": 24180704,
    "server_hits": 3605438,
    "maxmemory_policy": "noeviction"
  },
  "valkey": {
    "target": "valkey",
    "version": "valkey 9.1.0",
    "workload": "mixed",
    "skipped": false,
    "ops": 26468336,
    "errors": 0,
    "ops_per_sec": 2646566.7313263933,
    "min_us": 15.631,
    "p50_us": 257.407,
    "p99_us": 3895.295,
    "p999_us": 7114.751,
    "nil_replies": 0,
    "err_replies": 0,
    "hit_ratio": 1,
    "value_ops_per_sec": 2646566.7313263933,
    "bytes_per_sec": 143401743.77044553,
    "resp_ver": 2,
    "used_memory": 74495264,
    "bytes_per_key": 64.38384545511902,
    "coverage_sampled": 2000,
    "coverage_retrievable": 2000,
    "coverage_fraction": 1,
    "coverage_keyspace": 1157049,
    "distinct_keys_est": 1091279,
    "key_draws": 26468336,
    "server_hits": 3960182,
    "maxmemory_policy": "noeviction"
  },
  "gate": {
    "pass": false,
    "reason": "aki is 0.73x Redis, below the 2.0x bar",
    "required_speedup": 2,
    "speedup_vs_redis": 0.7274438663495673,
    "speedup_vs_valkey": 0.6645814217669174,
    "tail_regressed_vs_redis": true,
    "tail_regressed_vs_valkey": false
  },
  "generator_bound": false
}
