{
  "workload": "mixed",
  "cell": {
    "keyspace": 1157049,
    "value_size": 16,
    "dist": "zipfian",
    "zipf_s": 0.99,
    "pipeline": 16,
    "connections": 64
  },
  "timestamp": "2026-07-16T04:27:08.502024435Z",
  "aki": {
    "target": "aki",
    "version": "unknown",
    "workload": "mixed",
    "skipped": false,
    "ops": 17697136,
    "errors": 0,
    "ops_per_sec": 1769564.4972032914,
    "min_us": 17.929,
    "p50_us": 386.303,
    "p99_us": 3432.447,
    "p999_us": 6103.039,
    "nil_replies": 0,
    "err_replies": 0,
    "hit_ratio": 1,
    "value_ops_per_sec": 1769564.4972032914,
    "bytes_per_sec": 95882569.67303237,
    "resp_ver": 2,
    "used_memory": 73639088,
    "bytes_per_key": 63.643880250533904,
    "coverage_sampled": 2000,
    "coverage_retrievable": 2000,
    "coverage_fraction": 1,
    "coverage_keyspace": 1157049,
    "distinct_keys_est": 1014385,
    "key_draws": 17697136
  },
  "redis": {
    "target": "redis",
    "version": "redis 8.8.0",
    "workload": "mixed",
    "skipped": false,
    "ops": 25093200,
    "errors": 0,
    "ops_per_sec": 2509078.206155061,
    "min_us": 22.92,
    "p50_us": 293.119,
    "p99_us": 2891.775,
    "p999_us": 5169.151,
    "nil_replies": 0,
    "err_replies": 0,
    "hit_ratio": 1,
    "value_ops_per_sec": 2509078.206155061,
    "bytes_per_sec": 135952128.01970786,
    "resp_ver": 2,
    "used_memory": 86483600,
    "bytes_per_key": 74.74497622831876,
    "coverage_sampled": 2000,
    "coverage_retrievable": 2000,
    "coverage_fraction": 1,
    "coverage_keyspace": 1157049,
    "distinct_keys_est": 1082981,
    "key_draws": 25093200,
    "server_hits": 3742688,
    "maxmemory_policy": "noeviction"
  },
  "valkey": {
    "target": "valkey",
    "version": "valkey 9.1.0",
    "workload": "mixed",
    "skipped": false,
    "ops": 26405424,
    "errors": 0,
    "ops_per_sec": 2640308.790230796,
    "min_us": 14.63,
    "p50_us": 256.383,
    "p99_us": 3856.383,
    "p999_us": 7053.311,
    "nil_replies": 0,
    "err_replies": 0,
    "hit_ratio": 1,
    "value_ops_per_sec": 2640308.790230796,
    "bytes_per_sec": 143062748.76550218,
    "resp_ver": 2,
    "used_memory": 74473184,
    "bytes_per_key": 64.36476242579182,
    "coverage_sampled": 2000,
    "coverage_retrievable": 2000,
    "coverage_fraction": 1,
    "coverage_keyspace": 1157049,
    "distinct_keys_est": 1091008,
    "key_draws": 26405424,
    "server_hits": 3951556,
    "maxmemory_policy": "noeviction"
  },
  "gate": {
    "pass": false,
    "reason": "aki is 0.71x Redis, below the 2.0x bar",
    "required_speedup": 2,
    "speedup_vs_redis": 0.7052647832428435,
    "speedup_vs_valkey": 0.6702111903542196,
    "tail_regressed_vs_redis": true,
    "tail_regressed_vs_valkey": false
  },
  "generator_bound": false
}
