{
  "workload": "mixed",
  "cell": {
    "keyspace": 877240,
    "value_size": 512,
    "dist": "zipfian",
    "zipf_s": 0.99,
    "pipeline": 16,
    "connections": 64
  },
  "timestamp": "2026-07-16T04:54:23.367016313Z",
  "aki": {
    "target": "aki",
    "version": "unknown",
    "workload": "mixed",
    "skipped": false,
    "ops": 17406624,
    "errors": 0,
    "ops_per_sec": 1740605.439905403,
    "min_us": 20.134,
    "p50_us": 402.687,
    "p99_us": 3293.183,
    "p999_us": 5918.719,
    "nil_replies": 0,
    "err_replies": 0,
    "hit_ratio": 1,
    "value_ops_per_sec": 1740605.439905403,
    "bytes_per_sec": 959254905.5546942,
    "resp_ver": 2,
    "used_memory": 494308608,
    "bytes_per_key": 563.4816105056769,
    "coverage_sampled": 2000,
    "coverage_retrievable": 2000,
    "coverage_fraction": 1,
    "coverage_keyspace": 877240,
    "distinct_keys_est": 812360,
    "key_draws": 17406624
  },
  "redis": {
    "target": "redis",
    "version": "redis 8.8.0",
    "workload": "mixed",
    "skipped": false,
    "ops": 23006128,
    "errors": 0,
    "ops_per_sec": 2300417.8499390977,
    "min_us": 25.777,
    "p50_us": 333.823,
    "p99_us": 2863.103,
    "p999_us": 5234.687,
    "nil_replies": 0,
    "err_replies": 0,
    "hit_ratio": 1,
    "value_ops_per_sec": 2300417.8499390977,
    "bytes_per_sec": 1267769238.1620274,
    "resp_ver": 2,
    "used_memory": 603849288,
    "bytes_per_key": 688.3512926907118,
    "coverage_sampled": 2000,
    "coverage_retrievable": 2000,
    "coverage_fraction": 1,
    "coverage_keyspace": 877240,
    "distinct_keys_est": 843097,
    "key_draws": 23006128,
    "server_hits": 3458346,
    "maxmemory_policy": "noeviction"
  },
  "valkey": {
    "target": "valkey",
    "version": "valkey 9.1.0",
    "workload": "mixed",
    "skipped": false,
    "ops": 22315680,
    "errors": 0,
    "ops_per_sec": 2231258.8617622135,
    "min_us": 18.559,
    "p50_us": 316.671,
    "p99_us": 4036.607,
    "p999_us": 7131.135,
    "nil_replies": 0,
    "err_replies": 0,
    "hit_ratio": 1,
    "value_ops_per_sec": 2231258.8617622135,
    "bytes_per_sec": 1229655502.305742,
    "resp_ver": 2,
    "used_memory": 602579936,
    "bytes_per_key": 686.9043089690392,
    "coverage_sampled": 2000,
    "coverage_retrievable": 2000,
    "coverage_fraction": 1,
    "coverage_keyspace": 877240,
    "distinct_keys_est": 840419,
    "key_draws": 22315680,
    "server_hits": 3348718,
    "maxmemory_policy": "noeviction"
  },
  "gate": {
    "pass": false,
    "reason": "aki is 0.76x Redis, below the 2.0x bar",
    "required_speedup": 2,
    "speedup_vs_redis": 0.7566475107778722,
    "speedup_vs_valkey": 0.7801001800977497,
    "tail_regressed_vs_redis": true,
    "tail_regressed_vs_valkey": false
  },
  "generator_bound": false
}
