{
  "workload": "mixed",
  "cell": {
    "keyspace": 219310,
    "value_size": 512,
    "dist": "uniform",
    "pipeline": 16,
    "connections": 64
  },
  "timestamp": "2026-07-16T04:46:33.613921199Z",
  "aki": {
    "target": "aki",
    "version": "unknown",
    "workload": "mixed",
    "skipped": false,
    "ops": 17392192,
    "errors": 0,
    "ops_per_sec": 1739091.8969079636,
    "min_us": 18.194,
    "p50_us": 398.335,
    "p99_us": 3473.407,
    "p999_us": 6090.751,
    "nil_replies": 0,
    "err_replies": 0,
    "hit_ratio": 1,
    "value_ops_per_sec": 1739091.8969079636,
    "bytes_per_sec": 962652489.0714127,
    "resp_ver": 2,
    "used_memory": 123514656,
    "bytes_per_key": 563.1966440198805,
    "coverage_sampled": 2000,
    "coverage_retrievable": 2000,
    "coverage_fraction": 1,
    "coverage_keyspace": 219310,
    "distinct_keys_est": 219310,
    "key_draws": 17392192
  },
  "redis": {
    "target": "redis",
    "version": "redis 8.8.0",
    "workload": "mixed",
    "skipped": false,
    "ops": 24737520,
    "errors": 0,
    "ops_per_sec": 2473447.3467270276,
    "min_us": 26.121,
    "p50_us": 307.199,
    "p99_us": 2834.431,
    "p999_us": 5095.423,
    "nil_replies": 0,
    "err_replies": 0,
    "hit_ratio": 1,
    "value_ops_per_sec": 2473447.3467270276,
    "bytes_per_sec": 1369145706.6078901,
    "resp_ver": 2,
    "used_memory": 152039128,
    "bytes_per_key": 693.2612648762026,
    "coverage_sampled": 2000,
    "coverage_retrievable": 2000,
    "coverage_fraction": 1,
    "coverage_keyspace": 219310,
    "distinct_keys_est": 219310,
    "key_draws": 24737520,
    "server_hits": 3707730,
    "maxmemory_policy": "noeviction"
  },
  "valkey": {
    "target": "valkey",
    "version": "valkey 9.1.0",
    "workload": "mixed",
    "skipped": false,
    "ops": 22878624,
    "errors": 0,
    "ops_per_sec": 2287641.346589264,
    "min_us": 18.864,
    "p50_us": 312.063,
    "p99_us": 3993.599,
    "p999_us": 7077.887,
    "nil_replies": 0,
    "err_replies": 0,
    "hit_ratio": 1,
    "value_ops_per_sec": 2287641.346589264,
    "bytes_per_sec": 1266295109.6633303,
    "resp_ver": 2,
    "used_memory": 151859168,
    "bytes_per_key": 692.4406912589485,
    "coverage_sampled": 2000,
    "coverage_retrievable": 2000,
    "coverage_fraction": 1,
    "coverage_keyspace": 219310,
    "distinct_keys_est": 219310,
    "key_draws": 22878624,
    "server_hits": 3426932,
    "maxmemory_policy": "noeviction"
  },
  "gate": {
    "pass": false,
    "reason": "aki is 0.70x Redis, below the 2.0x bar",
    "required_speedup": 2,
    "speedup_vs_redis": 0.7031044744935465,
    "speedup_vs_valkey": 0.7602117786080608,
    "tail_regressed_vs_redis": true,
    "tail_regressed_vs_valkey": false
  },
  "generator_bound": false
}
