{
  "workload": "mixed",
  "cell": {
    "keyspace": 31987,
    "value_size": 4096,
    "dist": "zipfian",
    "zipf_s": 0.99,
    "pipeline": 16,
    "connections": 64
  },
  "timestamp": "2026-07-16T05:03:10.868740916Z",
  "aki": {
    "target": "aki",
    "version": "unknown",
    "workload": "mixed",
    "skipped": false,
    "ops": 14249712,
    "errors": 0,
    "ops_per_sec": 1424859.7943447737,
    "min_us": 24.885,
    "p50_us": 481.023,
    "p99_us": 3512.319,
    "p999_us": 6569.983,
    "nil_replies": 0,
    "err_replies": 0,
    "hit_ratio": 1,
    "value_ops_per_sec": 1424859.7943447737,
    "bytes_per_sec": 5892112229.231922,
    "resp_ver": 2,
    "used_memory": 133025424,
    "bytes_per_key": 4158.733985681683,
    "coverage_sampled": 2000,
    "coverage_retrievable": 2000,
    "coverage_fraction": 1,
    "coverage_keyspace": 31987,
    "distinct_keys_est": 31987,
    "key_draws": 14249712
  },
  "redis": {
    "target": "redis",
    "version": "redis 8.8.0",
    "workload": "mixed",
    "skipped": false,
    "ops": 11711392,
    "errors": 0,
    "ops_per_sec": 1171004.8993217046,
    "min_us": 21.11,
    "p50_us": 357.119,
    "p99_us": 5574.655,
    "p999_us": 9551.871,
    "nil_replies": 0,
    "err_replies": 0,
    "hit_ratio": 1,
    "value_ops_per_sec": 1171004.8993217046,
    "bytes_per_sec": 4842365838.609755,
    "resp_ver": 2,
    "used_memory": 166637288,
    "bytes_per_key": 5209.531622221528,
    "coverage_sampled": 2000,
    "coverage_retrievable": 2000,
    "coverage_fraction": 1,
    "coverage_keyspace": 31987,
    "distinct_keys_est": 31987,
    "key_draws": 11711392,
    "server_hits": 1770392,
    "maxmemory_policy": "noeviction"
  },
  "valkey": {
    "target": "valkey",
    "version": "valkey 9.1.0",
    "workload": "mixed",
    "skipped": false,
    "ops": 14891216,
    "errors": 0,
    "ops_per_sec": 1489009.503790932,
    "min_us": 16.355,
    "p50_us": 253.567,
    "p99_us": 5320.703,
    "p999_us": 9207.807,
    "nil_replies": 0,
    "err_replies": 0,
    "hit_ratio": 1,
    "value_ops_per_sec": 1489009.503790932,
    "bytes_per_sec": 6157385718.625377,
    "resp_ver": 2,
    "used_memory": 166967744,
    "bytes_per_key": 5219.862569168725,
    "coverage_sampled": 2000,
    "coverage_retrievable": 2000,
    "coverage_fraction": 1,
    "coverage_keyspace": 31987,
    "distinct_keys_est": 31987,
    "key_draws": 14891216,
    "server_hits": 2209246,
    "maxmemory_policy": "noeviction"
  },
  "gate": {
    "pass": false,
    "reason": "aki is 1.22x Redis, below the 2.0x bar",
    "required_speedup": 2,
    "speedup_vs_redis": 1.2167838026724846,
    "speedup_vs_valkey": 0.956917864336771,
    "tail_regressed_vs_redis": false,
    "tail_regressed_vs_valkey": false
  },
  "generator_bound": false
}
