{
  "workload": "mixed",
  "cell": {
    "keyspace": 4628197,
    "value_size": 16,
    "dist": "zipfian",
    "zipf_s": 0.99,
    "pipeline": 16,
    "connections": 64
  },
  "timestamp": "2026-07-16T04:29:55.943188669Z",
  "aki": {
    "target": "aki",
    "version": "unknown",
    "workload": "mixed",
    "skipped": false,
    "ops": 17517984,
    "errors": 0,
    "ops_per_sec": 1751544.4257079633,
    "min_us": 16.014,
    "p50_us": 395.775,
    "p99_us": 3368.959,
    "p999_us": 5984.255,
    "nil_replies": 0,
    "err_replies": 0,
    "hit_ratio": 1,
    "value_ops_per_sec": 1751544.4257079633,
    "bytes_per_sec": 95613039.59013683,
    "resp_ver": 2,
    "used_memory": 294814896,
    "bytes_per_key": 63.69972928982928,
    "coverage_sampled": 2000,
    "coverage_retrievable": 2000,
    "coverage_fraction": 1,
    "coverage_keyspace": 4628197,
    "distinct_keys_est": 2255703,
    "key_draws": 17517984
  },
  "redis": {
    "target": "redis",
    "version": "redis 8.8.0",
    "workload": "mixed",
    "skipped": false,
    "ops": 24026208,
    "errors": 0,
    "ops_per_sec": 2402407.6286053355,
    "min_us": 23.952,
    "p50_us": 309.503,
    "p99_us": 2959.359,
    "p999_us": 5230.591,
    "nil_replies": 0,
    "err_replies": 0,
    "hit_ratio": 1,
    "value_ops_per_sec": 2402407.6286053355,
    "bytes_per_sec": 131141687.2833473,
    "resp_ver": 2,
    "used_memory": 344061696,
    "bytes_per_key": 74.34033080268622,
    "coverage_sampled": 2000,
    "coverage_retrievable": 2000,
    "coverage_fraction": 1,
    "coverage_keyspace": 4628197,
    "distinct_keys_est": 2652914,
    "key_draws": 24026208,
    "server_hits": 3490408,
    "maxmemory_policy": "noeviction"
  },
  "valkey": {
    "target": "valkey",
    "version": "valkey 9.1.0",
    "workload": "mixed",
    "skipped": false,
    "ops": 25614896,
    "errors": 0,
    "ops_per_sec": 2561220.3291741568,
    "min_us": 15.476,
    "p50_us": 269.567,
    "p99_us": 3827.711,
    "p999_us": 6782.975,
    "nil_replies": 0,
    "err_replies": 0,
    "hit_ratio": 1,
    "value_ops_per_sec": 2561220.3291741568,
    "bytes_per_sec": 139810677.07223883,
    "resp_ver": 2,
    "used_memory": 295447328,
    "bytes_per_key": 63.83637688715498,
    "coverage_sampled": 2000,
    "coverage_retrievable": 2000,
    "coverage_fraction": 1,
    "coverage_keyspace": 4628197,
    "distinct_keys_est": 2735484,
    "key_draws": 25614896,
    "server_hits": 3842724,
    "maxmemory_policy": "noeviction"
  },
  "gate": {
    "pass": false,
    "reason": "aki is 0.73x Redis, below the 2.0x bar",
    "required_speedup": 2,
    "speedup_vs_redis": 0.7290787811578768,
    "speedup_vs_valkey": 0.6838710460621455,
    "tail_regressed_vs_redis": true,
    "tail_regressed_vs_valkey": false
  },
  "generator_bound": false
}
