{
  "workload": "mixed",
  "cell": {
    "keyspace": 588674,
    "value_size": 128,
    "dist": "zipfian",
    "zipf_s": 0.99,
    "pipeline": 16,
    "connections": 64
  },
  "timestamp": "2026-07-16T04:40:19.406008955Z",
  "aki": {
    "target": "aki",
    "version": "unknown",
    "workload": "mixed",
    "skipped": false,
    "ops": 17654400,
    "errors": 0,
    "ops_per_sec": 1765165.6332449622,
    "min_us": 18.288,
    "p50_us": 388.351,
    "p99_us": 3438.591,
    "p999_us": 5914.623,
    "nil_replies": 0,
    "err_replies": 0,
    "hit_ratio": 1,
    "value_ops_per_sec": 1765165.6332449622,
    "bytes_per_sec": 294781538.82629406,
    "resp_ver": 2,
    "used_memory": 103258560,
    "bytes_per_key": 175.40873216754943,
    "coverage_sampled": 2000,
    "coverage_retrievable": 2000,
    "coverage_fraction": 1,
    "coverage_keyspace": 588674,
    "distinct_keys_est": 574140,
    "key_draws": 17654400
  },
  "redis": {
    "target": "redis",
    "version": "redis 8.8.0",
    "workload": "mixed",
    "skipped": false,
    "ops": 24562224,
    "errors": 0,
    "ops_per_sec": 2456055.0861593657,
    "min_us": 23.382,
    "p50_us": 310.015,
    "p99_us": 2779.135,
    "p999_us": 4993.023,
    "nil_replies": 0,
    "err_replies": 0,
    "hit_ratio": 1,
    "value_ops_per_sec": 2456055.0861593657,
    "bytes_per_sec": 410159165.9271396,
    "resp_ver": 2,
    "used_memory": 125059864,
    "bytes_per_key": 212.44332856555582,
    "coverage_sampled": 2000,
    "coverage_retrievable": 2000,
    "coverage_fraction": 1,
    "coverage_keyspace": 588674,
    "distinct_keys_est": 583909,
    "key_draws": 24562224,
    "server_hits": 3681562,
    "maxmemory_policy": "noeviction"
  },
  "valkey": {
    "target": "valkey",
    "version": "valkey 9.1.0",
    "workload": "mixed",
    "skipped": false,
    "ops": 23791904,
    "errors": 0,
    "ops_per_sec": 2379088.930191765,
    "min_us": 17.45,
    "p50_us": 291.583,
    "p99_us": 4052.991,
    "p999_us": 7086.079,
    "nil_replies": 0,
    "err_replies": 0,
    "hit_ratio": 1,
    "value_ops_per_sec": 2379088.930191765,
    "bytes_per_sec": 397305785.73012453,
    "resp_ver": 2,
    "used_memory": 123760032,
    "bytes_per_key": 210.23526094238917,
    "coverage_sampled": 2000,
    "coverage_retrievable": 2000,
    "coverage_fraction": 1,
    "coverage_keyspace": 588674,
    "distinct_keys_est": 583298,
    "key_draws": 23791904,
    "server_hits": 3572384,
    "maxmemory_policy": "noeviction"
  },
  "gate": {
    "pass": false,
    "reason": "aki is 0.72x Redis, below the 2.0x bar",
    "required_speedup": 2,
    "speedup_vs_redis": 0.7186995288469789,
    "speedup_vs_valkey": 0.7419502528233285,
    "tail_regressed_vs_redis": true,
    "tail_regressed_vs_valkey": false
  },
  "generator_bound": false
}
