{
  "workload": "mixed",
  "cell": {
    "keyspace": 219310,
    "value_size": 512,
    "dist": "zipfian",
    "zipf_s": 0.99,
    "pipeline": 16,
    "connections": 64
  },
  "timestamp": "2026-07-16T04:51:57.599620921Z",
  "aki": {
    "target": "aki",
    "version": "unknown",
    "workload": "mixed",
    "skipped": false,
    "ops": 17491776,
    "errors": 0,
    "ops_per_sec": 1749029.7326538272,
    "min_us": 18.646,
    "p50_us": 393.471,
    "p99_us": 3407.871,
    "p999_us": 6000.639,
    "nil_replies": 0,
    "err_replies": 0,
    "hit_ratio": 1,
    "value_ops_per_sec": 1749029.7326538272,
    "bytes_per_sec": 963211360.0035969,
    "resp_ver": 2,
    "used_memory": 123514656,
    "bytes_per_key": 563.1966440198805,
    "coverage_sampled": 2000,
    "coverage_retrievable": 2000,
    "coverage_fraction": 1,
    "coverage_keyspace": 219310,
    "distinct_keys_est": 219271,
    "key_draws": 17491776
  },
  "redis": {
    "target": "redis",
    "version": "redis 8.8.0",
    "workload": "mixed",
    "skipped": false,
    "ops": 24683328,
    "errors": 0,
    "ops_per_sec": 2468148.7047371515,
    "min_us": 24.929,
    "p50_us": 306.431,
    "p99_us": 2809.855,
    "p999_us": 4845.567,
    "nil_replies": 0,
    "err_replies": 0,
    "hit_ratio": 1,
    "value_ops_per_sec": 2468148.7047371515,
    "bytes_per_sec": 1359238116.8036485,
    "resp_ver": 2,
    "used_memory": 152037640,
    "bytes_per_key": 693.2544799598742,
    "coverage_sampled": 2000,
    "coverage_retrievable": 2000,
    "coverage_fraction": 1,
    "coverage_keyspace": 219310,
    "distinct_keys_est": 219309,
    "key_draws": 24683328,
    "server_hits": 3700098,
    "maxmemory_policy": "noeviction"
  },
  "valkey": {
    "target": "valkey",
    "version": "valkey 9.1.0",
    "workload": "mixed",
    "skipped": false,
    "ops": 23633408,
    "errors": 0,
    "ops_per_sec": 2363171.34336353,
    "min_us": 17.326,
    "p50_us": 290.047,
    "p99_us": 4132.863,
    "p999_us": 7532.543,
    "nil_replies": 0,
    "err_replies": 0,
    "hit_ratio": 1,
    "value_ops_per_sec": 2363171.34336353,
    "bytes_per_sec": 1301426012.7544756,
    "resp_ver": 2,
    "used_memory": 151869216,
    "bytes_per_key": 692.4865076831882,
    "coverage_sampled": 2000,
    "coverage_retrievable": 2000,
    "coverage_fraction": 1,
    "coverage_keyspace": 219310,
    "distinct_keys_est": 219309,
    "key_draws": 23633408,
    "server_hits": 3548134,
    "maxmemory_policy": "noeviction"
  },
  "gate": {
    "pass": false,
    "reason": "aki is 0.71x Redis, below the 2.0x bar",
    "required_speedup": 2,
    "speedup_vs_redis": 0.7086403381193729,
    "speedup_vs_valkey": 0.7401197283326956,
    "tail_regressed_vs_redis": true,
    "tail_regressed_vs_valkey": false
  },
  "generator_bound": false
}
