{
  "workload": "mixed",
  "cell": {
    "keyspace": 877240,
    "value_size": 512,
    "dist": "uniform",
    "pipeline": 16,
    "connections": 64
  },
  "timestamp": "2026-07-16T04:48:09.660827649Z",
  "aki": {
    "target": "aki",
    "version": "unknown",
    "workload": "mixed",
    "skipped": false,
    "ops": 17315328,
    "errors": 0,
    "ops_per_sec": 1731473.2807791205,
    "min_us": 20.073,
    "p50_us": 401.663,
    "p99_us": 3411.967,
    "p999_us": 6205.439,
    "nil_replies": 0,
    "err_replies": 0,
    "hit_ratio": 1,
    "value_ops_per_sec": 1731473.2807791205,
    "bytes_per_sec": 959685604.3033205,
    "resp_ver": 2,
    "used_memory": 494308608,
    "bytes_per_key": 563.4816105056769,
    "coverage_sampled": 2000,
    "coverage_retrievable": 2000,
    "coverage_fraction": 1,
    "coverage_keyspace": 877240,
    "distinct_keys_est": 877240,
    "key_draws": 17315328
  },
  "redis": {
    "target": "redis",
    "version": "redis 8.8.0",
    "workload": "mixed",
    "skipped": false,
    "ops": 24045920,
    "errors": 0,
    "ops_per_sec": 2404436.559427968,
    "min_us": 23.474,
    "p50_us": 323.071,
    "p99_us": 2713.599,
    "p999_us": 5038.079,
    "nil_replies": 0,
    "err_replies": 0,
    "hit_ratio": 1,
    "value_ops_per_sec": 2404436.559427968,
    "bytes_per_sec": 1332681753.7895901,
    "resp_ver": 2,
    "used_memory": 603862216,
    "bytes_per_key": 688.3660298208016,
    "coverage_sampled": 2000,
    "coverage_retrievable": 2000,
    "coverage_fraction": 1,
    "coverage_keyspace": 877240,
    "distinct_keys_est": 877240,
    "key_draws": 24045920,
    "server_hits": 3603248,
    "maxmemory_policy": "noeviction"
  },
  "valkey": {
    "target": "valkey",
    "version": "valkey 9.1.0",
    "workload": "mixed",
    "skipped": false,
    "ops": 22144480,
    "errors": 0,
    "ops_per_sec": 2214283.389508539,
    "min_us": 18.407,
    "p50_us": 325.119,
    "p99_us": 3997.695,
    "p999_us": 7266.303,
    "nil_replies": 0,
    "err_replies": 0,
    "hit_ratio": 1,
    "value_ops_per_sec": 2214283.389508539,
    "bytes_per_sec": 1227287607.7710521,
    "resp_ver": 2,
    "used_memory": 602573920,
    "bytes_per_key": 686.8974510966212,
    "coverage_sampled": 2000,
    "coverage_retrievable": 2000,
    "coverage_fraction": 1,
    "coverage_keyspace": 877240,
    "distinct_keys_est": 877240,
    "key_draws": 22144480,
    "server_hits": 3318700,
    "maxmemory_policy": "noeviction"
  },
  "gate": {
    "pass": false,
    "reason": "aki is 0.72x Redis, below the 2.0x bar",
    "required_speedup": 2,
    "speedup_vs_redis": 0.7201160180292092,
    "speedup_vs_valkey": 0.7819564961662029,
    "tail_regressed_vs_redis": true,
    "tail_regressed_vs_valkey": false
  },
  "generator_bound": false
}
