{
  "workload": "mixed",
  "cell": {
    "keyspace": 18512790,
    "value_size": 16,
    "dist": "uniform",
    "pipeline": 16,
    "connections": 64
  },
  "timestamp": "2026-07-16T04:26:19.647674674Z",
  "aki": {
    "target": "aki",
    "version": "unknown",
    "workload": "mixed",
    "skipped": false,
    "ops": 17317536,
    "errors": 0,
    "ops_per_sec": 1731615.7839898223,
    "min_us": 24.163,
    "p50_us": 402.175,
    "p99_us": 3424.255,
    "p999_us": 6139.903,
    "nil_replies": 0,
    "err_replies": 0,
    "hit_ratio": 1,
    "value_ops_per_sec": 1731615.7839898223,
    "bytes_per_sec": 101982532.60399686,
    "resp_ver": 2,
    "used_memory": 1179571360,
    "bytes_per_key": 63.716563521759824,
    "coverage_sampled": 2000,
    "coverage_retrievable": 2000,
    "coverage_fraction": 1,
    "coverage_keyspace": 18512790,
    "distinct_keys_est": 11247954,
    "key_draws": 17317536
  },
  "redis": {
    "target": "redis",
    "version": "redis 8.8.0",
    "workload": "mixed",
    "skipped": false,
    "ops": 21970720,
    "errors": 0,
    "ops_per_sec": 2196853.5053440654,
    "min_us": 24.434,
    "p50_us": 358.143,
    "p99_us": 2836.479,
    "p999_us": 4939.775,
    "nil_replies": 0,
    "err_replies": 0,
    "hit_ratio": 1,
    "value_ops_per_sec": 2196853.5053440654,
    "bytes_per_sec": 129382332.49197501,
    "resp_ver": 2,
    "used_memory": 1374295416,
    "bytes_per_key": 74.23491629300608,
    "coverage_sampled": 2000,
    "coverage_retrievable": 2000,
    "coverage_fraction": 1,
    "coverage_keyspace": 18512790,
    "distinct_keys_est": 12863086,
    "key_draws": 21970720,
    "server_hits": 2933766,
    "maxmemory_policy": "noeviction"
  },
  "valkey": {
    "target": "valkey",
    "version": "valkey 9.1.0",
    "workload": "mixed",
    "skipped": false,
    "ops": 23912096,
    "errors": 0,
    "ops_per_sec": 2390956.5992537807,
    "min_us": 16.398,
    "p50_us": 304.383,
    "p99_us": 3809.279,
    "p999_us": 6791.167,
    "nil_replies": 0,
    "err_replies": 0,
    "hit_ratio": 1,
    "value_ops_per_sec": 2390956.5992537807,
    "bytes_per_sec": 140813904.3781385,
    "resp_ver": 2,
    "used_memory": 1179274128,
    "bytes_per_key": 63.70050802715312,
    "coverage_sampled": 2000,
    "coverage_retrievable": 2000,
    "coverage_fraction": 1,
    "coverage_keyspace": 18512790,
    "distinct_keys_est": 13424363,
    "key_draws": 23912096,
    "server_hits": 3586104,
    "maxmemory_policy": "noeviction"
  },
  "gate": {
    "pass": false,
    "reason": "aki is 0.79x Redis, below the 2.0x bar",
    "required_speedup": 2,
    "speedup_vs_redis": 0.7882254232143809,
    "speedup_vs_valkey": 0.7242355568186645,
    "tail_regressed_vs_redis": true,
    "tail_regressed_vs_valkey": false
  },
  "generator_bound": false
}
