{
  "workload": "mixed",
  "cell": {
    "keyspace": 2354696,
    "value_size": 128,
    "dist": "zipfian",
    "zipf_s": 0.99,
    "pipeline": 16,
    "connections": 64
  },
  "timestamp": "2026-07-16T04:42:00.402586582Z",
  "aki": {
    "target": "aki",
    "version": "unknown",
    "workload": "mixed",
    "skipped": false,
    "ops": 17525328,
    "errors": 0,
    "ops_per_sec": 1752473.1698221816,
    "min_us": 17.502,
    "p50_us": 393.727,
    "p99_us": 3422.207,
    "p999_us": 6160.383,
    "nil_replies": 0,
    "err_replies": 0,
    "hit_ratio": 1,
    "value_ops_per_sec": 1752473.1698221816,
    "bytes_per_sec": 293364665.68587595,
    "resp_ver": 2,
    "used_memory": 413242944,
    "bytes_per_key": 175.49736526498538,
    "coverage_sampled": 2000,
    "coverage_retrievable": 2000,
    "coverage_fraction": 1,
    "coverage_keyspace": 2354696,
    "distinct_keys_est": 1615641,
    "key_draws": 17525328
  },
  "redis": {
    "target": "redis",
    "version": "redis 8.8.0",
    "workload": "mixed",
    "skipped": false,
    "ops": 23844032,
    "errors": 0,
    "ops_per_sec": 2384285.4086710983,
    "min_us": 27.257,
    "p50_us": 328.447,
    "p99_us": 2639.871,
    "p999_us": 4718.591,
    "nil_replies": 0,
    "err_replies": 0,
    "hit_ratio": 1,
    "value_ops_per_sec": 2384285.4086710983,
    "bytes_per_sec": 399129672.9169429,
    "resp_ver": 2,
    "used_memory": 495940648,
    "bytes_per_key": 210.61769672178488,
    "coverage_sampled": 2000,
    "coverage_retrievable": 2000,
    "coverage_fraction": 1,
    "coverage_keyspace": 2354696,
    "distinct_keys_est": 1811837,
    "key_draws": 23844032,
    "server_hits": 3529152,
    "maxmemory_policy": "noeviction"
  },
  "valkey": {
    "target": "valkey",
    "version": "valkey 9.1.0",
    "workload": "mixed",
    "skipped": false,
    "ops": 23371152,
    "errors": 0,
    "ops_per_sec": 2336859.7454758654,
    "min_us": 16.927,
    "p50_us": 302.079,
    "p99_us": 3946.495,
    "p999_us": 6897.663,
    "nil_replies": 0,
    "err_replies": 0,
    "hit_ratio": 1,
    "value_ops_per_sec": 2336859.7454758654,
    "bytes_per_sec": 391190353.60913813,
    "resp_ver": 2,
    "used_memory": 490167648,
    "bytes_per_key": 208.16600019705305,
    "coverage_sampled": 2000,
    "coverage_retrievable": 2000,
    "coverage_fraction": 1,
    "coverage_keyspace": 2354696,
    "distinct_keys_est": 1799601,
    "key_draws": 23371152,
    "server_hits": 3511122,
    "maxmemory_policy": "noeviction"
  },
  "gate": {
    "pass": false,
    "reason": "aki is 0.74x Redis, below the 2.0x bar",
    "required_speedup": 2,
    "speedup_vs_redis": 0.7350098119331013,
    "speedup_vs_valkey": 0.7499265513109848,
    "tail_regressed_vs_redis": true,
    "tail_regressed_vs_valkey": false
  },
  "generator_bound": false
}
