{
  "workload": "mixed",
  "cell": {
    "keyspace": 9418787,
    "value_size": 128,
    "dist": "zipfian",
    "zipf_s": 0.99,
    "pipeline": 16,
    "connections": 64
  },
  "timestamp": "2026-07-16T04:45:46.993105847Z",
  "aki": {
    "target": "aki",
    "version": "unknown",
    "workload": "mixed",
    "skipped": false,
    "ops": 11129920,
    "errors": 0,
    "ops_per_sec": 1112912.2680715434,
    "min_us": 17.351,
    "p50_us": 863.743,
    "p99_us": 2600.959,
    "p999_us": 3852.287,
    "nil_replies": 27058,
    "err_replies": 241825,
    "hit_ratio": 0.9758414256346856,
    "value_ops_per_sec": 1086025.8942812663,
    "bytes_per_sec": 187517722.54281095,
    "resp_ver": 2,
    "used_memory": 1160704672,
    "bytes_per_key": 123.23292500403714,
    "coverage_sampled": 2000,
    "coverage_retrievable": 1449,
    "coverage_missing": 551,
    "coverage_fraction": 0.7245,
    "coverage_keyspace": 9418787,
    "distinct_keys_est": 2175384,
    "key_draws": 11129920
  },
  "redis": {
    "target": "redis",
    "version": "redis 8.8.0",
    "workload": "mixed",
    "skipped": false,
    "ops": 22606080,
    "errors": 0,
    "ops_per_sec": 2260486.9592871317,
    "min_us": 25.041,
    "p50_us": 352.511,
    "p99_us": 2615.295,
    "p999_us": 4669.439,
    "nil_replies": 0,
    "err_replies": 0,
    "hit_ratio": 1,
    "value_ops_per_sec": 2260486.9592871317,
    "bytes_per_sec": 379238489.78205454,
    "resp_ver": 2,
    "used_memory": 1979447112,
    "bytes_per_key": 210.15945174256515,
    "coverage_sampled": 2000,
    "coverage_retrievable": 2000,
    "coverage_fraction": 1,
    "coverage_keyspace": 9418787,
    "distinct_keys_est": 3448106,
    "key_draws": 22606080,
    "server_hits": 3149038,
    "maxmemory_policy": "noeviction"
  },
  "valkey": {
    "target": "valkey",
    "version": "valkey 9.1.0",
    "workload": "mixed",
    "skipped": false,
    "ops": 22055248,
    "errors": 0,
    "ops_per_sec": 2205353.761583667,
    "min_us": 17.797,
    "p50_us": 330.751,
    "p99_us": 3909.631,
    "p999_us": 6873.087,
    "nil_replies": 0,
    "err_replies": 0,
    "hit_ratio": 1,
    "value_ops_per_sec": 2205353.761583667,
    "bytes_per_sec": 369989176.81940264,
    "resp_ver": 2,
    "used_memory": 1955796064,
    "bytes_per_key": 207.64840143428236,
    "coverage_sampled": 2000,
    "coverage_retrievable": 2000,
    "coverage_fraction": 1,
    "coverage_keyspace": 9418787,
    "distinct_keys_est": 3396533,
    "key_draws": 22055248,
    "server_hits": 3317016,
    "maxmemory_policy": "noeviction"
  },
  "gate": {
    "pass": false,
    "reason": "aki is 0.48x Redis, below the 2.0x bar",
    "required_speedup": 2,
    "speedup_vs_redis": 0.48043891154486285,
    "speedup_vs_valkey": 0.4924497435283988,
    "tail_regressed_vs_redis": false,
    "tail_regressed_vs_valkey": false
  },
  "generator_bound": false
}
