{
  "workload": "mixed",
  "cell": {
    "keyspace": 511793,
    "value_size": 4096,
    "dist": "zipfian",
    "zipf_s": 0.99,
    "pipeline": 16,
    "connections": 64
  },
  "timestamp": "2026-07-16T05:06:41.253297737Z",
  "aki": {
    "target": "aki",
    "version": "unknown",
    "workload": "mixed",
    "skipped": false,
    "ops": 9140912,
    "errors": 0,
    "ops_per_sec": 913969.6512674749,
    "min_us": 15.215,
    "p50_us": 954.879,
    "p99_us": 3008.511,
    "p999_us": 4169.727,
    "nil_replies": 50783,
    "err_replies": 454844,
    "hit_ratio": 0.9446852786680366,
    "value_ops_per_sec": 863413.6747017428,
    "bytes_per_sec": 3761507088.2484846,
    "resp_ver": 2,
    "used_memory": 1044433984,
    "bytes_per_key": 2040.735187859154,
    "coverage_sampled": 2000,
    "coverage_retrievable": 948,
    "coverage_missing": 1052,
    "coverage_fraction": 0.474,
    "coverage_keyspace": 511793,
    "distinct_keys_est": 468111,
    "key_draws": 9140912
  },
  "redis": {
    "target": "redis",
    "version": "redis 8.8.0",
    "workload": "mixed",
    "skipped": false,
    "ops": 11333664,
    "errors": 0,
    "ops_per_sec": 1133275.9555125425,
    "min_us": 22.725,
    "p50_us": 384.767,
    "p99_us": 5378.047,
    "p999_us": 8847.359,
    "nil_replies": 0,
    "err_replies": 0,
    "hit_ratio": 1,
    "value_ops_per_sec": 1133275.9555125425,
    "bytes_per_sec": 4687184953.64322,
    "resp_ver": 2,
    "used_memory": 2645301944,
    "bytes_per_key": 5168.6950466301805,
    "coverage_sampled": 2000,
    "coverage_retrievable": 2000,
    "coverage_fraction": 1,
    "coverage_keyspace": 511793,
    "distinct_keys_est": 484016,
    "key_draws": 11333664,
    "server_hits": 1691422,
    "maxmemory_policy": "noeviction"
  },
  "valkey": {
    "target": "valkey",
    "version": "valkey 9.1.0",
    "workload": "mixed",
    "skipped": false,
    "ops": 13795744,
    "errors": 0,
    "ops_per_sec": 1379424.9091016932,
    "min_us": 17.377,
    "p50_us": 280.575,
    "p99_us": 5455.871,
    "p999_us": 9011.199,
    "nil_replies": 0,
    "err_replies": 0,
    "hit_ratio": 1,
    "value_ops_per_sec": 1379424.9091016932,
    "bytes_per_sec": 5705247298.0103445,
    "resp_ver": 2,
    "used_memory": 2647156736,
    "bytes_per_key": 5172.319152469846,
    "coverage_sampled": 2000,
    "coverage_retrievable": 2000,
    "coverage_fraction": 1,
    "coverage_keyspace": 511793,
    "distinct_keys_est": 494877,
    "key_draws": 13795744,
    "server_hits": 2051362,
    "maxmemory_policy": "noeviction"
  },
  "gate": {
    "pass": false,
    "reason": "aki is 0.76x Redis, below the 2.0x bar",
    "required_speedup": 2,
    "speedup_vs_redis": 0.7618741671010305,
    "speedup_vs_valkey": 0.6259229255646932,
    "tail_regressed_vs_redis": false,
    "tail_regressed_vs_valkey": false
  },
  "generator_bound": false
}
