{
  "workload": "mixed",
  "cell": {
    "keyspace": 588674,
    "value_size": 128,
    "dist": "uniform",
    "pipeline": 16,
    "connections": 64
  },
  "timestamp": "2026-07-16T04:34:54.887688389Z",
  "aki": {
    "target": "aki",
    "version": "unknown",
    "workload": "mixed",
    "skipped": false,
    "ops": 17577680,
    "errors": 0,
    "ops_per_sec": 1757643.4092711695,
    "min_us": 20.033,
    "p50_us": 388.351,
    "p99_us": 3606.527,
    "p999_us": 6246.399,
    "nil_replies": 0,
    "err_replies": 0,
    "hit_ratio": 1,
    "value_ops_per_sec": 1757643.4092711695,
    "bytes_per_sec": 299048365.6266977,
    "resp_ver": 2,
    "used_memory": 103258560,
    "bytes_per_key": 175.40873216754943,
    "coverage_sampled": 2000,
    "coverage_retrievable": 2000,
    "coverage_fraction": 1,
    "coverage_keyspace": 588674,
    "distinct_keys_est": 588674,
    "key_draws": 17577680
  },
  "redis": {
    "target": "redis",
    "version": "redis 8.8.0",
    "workload": "mixed",
    "skipped": false,
    "ops": 23843920,
    "errors": 0,
    "ops_per_sec": 2384185.034619189,
    "min_us": 22.939,
    "p50_us": 326.655,
    "p99_us": 2750.463,
    "p999_us": 5128.191,
    "nil_replies": 0,
    "err_replies": 0,
    "hit_ratio": 1,
    "value_ops_per_sec": 2384185.034619189,
    "bytes_per_sec": 405648897.09280074,
    "resp_ver": 2,
    "used_memory": 125059992,
    "bytes_per_key": 212.44354600339068,
    "coverage_sampled": 2000,
    "coverage_retrievable": 2000,
    "coverage_fraction": 1,
    "coverage_keyspace": 588674,
    "distinct_keys_est": 588674,
    "key_draws": 23843920,
    "server_hits": 3559470,
    "maxmemory_policy": "noeviction"
  },
  "valkey": {
    "target": "valkey",
    "version": "valkey 9.1.0",
    "workload": "mixed",
    "skipped": false,
    "ops": 24114576,
    "errors": 0,
    "ops_per_sec": 2411208.6009980384,
    "min_us": 17.01,
    "p50_us": 291.327,
    "p99_us": 4038.655,
    "p999_us": 7217.151,
    "nil_replies": 0,
    "err_replies": 0,
    "hit_ratio": 1,
    "value_ops_per_sec": 2411208.6009980384,
    "bytes_per_sec": 410246671.53389674,
    "resp_ver": 2,
    "used_memory": 123756896,
    "bytes_per_key": 210.22993371543504,
    "coverage_sampled": 2000,
    "coverage_retrievable": 2000,
    "coverage_fraction": 1,
    "coverage_keyspace": 588674,
    "distinct_keys_est": 588674,
    "key_draws": 24114576,
    "server_hits": 3611868,
    "maxmemory_policy": "noeviction"
  },
  "gate": {
    "pass": false,
    "reason": "aki is 0.74x Redis, below the 2.0x bar",
    "required_speedup": 2,
    "speedup_vs_redis": 0.737209312091797,
    "speedup_vs_valkey": 0.7289470552417788,
    "tail_regressed_vs_redis": true,
    "tail_regressed_vs_valkey": false
  },
  "generator_bound": false
}
