{
  "workload": "mixed",
  "cell": {
    "keyspace": 9418787,
    "value_size": 128,
    "dist": "zipfian",
    "zipf_s": 0.99,
    "pipeline": 16,
    "connections": 64
  },
  "timestamp": "2026-07-16T04:44:20.537711582Z",
  "aki": {
    "target": "aki",
    "version": "unknown",
    "workload": "mixed",
    "skipped": false,
    "ops": 11051872,
    "errors": 0,
    "ops_per_sec": 1105092.7804308028,
    "min_us": 19.503,
    "p50_us": 869.887,
    "p99_us": 2603.007,
    "p999_us": 3774.463,
    "nil_replies": 26868,
    "err_replies": 240153,
    "hit_ratio": 0.9758392967272874,
    "value_ops_per_sec": 1078392.9616739973,
    "bytes_per_sec": 186200135.58593547,
    "resp_ver": 2,
    "used_memory": 1160704672,
    "bytes_per_key": 123.23292500403714,
    "coverage_sampled": 2000,
    "coverage_retrievable": 1449,
    "coverage_missing": 551,
    "coverage_fraction": 0.7245,
    "coverage_keyspace": 9418787,
    "distinct_keys_est": 2164828,
    "key_draws": 11051872
  },
  "redis": {
    "target": "redis",
    "version": "redis 8.8.0",
    "workload": "mixed",
    "skipped": false,
    "ops": 22758128,
    "errors": 0,
    "ops_per_sec": 2275638.408043546,
    "min_us": 26.888,
    "p50_us": 350.975,
    "p99_us": 2570.239,
    "p999_us": 4739.071,
    "nil_replies": 0,
    "err_replies": 0,
    "hit_ratio": 1,
    "value_ops_per_sec": 2275638.408043546,
    "bytes_per_sec": 381780316.7326734,
    "resp_ver": 2,
    "used_memory": 1979453208,
    "bytes_per_key": 210.16009895966434,
    "coverage_sampled": 2000,
    "coverage_retrievable": 2000,
    "coverage_fraction": 1,
    "coverage_keyspace": 9418787,
    "distinct_keys_est": 3462110,
    "key_draws": 22758128,
    "server_hits": 3173290,
    "maxmemory_policy": "noeviction"
  },
  "valkey": {
    "target": "valkey",
    "version": "valkey 9.1.0",
    "workload": "mixed",
    "skipped": false,
    "ops": 22020960,
    "errors": 0,
    "ops_per_sec": 2201831.745621767,
    "min_us": 17.808,
    "p50_us": 332.543,
    "p99_us": 3932.159,
    "p999_us": 6893.567,
    "nil_replies": 0,
    "err_replies": 0,
    "hit_ratio": 1,
    "value_ops_per_sec": 2201831.745621767,
    "bytes_per_sec": 369398320.80195016,
    "resp_ver": 2,
    "used_memory": 1955808096,
    "bytes_per_key": 207.6496788811553,
    "coverage_sampled": 2000,
    "coverage_retrievable": 2000,
    "coverage_fraction": 1,
    "coverage_keyspace": 9418787,
    "distinct_keys_est": 3393531,
    "key_draws": 22020960,
    "server_hits": 3307810,
    "maxmemory_policy": "noeviction"
  },
  "gate": {
    "pass": false,
    "reason": "aki is 0.47x Redis, below the 2.0x bar",
    "required_speedup": 2,
    "speedup_vs_redis": 0.4738859029019172,
    "speedup_vs_valkey": 0.48977083004563277,
    "tail_regressed_vs_redis": true,
    "tail_regressed_vs_valkey": false
  },
  "generator_bound": false
}
