{
  "workload": "mixed",
  "cell": {
    "keyspace": 2354696,
    "value_size": 128,
    "dist": "uniform",
    "pipeline": 16,
    "connections": 64
  },
  "timestamp": "2026-07-16T04:36:41.429144009Z",
  "aki": {
    "target": "aki",
    "version": "unknown",
    "workload": "mixed",
    "skipped": false,
    "ops": 17421488,
    "errors": 0,
    "ops_per_sec": 1742058.1770883931,
    "min_us": 19.034,
    "p50_us": 390.143,
    "p99_us": 3602.431,
    "p999_us": 6283.263,
    "nil_replies": 0,
    "err_replies": 0,
    "hit_ratio": 1,
    "value_ops_per_sec": 1742058.1770883931,
    "bytes_per_sec": 297867167.67121744,
    "resp_ver": 2,
    "used_memory": 413242944,
    "bytes_per_key": 175.49736526498538,
    "coverage_sampled": 2000,
    "coverage_retrievable": 2000,
    "coverage_fraction": 1,
    "coverage_keyspace": 2354696,
    "distinct_keys_est": 2353207,
    "key_draws": 17421488
  },
  "redis": {
    "target": "redis",
    "version": "redis 8.8.0",
    "workload": "mixed",
    "skipped": false,
    "ops": 23041504,
    "errors": 0,
    "ops_per_sec": 2304025.6252618614,
    "min_us": 23.636,
    "p50_us": 344.575,
    "p99_us": 2734.079,
    "p999_us": 4960.255,
    "nil_replies": 0,
    "err_replies": 0,
    "hit_ratio": 1,
    "value_ops_per_sec": 2304025.6252618614,
    "bytes_per_sec": 393955461.5025868,
    "resp_ver": 2,
    "used_memory": 495937064,
    "bytes_per_key": 210.61617465694084,
    "coverage_sampled": 2000,
    "coverage_retrievable": 2000,
    "coverage_fraction": 1,
    "coverage_keyspace": 2354696,
    "distinct_keys_est": 2354553,
    "key_draws": 23041504,
    "server_hits": 3412814,
    "maxmemory_policy": "noeviction"
  },
  "valkey": {
    "target": "valkey",
    "version": "valkey 9.1.0",
    "workload": "mixed",
    "skipped": false,
    "ops": 22913056,
    "errors": 0,
    "ops_per_sec": 2291121.6036898023,
    "min_us": 18.129,
    "p50_us": 314.623,
    "p99_us": 4020.223,
    "p999_us": 7192.575,
    "nil_replies": 0,
    "err_replies": 0,
    "hit_ratio": 1,
    "value_ops_per_sec": 2291121.6036898023,
    "bytes_per_sec": 391749067.25920695,
    "resp_ver": 2,
    "used_memory": 490153440,
    "bytes_per_key": 208.15996629713558,
    "coverage_sampled": 2000,
    "coverage_retrievable": 2000,
    "coverage_fraction": 1,
    "coverage_keyspace": 2354696,
    "distinct_keys_est": 2354543,
    "key_draws": 22913056,
    "server_hits": 3448200,
    "maxmemory_policy": "noeviction"
  },
  "gate": {
    "pass": false,
    "reason": "aki is 0.76x Redis, below the 2.0x bar",
    "required_speedup": 2,
    "speedup_vs_redis": 0.756093230035322,
    "speedup_vs_valkey": 0.7603516872621888,
    "tail_regressed_vs_redis": true,
    "tail_regressed_vs_valkey": false
  },
  "generator_bound": false
}
