{
  "workload": "mixed",
  "cell": {
    "keyspace": 127948,
    "value_size": 4096,
    "dist": "uniform",
    "pipeline": 16,
    "connections": 64
  },
  "timestamp": "2026-07-16T04:58:56.785758224Z",
  "aki": {
    "target": "aki",
    "version": "unknown",
    "workload": "mixed",
    "skipped": false,
    "ops": 14421584,
    "errors": 0,
    "ops_per_sec": 1442057.4246876256,
    "min_us": 22.95,
    "p50_us": 470.015,
    "p99_us": 3262.463,
    "p999_us": 6037.503,
    "nil_replies": 0,
    "err_replies": 0,
    "hit_ratio": 1,
    "value_ops_per_sec": 1442057.4246876256,
    "bytes_per_sec": 5967016965.328158,
    "resp_ver": 2,
    "used_memory": 532337600,
    "bytes_per_key": 4160.577734704724,
    "coverage_sampled": 2000,
    "coverage_retrievable": 2000,
    "coverage_fraction": 1,
    "coverage_keyspace": 127948,
    "distinct_keys_est": 127948,
    "key_draws": 14421584
  },
  "redis": {
    "target": "redis",
    "version": "redis 8.8.0",
    "workload": "mixed",
    "skipped": false,
    "ops": 11851776,
    "errors": 0,
    "ops_per_sec": 1185012.4579673714,
    "min_us": 19.814,
    "p50_us": 364.031,
    "p99_us": 5050.367,
    "p999_us": 8560.639,
    "nil_replies": 0,
    "err_replies": 0,
    "hit_ratio": 1,
    "value_ops_per_sec": 1185012.4579673714,
    "bytes_per_sec": 4903403549.675061,
    "resp_ver": 2,
    "used_memory": 662370904,
    "bytes_per_key": 5176.875793291025,
    "coverage_sampled": 2000,
    "coverage_retrievable": 2000,
    "coverage_fraction": 1,
    "coverage_keyspace": 127948,
    "distinct_keys_est": 127948,
    "key_draws": 11851776,
    "server_hits": 1777614,
    "maxmemory_policy": "noeviction"
  },
  "valkey": {
    "target": "valkey",
    "version": "valkey 9.1.0",
    "workload": "mixed",
    "skipped": false,
    "ops": 13875968,
    "errors": 0,
    "ops_per_sec": 1387471.7399572246,
    "min_us": 10.901,
    "p50_us": 275.199,
    "p99_us": 5505.023,
    "p999_us": 9404.415,
    "nil_replies": 0,
    "err_replies": 0,
    "hit_ratio": 1,
    "value_ops_per_sec": 1387471.7399572246,
    "bytes_per_sec": 5741149674.2258835,
    "resp_ver": 2,
    "used_memory": 663003872,
    "bytes_per_key": 5181.822865539125,
    "coverage_sampled": 2000,
    "coverage_retrievable": 2000,
    "coverage_fraction": 1,
    "coverage_keyspace": 127948,
    "distinct_keys_est": 127948,
    "key_draws": 13875968,
    "server_hits": 2057716,
    "maxmemory_policy": "noeviction"
  },
  "gate": {
    "pass": false,
    "reason": "aki is 1.22x Redis, below the 2.0x bar",
    "required_speedup": 2,
    "speedup_vs_redis": 1.2169133033091974,
    "speedup_vs_valkey": 1.039341835338631,
    "tail_regressed_vs_redis": false,
    "tail_regressed_vs_valkey": false
  },
  "generator_bound": false
}
