{
  "workload": "mixed",
  "cell": {
    "keyspace": 18512790,
    "value_size": 16,
    "dist": "uniform",
    "pipeline": 16,
    "connections": 64
  },
  "timestamp": "2026-07-16T04:24:39.910694395Z",
  "aki": {
    "target": "aki",
    "version": "unknown",
    "workload": "mixed",
    "skipped": false,
    "ops": 17349744,
    "errors": 0,
    "ops_per_sec": 1734841.9148070393,
    "min_us": 19.064,
    "p50_us": 402.943,
    "p99_us": 3403.775,
    "p999_us": 6098.943,
    "nil_replies": 0,
    "err_replies": 0,
    "hit_ratio": 1,
    "value_ops_per_sec": 1734841.9148070393,
    "bytes_per_sec": 102172471.26423523,
    "resp_ver": 2,
    "used_memory": 1179571360,
    "bytes_per_key": 63.716563521759824,
    "coverage_sampled": 2000,
    "coverage_retrievable": 2000,
    "coverage_fraction": 1,
    "coverage_keyspace": 18512790,
    "distinct_keys_est": 11260463,
    "key_draws": 17349744
  },
  "redis": {
    "target": "redis",
    "version": "redis 8.8.0",
    "workload": "mixed",
    "skipped": false,
    "ops": 22078704,
    "errors": 0,
    "ops_per_sec": 2207793.6085227085,
    "min_us": 23.493,
    "p50_us": 356.095,
    "p99_us": 2879.487,
    "p999_us": 5029.887,
    "nil_replies": 0,
    "err_replies": 0,
    "hit_ratio": 1,
    "value_ops_per_sec": 2207793.6085227085,
    "bytes_per_sec": 130026644.11326446,
    "resp_ver": 2,
    "used_memory": 1374306440,
    "bytes_per_key": 74.23551177321193,
    "coverage_sampled": 2000,
    "coverage_retrievable": 2000,
    "coverage_fraction": 1,
    "coverage_keyspace": 18512790,
    "distinct_keys_est": 12895673,
    "key_draws": 22078704,
    "server_hits": 2948228,
    "maxmemory_policy": "noeviction"
  },
  "valkey": {
    "target": "valkey",
    "version": "valkey 9.1.0",
    "workload": "mixed",
    "skipped": false,
    "ops": 24123696,
    "errors": 0,
    "ops_per_sec": 2412187.961764042,
    "min_us": 15.879,
    "p50_us": 301.823,
    "p99_us": 3743.743,
    "p999_us": 6758.399,
    "nil_replies": 0,
    "err_replies": 0,
    "hit_ratio": 1,
    "value_ops_per_sec": 2412187.961764042,
    "bytes_per_sec": 142064264.93243775,
    "resp_ver": 2,
    "used_memory": 1179275152,
    "bytes_per_key": 63.70056334026368,
    "coverage_sampled": 2000,
    "coverage_retrievable": 2000,
    "coverage_fraction": 1,
    "coverage_keyspace": 18512790,
    "distinct_keys_est": 13482205,
    "key_draws": 24123696,
    "server_hits": 3617204,
    "maxmemory_policy": "noeviction"
  },
  "gate": {
    "pass": false,
    "reason": "aki is 0.79x Redis, below the 2.0x bar",
    "required_speedup": 2,
    "speedup_vs_redis": 0.7857808393456971,
    "speedup_vs_valkey": 0.7191984796816344,
    "tail_regressed_vs_redis": true,
    "tail_regressed_vs_valkey": false
  },
  "generator_bound": false
}
