{
  "workload": "mixed",
  "cell": {
    "keyspace": 1157049,
    "value_size": 16,
    "dist": "uniform",
    "pipeline": 16,
    "connections": 64
  },
  "timestamp": "2026-07-16T04:21:03.011885534Z",
  "aki": {
    "target": "aki",
    "version": "unknown",
    "workload": "mixed",
    "skipped": false,
    "ops": 17538912,
    "errors": 0,
    "ops_per_sec": 1753794.2064114143,
    "min_us": 22.64,
    "p50_us": 389.375,
    "p99_us": 3549.183,
    "p999_us": 6529.023,
    "nil_replies": 0,
    "err_replies": 0,
    "hit_ratio": 1,
    "value_ops_per_sec": 1753794.2064114143,
    "bytes_per_sec": 100761338.79415798,
    "resp_ver": 2,
    "used_memory": 73639088,
    "bytes_per_key": 63.643880250533904,
    "coverage_sampled": 2000,
    "coverage_retrievable": 2000,
    "coverage_fraction": 1,
    "coverage_keyspace": 1157049,
    "distinct_keys_est": 1157049,
    "key_draws": 17538912
  },
  "redis": {
    "target": "redis",
    "version": "redis 8.8.0",
    "workload": "mixed",
    "skipped": false,
    "ops": 24607600,
    "errors": 0,
    "ops_per_sec": 2460600.8328363467,
    "min_us": 21.522,
    "p50_us": 304.639,
    "p99_us": 2918.399,
    "p999_us": 5185.535,
    "nil_replies": 0,
    "err_replies": 0,
    "hit_ratio": 1,
    "value_ops_per_sec": 2460600.8328363467,
    "bytes_per_sec": 141369513.82921758,
    "resp_ver": 2,
    "used_memory": 86494080,
    "bytes_per_key": 74.75403375310812,
    "coverage_sampled": 2000,
    "coverage_retrievable": 2000,
    "coverage_fraction": 1,
    "coverage_keyspace": 1157049,
    "distinct_keys_est": 1157049,
    "key_draws": 24607600,
    "server_hits": 3670108,
    "maxmemory_policy": "noeviction"
  },
  "valkey": {
    "target": "valkey",
    "version": "valkey 9.1.0",
    "workload": "mixed",
    "skipped": false,
    "ops": 26358960,
    "errors": 0,
    "ops_per_sec": 2635670.7603210304,
    "min_us": 14.619,
    "p50_us": 264.959,
    "p99_us": 3819.519,
    "p999_us": 6819.839,
    "nil_replies": 0,
    "err_replies": 0,
    "hit_ratio": 1,
    "value_ops_per_sec": 2635670.7603210304,
    "bytes_per_sec": 151427880.74588165,
    "resp_ver": 2,
    "used_memory": 74477728,
    "bytes_per_key": 64.36868965791423,
    "coverage_sampled": 2000,
    "coverage_retrievable": 2000,
    "coverage_fraction": 1,
    "coverage_keyspace": 1157049,
    "distinct_keys_est": 1157049,
    "key_draws": 26358960,
    "server_hits": 3956978,
    "maxmemory_policy": "noeviction"
  },
  "gate": {
    "pass": false,
    "reason": "aki is 0.71x Redis, below the 2.0x bar",
    "required_speedup": 2,
    "speedup_vs_redis": 0.7127503912895157,
    "speedup_vs_valkey": 0.6654071642080964,
    "tail_regressed_vs_redis": true,
    "tail_regressed_vs_valkey": false
  },
  "generator_bound": false
}
