{
  "workload": "mixed",
  "cell": {
    "keyspace": 588674,
    "value_size": 128,
    "dist": "uniform",
    "pipeline": 16,
    "connections": 64
  },
  "timestamp": "2026-07-16T04:34:07.49579956Z",
  "aki": {
    "target": "aki",
    "version": "unknown",
    "workload": "mixed",
    "skipped": false,
    "ops": 17654480,
    "errors": 0,
    "ops_per_sec": 1765208.0069089215,
    "min_us": 18.628,
    "p50_us": 386.303,
    "p99_us": 3516.415,
    "p999_us": 6176.767,
    "nil_replies": 0,
    "err_replies": 0,
    "hit_ratio": 1,
    "value_ops_per_sec": 1765208.0069089215,
    "bytes_per_sec": 300335379.2827047,
    "resp_ver": 2,
    "used_memory": 103258560,
    "bytes_per_key": 175.40873216754943,
    "coverage_sampled": 2000,
    "coverage_retrievable": 2000,
    "coverage_fraction": 1,
    "coverage_keyspace": 588674,
    "distinct_keys_est": 588674,
    "key_draws": 17654480
  },
  "redis": {
    "target": "redis",
    "version": "redis 8.8.0",
    "workload": "mixed",
    "skipped": false,
    "ops": 24600128,
    "errors": 0,
    "ops_per_sec": 2459828.2002248513,
    "min_us": 24.315,
    "p50_us": 318.975,
    "p99_us": 2578.431,
    "p999_us": 4837.375,
    "nil_replies": 0,
    "err_replies": 0,
    "hit_ratio": 1,
    "value_ops_per_sec": 2459828.2002248513,
    "bytes_per_sec": 418518879.5158716,
    "resp_ver": 2,
    "used_memory": 125059672,
    "bytes_per_key": 212.44300240880352,
    "coverage_sampled": 2000,
    "coverage_retrievable": 2000,
    "coverage_fraction": 1,
    "coverage_keyspace": 588674,
    "distinct_keys_est": 588674,
    "key_draws": 24600128,
    "server_hits": 3679442,
    "maxmemory_policy": "noeviction"
  },
  "valkey": {
    "target": "valkey",
    "version": "valkey 9.1.0",
    "workload": "mixed",
    "skipped": false,
    "ops": 24182640,
    "errors": 0,
    "ops_per_sec": 2418051.745352234,
    "min_us": 17.043,
    "p50_us": 287.487,
    "p99_us": 4108.287,
    "p999_us": 7340.031,
    "nil_replies": 0,
    "err_replies": 0,
    "hit_ratio": 1,
    "value_ops_per_sec": 2418051.745352234,
    "bytes_per_sec": 411410967.1744302,
    "resp_ver": 2,
    "used_memory": 123766752,
    "bytes_per_key": 210.24667642871947,
    "coverage_sampled": 2000,
    "coverage_retrievable": 2000,
    "coverage_fraction": 1,
    "coverage_keyspace": 588674,
    "distinct_keys_est": 588674,
    "key_draws": 24182640,
    "server_hits": 3622074,
    "maxmemory_policy": "noeviction"
  },
  "gate": {
    "pass": false,
    "reason": "aki is 0.72x Redis, below the 2.0x bar",
    "required_speedup": 2,
    "speedup_vs_redis": 0.7176143467041987,
    "speedup_vs_valkey": 0.7300125029589829,
    "tail_regressed_vs_redis": true,
    "tail_regressed_vs_valkey": false
  },
  "generator_bound": false
}
