{
  "workload": "mixed",
  "cell": {
    "keyspace": 4628197,
    "value_size": 16,
    "dist": "uniform",
    "pipeline": 16,
    "connections": 64
  },
  "timestamp": "2026-07-16T04:23:00.325395091Z",
  "aki": {
    "target": "aki",
    "version": "unknown",
    "workload": "mixed",
    "skipped": false,
    "ops": 17353088,
    "errors": 0,
    "ops_per_sec": 1735061.639254945,
    "min_us": 18.611,
    "p50_us": 395.519,
    "p99_us": 3565.567,
    "p999_us": 6172.671,
    "nil_replies": 0,
    "err_replies": 0,
    "hit_ratio": 1,
    "value_ops_per_sec": 1735061.639254945,
    "bytes_per_sec": 101047068.57434864,
    "resp_ver": 2,
    "used_memory": 294814896,
    "bytes_per_key": 63.69972928982928,
    "coverage_sampled": 2000,
    "coverage_retrievable": 2000,
    "coverage_fraction": 1,
    "coverage_keyspace": 4628197,
    "distinct_keys_est": 4519597,
    "key_draws": 17353088
  },
  "redis": {
    "target": "redis",
    "version": "redis 8.8.0",
    "workload": "mixed",
    "skipped": false,
    "ops": 23993504,
    "errors": 0,
    "ops_per_sec": 2399024.481008937,
    "min_us": 24.522,
    "p50_us": 318.207,
    "p99_us": 2891.775,
    "p999_us": 5177.343,
    "nil_replies": 0,
    "err_replies": 0,
    "hit_ratio": 1,
    "value_ops_per_sec": 2399024.481008937,
    "bytes_per_sec": 139714951.4532133,
    "resp_ver": 2,
    "used_memory": 344061584,
    "bytes_per_key": 74.34030660319775,
    "coverage_sampled": 2000,
    "coverage_retrievable": 2000,
    "coverage_fraction": 1,
    "coverage_keyspace": 4628197,
    "distinct_keys_est": 4602547,
    "key_draws": 23993504,
    "server_hits": 3494500,
    "maxmemory_policy": "noeviction"
  },
  "valkey": {
    "target": "valkey",
    "version": "valkey 9.1.0",
    "workload": "mixed",
    "skipped": false,
    "ops": 25872112,
    "errors": 0,
    "ops_per_sec": 2587004.6688105697,
    "min_us": 15.9,
    "p50_us": 272.895,
    "p99_us": 3815.423,
    "p999_us": 6881.279,
    "nil_replies": 0,
    "err_replies": 0,
    "hit_ratio": 1,
    "value_ops_per_sec": 2587004.6688105697,
    "bytes_per_sec": 150662580.9884431,
    "resp_ver": 2,
    "used_memory": 295461856,
    "bytes_per_key": 63.83951590651824,
    "coverage_sampled": 2000,
    "coverage_retrievable": 2000,
    "coverage_fraction": 1,
    "coverage_keyspace": 4628197,
    "distinct_keys_est": 4611035,
    "key_draws": 25872112,
    "server_hits": 3883212,
    "maxmemory_policy": "noeviction"
  },
  "gate": {
    "pass": false,
    "reason": "aki is 0.72x Redis, below the 2.0x bar",
    "required_speedup": 2,
    "speedup_vs_redis": 0.7232363208420638,
    "speedup_vs_valkey": 0.6706836134364909,
    "tail_regressed_vs_redis": true,
    "tail_regressed_vs_valkey": false
  },
  "generator_bound": false
}
