{
  "workload": "mixed",
  "cell": {
    "keyspace": 127948,
    "value_size": 4096,
    "dist": "zipfian",
    "zipf_s": 0.99,
    "pipeline": 16,
    "connections": 64
  },
  "timestamp": "2026-07-16T05:04:47.082694777Z",
  "aki": {
    "target": "aki",
    "version": "unknown",
    "workload": "mixed",
    "skipped": false,
    "ops": 14938720,
    "errors": 0,
    "ops_per_sec": 1493772.1145956183,
    "min_us": 22.048,
    "p50_us": 461.823,
    "p99_us": 3323.903,
    "p999_us": 5730.303,
    "nil_replies": 0,
    "err_replies": 0,
    "hit_ratio": 1,
    "value_ops_per_sec": 1493772.1145956183,
    "bytes_per_sec": 6177546940.108963,
    "resp_ver": 2,
    "used_memory": 532337600,
    "bytes_per_key": 4160.577734704724,
    "coverage_sampled": 2000,
    "coverage_retrievable": 2000,
    "coverage_fraction": 1,
    "coverage_keyspace": 127948,
    "distinct_keys_est": 127947,
    "key_draws": 14938720
  },
  "redis": {
    "target": "redis",
    "version": "redis 8.8.0",
    "workload": "mixed",
    "skipped": false,
    "ops": 11728880,
    "errors": 0,
    "ops_per_sec": 1172741.5598786923,
    "min_us": 21.316,
    "p50_us": 364.031,
    "p99_us": 5304.319,
    "p999_us": 9052.159,
    "nil_replies": 0,
    "err_replies": 0,
    "hit_ratio": 1,
    "value_ops_per_sec": 1172741.5598786923,
    "bytes_per_sec": 4849913758.453974,
    "resp_ver": 2,
    "used_memory": 662369016,
    "bytes_per_key": 5176.861037296401,
    "coverage_sampled": 2000,
    "coverage_retrievable": 2000,
    "coverage_fraction": 1,
    "coverage_keyspace": 127948,
    "distinct_keys_est": 127946,
    "key_draws": 11728880,
    "server_hits": 1750428,
    "maxmemory_policy": "noeviction"
  },
  "valkey": {
    "target": "valkey",
    "version": "valkey 9.1.0",
    "workload": "mixed",
    "skipped": false,
    "ops": 14442208,
    "errors": 0,
    "ops_per_sec": 1444033.890173795,
    "min_us": 16.768,
    "p50_us": 264.959,
    "p99_us": 5398.527,
    "p999_us": 9560.063,
    "nil_replies": 0,
    "err_replies": 0,
    "hit_ratio": 1,
    "value_ops_per_sec": 1444033.890173795,
    "bytes_per_sec": 5971852752.564305,
    "resp_ver": 2,
    "used_memory": 663006368,
    "bytes_per_key": 5181.84237346422,
    "coverage_sampled": 2000,
    "coverage_retrievable": 2000,
    "coverage_fraction": 1,
    "coverage_keyspace": 127948,
    "distinct_keys_est": 127947,
    "key_draws": 14442208,
    "server_hits": 2139600,
    "maxmemory_policy": "noeviction"
  },
  "gate": {
    "pass": false,
    "reason": "aki is 1.27x Redis, below the 2.0x bar",
    "required_speedup": 2,
    "speedup_vs_redis": 1.2737436496666268,
    "speedup_vs_valkey": 1.0344439453674021,
    "tail_regressed_vs_redis": false,
    "tail_regressed_vs_valkey": false
  },
  "generator_bound": false
}
