{
  "workload": "mixed",
  "cell": {
    "keyspace": 2354696,
    "value_size": 128,
    "dist": "uniform",
    "pipeline": 16,
    "connections": 64
  },
  "timestamp": "2026-07-16T04:35:48.170321661Z",
  "aki": {
    "target": "aki",
    "version": "unknown",
    "workload": "mixed",
    "skipped": false,
    "ops": 17381392,
    "errors": 0,
    "ops_per_sec": 1738004.5458384051,
    "min_us": 22.318,
    "p50_us": 398.335,
    "p99_us": 3532.799,
    "p999_us": 5976.063,
    "nil_replies": 0,
    "err_replies": 0,
    "hit_ratio": 1,
    "value_ops_per_sec": 1738004.5458384051,
    "bytes_per_sec": 297174080.4517907,
    "resp_ver": 2,
    "used_memory": 413242944,
    "bytes_per_key": 175.49736526498538,
    "coverage_sampled": 2000,
    "coverage_retrievable": 2000,
    "coverage_fraction": 1,
    "coverage_keyspace": 2354696,
    "distinct_keys_est": 2353186,
    "key_draws": 17381392
  },
  "redis": {
    "target": "redis",
    "version": "redis 8.8.0",
    "workload": "mixed",
    "skipped": false,
    "ops": 23495360,
    "errors": 0,
    "ops_per_sec": 2349310.093395522,
    "min_us": 25.985,
    "p50_us": 339.711,
    "p99_us": 2613.247,
    "p999_us": 4763.647,
    "nil_replies": 0,
    "err_replies": 0,
    "hit_ratio": 1,
    "value_ops_per_sec": 2349310.093395522,
    "bytes_per_sec": 401698581.6865931,
    "resp_ver": 2,
    "used_memory": 495946504,
    "bytes_per_key": 210.62018366702114,
    "coverage_sampled": 2000,
    "coverage_retrievable": 2000,
    "coverage_fraction": 1,
    "coverage_keyspace": 2354696,
    "distinct_keys_est": 2354577,
    "key_draws": 23495360,
    "server_hits": 3486982,
    "maxmemory_policy": "noeviction"
  },
  "valkey": {
    "target": "valkey",
    "version": "valkey 9.1.0",
    "workload": "mixed",
    "skipped": false,
    "ops": 23032752,
    "errors": 0,
    "ops_per_sec": 2303089.520316693,
    "min_us": 16.639,
    "p50_us": 313.599,
    "p99_us": 3995.647,
    "p999_us": 7008.255,
    "nil_replies": 0,
    "err_replies": 0,
    "hit_ratio": 1,
    "value_ops_per_sec": 2303089.520316693,
    "bytes_per_sec": 393795428.5249615,
    "resp_ver": 2,
    "used_memory": 490177312,
    "bytes_per_key": 208.17010433618609,
    "coverage_sampled": 2000,
    "coverage_retrievable": 2000,
    "coverage_fraction": 1,
    "coverage_keyspace": 2354696,
    "distinct_keys_est": 2354547,
    "key_draws": 23032752,
    "server_hits": 3455736,
    "maxmemory_policy": "noeviction"
  },
  "gate": {
    "pass": false,
    "reason": "aki is 0.74x Redis, below the 2.0x bar",
    "required_speedup": 2,
    "speedup_vs_redis": 0.7397935890729604,
    "speedup_vs_valkey": 0.7546404646917136,
    "tail_regressed_vs_redis": true,
    "tail_regressed_vs_valkey": false
  },
  "generator_bound": false
}
