{
  "workload": "mixed",
  "cell": {
    "keyspace": 31987,
    "value_size": 4096,
    "dist": "uniform",
    "pipeline": 16,
    "connections": 64
  },
  "timestamp": "2026-07-16T04:57:22.479103884Z",
  "aki": {
    "target": "aki",
    "version": "unknown",
    "workload": "mixed",
    "skipped": false,
    "ops": 14510112,
    "errors": 0,
    "ops_per_sec": 1450926.9555536432,
    "min_us": 16.966,
    "p50_us": 470.527,
    "p99_us": 3383.295,
    "p999_us": 5832.703,
    "nil_replies": 0,
    "err_replies": 0,
    "hit_ratio": 1,
    "value_ops_per_sec": 1450926.9555536432,
    "bytes_per_sec": 6002706167.273163,
    "resp_ver": 2,
    "used_memory": 133025424,
    "bytes_per_key": 4158.733985681683,
    "coverage_sampled": 2000,
    "coverage_retrievable": 2000,
    "coverage_fraction": 1,
    "coverage_keyspace": 31987,
    "distinct_keys_est": 31987,
    "key_draws": 14510112
  },
  "redis": {
    "target": "redis",
    "version": "redis 8.8.0",
    "workload": "mixed",
    "skipped": false,
    "ops": 12099984,
    "errors": 0,
    "ops_per_sec": 1209906.7583953708,
    "min_us": 19.228,
    "p50_us": 347.903,
    "p99_us": 5206.015,
    "p999_us": 8716.287,
    "nil_replies": 0,
    "err_replies": 0,
    "hit_ratio": 1,
    "value_ops_per_sec": 1209906.7583953708,
    "bytes_per_sec": 5005568744.608248,
    "resp_ver": 2,
    "used_memory": 166635784,
    "bytes_per_key": 5209.484603120018,
    "coverage_sampled": 2000,
    "coverage_retrievable": 2000,
    "coverage_fraction": 1,
    "coverage_keyspace": 31987,
    "distinct_keys_est": 31987,
    "key_draws": 12099984,
    "server_hits": 1816760,
    "maxmemory_policy": "noeviction"
  },
  "valkey": {
    "target": "valkey",
    "version": "valkey 9.1.0",
    "workload": "mixed",
    "skipped": false,
    "ops": 14418016,
    "errors": 0,
    "ops_per_sec": 1441634.6470306332,
    "min_us": 14.423,
    "p50_us": 257.151,
    "p99_us": 5541.887,
    "p999_us": 9633.791,
    "nil_replies": 0,
    "err_replies": 0,
    "hit_ratio": 1,
    "value_ops_per_sec": 1441634.6470306332,
    "bytes_per_sec": 5964262437.099258,
    "resp_ver": 2,
    "used_memory": 166967168,
    "bytes_per_key": 5219.844561853253,
    "coverage_sampled": 2000,
    "coverage_retrievable": 2000,
    "coverage_fraction": 1,
    "coverage_keyspace": 31987,
    "distinct_keys_est": 31987,
    "key_draws": 14418016,
    "server_hits": 2132518,
    "maxmemory_policy": "noeviction"
  },
  "gate": {
    "pass": false,
    "reason": "aki is 1.20x Redis, below the 2.0x bar",
    "required_speedup": 2,
    "speedup_vs_redis": 1.1992055962047221,
    "speedup_vs_valkey": 1.0064456750828996,
    "tail_regressed_vs_redis": false,
    "tail_regressed_vs_valkey": false
  },
  "generator_bound": false
}
