{
  "workload": "mixed",
  "cell": {
    "keyspace": 511793,
    "value_size": 4096,
    "dist": "uniform",
    "pipeline": 16,
    "connections": 64
  },
  "timestamp": "2026-07-16T05:01:38.412282555Z",
  "aki": {
    "target": "aki",
    "version": "unknown",
    "workload": "mixed",
    "skipped": false,
    "ops": 5780896,
    "errors": 0,
    "ops_per_sec": 578051.1637595784,
    "min_us": 43.753,
    "p50_us": 1653.759,
    "p99_us": 3201.023,
    "p999_us": 4382.719,
    "nil_replies": 294785,
    "err_replies": 2649984,
    "hit_ratio": 0.4906033597559963,
    "value_ops_per_sec": 283593.8430513127,
    "bytes_per_sec": 2284469585.0207767,
    "resp_ver": 2,
    "used_memory": 1044433984,
    "bytes_per_key": 2040.735187859154,
    "coverage_sampled": 2000,
    "coverage_retrievable": 948,
    "coverage_missing": 1052,
    "coverage_fraction": 0.474,
    "coverage_keyspace": 511793,
    "distinct_keys_est": 511784,
    "key_draws": 5780896
  },
  "redis": {
    "target": "redis",
    "version": "redis 8.8.0",
    "workload": "mixed",
    "skipped": false,
    "ops": 11102672,
    "errors": 0,
    "ops_per_sec": 1110151.471482749,
    "min_us": 20.061,
    "p50_us": 394.495,
    "p99_us": 5349.375,
    "p999_us": 9175.039,
    "nil_replies": 0,
    "err_replies": 0,
    "hit_ratio": 1,
    "value_ops_per_sec": 1110151.471482749,
    "bytes_per_sec": 4595013968.952296,
    "resp_ver": 2,
    "used_memory": 2645303480,
    "bytes_per_key": 5168.698047843562,
    "coverage_sampled": 2000,
    "coverage_retrievable": 2000,
    "coverage_fraction": 1,
    "coverage_keyspace": 511793,
    "distinct_keys_est": 511793,
    "key_draws": 11102672,
    "server_hits": 1649760,
    "maxmemory_policy": "noeviction"
  },
  "valkey": {
    "target": "valkey",
    "version": "valkey 9.1.0",
    "workload": "mixed",
    "skipped": false,
    "ops": 13221552,
    "errors": 0,
    "ops_per_sec": 1322032.2134584335,
    "min_us": 16.236,
    "p50_us": 294.399,
    "p99_us": 5529.599,
    "p999_us": 9822.207,
    "nil_replies": 0,
    "err_replies": 0,
    "hit_ratio": 1,
    "value_ops_per_sec": 1322032.2134584335,
    "bytes_per_sec": 5472006956.448052,
    "resp_ver": 2,
    "used_memory": 2647148864,
    "bytes_per_key": 5172.303771251268,
    "coverage_sampled": 2000,
    "coverage_retrievable": 2000,
    "coverage_fraction": 1,
    "coverage_keyspace": 511793,
    "distinct_keys_est": 511793,
    "key_draws": 13221552,
    "server_hits": 1949824,
    "maxmemory_policy": "noeviction"
  },
  "gate": {
    "pass": false,
    "reason": "aki is 0.26x Redis, below the 2.0x bar",
    "required_speedup": 2,
    "speedup_vs_redis": 0.25545508909026343,
    "speedup_vs_valkey": 0.21451356492247026,
    "tail_regressed_vs_redis": false,
    "tail_regressed_vs_valkey": false
  },
  "generator_bound": false
}
