{
  "workload": "mixed",
  "cell": {
    "keyspace": 877240,
    "value_size": 512,
    "dist": "zipfian",
    "zipf_s": 0.99,
    "pipeline": 16,
    "connections": 64
  },
  "timestamp": "2026-07-16T04:53:33.765181097Z",
  "aki": {
    "target": "aki",
    "version": "unknown",
    "workload": "mixed",
    "skipped": false,
    "ops": 17730480,
    "errors": 0,
    "ops_per_sec": 1772834.1862692647,
    "min_us": 18.995,
    "p50_us": 376.575,
    "p99_us": 3545.087,
    "p999_us": 6172.671,
    "nil_replies": 0,
    "err_replies": 0,
    "hit_ratio": 1,
    "value_ops_per_sec": 1772834.1862692647,
    "bytes_per_sec": 977016174.4780674,
    "resp_ver": 2,
    "used_memory": 494308608,
    "bytes_per_key": 563.4816105056769,
    "coverage_sampled": 2000,
    "coverage_retrievable": 2000,
    "coverage_fraction": 1,
    "coverage_keyspace": 877240,
    "distinct_keys_est": 814824,
    "key_draws": 17730480
  },
  "redis": {
    "target": "redis",
    "version": "redis 8.8.0",
    "workload": "mixed",
    "skipped": false,
    "ops": 23834896,
    "errors": 0,
    "ops_per_sec": 2383351.138023961,
    "min_us": 24.98,
    "p50_us": 323.327,
    "p99_us": 2746.367,
    "p999_us": 5033.983,
    "nil_replies": 0,
    "err_replies": 0,
    "hit_ratio": 1,
    "value_ops_per_sec": 2383351.138023961,
    "bytes_per_sec": 1313474126.3638918,
    "resp_ver": 2,
    "used_memory": 603854744,
    "bytes_per_key": 688.3575121973462,
    "coverage_sampled": 2000,
    "coverage_retrievable": 2000,
    "coverage_fraction": 1,
    "coverage_keyspace": 877240,
    "distinct_keys_est": 846100,
    "key_draws": 23834896,
    "server_hits": 3571516,
    "maxmemory_policy": "noeviction"
  },
  "valkey": {
    "target": "valkey",
    "version": "valkey 9.1.0",
    "workload": "mixed",
    "skipped": false,
    "ops": 22690320,
    "errors": 0,
    "ops_per_sec": 2268721.308599161,
    "min_us": 18.186,
    "p50_us": 311.039,
    "p99_us": 4040.703,
    "p999_us": 7016.447,
    "nil_replies": 0,
    "err_replies": 0,
    "hit_ratio": 1,
    "value_ops_per_sec": 2268721.308599161,
    "bytes_per_sec": 1250301047.772832,
    "resp_ver": 2,
    "used_memory": 602581792,
    "bytes_per_key": 686.9064246956364,
    "coverage_sampled": 2000,
    "coverage_retrievable": 2000,
    "coverage_fraction": 1,
    "coverage_keyspace": 877240,
    "distinct_keys_est": 841888,
    "key_draws": 22690320,
    "server_hits": 3401994,
    "maxmemory_policy": "noeviction"
  },
  "gate": {
    "pass": false,
    "reason": "aki is 0.74x Redis, below the 2.0x bar",
    "required_speedup": 2,
    "speedup_vs_redis": 0.7438409548578409,
    "speedup_vs_valkey": 0.7814243995283469,
    "tail_regressed_vs_redis": true,
    "tail_regressed_vs_valkey": false
  },
  "generator_bound": false
}
