{
  "workload": "mixed",
  "cell": {
    "keyspace": 4628197,
    "value_size": 16,
    "dist": "zipfian",
    "zipf_s": 0.99,
    "pipeline": 16,
    "connections": 64
  },
  "timestamp": "2026-07-16T04:28:56.585812702Z",
  "aki": {
    "target": "aki",
    "version": "unknown",
    "workload": "mixed",
    "skipped": false,
    "ops": 17456320,
    "errors": 0,
    "ops_per_sec": 1745431.5523714647,
    "min_us": 22.025,
    "p50_us": 393.215,
    "p99_us": 3405.823,
    "p999_us": 5943.295,
    "nil_replies": 0,
    "err_replies": 0,
    "hit_ratio": 1,
    "value_ops_per_sec": 1745431.5523714647,
    "bytes_per_sec": 95279195.5133243,
    "resp_ver": 2,
    "used_memory": 294814896,
    "bytes_per_key": 63.69972928982928,
    "coverage_sampled": 2000,
    "coverage_retrievable": 2000,
    "coverage_fraction": 1,
    "coverage_keyspace": 4628197,
    "distinct_keys_est": 2251241,
    "key_draws": 17456320
  },
  "redis": {
    "target": "redis",
    "version": "redis 8.8.0",
    "workload": "mixed",
    "skipped": false,
    "ops": 24346176,
    "errors": 0,
    "ops_per_sec": 2434479.9452528716,
    "min_us": 24.138,
    "p50_us": 305.919,
    "p99_us": 2881.535,
    "p999_us": 5238.783,
    "nil_replies": 0,
    "err_replies": 0,
    "hit_ratio": 1,
    "value_ops_per_sec": 2434479.9452528716,
    "bytes_per_sec": 132892397.25886786,
    "resp_ver": 2,
    "used_memory": 344051600,
    "bytes_per_key": 74.33814939165295,
    "coverage_sampled": 2000,
    "coverage_retrievable": 2000,
    "coverage_fraction": 1,
    "coverage_keyspace": 4628197,
    "distinct_keys_est": 2670056,
    "key_draws": 24346176,
    "server_hits": 3549038,
    "maxmemory_policy": "noeviction"
  },
  "valkey": {
    "target": "valkey",
    "version": "valkey 9.1.0",
    "workload": "mixed",
    "skipped": false,
    "ops": 25561344,
    "errors": 0,
    "ops_per_sec": 2555857.3624417414,
    "min_us": 15.69,
    "p50_us": 272.639,
    "p99_us": 3874.815,
    "p999_us": 7086.079,
    "nil_replies": 0,
    "err_replies": 0,
    "hit_ratio": 1,
    "value_ops_per_sec": 2555857.3624417414,
    "bytes_per_sec": 139518052.7918001,
    "resp_ver": 2,
    "used_memory": 295454880,
    "bytes_per_key": 63.83800862409271,
    "coverage_sampled": 2000,
    "coverage_retrievable": 2000,
    "coverage_fraction": 1,
    "coverage_keyspace": 4628197,
    "distinct_keys_est": 2732753,
    "key_draws": 25561344,
    "server_hits": 3826342,
    "maxmemory_policy": "noeviction"
  },
  "gate": {
    "pass": false,
    "reason": "aki is 0.72x Redis, below the 2.0x bar",
    "required_speedup": 2,
    "speedup_vs_redis": 0.7169627976500604,
    "speedup_vs_valkey": 0.682914304225477,
    "tail_regressed_vs_redis": true,
    "tail_regressed_vs_valkey": false
  },
  "generator_bound": false
}
