{
  "workload": "mixed",
  "cell": {
    "keyspace": 219310,
    "value_size": 512,
    "dist": "uniform",
    "pipeline": 16,
    "connections": 64
  },
  "timestamp": "2026-07-16T04:47:20.037986397Z",
  "aki": {
    "target": "aki",
    "version": "unknown",
    "workload": "mixed",
    "skipped": false,
    "ops": 17463424,
    "errors": 0,
    "ops_per_sec": 1746157.826403123,
    "min_us": 20.871,
    "p50_us": 394.495,
    "p99_us": 3471.359,
    "p999_us": 6025.215,
    "nil_replies": 0,
    "err_replies": 0,
    "hit_ratio": 1,
    "value_ops_per_sec": 1746157.826403123,
    "bytes_per_sec": 966563755.0013742,
    "resp_ver": 2,
    "used_memory": 123514656,
    "bytes_per_key": 563.1966440198805,
    "coverage_sampled": 2000,
    "coverage_retrievable": 2000,
    "coverage_fraction": 1,
    "coverage_keyspace": 219310,
    "distinct_keys_est": 219310,
    "key_draws": 17463424
  },
  "redis": {
    "target": "redis",
    "version": "redis 8.8.0",
    "workload": "mixed",
    "skipped": false,
    "ops": 23801248,
    "errors": 0,
    "ops_per_sec": 2379899.339760068,
    "min_us": 23.325,
    "p50_us": 322.047,
    "p99_us": 2887.679,
    "p999_us": 5185.535,
    "nil_replies": 0,
    "err_replies": 0,
    "hit_ratio": 1,
    "value_ops_per_sec": 2379899.339760068,
    "bytes_per_sec": 1317363478.6073813,
    "resp_ver": 2,
    "used_memory": 152032856,
    "bytes_per_key": 693.2326660890976,
    "coverage_sampled": 2000,
    "coverage_retrievable": 2000,
    "coverage_fraction": 1,
    "coverage_keyspace": 219310,
    "distinct_keys_est": 219310,
    "key_draws": 23801248,
    "server_hits": 3555754,
    "maxmemory_policy": "noeviction"
  },
  "valkey": {
    "target": "valkey",
    "version": "valkey 9.1.0",
    "workload": "mixed",
    "skipped": false,
    "ops": 22509760,
    "errors": 0,
    "ops_per_sec": 2250784.8761777887,
    "min_us": 19.793,
    "p50_us": 315.903,
    "p99_us": 4028.415,
    "p999_us": 6918.143,
    "nil_replies": 0,
    "err_replies": 0,
    "hit_ratio": 1,
    "value_ops_per_sec": 2250784.8761777887,
    "bytes_per_sec": 1245893623.5150847,
    "resp_ver": 2,
    "used_memory": 151864160,
    "bytes_per_key": 692.4634535588892,
    "coverage_sampled": 2000,
    "coverage_retrievable": 2000,
    "coverage_fraction": 1,
    "coverage_keyspace": 219310,
    "distinct_keys_est": 219310,
    "key_draws": 22509760,
    "server_hits": 3366786,
    "maxmemory_policy": "noeviction"
  },
  "gate": {
    "pass": false,
    "reason": "aki is 0.73x Redis, below the 2.0x bar",
    "required_speedup": 2,
    "speedup_vs_redis": 0.7337107907173771,
    "speedup_vs_valkey": 0.775799519929418,
    "tail_regressed_vs_redis": true,
    "tail_regressed_vs_valkey": false
  },
  "generator_bound": false
}
