{
  "workload": "mixed",
  "cell": {
    "keyspace": 1157049,
    "value_size": 16,
    "dist": "uniform",
    "pipeline": 16,
    "connections": 64
  },
  "timestamp": "2026-07-16T04:20:14.344051357Z",
  "aki": {
    "target": "aki",
    "version": "unknown",
    "workload": "mixed",
    "skipped": false,
    "ops": 17573776,
    "errors": 0,
    "ops_per_sec": 1757292.0732977095,
    "min_us": 16.266,
    "p50_us": 391.167,
    "p99_us": 3497.983,
    "p999_us": 6410.239,
    "nil_replies": 0,
    "err_replies": 0,
    "hit_ratio": 1,
    "value_ops_per_sec": 1757292.0732977095,
    "bytes_per_sec": 100962303.60506848,
    "resp_ver": 2,
    "used_memory": 73639088,
    "bytes_per_key": 63.643880250533904,
    "coverage_sampled": 2000,
    "coverage_retrievable": 2000,
    "coverage_fraction": 1,
    "coverage_keyspace": 1157049,
    "distinct_keys_est": 1157049,
    "key_draws": 17573776
  },
  "redis": {
    "target": "redis",
    "version": "redis 8.8.0",
    "workload": "mixed",
    "skipped": false,
    "ops": 25358976,
    "errors": 0,
    "ops_per_sec": 2535673.0519514806,
    "min_us": 22.12,
    "p50_us": 293.887,
    "p99_us": 2871.295,
    "p999_us": 5173.247,
    "nil_replies": 0,
    "err_replies": 0,
    "hit_ratio": 1,
    "value_ops_per_sec": 2535673.0519514806,
    "bytes_per_sec": 145682697.1813415,
    "resp_ver": 2,
    "used_memory": 86497840,
    "bytes_per_key": 74.75728339940659,
    "coverage_sampled": 2000,
    "coverage_retrievable": 2000,
    "coverage_fraction": 1,
    "coverage_keyspace": 1157049,
    "distinct_keys_est": 1157049,
    "key_draws": 25358976,
    "server_hits": 3784850,
    "maxmemory_policy": "noeviction"
  },
  "valkey": {
    "target": "valkey",
    "version": "valkey 9.1.0",
    "workload": "mixed",
    "skipped": false,
    "ops": 26753152,
    "errors": 0,
    "ops_per_sec": 2675119.111094038,
    "min_us": 15.767,
    "p50_us": 255.231,
    "p99_us": 3981.311,
    "p999_us": 7225.343,
    "nil_replies": 0,
    "err_replies": 0,
    "hit_ratio": 1,
    "value_ops_per_sec": 2675119.111094038,
    "bytes_per_sec": 153694310.25336412,
    "resp_ver": 2,
    "used_memory": 74478816,
    "bytes_per_key": 64.36962998109847,
    "coverage_sampled": 2000,
    "coverage_retrievable": 2000,
    "coverage_fraction": 1,
    "coverage_keyspace": 1157049,
    "distinct_keys_est": 1157049,
    "key_draws": 26753152,
    "server_hits": 4008934,
    "maxmemory_policy": "noeviction"
  },
  "gate": {
    "pass": false,
    "reason": "aki is 0.69x Redis, below the 2.0x bar",
    "required_speedup": 2,
    "speedup_vs_redis": 0.6930278617526338,
    "speedup_vs_valkey": 0.6569023659582146,
    "tail_regressed_vs_redis": true,
    "tail_regressed_vs_valkey": false
  },
  "generator_bound": false
}
