{
  "workload": "mixed",
  "cell": {
    "keyspace": 18512790,
    "value_size": 16,
    "dist": "zipfian",
    "zipf_s": 0.99,
    "pipeline": 16,
    "connections": 64
  },
  "timestamp": "2026-07-16T04:33:19.915627546Z",
  "aki": {
    "target": "aki",
    "version": "unknown",
    "workload": "mixed",
    "skipped": false,
    "ops": 17363184,
    "errors": 0,
    "ops_per_sec": 1736167.747342443,
    "min_us": 21.852,
    "p50_us": 401.919,
    "p99_us": 3332.095,
    "p999_us": 5935.103,
    "nil_replies": 0,
    "err_replies": 0,
    "hit_ratio": 1,
    "value_ops_per_sec": 1736167.747342443,
    "bytes_per_sec": 95429373.09746528,
    "resp_ver": 2,
    "used_memory": 1179571360,
    "bytes_per_key": 63.716563521759824,
    "coverage_sampled": 2000,
    "coverage_retrievable": 2000,
    "coverage_fraction": 1,
    "coverage_keyspace": 18512790,
    "distinct_keys_est": 3548290,
    "key_draws": 17363184
  },
  "redis": {
    "target": "redis",
    "version": "redis 8.8.0",
    "workload": "mixed",
    "skipped": false,
    "ops": 22300608,
    "errors": 0,
    "ops_per_sec": 2229896.149374102,
    "min_us": 28.929,
    "p50_us": 344.063,
    "p99_us": 2809.855,
    "p999_us": 4997.119,
    "nil_replies": 0,
    "err_replies": 0,
    "hit_ratio": 1,
    "value_ops_per_sec": 2229896.149374102,
    "bytes_per_sec": 122566675.64631698,
    "resp_ver": 2,
    "used_memory": 1374329000,
    "bytes_per_key": 74.23673039017889,
    "coverage_sampled": 2000,
    "coverage_retrievable": 2000,
    "coverage_fraction": 1,
    "coverage_keyspace": 18512790,
    "distinct_keys_est": 4224494,
    "key_draws": 22300608,
    "server_hits": 2943938,
    "maxmemory_policy": "noeviction"
  },
  "valkey": {
    "target": "valkey",
    "version": "valkey 9.1.0",
    "workload": "mixed",
    "skipped": false,
    "ops": 24000944,
    "errors": 0,
    "ops_per_sec": 2399930.122383193,
    "min_us": 16.366,
    "p50_us": 300.287,
    "p99_us": 3743.743,
    "p999_us": 6709.247,
    "nil_replies": 0,
    "err_replies": 0,
    "hit_ratio": 1,
    "value_ops_per_sec": 2399930.122383193,
    "bytes_per_sec": 131912546.85425529,
    "resp_ver": 2,
    "used_memory": 1179283344,
    "bytes_per_key": 63.70100584514814,
    "coverage_sampled": 2000,
    "coverage_retrievable": 2000,
    "coverage_fraction": 1,
    "coverage_keyspace": 18512790,
    "distinct_keys_est": 4442219,
    "key_draws": 24000944,
    "server_hits": 3601658,
    "maxmemory_policy": "noeviction"
  },
  "gate": {
    "pass": false,
    "reason": "aki is 0.78x Redis, below the 2.0x bar",
    "required_speedup": 2,
    "speedup_vs_redis": 0.778586817968971,
    "speedup_vs_valkey": 0.723424291044934,
    "tail_regressed_vs_redis": true,
    "tail_regressed_vs_valkey": false
  },
  "generator_bound": false
}
