{
  "workload": "mixed",
  "cell": {
    "keyspace": 877240,
    "value_size": 512,
    "dist": "uniform",
    "pipeline": 16,
    "connections": 64
  },
  "timestamp": "2026-07-16T04:48:59.105968133Z",
  "aki": {
    "target": "aki",
    "version": "unknown",
    "workload": "mixed",
    "skipped": false,
    "ops": 17252384,
    "errors": 0,
    "ops_per_sec": 1725104.2552030738,
    "min_us": 21.811,
    "p50_us": 402.687,
    "p99_us": 3463.167,
    "p999_us": 5918.719,
    "nil_replies": 0,
    "err_replies": 0,
    "hit_ratio": 1,
    "value_ops_per_sec": 1725104.2552030738,
    "bytes_per_sec": 956155535.863069,
    "resp_ver": 2,
    "used_memory": 494308608,
    "bytes_per_key": 563.4816105056769,
    "coverage_sampled": 2000,
    "coverage_retrievable": 2000,
    "coverage_fraction": 1,
    "coverage_keyspace": 877240,
    "distinct_keys_est": 877240,
    "key_draws": 17252384
  },
  "redis": {
    "target": "redis",
    "version": "redis 8.8.0",
    "workload": "mixed",
    "skipped": false,
    "ops": 23107616,
    "errors": 0,
    "ops_per_sec": 2310617.364101219,
    "min_us": 26.725,
    "p50_us": 336.639,
    "p99_us": 2803.711,
    "p999_us": 5144.575,
    "nil_replies": 0,
    "err_replies": 0,
    "hit_ratio": 1,
    "value_ops_per_sec": 2310617.364101219,
    "bytes_per_sec": 1280681637.9820442,
    "resp_ver": 2,
    "used_memory": 603851096,
    "bytes_per_key": 688.3533537002417,
    "coverage_sampled": 2000,
    "coverage_retrievable": 2000,
    "coverage_fraction": 1,
    "coverage_keyspace": 877240,
    "distinct_keys_est": 877240,
    "key_draws": 23107616,
    "server_hits": 3465948,
    "maxmemory_policy": "noeviction"
  },
  "valkey": {
    "target": "valkey",
    "version": "valkey 9.1.0",
    "workload": "mixed",
    "skipped": false,
    "ops": 21664176,
    "errors": 0,
    "ops_per_sec": 2166266.0475940574,
    "min_us": 18.619,
    "p50_us": 335.871,
    "p99_us": 3997.695,
    "p999_us": 6897.663,
    "nil_replies": 0,
    "err_replies": 0,
    "hit_ratio": 1,
    "value_ops_per_sec": 2166266.0475940574,
    "bytes_per_sec": 1200673628.5328133,
    "resp_ver": 2,
    "used_memory": 602570784,
    "bytes_per_key": 686.8938762482331,
    "coverage_sampled": 2000,
    "coverage_retrievable": 2000,
    "coverage_fraction": 1,
    "coverage_keyspace": 877240,
    "distinct_keys_est": 877240,
    "key_draws": 21664176,
    "server_hits": 3250706,
    "maxmemory_policy": "noeviction"
  },
  "gate": {
    "pass": false,
    "reason": "aki is 0.75x Redis, below the 2.0x bar",
    "required_speedup": 2,
    "speedup_vs_redis": 0.7465988449689084,
    "speedup_vs_valkey": 0.796349209793065,
    "tail_regressed_vs_redis": true,
    "tail_regressed_vs_valkey": false
  },
  "generator_bound": false
}
