{
  "workload": "mixed",
  "cell": {
    "keyspace": 127948,
    "value_size": 4096,
    "dist": "uniform",
    "pipeline": 16,
    "connections": 64
  },
  "timestamp": "2026-07-16T04:59:44.843360992Z",
  "aki": {
    "target": "aki",
    "version": "unknown",
    "workload": "mixed",
    "skipped": false,
    "ops": 14333504,
    "errors": 0,
    "ops_per_sec": 1433230.2845529271,
    "min_us": 25.351,
    "p50_us": 474.111,
    "p99_us": 3330.047,
    "p999_us": 6021.119,
    "nil_replies": 0,
    "err_replies": 0,
    "hit_ratio": 1,
    "value_ops_per_sec": 1433230.2845529271,
    "bytes_per_sec": 5930491627.622917,
    "resp_ver": 2,
    "used_memory": 532337600,
    "bytes_per_key": 4160.577734704724,
    "coverage_sampled": 2000,
    "coverage_retrievable": 2000,
    "coverage_fraction": 1,
    "coverage_keyspace": 127948,
    "distinct_keys_est": 127948,
    "key_draws": 14333504
  },
  "redis": {
    "target": "redis",
    "version": "redis 8.8.0",
    "workload": "mixed",
    "skipped": false,
    "ops": 11464304,
    "errors": 0,
    "ops_per_sec": 1146300.355663551,
    "min_us": 19.579,
    "p50_us": 373.759,
    "p99_us": 5459.967,
    "p999_us": 9068.543,
    "nil_replies": 0,
    "err_replies": 0,
    "hit_ratio": 1,
    "value_ops_per_sec": 1146300.355663551,
    "bytes_per_sec": 4743218674.671015,
    "resp_ver": 2,
    "used_memory": 662369624,
    "bytes_per_key": 5176.865789226874,
    "coverage_sampled": 2000,
    "coverage_retrievable": 2000,
    "coverage_fraction": 1,
    "coverage_keyspace": 127948,
    "distinct_keys_est": 127948,
    "key_draws": 11464304,
    "server_hits": 1710914,
    "maxmemory_policy": "noeviction"
  },
  "valkey": {
    "target": "valkey",
    "version": "valkey 9.1.0",
    "workload": "mixed",
    "skipped": false,
    "ops": 13771408,
    "errors": 0,
    "ops_per_sec": 1376956.836363531,
    "min_us": 11.077,
    "p50_us": 278.783,
    "p99_us": 5492.735,
    "p999_us": 9330.687,
    "nil_replies": 0,
    "err_replies": 0,
    "hit_ratio": 1,
    "value_ops_per_sec": 1376956.836363531,
    "bytes_per_sec": 5697640535.908178,
    "resp_ver": 2,
    "used_memory": 663002656,
    "bytes_per_key": 5181.8133616781815,
    "coverage_sampled": 2000,
    "coverage_retrievable": 2000,
    "coverage_fraction": 1,
    "coverage_keyspace": 127948,
    "distinct_keys_est": 127948,
    "key_draws": 13771408,
    "server_hits": 2046376,
    "maxmemory_policy": "noeviction"
  },
  "gate": {
    "pass": false,
    "reason": "aki is 1.25x Redis, below the 2.0x bar",
    "required_speedup": 2,
    "speedup_vs_redis": 1.2503095523540015,
    "speedup_vs_valkey": 1.0408679827161549,
    "tail_regressed_vs_redis": false,
    "tail_regressed_vs_valkey": false
  },
  "generator_bound": false
}
