{
  "workload": "mixed",
  "cell": {
    "keyspace": 511793,
    "value_size": 4096,
    "dist": "zipfian",
    "zipf_s": 0.99,
    "pipeline": 16,
    "connections": 64
  },
  "timestamp": "2026-07-16T05:05:44.517749748Z",
  "aki": {
    "target": "aki",
    "version": "unknown",
    "workload": "mixed",
    "skipped": false,
    "ops": 9135632,
    "errors": 0,
    "ops_per_sec": 913411.1503829682,
    "min_us": 17.055,
    "p50_us": 965.631,
    "p99_us": 3000.319,
    "p999_us": 4171.775,
    "nil_replies": 50768,
    "err_replies": 454648,
    "hit_ratio": 0.9446764055294696,
    "value_ops_per_sec": 862877.9623143204,
    "bytes_per_sec": 3759203019.708129,
    "resp_ver": 2,
    "used_memory": 1044433984,
    "bytes_per_key": 2040.735187859154,
    "coverage_sampled": 2000,
    "coverage_retrievable": 948,
    "coverage_missing": 1052,
    "coverage_fraction": 0.474,
    "coverage_keyspace": 511793,
    "distinct_keys_est": 468075,
    "key_draws": 9135632
  },
  "redis": {
    "target": "redis",
    "version": "redis 8.8.0",
    "workload": "mixed",
    "skipped": false,
    "ops": 11818832,
    "errors": 0,
    "ops_per_sec": 1181775.6767309404,
    "min_us": 21.253,
    "p50_us": 371.711,
    "p99_us": 4988.927,
    "p999_us": 8302.591,
    "nil_replies": 0,
    "err_replies": 0,
    "hit_ratio": 1,
    "value_ops_per_sec": 1181775.6767309404,
    "bytes_per_sec": 4887777810.679784,
    "resp_ver": 2,
    "used_memory": 2645299928,
    "bytes_per_key": 5168.691107537617,
    "coverage_sampled": 2000,
    "coverage_retrievable": 2000,
    "coverage_fraction": 1,
    "coverage_keyspace": 511793,
    "distinct_keys_est": 486648,
    "key_draws": 11818832,
    "server_hits": 1766392,
    "maxmemory_policy": "noeviction"
  },
  "valkey": {
    "target": "valkey",
    "version": "valkey 9.1.0",
    "workload": "mixed",
    "skipped": false,
    "ops": 13744240,
    "errors": 0,
    "ops_per_sec": 1374341.407991048,
    "min_us": 17.064,
    "p50_us": 283.903,
    "p99_us": 5459.967,
    "p999_us": 9355.263,
    "nil_replies": 0,
    "err_replies": 0,
    "hit_ratio": 1,
    "value_ops_per_sec": 1374341.407991048,
    "bytes_per_sec": 5684222199.387973,
    "resp_ver": 2,
    "used_memory": 2647153024,
    "bytes_per_key": 5172.311899537508,
    "coverage_sampled": 2000,
    "coverage_retrievable": 2000,
    "coverage_fraction": 1,
    "coverage_keyspace": 511793,
    "distinct_keys_est": 494675,
    "key_draws": 13744240,
    "server_hits": 2033620,
    "maxmemory_policy": "noeviction"
  },
  "gate": {
    "pass": false,
    "reason": "aki is 0.73x Redis, below the 2.0x bar",
    "required_speedup": 2,
    "speedup_vs_redis": 0.7301537671694485,
    "speedup_vs_valkey": 0.6278483332432205,
    "tail_regressed_vs_redis": false,
    "tail_regressed_vs_valkey": false
  },
  "generator_bound": false
}
