{
  "workload": "mixed",
  "cell": {
    "keyspace": 219310,
    "value_size": 512,
    "dist": "zipfian",
    "zipf_s": 0.99,
    "pipeline": 16,
    "connections": 64
  },
  "timestamp": "2026-07-16T04:52:44.093228581Z",
  "aki": {
    "target": "aki",
    "version": "unknown",
    "workload": "mixed",
    "skipped": false,
    "ops": 17530544,
    "errors": 0,
    "ops_per_sec": 1752926.935216735,
    "min_us": 20.524,
    "p50_us": 393.215,
    "p99_us": 3422.207,
    "p999_us": 5984.255,
    "nil_replies": 0,
    "err_replies": 0,
    "hit_ratio": 1,
    "value_ops_per_sec": 1752926.935216735,
    "bytes_per_sec": 965357676.0304444,
    "resp_ver": 2,
    "used_memory": 123514656,
    "bytes_per_key": 563.1966440198805,
    "coverage_sampled": 2000,
    "coverage_retrievable": 2000,
    "coverage_fraction": 1,
    "coverage_keyspace": 219310,
    "distinct_keys_est": 219275,
    "key_draws": 17530544
  },
  "redis": {
    "target": "redis",
    "version": "redis 8.8.0",
    "workload": "mixed",
    "skipped": false,
    "ops": 23471536,
    "errors": 0,
    "ops_per_sec": 2346930.029567839,
    "min_us": 26.745,
    "p50_us": 323.071,
    "p99_us": 2877.439,
    "p999_us": 5296.127,
    "nil_replies": 0,
    "err_replies": 0,
    "hit_ratio": 1,
    "value_ops_per_sec": 2346930.029567839,
    "bytes_per_sec": 1292481702.359048,
    "resp_ver": 2,
    "used_memory": 152035928,
    "bytes_per_key": 693.2466736582919,
    "coverage_sampled": 2000,
    "coverage_retrievable": 2000,
    "coverage_fraction": 1,
    "coverage_keyspace": 219310,
    "distinct_keys_est": 219308,
    "key_draws": 23471536,
    "server_hits": 3512178,
    "maxmemory_policy": "noeviction"
  },
  "valkey": {
    "target": "valkey",
    "version": "valkey 9.1.0",
    "workload": "mixed",
    "skipped": false,
    "ops": 23041792,
    "errors": 0,
    "ops_per_sec": 2303887.935345161,
    "min_us": 17.553,
    "p50_us": 302.335,
    "p99_us": 4057.087,
    "p999_us": 7122.943,
    "nil_replies": 0,
    "err_replies": 0,
    "hit_ratio": 1,
    "value_ops_per_sec": 2303887.935345161,
    "bytes_per_sec": 1268777725.3867457,
    "resp_ver": 2,
    "used_memory": 151868640,
    "bytes_per_key": 692.4838812639642,
    "coverage_sampled": 2000,
    "coverage_retrievable": 2000,
    "coverage_fraction": 1,
    "coverage_keyspace": 219310,
    "distinct_keys_est": 219308,
    "key_draws": 23041792,
    "server_hits": 3461160,
    "maxmemory_policy": "noeviction"
  },
  "gate": {
    "pass": false,
    "reason": "aki is 0.75x Redis, below the 2.0x bar",
    "required_speedup": 2,
    "speedup_vs_redis": 0.7469020861859766,
    "speedup_vs_valkey": 0.760855989705123,
    "tail_regressed_vs_redis": true,
    "tail_regressed_vs_valkey": false
  },
  "generator_bound": false
}
