{
  "workload": "mixed",
  "cell": {
    "keyspace": 511793,
    "value_size": 4096,
    "dist": "uniform",
    "pipeline": 16,
    "connections": 64
  },
  "timestamp": "2026-07-16T05:00:41.786076637Z",
  "aki": {
    "target": "aki",
    "version": "unknown",
    "workload": "mixed",
    "skipped": false,
    "ops": 5769504,
    "errors": 0,
    "ops_per_sec": 576916.0565333042,
    "min_us": 35.32,
    "p50_us": 1665.023,
    "p99_us": 3188.735,
    "p999_us": 4407.295,
    "nil_replies": 294168,
    "err_replies": 2644797,
    "hit_ratio": 0.4906035250170552,
    "value_ops_per_sec": 283037.0509741777,
    "bytes_per_sec": 2279998596.6515403,
    "resp_ver": 2,
    "used_memory": 1044433984,
    "bytes_per_key": 2040.735187859154,
    "coverage_sampled": 2000,
    "coverage_retrievable": 948,
    "coverage_missing": 1052,
    "coverage_fraction": 0.474,
    "coverage_keyspace": 511793,
    "distinct_keys_est": 511784,
    "key_draws": 5769504
  },
  "redis": {
    "target": "redis",
    "version": "redis 8.8.0",
    "workload": "mixed",
    "skipped": false,
    "ops": 11526016,
    "errors": 0,
    "ops_per_sec": 1152466.6777296248,
    "min_us": 19.457,
    "p50_us": 381.183,
    "p99_us": 5083.135,
    "p999_us": 8445.951,
    "nil_replies": 0,
    "err_replies": 0,
    "hit_ratio": 1,
    "value_ops_per_sec": 1152466.6777296248,
    "bytes_per_sec": 4770160318.529093,
    "resp_ver": 2,
    "used_memory": 2645308120,
    "bytes_per_key": 5168.707114008984,
    "coverage_sampled": 2000,
    "coverage_retrievable": 2000,
    "coverage_fraction": 1,
    "coverage_keyspace": 511793,
    "distinct_keys_est": 511793,
    "key_draws": 11526016,
    "server_hits": 1708592,
    "maxmemory_policy": "noeviction"
  },
  "valkey": {
    "target": "valkey",
    "version": "valkey 9.1.0",
    "workload": "mixed",
    "skipped": false,
    "ops": 13268272,
    "errors": 0,
    "ops_per_sec": 1326679.3856282271,
    "min_us": 17.663,
    "p50_us": 296.959,
    "p99_us": 5533.695,
    "p999_us": 9207.807,
    "nil_replies": 0,
    "err_replies": 0,
    "hit_ratio": 1,
    "value_ops_per_sec": 1326679.3856282271,
    "bytes_per_sec": 5491241954.693382,
    "resp_ver": 2,
    "used_memory": 2647165888,
    "bytes_per_key": 5172.337034699576,
    "coverage_sampled": 2000,
    "coverage_retrievable": 2000,
    "coverage_fraction": 1,
    "coverage_keyspace": 511793,
    "distinct_keys_est": 511793,
    "key_draws": 13268272,
    "server_hits": 1940832,
    "maxmemory_policy": "noeviction"
  },
  "gate": {
    "pass": false,
    "reason": "aki is 0.25x Redis, below the 2.0x bar",
    "required_speedup": 2,
    "speedup_vs_redis": 0.24559239450789555,
    "speedup_vs_valkey": 0.21334246543685473,
    "tail_regressed_vs_redis": false,
    "tail_regressed_vs_valkey": false
  },
  "generator_bound": false
}
