{
  "workload": "mixed",
  "cell": {
    "keyspace": 3508960,
    "value_size": 512,
    "dist": "zipfian",
    "zipf_s": 0.99,
    "pipeline": 16,
    "connections": 64
  },
  "timestamp": "2026-07-16T04:56:36.106348734Z",
  "aki": {
    "target": "aki",
    "version": "unknown",
    "workload": "mixed",
    "skipped": false,
    "ops": 10434224,
    "errors": 0,
    "ops_per_sec": 1043351.5404671237,
    "min_us": 19.361,
    "p50_us": 914.943,
    "p99_us": 2713.599,
    "p999_us": 3770.367,
    "nil_replies": 43721,
    "err_replies": 391932,
    "hit_ratio": 0.9582476856927741,
    "value_ops_per_sec": 999789.199016612,
    "bytes_per_sec": 575050918.0443858,
    "resp_ver": 2,
    "used_memory": 1074965504,
    "bytes_per_key": 306.3487483470886,
    "coverage_sampled": 2000,
    "coverage_retrievable": 1052,
    "coverage_missing": 948,
    "coverage_fraction": 0.526,
    "coverage_keyspace": 3508960,
    "distinct_keys_est": 1508586,
    "key_draws": 10434224
  },
  "redis": {
    "target": "redis",
    "version": "redis 8.8.0",
    "workload": "mixed",
    "skipped": false,
    "ops": 22443440,
    "errors": 0,
    "ops_per_sec": 2244161.5750229764,
    "min_us": 29.086,
    "p50_us": 349.951,
    "p99_us": 2811.903,
    "p999_us": 4972.543,
    "nil_replies": 0,
    "err_replies": 0,
    "hit_ratio": 1,
    "value_ops_per_sec": 2244161.5750229764,
    "bytes_per_sec": 1237683464.6201494,
    "resp_ver": 2,
    "used_memory": 2411131496,
    "bytes_per_key": 687.1356458893804,
    "coverage_sampled": 2000,
    "coverage_retrievable": 2000,
    "coverage_fraction": 1,
    "coverage_keyspace": 3508960,
    "distinct_keys_est": 2233271,
    "key_draws": 22443440,
    "server_hits": 3351984,
    "maxmemory_policy": "noeviction"
  },
  "valkey": {
    "target": "valkey",
    "version": "valkey 9.1.0",
    "workload": "mixed",
    "skipped": false,
    "ops": 20926128,
    "errors": 0,
    "ops_per_sec": 2092412.5010931967,
    "min_us": 19.922,
    "p50_us": 355.583,
    "p99_us": 3905.535,
    "p999_us": 6778.879,
    "nil_replies": 0,
    "err_replies": 0,
    "hit_ratio": 1,
    "value_ops_per_sec": 2092412.5010931967,
    "bytes_per_sec": 1153992318.2851422,
    "resp_ver": 2,
    "used_memory": 2405439072,
    "bytes_per_key": 685.5133920021887,
    "coverage_sampled": 2000,
    "coverage_retrievable": 2000,
    "coverage_fraction": 1,
    "coverage_keyspace": 3508960,
    "distinct_keys_est": 2164092,
    "key_draws": 20926128,
    "server_hits": 3149870,
    "maxmemory_policy": "noeviction"
  },
  "gate": {
    "pass": false,
    "reason": "aki is 0.45x Redis, below the 2.0x bar",
    "required_speedup": 2,
    "speedup_vs_redis": 0.44550678085929524,
    "speedup_vs_valkey": 0.4778164910094279,
    "tail_regressed_vs_redis": false,
    "tail_regressed_vs_valkey": false
  },
  "generator_bound": false
}
