{
  "workload": "mixed",
  "cell": {
    "keyspace": 3508960,
    "value_size": 512,
    "dist": "zipfian",
    "zipf_s": 0.99,
    "pipeline": 16,
    "connections": 64
  },
  "timestamp": "2026-07-16T04:55:29.776252236Z",
  "aki": {
    "target": "aki",
    "version": "unknown",
    "workload": "mixed",
    "skipped": false,
    "ops": 10445232,
    "errors": 0,
    "ops_per_sec": 1044437.8941772239,
    "min_us": 22.026,
    "p50_us": 912.383,
    "p99_us": 2734.079,
    "p999_us": 3876.863,
    "nil_replies": 43780,
    "err_replies": 392392,
    "hit_ratio": 0.9582419997947389,
    "value_ops_per_sec": 1000824.2563777888,
    "bytes_per_sec": 575649212.4022331,
    "resp_ver": 2,
    "used_memory": 1074965504,
    "bytes_per_key": 306.3487483470886,
    "coverage_sampled": 2000,
    "coverage_retrievable": 1052,
    "coverage_missing": 948,
    "coverage_fraction": 0.526,
    "coverage_keyspace": 3508960,
    "distinct_keys_est": 1509456,
    "key_draws": 10445232
  },
  "redis": {
    "target": "redis",
    "version": "redis 8.8.0",
    "workload": "mixed",
    "skipped": false,
    "ops": 22760784,
    "errors": 0,
    "ops_per_sec": 2275951.8329529986,
    "min_us": 27.955,
    "p50_us": 347.391,
    "p99_us": 2703.359,
    "p999_us": 4931.583,
    "nil_replies": 0,
    "err_replies": 0,
    "hit_ratio": 1,
    "value_ops_per_sec": 2275951.8329529986,
    "bytes_per_sec": 1255216107.6791224,
    "resp_ver": 2,
    "used_memory": 2411103944,
    "bytes_per_key": 687.1277939902421,
    "coverage_sampled": 2000,
    "coverage_retrievable": 2000,
    "coverage_fraction": 1,
    "coverage_keyspace": 3508960,
    "distinct_keys_est": 2246889,
    "key_draws": 22760784,
    "server_hits": 3416686,
    "maxmemory_policy": "noeviction"
  },
  "valkey": {
    "target": "valkey",
    "version": "valkey 9.1.0",
    "workload": "mixed",
    "skipped": false,
    "ops": 21200144,
    "errors": 0,
    "ops_per_sec": 2119824.6144340765,
    "min_us": 19.246,
    "p50_us": 348.159,
    "p99_us": 3850.239,
    "p999_us": 6860.799,
    "nil_replies": 0,
    "err_replies": 0,
    "hit_ratio": 1,
    "value_ops_per_sec": 2119824.6144340765,
    "bytes_per_sec": 1169110510.2220414,
    "resp_ver": 2,
    "used_memory": 2405463840,
    "bytes_per_key": 685.520450503853,
    "coverage_sampled": 2000,
    "coverage_retrievable": 2000,
    "coverage_fraction": 1,
    "coverage_keyspace": 3508960,
    "distinct_keys_est": 2177120,
    "key_draws": 21200144,
    "server_hits": 3188826,
    "maxmemory_policy": "noeviction"
  },
  "gate": {
    "pass": false,
    "reason": "aki is 0.44x Redis, below the 2.0x bar",
    "required_speedup": 2,
    "speedup_vs_redis": 0.4397387685833583,
    "speedup_vs_valkey": 0.4721259719144152,
    "tail_regressed_vs_redis": true,
    "tail_regressed_vs_valkey": false
  },
  "generator_bound": false
}
