{
  "workload": "mixed",
  "cell": {
    "keyspace": 2354696,
    "value_size": 128,
    "dist": "zipfian",
    "zipf_s": 0.99,
    "pipeline": 16,
    "connections": 64
  },
  "timestamp": "2026-07-16T04:42:53.964450233Z",
  "aki": {
    "target": "aki",
    "version": "unknown",
    "workload": "mixed",
    "skipped": false,
    "ops": 17574416,
    "errors": 0,
    "ops_per_sec": 1757332.4436467292,
    "min_us": 16.8,
    "p50_us": 391.167,
    "p99_us": 3432.447,
    "p999_us": 6025.215,
    "nil_replies": 0,
    "err_replies": 0,
    "hit_ratio": 1,
    "value_ops_per_sec": 1757332.4436467292,
    "bytes_per_sec": 294178025.6907698,
    "resp_ver": 2,
    "used_memory": 413242944,
    "bytes_per_key": 175.49736526498538,
    "coverage_sampled": 2000,
    "coverage_retrievable": 2000,
    "coverage_fraction": 1,
    "coverage_keyspace": 2354696,
    "distinct_keys_est": 1617485,
    "key_draws": 17574416
  },
  "redis": {
    "target": "redis",
    "version": "redis 8.8.0",
    "workload": "mixed",
    "skipped": false,
    "ops": 22879152,
    "errors": 0,
    "ops_per_sec": 2287765.326205715,
    "min_us": 26.565,
    "p50_us": 339.711,
    "p99_us": 2752.511,
    "p999_us": 4997.119,
    "nil_replies": 0,
    "err_replies": 0,
    "hit_ratio": 1,
    "value_ops_per_sec": 2287765.326205715,
    "bytes_per_sec": 382972022.5198327,
    "resp_ver": 2,
    "used_memory": 495945688,
    "bytes_per_key": 210.61983712547183,
    "coverage_sampled": 2000,
    "coverage_retrievable": 2000,
    "coverage_fraction": 1,
    "coverage_keyspace": 2354696,
    "distinct_keys_est": 1786501,
    "key_draws": 22879152,
    "server_hits": 3394000,
    "maxmemory_policy": "noeviction"
  },
  "valkey": {
    "target": "valkey",
    "version": "valkey 9.1.0",
    "workload": "mixed",
    "skipped": false,
    "ops": 23188080,
    "errors": 0,
    "ops_per_sec": 2318619.482788056,
    "min_us": 17.447,
    "p50_us": 302.079,
    "p99_us": 4003.839,
    "p999_us": 7163.903,
    "nil_replies": 0,
    "err_replies": 0,
    "hit_ratio": 1,
    "value_ops_per_sec": 2318619.482788056,
    "bytes_per_sec": 388136903.6185418,
    "resp_ver": 2,
    "used_memory": 490162208,
    "bytes_per_key": 208.16368992005764,
    "coverage_sampled": 2000,
    "coverage_retrievable": 2000,
    "coverage_fraction": 1,
    "coverage_keyspace": 2354696,
    "distinct_keys_est": 1794775,
    "key_draws": 23188080,
    "server_hits": 3483040,
    "maxmemory_policy": "noeviction"
  },
  "gate": {
    "pass": false,
    "reason": "aki is 0.77x Redis, below the 2.0x bar",
    "required_speedup": 2,
    "speedup_vs_redis": 0.7681436655748626,
    "speedup_vs_valkey": 0.7579218826944387,
    "tail_regressed_vs_redis": true,
    "tail_regressed_vs_valkey": false
  },
  "generator_bound": false
}
