{
  "workload": "get",
  "cell": {
    "keyspace": 1000000,
    "value_size": 1024,
    "dist": "uniform",
    "pipeline": 1,
    "connections": 512
  },
  "timestamp": "2026-07-11T05:24:40.687912953Z",
  "aki": {
    "target": "aki",
    "version": "unknown",
    "workload": "get",
    "skipped": false,
    "ops": 7823624,
    "errors": 0,
    "ops_per_sec": 977888.3955586754,
    "min_us": 28.11,
    "p50_us": 491.775,
    "p99_us": 1104.895,
    "p999_us": 1701.887,
    "nil_replies": 0,
    "err_replies": 0,
    "hit_ratio": 1,
    "value_ops_per_sec": 977888.3955586754,
    "bytes_per_sec": 1039289018.8611467,
    "resp_ver": 2,
    "used_memory": 1073449984,
    "bytes_per_key": 1073.449984,
    "distinct_keys_est": 999599,
    "key_draws": 7823624
  },
  "redis": {
    "target": "redis",
    "version": "redis 8.8.0",
    "workload": "get",
    "skipped": false,
    "ops": 8561774,
    "errors": 0,
    "ops_per_sec": 1070161.5321443565,
    "min_us": 23.572,
    "p50_us": 457.983,
    "p99_us": 897.535,
    "p999_us": 1459.199,
    "nil_replies": 0,
    "err_replies": 0,
    "hit_ratio": 1,
    "value_ops_per_sec": 1070161.5321443565,
    "bytes_per_sec": 1137355709.1364164,
    "resp_ver": 2,
    "used_memory": 1327518072,
    "bytes_per_key": 1327.518072,
    "distinct_keys_est": 999811,
    "key_draws": 8561774,
    "server_hits": 11719961,
    "maxmemory_policy": "noeviction"
  },
  "valkey": {
    "target": "valkey",
    "version": "valkey 9.1.0",
    "workload": "get",
    "skipped": false,
    "ops": 7986604,
    "errors": 0,
    "ops_per_sec": 998259.0045950977,
    "min_us": 10.009,
    "p50_us": 499.455,
    "p99_us": 955.903,
    "p999_us": 1421.311,
    "nil_replies": 0,
    "err_replies": 0,
    "hit_ratio": 1,
    "value_ops_per_sec": 998259.0045950977,
    "bytes_per_sec": 1060938657.4172387,
    "resp_ver": 2,
    "used_memory": 1331077120,
    "bytes_per_key": 1331.07712,
    "distinct_keys_est": 999662,
    "key_draws": 7986604,
    "server_hits": 10857052,
    "maxmemory_policy": "noeviction"
  },
  "gate": {
    "pass": false,
    "reason": "aki is 0.91x Redis, below the 2.0x bar",
    "required_speedup": 2,
    "speedup_vs_redis": 0.9137764404586781,
    "speedup_vs_valkey": 0.9795938639745255,
    "tail_regressed_vs_redis": true,
    "tail_regressed_vs_valkey": true
  },
  "generator_bound": false
}
