{
  "workload": "get",
  "cell": {
    "keyspace": 1000000,
    "value_size": 64,
    "dist": "uniform",
    "pipeline": 16,
    "connections": 512
  },
  "timestamp": "2026-07-11T05:39:58.265328456Z",
  "aki": {
    "target": "aki",
    "version": "unknown",
    "workload": "get",
    "skipped": false,
    "ops": 54825616,
    "errors": 0,
    "ops_per_sec": 6852523.44599707,
    "min_us": 32.419,
    "p50_us": 1092.607,
    "p99_us": 2662.399,
    "p999_us": 4722.687,
    "nil_replies": 0,
    "err_replies": 0,
    "hit_ratio": 1,
    "value_ops_per_sec": 6852523.44599707,
    "bytes_per_sec": 690658052.6879778,
    "resp_ver": 2,
    "used_memory": 113449984,
    "bytes_per_key": 113.449984,
    "distinct_keys_est": 1000000,
    "key_draws": 54825616
  },
  "redis": {
    "target": "redis",
    "version": "redis 8.8.0",
    "workload": "get",
    "skipped": false,
    "ops": 37608384,
    "errors": 0,
    "ops_per_sec": 4700125.837660714,
    "min_us": 60.173,
    "p50_us": 1727.487,
    "p99_us": 2289.663,
    "p999_us": 3590.143,
    "nil_replies": 0,
    "err_replies": 0,
    "hit_ratio": 1,
    "value_ops_per_sec": 4700125.837660714,
    "bytes_per_sec": 473720371.42498666,
    "resp_ver": 2,
    "used_memory": 127501424,
    "bytes_per_key": 127.501424,
    "distinct_keys_est": 1000000,
    "key_draws": 37608384,
    "server_hits": 51580080,
    "maxmemory_policy": "noeviction"
  },
  "valkey": {
    "target": "valkey",
    "version": "valkey 9.1.0",
    "workload": "get",
    "skipped": false,
    "ops": 31785184,
    "errors": 0,
    "ops_per_sec": 3972125.126142392,
    "min_us": 26.756,
    "p50_us": 2032.639,
    "p99_us": 2680.831,
    "p999_us": 3641.343,
    "nil_replies": 0,
    "err_replies": 0,
    "hit_ratio": 1,
    "value_ops_per_sec": 3972125.126142392,
    "bytes_per_sec": 400345707.65078574,
    "resp_ver": 2,
    "used_memory": 115092560,
    "bytes_per_key": 115.09256,
    "distinct_keys_est": 1000000,
    "key_draws": 31785184,
    "server_hits": 43761488,
    "maxmemory_policy": "noeviction"
  },
  "gate": {
    "pass": false,
    "reason": "aki is 1.46x Redis, below the 2.0x bar",
    "required_speedup": 2,
    "speedup_vs_redis": 1.4579446769466962,
    "speedup_vs_valkey": 1.7251529668331556,
    "tail_regressed_vs_redis": true,
    "tail_regressed_vs_valkey": false
  },
  "generator_bound": false
}
