{
  "workload": "get",
  "cell": {
    "keyspace": 1000000,
    "value_size": 1024,
    "dist": "uniform",
    "pipeline": 16,
    "connections": 512
  },
  "timestamp": "2026-07-11T05:52:23.256501375Z",
  "aki": {
    "target": "aki",
    "version": "unknown",
    "workload": "get",
    "skipped": false,
    "ops": 25515360,
    "errors": 0,
    "ops_per_sec": 3188808.1059901575,
    "min_us": 41.903,
    "p50_us": 2506.751,
    "p99_us": 5255.167,
    "p999_us": 7831.551,
    "nil_replies": 0,
    "err_replies": 0,
    "hit_ratio": 1,
    "value_ops_per_sec": 3188808.1059901575,
    "bytes_per_sec": 3389029071.989434,
    "resp_ver": 2,
    "used_memory": 1073449984,
    "bytes_per_key": 1073.449984,
    "distinct_keys_est": 1000000,
    "key_draws": 25515360
  },
  "redis": {
    "target": "redis",
    "version": "redis 8.8.0",
    "workload": "get",
    "skipped": false,
    "ops": 16632432,
    "errors": 0,
    "ops_per_sec": 2077954.9254833697,
    "min_us": 103.054,
    "p50_us": 3919.871,
    "p99_us": 4714.495,
    "p999_us": 8536.063,
    "nil_replies": 0,
    "err_replies": 0,
    "hit_ratio": 1,
    "value_ops_per_sec": 2077954.9254833697,
    "bytes_per_sec": 2208427078.489112,
    "resp_ver": 2,
    "used_memory": 1327500848,
    "bytes_per_key": 1327.500848,
    "distinct_keys_est": 1000000,
    "key_draws": 16632432,
    "server_hits": 22894544,
    "maxmemory_policy": "noeviction"
  },
  "valkey": {
    "target": "valkey",
    "version": "valkey 9.1.0",
    "workload": "get",
    "skipped": false,
    "ops": 14550784,
    "errors": 0,
    "ops_per_sec": 1817765.0691866796,
    "min_us": 114.422,
    "p50_us": 4517.887,
    "p99_us": 5423.103,
    "p999_us": 7430.143,
    "nil_replies": 0,
    "err_replies": 0,
    "hit_ratio": 1,
    "value_ops_per_sec": 1817765.0691866796,
    "bytes_per_sec": 1931900334.3986323,
    "resp_ver": 2,
    "used_memory": 1331096960,
    "bytes_per_key": 1331.09696,
    "distinct_keys_est": 1000000,
    "key_draws": 14550784,
    "server_hits": 20000496,
    "maxmemory_policy": "noeviction"
  },
  "gate": {
    "pass": false,
    "reason": "aki is 1.53x Redis, below the 2.0x bar",
    "required_speedup": 2,
    "speedup_vs_redis": 1.5345896423852328,
    "speedup_vs_valkey": 1.75424655256299,
    "tail_regressed_vs_redis": true,
    "tail_regressed_vs_valkey": false
  },
  "generator_bound": false
}
