{
  "workload": "get",
  "cell": {
    "keyspace": 1000000,
    "value_size": 1024,
    "dist": "uniform",
    "pipeline": 1,
    "connections": 512
  },
  "timestamp": "2026-07-11T05:27:21.978396379Z",
  "aki": {
    "target": "aki",
    "version": "unknown",
    "workload": "get",
    "skipped": false,
    "ops": 5569453,
    "errors": 0,
    "ops_per_sec": 696109.6302965551,
    "min_us": 7.929,
    "p50_us": 602.623,
    "p99_us": 2936.831,
    "p999_us": 5652.479,
    "nil_replies": 0,
    "err_replies": 0,
    "hit_ratio": 1,
    "value_ops_per_sec": 696109.6302965551,
    "bytes_per_sec": 739817818.4295151,
    "resp_ver": 2,
    "used_memory": 1073449984,
    "bytes_per_key": 1073.449984,
    "distinct_keys_est": 996156,
    "key_draws": 5569453
  },
  "redis": {
    "target": "redis",
    "version": "redis 8.8.0",
    "workload": "get",
    "skipped": false,
    "ops": 8691636,
    "errors": 0,
    "ops_per_sec": 1086388.195691439,
    "min_us": 26.438,
    "p50_us": 452.863,
    "p99_us": 883.199,
    "p999_us": 1404.927,
    "nil_replies": 0,
    "err_replies": 0,
    "hit_ratio": 1,
    "value_ops_per_sec": 1086388.195691439,
    "bytes_per_sec": 1154601252.0207117,
    "resp_ver": 2,
    "used_memory": 1327518680,
    "bytes_per_key": 1327.51868,
    "distinct_keys_est": 999836,
    "key_draws": 8691636,
    "server_hits": 11876693,
    "maxmemory_policy": "noeviction"
  },
  "valkey": {
    "target": "valkey",
    "version": "valkey 9.1.0",
    "workload": "get",
    "skipped": false,
    "ops": 7973428,
    "errors": 0,
    "ops_per_sec": 996627.7858476464,
    "min_us": 10.155,
    "p50_us": 499.711,
    "p99_us": 962.559,
    "p999_us": 1510.399,
    "nil_replies": 0,
    "err_replies": 0,
    "hit_ratio": 1,
    "value_ops_per_sec": 996627.7858476464,
    "bytes_per_sec": 1059205019.4331825,
    "resp_ver": 2,
    "used_memory": 1331077120,
    "bytes_per_key": 1331.07712,
    "distinct_keys_est": 999658,
    "key_draws": 7973428,
    "server_hits": 10814016,
    "maxmemory_policy": "noeviction"
  },
  "gate": {
    "pass": false,
    "reason": "aki is 0.64x Redis, below the 2.0x bar",
    "required_speedup": 2,
    "speedup_vs_redis": 0.6407558854719619,
    "speedup_vs_valkey": 0.6984650038675209,
    "tail_regressed_vs_redis": true,
    "tail_regressed_vs_valkey": true
  },
  "generator_bound": false
}
