{
  "workload": "get",
  "cell": {
    "keyspace": 1000000,
    "value_size": 64,
    "dist": "uniform",
    "pipeline": 1,
    "connections": 512
  },
  "timestamp": "2026-07-11T05:11:33.098596164Z",
  "aki": {
    "target": "aki",
    "version": "unknown",
    "workload": "get",
    "skipped": false,
    "ops": 8212300,
    "errors": 0,
    "ops_per_sec": 1026471.3258314931,
    "min_us": 23.295,
    "p50_us": 471.039,
    "p99_us": 1053.695,
    "p999_us": 1497.087,
    "nil_replies": 0,
    "err_replies": 0,
    "hit_ratio": 1,
    "value_ops_per_sec": 1026471.3258314931,
    "bytes_per_sec": 103456926.8776344,
    "resp_ver": 2,
    "used_memory": 113449984,
    "bytes_per_key": 113.449984,
    "distinct_keys_est": 999743,
    "key_draws": 8212300
  },
  "redis": {
    "target": "redis",
    "version": "redis 8.8.0",
    "workload": "get",
    "skipped": false,
    "ops": 8845485,
    "errors": 0,
    "ops_per_sec": 1105608.1623607175,
    "min_us": 20.973,
    "p50_us": 446.975,
    "p99_us": 898.047,
    "p999_us": 1350.655,
    "nil_replies": 0,
    "err_replies": 0,
    "hit_ratio": 1,
    "value_ops_per_sec": 1105608.1623607175,
    "bytes_per_sec": 111433000.5028984,
    "resp_ver": 2,
    "used_memory": 127501528,
    "bytes_per_key": 127.501528,
    "distinct_keys_est": 999859,
    "key_draws": 8845485,
    "server_hits": 12142147,
    "maxmemory_policy": "noeviction"
  },
  "valkey": {
    "target": "valkey",
    "version": "valkey 9.1.0",
    "workload": "get",
    "skipped": false,
    "ops": 8422300,
    "errors": 0,
    "ops_per_sec": 1052727.5724302118,
    "min_us": 8.758,
    "p50_us": 475.391,
    "p99_us": 908.799,
    "p999_us": 1308.671,
    "nil_replies": 0,
    "err_replies": 0,
    "hit_ratio": 1,
    "value_ops_per_sec": 1052727.5724302118,
    "bytes_per_sec": 106103202.96906778,
    "resp_ver": 2,
    "used_memory": 115091984,
    "bytes_per_key": 115.091984,
    "distinct_keys_est": 999793,
    "key_draws": 8422300,
    "server_hits": 11471440,
    "maxmemory_policy": "noeviction"
  },
  "gate": {
    "pass": false,
    "reason": "aki is 0.93x Redis, below the 2.0x bar",
    "required_speedup": 2,
    "speedup_vs_redis": 0.9284223477870769,
    "speedup_vs_valkey": 0.9750588402105719,
    "tail_regressed_vs_redis": true,
    "tail_regressed_vs_valkey": true
  },
  "generator_bound": false
}
