{
  "workload": "get",
  "cell": {
    "keyspace": 1000000,
    "value_size": 1024,
    "dist": "uniform",
    "pipeline": 16,
    "connections": 512
  },
  "timestamp": "2026-07-11T05:50:22.206307989Z",
  "aki": {
    "target": "aki",
    "version": "unknown",
    "workload": "get",
    "skipped": false,
    "ops": 30547328,
    "errors": 0,
    "ops_per_sec": 3817954.7037360747,
    "min_us": 35.478,
    "p50_us": 2051.071,
    "p99_us": 4669.439,
    "p999_us": 6393.855,
    "nil_replies": 0,
    "err_replies": 0,
    "hit_ratio": 1,
    "value_ops_per_sec": 3817954.7037360747,
    "bytes_per_sec": 4057679453.1276445,
    "resp_ver": 2,
    "used_memory": 1073449984,
    "bytes_per_key": 1073.449984,
    "distinct_keys_est": 1000000,
    "key_draws": 30547328
  },
  "redis": {
    "target": "redis",
    "version": "redis 8.8.0",
    "workload": "get",
    "skipped": false,
    "ops": 16560848,
    "errors": 0,
    "ops_per_sec": 2069008.703303212,
    "min_us": 105.068,
    "p50_us": 3938.303,
    "p99_us": 4788.223,
    "p999_us": 7979.007,
    "nil_replies": 0,
    "err_replies": 0,
    "hit_ratio": 1,
    "value_ops_per_sec": 2069008.703303212,
    "bytes_per_sec": 2198919117.69485,
    "resp_ver": 2,
    "used_memory": 1327500392,
    "bytes_per_key": 1327.500392,
    "distinct_keys_est": 1000000,
    "key_draws": 16560848,
    "server_hits": 22630832,
    "maxmemory_policy": "noeviction"
  },
  "valkey": {
    "target": "valkey",
    "version": "valkey 9.1.0",
    "workload": "get",
    "skipped": false,
    "ops": 14291504,
    "errors": 0,
    "ops_per_sec": 1785424.2305424472,
    "min_us": 63.627,
    "p50_us": 4558.847,
    "p99_us": 5419.007,
    "p999_us": 8126.463,
    "nil_replies": 0,
    "err_replies": 0,
    "hit_ratio": 1,
    "value_ops_per_sec": 1785424.2305424472,
    "bytes_per_sec": 1897528832.0743704,
    "resp_ver": 2,
    "used_memory": 1331096960,
    "bytes_per_key": 1331.09696,
    "distinct_keys_est": 1000000,
    "key_draws": 14291504,
    "server_hits": 19579680,
    "maxmemory_policy": "noeviction"
  },
  "gate": {
    "pass": false,
    "reason": "aki is 1.85x Redis, below the 2.0x bar",
    "required_speedup": 2,
    "speedup_vs_redis": 1.8453062559092366,
    "speedup_vs_valkey": 2.138401976641767,
    "tail_regressed_vs_redis": false,
    "tail_regressed_vs_valkey": false
  },
  "generator_bound": false
}
