{
  "workload": "get",
  "cell": {
    "keyspace": 1000000,
    "value_size": 64,
    "dist": "uniform",
    "pipeline": 1,
    "connections": 512
  },
  "timestamp": "2026-07-11T05:15:13.492001291Z",
  "aki": {
    "target": "aki",
    "version": "unknown",
    "workload": "get",
    "skipped": false,
    "ops": 8304345,
    "errors": 0,
    "ops_per_sec": 1037975.2678858495,
    "min_us": 25.592,
    "p50_us": 466.431,
    "p99_us": 1034.751,
    "p999_us": 1557.503,
    "nil_replies": 0,
    "err_replies": 0,
    "hit_ratio": 1,
    "value_ops_per_sec": 1037975.2678858495,
    "bytes_per_sec": 104616364.25749484,
    "resp_ver": 2,
    "used_memory": 113449984,
    "bytes_per_key": 113.449984,
    "distinct_keys_est": 999772,
    "key_draws": 8304345
  },
  "redis": {
    "target": "redis",
    "version": "redis 8.8.0",
    "workload": "get",
    "skipped": false,
    "ops": 8784065,
    "errors": 0,
    "ops_per_sec": 1097957.0963459902,
    "min_us": 27.891,
    "p50_us": 450.047,
    "p99_us": 900.607,
    "p999_us": 1338.367,
    "nil_replies": 0,
    "err_replies": 0,
    "hit_ratio": 1,
    "value_ops_per_sec": 1097957.0963459902,
    "bytes_per_sec": 110661856.50455709,
    "resp_ver": 2,
    "used_memory": 127502440,
    "bytes_per_key": 127.50244,
    "distinct_keys_est": 999848,
    "key_draws": 8784065,
    "server_hits": 12031758,
    "maxmemory_policy": "noeviction"
  },
  "valkey": {
    "target": "valkey",
    "version": "valkey 9.1.0",
    "workload": "get",
    "skipped": false,
    "ops": 8358136,
    "errors": 0,
    "ops_per_sec": 1044671.8310491112,
    "min_us": 9.306,
    "p50_us": 479.487,
    "p99_us": 919.551,
    "p999_us": 1332.223,
    "nil_replies": 0,
    "err_replies": 0,
    "hit_ratio": 1,
    "value_ops_per_sec": 1044671.8310491112,
    "bytes_per_sec": 105291278.03037848,
    "resp_ver": 2,
    "used_memory": 115091984,
    "bytes_per_key": 115.091984,
    "distinct_keys_est": 999783,
    "key_draws": 8358136,
    "server_hits": 11383355,
    "maxmemory_policy": "noeviction"
  },
  "gate": {
    "pass": false,
    "reason": "aki is 0.95x Redis, below the 2.0x bar",
    "required_speedup": 2,
    "speedup_vs_redis": 0.9453696062808276,
    "speedup_vs_valkey": 0.9935897925413221,
    "tail_regressed_vs_redis": true,
    "tail_regressed_vs_valkey": true
  },
  "generator_bound": false
}
