{
  "workload": "get",
  "cell": {
    "keyspace": 1000000,
    "value_size": 64,
    "dist": "uniform",
    "pipeline": 1,
    "connections": 512
  },
  "timestamp": "2026-07-11T05:10:19.697335585Z",
  "aki": {
    "target": "aki",
    "version": "unknown",
    "workload": "get",
    "skipped": false,
    "ops": 7216294,
    "errors": 0,
    "ops_per_sec": 901961.6010397957,
    "min_us": 9.151,
    "p50_us": 502.271,
    "p99_us": 1687.551,
    "p999_us": 2488.319,
    "nil_replies": 0,
    "err_replies": 0,
    "hit_ratio": 1,
    "value_ops_per_sec": 901961.6010397957,
    "bytes_per_sec": 90907888.42973273,
    "resp_ver": 2,
    "used_memory": 113449984,
    "bytes_per_key": 113.449984,
    "distinct_keys_est": 999248,
    "key_draws": 7216294
  },
  "redis": {
    "target": "redis",
    "version": "redis 8.8.0",
    "workload": "get",
    "skipped": false,
    "ops": 8957414,
    "errors": 0,
    "ops_per_sec": 1119623.4409492472,
    "min_us": 22.944,
    "p50_us": 442.111,
    "p99_us": 884.223,
    "p999_us": 1320.959,
    "nil_replies": 0,
    "err_replies": 0,
    "hit_ratio": 1,
    "value_ops_per_sec": 1119623.4409492472,
    "bytes_per_sec": 112845572.0414613,
    "resp_ver": 2,
    "used_memory": 127501224,
    "bytes_per_key": 127.501224,
    "distinct_keys_est": 999875,
    "key_draws": 8957414,
    "server_hits": 12264016,
    "maxmemory_policy": "noeviction"
  },
  "valkey": {
    "target": "valkey",
    "version": "valkey 9.1.0",
    "workload": "get",
    "skipped": false,
    "ops": 8430146,
    "errors": 0,
    "ops_per_sec": 1053702.06275863,
    "min_us": 8.994,
    "p50_us": 474.879,
    "p99_us": 904.191,
    "p999_us": 1302.527,
    "nil_replies": 0,
    "err_replies": 0,
    "hit_ratio": 1,
    "value_ops_per_sec": 1053702.06275863,
    "bytes_per_sec": 106201422.43885092,
    "resp_ver": 2,
    "used_memory": 115091984,
    "bytes_per_key": 115.091984,
    "distinct_keys_est": 999796,
    "key_draws": 8430146,
    "server_hits": 11469737,
    "maxmemory_policy": "noeviction"
  },
  "gate": {
    "pass": false,
    "reason": "aki is 0.81x Redis, below the 2.0x bar",
    "required_speedup": 2,
    "speedup_vs_redis": 0.8055937095020876,
    "speedup_vs_valkey": 0.8559930106603643,
    "tail_regressed_vs_redis": true,
    "tail_regressed_vs_valkey": true
  },
  "generator_bound": false
}
