{
  "workload": "get",
  "cell": {
    "keyspace": 1000000,
    "value_size": 1024,
    "dist": "uniform",
    "pipeline": 16,
    "connections": 512
  },
  "timestamp": "2026-07-11T05:55:04.189394485Z",
  "aki": {
    "target": "aki",
    "version": "unknown",
    "workload": "get",
    "skipped": false,
    "ops": 32593168,
    "errors": 0,
    "ops_per_sec": 4073312.893969586,
    "min_us": 59.18,
    "p50_us": 1824.767,
    "p99_us": 4161.535,
    "p999_us": 6287.359,
    "nil_replies": 0,
    "err_replies": 0,
    "hit_ratio": 1,
    "value_ops_per_sec": 4073312.893969586,
    "bytes_per_sec": 4329071377.105517,
    "resp_ver": 2,
    "used_memory": 1073449984,
    "bytes_per_key": 1073.449984,
    "distinct_keys_est": 1000000,
    "key_draws": 32593168
  },
  "redis": {
    "target": "redis",
    "version": "redis 8.8.0",
    "workload": "get",
    "skipped": false,
    "ops": 16511280,
    "errors": 0,
    "ops_per_sec": 2062871.270567621,
    "min_us": 115.691,
    "p50_us": 3944.447,
    "p99_us": 4698.111,
    "p999_us": 8237.055,
    "nil_replies": 0,
    "err_replies": 0,
    "hit_ratio": 1,
    "value_ops_per_sec": 2062871.270567621,
    "bytes_per_sec": 2192396331.5688863,
    "resp_ver": 2,
    "used_memory": 1327501456,
    "bytes_per_key": 1327.501456,
    "distinct_keys_est": 1000000,
    "key_draws": 16511280,
    "server_hits": 22747424,
    "maxmemory_policy": "noeviction"
  },
  "valkey": {
    "target": "valkey",
    "version": "valkey 9.1.0",
    "workload": "get",
    "skipped": false,
    "ops": 15135040,
    "errors": 0,
    "ops_per_sec": 1890946.2547576616,
    "min_us": 36.859,
    "p50_us": 4255.743,
    "p99_us": 5332.991,
    "p999_us": 8163.327,
    "nil_replies": 0,
    "err_replies": 0,
    "hit_ratio": 1,
    "value_ops_per_sec": 1890946.2547576616,
    "bytes_per_sec": 2009676471.7787983,
    "resp_ver": 2,
    "used_memory": 1331096960,
    "bytes_per_key": 1331.09696,
    "distinct_keys_est": 1000000,
    "key_draws": 15135040,
    "server_hits": 20879088,
    "maxmemory_policy": "noeviction"
  },
  "gate": {
    "pass": false,
    "reason": "aki is 1.97x Redis, below the 2.0x bar",
    "required_speedup": 2,
    "speedup_vs_redis": 1.974584140118821,
    "speedup_vs_valkey": 2.154113520530286,
    "tail_regressed_vs_redis": false,
    "tail_regressed_vs_valkey": false
  },
  "generator_bound": false
}
