{
  "workload": "get",
  "cell": {
    "keyspace": 1000000,
    "value_size": 1024,
    "dist": "uniform",
    "pipeline": 1,
    "connections": 512
  },
  "timestamp": "2026-07-11T05:24:00.679970521Z",
  "aki": {
    "target": "aki",
    "version": "unknown",
    "workload": "get",
    "skipped": false,
    "ops": 8029201,
    "errors": 0,
    "ops_per_sec": 1003583.7930037534,
    "min_us": 27.344,
    "p50_us": 483.327,
    "p99_us": 1048.063,
    "p999_us": 1751.039,
    "nil_replies": 0,
    "err_replies": 0,
    "hit_ratio": 1,
    "value_ops_per_sec": 1003583.7930037534,
    "bytes_per_sec": 1066597769.9620696,
    "resp_ver": 2,
    "used_memory": 1073449984,
    "bytes_per_key": 1073.449984,
    "distinct_keys_est": 999679,
    "key_draws": 8029201
  },
  "redis": {
    "target": "redis",
    "version": "redis 8.8.0",
    "workload": "get",
    "skipped": false,
    "ops": 8654497,
    "errors": 0,
    "ops_per_sec": 1081765.8328594938,
    "min_us": 20.086,
    "p50_us": 454.655,
    "p99_us": 899.071,
    "p999_us": 1374.207,
    "nil_replies": 0,
    "err_replies": 0,
    "hit_ratio": 1,
    "value_ops_per_sec": 1081765.8328594938,
    "bytes_per_sec": 1149688683.6034515,
    "resp_ver": 2,
    "used_memory": 1327517920,
    "bytes_per_key": 1327.51792,
    "distinct_keys_est": 999838,
    "key_draws": 8654497,
    "server_hits": 11819332,
    "maxmemory_policy": "noeviction"
  },
  "valkey": {
    "target": "valkey",
    "version": "valkey 9.1.0",
    "workload": "get",
    "skipped": false,
    "ops": 7958297,
    "errors": 0,
    "ops_per_sec": 994730.8812995336,
    "min_us": 10.067,
    "p50_us": 501.503,
    "p99_us": 943.103,
    "p999_us": 1402.879,
    "nil_replies": 0,
    "err_replies": 0,
    "hit_ratio": 1,
    "value_ops_per_sec": 994730.8812995336,
    "bytes_per_sec": 1057189011.8153398,
    "resp_ver": 2,
    "used_memory": 1331077120,
    "bytes_per_key": 1331.07712,
    "distinct_keys_est": 999655,
    "key_draws": 7958297,
    "server_hits": 10810981,
    "maxmemory_policy": "noeviction"
  },
  "gate": {
    "pass": false,
    "reason": "aki is 0.93x Redis, below the 2.0x bar",
    "required_speedup": 2,
    "speedup_vs_redis": 0.927727390271629,
    "speedup_vs_valkey": 1.008899805837589,
    "tail_regressed_vs_redis": true,
    "tail_regressed_vs_valkey": true
  },
  "generator_bound": false
}
