{
  "workload": "get",
  "cell": {
    "keyspace": 1000000,
    "value_size": 1024,
    "dist": "uniform",
    "pipeline": 16,
    "connections": 512
  },
  "timestamp": "2026-07-11T05:53:03.391155363Z",
  "aki": {
    "target": "aki",
    "version": "unknown",
    "workload": "get",
    "skipped": false,
    "ops": 32474368,
    "errors": 0,
    "ops_per_sec": 4058333.374991161,
    "min_us": 53.175,
    "p50_us": 1828.863,
    "p99_us": 4308.991,
    "p999_us": 6819.839,
    "nil_replies": 0,
    "err_replies": 0,
    "hit_ratio": 1,
    "value_ops_per_sec": 4058333.374991161,
    "bytes_per_sec": 4313151329.779886,
    "resp_ver": 2,
    "used_memory": 1073449984,
    "bytes_per_key": 1073.449984,
    "distinct_keys_est": 1000000,
    "key_draws": 32474368
  },
  "redis": {
    "target": "redis",
    "version": "redis 8.8.0",
    "workload": "get",
    "skipped": false,
    "ops": 16675920,
    "errors": 0,
    "ops_per_sec": 2083427.5870929474,
    "min_us": 125.149,
    "p50_us": 3911.679,
    "p99_us": 4878.335,
    "p999_us": 7741.439,
    "nil_replies": 0,
    "err_replies": 0,
    "hit_ratio": 1,
    "value_ops_per_sec": 2083427.5870929474,
    "bytes_per_sec": 2214243341.544849,
    "resp_ver": 2,
    "used_memory": 1327501000,
    "bytes_per_key": 1327.501,
    "distinct_keys_est": 1000000,
    "key_draws": 16675920,
    "server_hits": 22941584,
    "maxmemory_policy": "noeviction"
  },
  "valkey": {
    "target": "valkey",
    "version": "valkey 9.1.0",
    "workload": "get",
    "skipped": false,
    "ops": 14150816,
    "errors": 0,
    "ops_per_sec": 1767951.648744475,
    "min_us": 60.217,
    "p50_us": 4616.191,
    "p99_us": 5521.407,
    "p999_us": 7864.319,
    "nil_replies": 0,
    "err_replies": 0,
    "hit_ratio": 1,
    "value_ops_per_sec": 1767951.648744475,
    "bytes_per_sec": 1878959189.2807388,
    "resp_ver": 2,
    "used_memory": 1331096960,
    "bytes_per_key": 1331.09696,
    "distinct_keys_est": 1000000,
    "key_draws": 14150816,
    "server_hits": 19513648,
    "maxmemory_policy": "noeviction"
  },
  "gate": {
    "pass": false,
    "reason": "aki is 1.95x Redis, below the 2.0x bar",
    "required_speedup": 2,
    "speedup_vs_redis": 1.9479118929464898,
    "speedup_vs_valkey": 2.29550020662229,
    "tail_regressed_vs_redis": false,
    "tail_regressed_vs_valkey": false
  },
  "generator_bound": false
}
