{
  "workload": "get",
  "cell": {
    "keyspace": 1000000,
    "value_size": 1024,
    "dist": "uniform",
    "pipeline": 1,
    "connections": 512
  },
  "timestamp": "2026-07-11T05:26:01.247542167Z",
  "aki": {
    "target": "aki",
    "version": "unknown",
    "workload": "get",
    "skipped": false,
    "ops": 7980382,
    "errors": 0,
    "ops_per_sec": 997502.3046678139,
    "min_us": 19.779,
    "p50_us": 486.143,
    "p99_us": 1051.647,
    "p999_us": 1655.807,
    "nil_replies": 0,
    "err_replies": 0,
    "hit_ratio": 1,
    "value_ops_per_sec": 997502.3046678139,
    "bytes_per_sec": 1060134452.826947,
    "resp_ver": 2,
    "used_memory": 1073449984,
    "bytes_per_key": 1073.449984,
    "distinct_keys_est": 999655,
    "key_draws": 7980382
  },
  "redis": {
    "target": "redis",
    "version": "redis 8.8.0",
    "workload": "get",
    "skipped": false,
    "ops": 8636853,
    "errors": 0,
    "ops_per_sec": 1079544.6731698408,
    "min_us": 22.285,
    "p50_us": 454.911,
    "p99_us": 902.655,
    "p999_us": 1384.447,
    "nil_replies": 0,
    "err_replies": 0,
    "hit_ratio": 1,
    "value_ops_per_sec": 1079544.6731698408,
    "bytes_per_sec": 1147328024.536656,
    "resp_ver": 2,
    "used_memory": 1327518376,
    "bytes_per_key": 1327.518376,
    "distinct_keys_est": 999823,
    "key_draws": 8636853,
    "server_hits": 11778027,
    "maxmemory_policy": "noeviction"
  },
  "valkey": {
    "target": "valkey",
    "version": "valkey 9.1.0",
    "workload": "get",
    "skipped": false,
    "ops": 7994819,
    "errors": 0,
    "ops_per_sec": 999278.0387067007,
    "min_us": 10.076,
    "p50_us": 498.943,
    "p99_us": 958.975,
    "p999_us": 1531.903,
    "nil_replies": 0,
    "err_replies": 0,
    "hit_ratio": 1,
    "value_ops_per_sec": 999278.0387067007,
    "bytes_per_sec": 1062021672.9577487,
    "resp_ver": 2,
    "used_memory": 1331077120,
    "bytes_per_key": 1331.07712,
    "distinct_keys_est": 999665,
    "key_draws": 7994819,
    "server_hits": 10785173,
    "maxmemory_policy": "noeviction"
  },
  "gate": {
    "pass": false,
    "reason": "aki is 0.92x Redis, below the 2.0x bar",
    "required_speedup": 2,
    "speedup_vs_redis": 0.9240028036439402,
    "speedup_vs_valkey": 0.9982229830236388,
    "tail_regressed_vs_redis": true,
    "tail_regressed_vs_valkey": true
  },
  "generator_bound": false
}
