{
  "workload": "get",
  "cell": {
    "keyspace": 1000000,
    "value_size": 64,
    "dist": "uniform",
    "pipeline": 16,
    "connections": 512
  },
  "timestamp": "2026-07-11T05:41:11.6909414Z",
  "aki": {
    "target": "aki",
    "version": "unknown",
    "workload": "get",
    "skipped": false,
    "ops": 56217280,
    "errors": 0,
    "ops_per_sec": 7026480.126566053,
    "min_us": 26.798,
    "p50_us": 1059.839,
    "p99_us": 2709.503,
    "p999_us": 3762.175,
    "nil_replies": 0,
    "err_replies": 0,
    "hit_ratio": 1,
    "value_ops_per_sec": 7026480.126566053,
    "bytes_per_sec": 708190908.9578879,
    "resp_ver": 2,
    "used_memory": 113449984,
    "bytes_per_key": 113.449984,
    "distinct_keys_est": 1000000,
    "key_draws": 56217280
  },
  "redis": {
    "target": "redis",
    "version": "redis 8.8.0",
    "workload": "get",
    "skipped": false,
    "ops": 37421040,
    "errors": 0,
    "ops_per_sec": 4676592.786669882,
    "min_us": 45.563,
    "p50_us": 1737.727,
    "p99_us": 2228.223,
    "p999_us": 3530.751,
    "nil_replies": 0,
    "err_replies": 0,
    "hit_ratio": 1,
    "value_ops_per_sec": 4676592.786669882,
    "bytes_per_sec": 471348488.56858027,
    "resp_ver": 2,
    "used_memory": 127501728,
    "bytes_per_key": 127.501728,
    "distinct_keys_est": 1000000,
    "key_draws": 37421040,
    "server_hits": 51445472,
    "maxmemory_policy": "noeviction"
  },
  "valkey": {
    "target": "valkey",
    "version": "valkey 9.1.0",
    "workload": "get",
    "skipped": false,
    "ops": 31735104,
    "errors": 0,
    "ops_per_sec": 3965918.8598102448,
    "min_us": 17.56,
    "p50_us": 2035.711,
    "p99_us": 2674.687,
    "p999_us": 3514.367,
    "nil_replies": 0,
    "err_replies": 0,
    "hit_ratio": 1,
    "value_ops_per_sec": 3965918.8598102448,
    "bytes_per_sec": 399720214.7703122,
    "resp_ver": 2,
    "used_memory": 115092560,
    "bytes_per_key": 115.09256,
    "distinct_keys_est": 1000000,
    "key_draws": 31735104,
    "server_hits": 43634192,
    "maxmemory_policy": "noeviction"
  },
  "gate": {
    "pass": false,
    "reason": "aki is 1.50x Redis, below the 2.0x bar",
    "required_speedup": 2,
    "speedup_vs_redis": 1.5024785024247287,
    "speedup_vs_valkey": 1.771715553177567,
    "tail_regressed_vs_redis": true,
    "tail_regressed_vs_valkey": true
  },
  "generator_bound": false
}
