{
  "workload": "get",
  "cell": {
    "keyspace": 1000000,
    "value_size": 64,
    "dist": "uniform",
    "pipeline": 16,
    "connections": 512
  },
  "timestamp": "2026-07-11T05:38:44.793758468Z",
  "aki": {
    "target": "aki",
    "version": "unknown",
    "workload": "get",
    "skipped": false,
    "ops": 40823248,
    "errors": 0,
    "ops_per_sec": 5102255.435007413,
    "min_us": 39.189,
    "p50_us": 1548.287,
    "p99_us": 3516.415,
    "p999_us": 5779.455,
    "nil_replies": 0,
    "err_replies": 0,
    "hit_ratio": 1,
    "value_ops_per_sec": 5102255.435007413,
    "bytes_per_sec": 514250787.3855103,
    "resp_ver": 2,
    "used_memory": 113449984,
    "bytes_per_key": 113.449984,
    "distinct_keys_est": 1000000,
    "key_draws": 40823248
  },
  "redis": {
    "target": "redis",
    "version": "redis 8.8.0",
    "workload": "get",
    "skipped": false,
    "ops": 37677584,
    "errors": 0,
    "ops_per_sec": 4708657.444974297,
    "min_us": 58.265,
    "p50_us": 1724.415,
    "p99_us": 2238.463,
    "p999_us": 4321.279,
    "nil_replies": 0,
    "err_replies": 0,
    "hit_ratio": 1,
    "value_ops_per_sec": 4708657.444974297,
    "bytes_per_sec": 474580270.88306576,
    "resp_ver": 2,
    "used_memory": 127501120,
    "bytes_per_key": 127.50112,
    "distinct_keys_est": 1000000,
    "key_draws": 37677584,
    "server_hits": 51656272,
    "maxmemory_policy": "noeviction"
  },
  "valkey": {
    "target": "valkey",
    "version": "valkey 9.1.0",
    "workload": "get",
    "skipped": false,
    "ops": 31568864,
    "errors": 0,
    "ops_per_sec": 3945143.479486705,
    "min_us": 29.552,
    "p50_us": 2036.735,
    "p99_us": 3094.527,
    "p999_us": 3700.735,
    "nil_replies": 0,
    "err_replies": 0,
    "hit_ratio": 1,
    "value_ops_per_sec": 3945143.479486705,
    "bytes_per_sec": 397626298.5046627,
    "resp_ver": 2,
    "used_memory": 115092560,
    "bytes_per_key": 115.09256,
    "distinct_keys_est": 1000000,
    "key_draws": 31568864,
    "server_hits": 43569520,
    "maxmemory_policy": "noeviction"
  },
  "gate": {
    "pass": false,
    "reason": "aki is 1.08x Redis, below the 2.0x bar",
    "required_speedup": 2,
    "speedup_vs_redis": 1.0835902791045495,
    "speedup_vs_valkey": 1.2933003480196006,
    "tail_regressed_vs_redis": true,
    "tail_regressed_vs_valkey": true
  },
  "generator_bound": false
}
