{
  "workload": "get",
  "cell": {
    "keyspace": 1000000,
    "value_size": 64,
    "dist": "uniform",
    "pipeline": 16,
    "connections": 512
  },
  "timestamp": "2026-07-11T05:37:31.290227757Z",
  "aki": {
    "target": "aki",
    "version": "unknown",
    "workload": "get",
    "skipped": false,
    "ops": 56684992,
    "errors": 0,
    "ops_per_sec": 7083813.164840671,
    "min_us": 31.657,
    "p50_us": 1044.479,
    "p99_us": 2703.359,
    "p999_us": 4218.879,
    "nil_replies": 0,
    "err_replies": 0,
    "hit_ratio": 1,
    "value_ops_per_sec": 7083813.164840671,
    "bytes_per_sec": 713969458.3623588,
    "resp_ver": 2,
    "used_memory": 113449984,
    "bytes_per_key": 113.449984,
    "distinct_keys_est": 1000000,
    "key_draws": 56684992
  },
  "redis": {
    "target": "redis",
    "version": "redis 8.8.0",
    "workload": "get",
    "skipped": false,
    "ops": 37410096,
    "errors": 0,
    "ops_per_sec": 4675175.821660927,
    "min_us": 70.95,
    "p50_us": 1731.583,
    "p99_us": 2242.559,
    "p999_us": 5955.583,
    "nil_replies": 0,
    "err_replies": 0,
    "hit_ratio": 1,
    "value_ops_per_sec": 4675175.821660927,
    "bytes_per_sec": 471205674.19082165,
    "resp_ver": 2,
    "used_memory": 127500816,
    "bytes_per_key": 127.500816,
    "distinct_keys_est": 1000000,
    "key_draws": 37410096,
    "server_hits": 51380256,
    "maxmemory_policy": "noeviction"
  },
  "valkey": {
    "target": "valkey",
    "version": "valkey 9.1.0",
    "workload": "get",
    "skipped": false,
    "ops": 31650304,
    "errors": 0,
    "ops_per_sec": 3955160.657097142,
    "min_us": 21.899,
    "p50_us": 2036.735,
    "p99_us": 2629.631,
    "p999_us": 6238.207,
    "nil_replies": 0,
    "err_replies": 0,
    "hit_ratio": 1,
    "value_ops_per_sec": 3955160.657097142,
    "bytes_per_sec": 398635949.19659406,
    "resp_ver": 2,
    "used_memory": 115092560,
    "bytes_per_key": 115.09256,
    "distinct_keys_est": 1000000,
    "key_draws": 31650304,
    "server_hits": 43583536,
    "maxmemory_policy": "noeviction"
  },
  "gate": {
    "pass": false,
    "reason": "aki is 1.52x Redis, below the 2.0x bar",
    "required_speedup": 2,
    "speedup_vs_redis": 1.5151971679910083,
    "speedup_vs_valkey": 1.7910304483155377,
    "tail_regressed_vs_redis": true,
    "tail_regressed_vs_valkey": true
  },
  "generator_bound": false
}
