{
  "workload": "get",
  "cell": {
    "keyspace": 1000000,
    "value_size": 64,
    "dist": "uniform",
    "pipeline": 1,
    "connections": 512
  },
  "timestamp": "2026-07-11T05:10:56.391104856Z",
  "aki": {
    "target": "aki",
    "version": "unknown",
    "workload": "get",
    "skipped": false,
    "ops": 8319334,
    "errors": 0,
    "ops_per_sec": 1039855.6499017591,
    "min_us": 30.811,
    "p50_us": 466.687,
    "p99_us": 999.935,
    "p999_us": 1390.591,
    "nil_replies": 0,
    "err_replies": 0,
    "hit_ratio": 1,
    "value_ops_per_sec": 1039855.6499017591,
    "bytes_per_sec": 104805889.28935567,
    "resp_ver": 2,
    "used_memory": 113449984,
    "bytes_per_key": 113.449984,
    "distinct_keys_est": 999772,
    "key_draws": 8319334
  },
  "redis": {
    "target": "redis",
    "version": "redis 8.8.0",
    "workload": "get",
    "skipped": false,
    "ops": 8812634,
    "errors": 0,
    "ops_per_sec": 1101516.8990489983,
    "min_us": 24.089,
    "p50_us": 448.255,
    "p99_us": 918.015,
    "p999_us": 1350.655,
    "nil_replies": 0,
    "err_replies": 0,
    "hit_ratio": 1,
    "value_ops_per_sec": 1101516.8990489983,
    "bytes_per_sec": 111020613.5948002,
    "resp_ver": 2,
    "used_memory": 127501376,
    "bytes_per_key": 127.501376,
    "distinct_keys_est": 999857,
    "key_draws": 8812634,
    "server_hits": 12099574,
    "maxmemory_policy": "noeviction"
  },
  "valkey": {
    "target": "valkey",
    "version": "valkey 9.1.0",
    "workload": "get",
    "skipped": false,
    "ops": 8417696,
    "errors": 0,
    "ops_per_sec": 1052105.1654276212,
    "min_us": 10.41,
    "p50_us": 475.135,
    "p99_us": 918.527,
    "p999_us": 1384.447,
    "nil_replies": 0,
    "err_replies": 0,
    "hit_ratio": 1,
    "value_ops_per_sec": 1052105.1654276212,
    "bytes_per_sec": 106040492.13903141,
    "resp_ver": 2,
    "used_memory": 115091984,
    "bytes_per_key": 115.091984,
    "distinct_keys_est": 999793,
    "key_draws": 8417696,
    "server_hits": 11472526,
    "maxmemory_policy": "noeviction"
  },
  "gate": {
    "pass": false,
    "reason": "aki is 0.94x Redis, below the 2.0x bar",
    "required_speedup": 2,
    "speedup_vs_redis": 0.9440215132418988,
    "speedup_vs_valkey": 0.988357137738333,
    "tail_regressed_vs_redis": true,
    "tail_regressed_vs_valkey": true
  },
  "generator_bound": false
}
