{
  "workload": "get",
  "cell": {
    "keyspace": 1000000,
    "value_size": 1024,
    "dist": "uniform",
    "pipeline": 16,
    "connections": 512
  },
  "timestamp": "2026-07-11T05:53:43.444250219Z",
  "aki": {
    "target": "aki",
    "version": "unknown",
    "workload": "get",
    "skipped": false,
    "ops": 28711824,
    "errors": 0,
    "ops_per_sec": 3588382.288170863,
    "min_us": 48.466,
    "p50_us": 2117.631,
    "p99_us": 4395.007,
    "p999_us": 6582.271,
    "nil_replies": 0,
    "err_replies": 0,
    "hit_ratio": 1,
    "value_ops_per_sec": 3588382.288170863,
    "bytes_per_sec": 3813692260.930648,
    "resp_ver": 2,
    "used_memory": 1073449984,
    "bytes_per_key": 1073.449984,
    "distinct_keys_est": 1000000,
    "key_draws": 28711824
  },
  "redis": {
    "target": "redis",
    "version": "redis 8.8.0",
    "workload": "get",
    "skipped": false,
    "ops": 16652032,
    "errors": 0,
    "ops_per_sec": 2080438.3555250398,
    "min_us": 91.719,
    "p50_us": 3917.823,
    "p99_us": 4788.223,
    "p999_us": 8085.503,
    "nil_replies": 0,
    "err_replies": 0,
    "hit_ratio": 1,
    "value_ops_per_sec": 2080438.3555250398,
    "bytes_per_sec": 2211066415.9479737,
    "resp_ver": 2,
    "used_memory": 1327501152,
    "bytes_per_key": 1327.501152,
    "distinct_keys_est": 1000000,
    "key_draws": 16652032,
    "server_hits": 22835104,
    "maxmemory_policy": "noeviction"
  },
  "valkey": {
    "target": "valkey",
    "version": "valkey 9.1.0",
    "workload": "get",
    "skipped": false,
    "ops": 14888288,
    "errors": 0,
    "ops_per_sec": 1860062.543243228,
    "min_us": 77.246,
    "p50_us": 4403.199,
    "p99_us": 5287.935,
    "p999_us": 7794.687,
    "nil_replies": 0,
    "err_replies": 0,
    "hit_ratio": 1,
    "value_ops_per_sec": 1860062.543243228,
    "bytes_per_sec": 1976853645.8076677,
    "resp_ver": 2,
    "used_memory": 1331096960,
    "bytes_per_key": 1331.09696,
    "distinct_keys_est": 1000000,
    "key_draws": 14888288,
    "server_hits": 20544992,
    "maxmemory_policy": "noeviction"
  },
  "gate": {
    "pass": false,
    "reason": "aki is 1.72x Redis, below the 2.0x bar",
    "required_speedup": 2,
    "speedup_vs_redis": 1.7248202902244913,
    "speedup_vs_valkey": 1.9291729201288659,
    "tail_regressed_vs_redis": false,
    "tail_regressed_vs_valkey": false
  },
  "generator_bound": false
}
