{
  "workload": "get",
  "cell": {
    "keyspace": 1000000,
    "value_size": 64,
    "dist": "uniform",
    "pipeline": 1,
    "connections": 512
  },
  "timestamp": "2026-07-11T05:12:09.807272468Z",
  "aki": {
    "target": "aki",
    "version": "unknown",
    "workload": "get",
    "skipped": false,
    "ops": 6051668,
    "errors": 0,
    "ops_per_sec": 756398.2435194755,
    "min_us": 7.148,
    "p50_us": 561.151,
    "p99_us": 2668.543,
    "p999_us": 5394.431,
    "nil_replies": 0,
    "err_replies": 0,
    "hit_ratio": 1,
    "value_ops_per_sec": 756398.2435194755,
    "bytes_per_sec": 76236799.04552564,
    "resp_ver": 2,
    "used_memory": 113449984,
    "bytes_per_key": 113.449984,
    "distinct_keys_est": 997654,
    "key_draws": 6051668
  },
  "redis": {
    "target": "redis",
    "version": "redis 8.8.0",
    "workload": "get",
    "skipped": false,
    "ops": 8934233,
    "errors": 0,
    "ops_per_sec": 1116727.38171595,
    "min_us": 26.939,
    "p50_us": 442.623,
    "p99_us": 898.559,
    "p999_us": 1304.575,
    "nil_replies": 0,
    "err_replies": 0,
    "hit_ratio": 1,
    "value_ops_per_sec": 1116727.38171595,
    "bytes_per_sec": 112553680.8533361,
    "resp_ver": 2,
    "used_memory": 127501680,
    "bytes_per_key": 127.50168,
    "distinct_keys_est": 999871,
    "key_draws": 8934233,
    "server_hits": 12248899,
    "maxmemory_policy": "noeviction"
  },
  "valkey": {
    "target": "valkey",
    "version": "valkey 9.1.0",
    "workload": "get",
    "skipped": false,
    "ops": 8279935,
    "errors": 0,
    "ops_per_sec": 1034919.571508421,
    "min_us": 8.703,
    "p50_us": 482.559,
    "p99_us": 924.671,
    "p999_us": 1386.495,
    "nil_replies": 0,
    "err_replies": 0,
    "hit_ratio": 1,
    "value_ops_per_sec": 1034919.571508421,
    "bytes_per_sec": 104308381.11230052,
    "resp_ver": 2,
    "used_memory": 115091984,
    "bytes_per_key": 115.091984,
    "distinct_keys_est": 999758,
    "key_draws": 8279935,
    "server_hits": 11319201,
    "maxmemory_policy": "noeviction"
  },
  "gate": {
    "pass": false,
    "reason": "aki is 0.68x Redis, below the 2.0x bar",
    "required_speedup": 2,
    "speedup_vs_redis": 0.6773347335293264,
    "speedup_vs_valkey": 0.7308763543982517,
    "tail_regressed_vs_redis": true,
    "tail_regressed_vs_valkey": true
  },
  "generator_bound": false
}
