{
  "workload": "get",
  "cell": {
    "keyspace": 1000000,
    "value_size": 64,
    "dist": "uniform",
    "pipeline": 16,
    "connections": 512
  },
  "timestamp": "2026-07-11T05:41:48.434091728Z",
  "aki": {
    "target": "aki",
    "version": "unknown",
    "workload": "get",
    "skipped": false,
    "ops": 53908544,
    "errors": 0,
    "ops_per_sec": 6737673.107311141,
    "min_us": 31.109,
    "p50_us": 1108.991,
    "p99_us": 2674.687,
    "p999_us": 4091.903,
    "nil_replies": 0,
    "err_replies": 0,
    "hit_ratio": 1,
    "value_ops_per_sec": 6737673.107311141,
    "bytes_per_sec": 679082403.0345407,
    "resp_ver": 2,
    "used_memory": 113449984,
    "bytes_per_key": 113.449984,
    "distinct_keys_est": 1000000,
    "key_draws": 53908544
  },
  "redis": {
    "target": "redis",
    "version": "redis 8.8.0",
    "workload": "get",
    "skipped": false,
    "ops": 37646896,
    "errors": 0,
    "ops_per_sec": 4704955.561493225,
    "min_us": 46.093,
    "p50_us": 1728.511,
    "p99_us": 2187.263,
    "p999_us": 3327.999,
    "nil_replies": 0,
    "err_replies": 0,
    "hit_ratio": 1,
    "value_ops_per_sec": 4704955.561493225,
    "bytes_per_sec": 474207157.0866684,
    "resp_ver": 2,
    "used_memory": 127501880,
    "bytes_per_key": 127.50188,
    "distinct_keys_est": 1000000,
    "key_draws": 37646896,
    "server_hits": 51698336,
    "maxmemory_policy": "noeviction"
  },
  "valkey": {
    "target": "valkey",
    "version": "valkey 9.1.0",
    "workload": "get",
    "skipped": false,
    "ops": 31825696,
    "errors": 0,
    "ops_per_sec": 3977338.4437340857,
    "min_us": 70.757,
    "p50_us": 2029.567,
    "p99_us": 2664.447,
    "p999_us": 3717.119,
    "nil_replies": 0,
    "err_replies": 0,
    "hit_ratio": 1,
    "value_ops_per_sec": 3977338.4437340857,
    "bytes_per_sec": 400871151.691014,
    "resp_ver": 2,
    "used_memory": 115092560,
    "bytes_per_key": 115.09256,
    "distinct_keys_est": 1000000,
    "key_draws": 31825696,
    "server_hits": 43846144,
    "maxmemory_policy": "noeviction"
  },
  "gate": {
    "pass": false,
    "reason": "aki is 1.43x Redis, below the 2.0x bar",
    "required_speedup": 2,
    "speedup_vs_redis": 1.4320375653394664,
    "speedup_vs_valkey": 1.6940155339120555,
    "tail_regressed_vs_redis": true,
    "tail_regressed_vs_valkey": true
  },
  "generator_bound": false
}
