{
  "workload": "get",
  "cell": {
    "keyspace": 1000000,
    "value_size": 1024,
    "dist": "uniform",
    "pipeline": 16,
    "connections": 512
  },
  "timestamp": "2026-07-11T05:51:42.523712026Z",
  "aki": {
    "target": "aki",
    "version": "unknown",
    "workload": "get",
    "skipped": false,
    "ops": 28874992,
    "errors": 0,
    "ops_per_sec": 3608492.3298520623,
    "min_us": 44.198,
    "p50_us": 2105.343,
    "p99_us": 4362.239,
    "p999_us": 6545.407,
    "nil_replies": 0,
    "err_replies": 0,
    "hit_ratio": 1,
    "value_ops_per_sec": 3608492.3298520623,
    "bytes_per_sec": 3835064972.155223,
    "resp_ver": 2,
    "used_memory": 1073449984,
    "bytes_per_key": 1073.449984,
    "distinct_keys_est": 1000000,
    "key_draws": 28874992
  },
  "redis": {
    "target": "redis",
    "version": "redis 8.8.0",
    "workload": "get",
    "skipped": false,
    "ops": 16548320,
    "errors": 0,
    "ops_per_sec": 2067473.26365211,
    "min_us": 114.576,
    "p50_us": 3932.159,
    "p99_us": 4857.855,
    "p999_us": 11575.295,
    "nil_replies": 0,
    "err_replies": 0,
    "hit_ratio": 1,
    "value_ops_per_sec": 2067473.26365211,
    "bytes_per_sec": 2197287273.637024,
    "resp_ver": 2,
    "used_memory": 1327500696,
    "bytes_per_key": 1327.500696,
    "distinct_keys_est": 1000000,
    "key_draws": 16548320,
    "server_hits": 22750720,
    "maxmemory_policy": "noeviction"
  },
  "valkey": {
    "target": "valkey",
    "version": "valkey 9.1.0",
    "workload": "get",
    "skipped": false,
    "ops": 14389312,
    "errors": 0,
    "ops_per_sec": 1797615.3523208487,
    "min_us": 68.806,
    "p50_us": 4542.463,
    "p99_us": 5398.527,
    "p999_us": 8069.119,
    "nil_replies": 0,
    "err_replies": 0,
    "hit_ratio": 1,
    "value_ops_per_sec": 1797615.3523208487,
    "bytes_per_sec": 1910485409.6476655,
    "resp_ver": 2,
    "used_memory": 1331096960,
    "bytes_per_key": 1331.09696,
    "distinct_keys_est": 1000000,
    "key_draws": 14389312,
    "server_hits": 20137440,
    "maxmemory_policy": "noeviction"
  },
  "gate": {
    "pass": false,
    "reason": "aki is 1.75x Redis, below the 2.0x bar",
    "required_speedup": 2,
    "speedup_vs_redis": 1.745363479805201,
    "speedup_vs_valkey": 2.007377343096922,
    "tail_regressed_vs_redis": false,
    "tail_regressed_vs_valkey": false
  },
  "generator_bound": false
}
