{
  "workload": "get",
  "cell": {
    "keyspace": 1000000,
    "value_size": 1024,
    "dist": "uniform",
    "pipeline": 1,
    "connections": 512
  },
  "timestamp": "2026-07-11T05:23:20.675309489Z",
  "aki": {
    "target": "aki",
    "version": "unknown",
    "workload": "get",
    "skipped": false,
    "ops": 6555321,
    "errors": 0,
    "ops_per_sec": 819357.7949447667,
    "min_us": 10.949,
    "p50_us": 550.911,
    "p99_us": 1878.015,
    "p999_us": 2699.263,
    "nil_replies": 0,
    "err_replies": 0,
    "hit_ratio": 1,
    "value_ops_per_sec": 819357.7949447667,
    "bytes_per_sec": 870804593.987961,
    "resp_ver": 2,
    "used_memory": 1073449984,
    "bytes_per_key": 1073.449984,
    "distinct_keys_est": 998559,
    "key_draws": 6555321
  },
  "redis": {
    "target": "redis",
    "version": "redis 8.8.0",
    "workload": "get",
    "skipped": false,
    "ops": 8537267,
    "errors": 0,
    "ops_per_sec": 1067091.520782518,
    "min_us": 38.806,
    "p50_us": 461.823,
    "p99_us": 903.679,
    "p999_us": 1346.559,
    "nil_replies": 0,
    "err_replies": 0,
    "hit_ratio": 1,
    "value_ops_per_sec": 1067091.520782518,
    "bytes_per_sec": 1134092963.458508,
    "resp_ver": 2,
    "used_memory": 1327517768,
    "bytes_per_key": 1327.517768,
    "distinct_keys_est": 999809,
    "key_draws": 8537267,
    "server_hits": 11656385,
    "maxmemory_policy": "noeviction"
  },
  "valkey": {
    "target": "valkey",
    "version": "valkey 9.1.0",
    "workload": "get",
    "skipped": false,
    "ops": 7998308,
    "errors": 0,
    "ops_per_sec": 999767.2854380866,
    "min_us": 9.024,
    "p50_us": 497.919,
    "p99_us": 985.599,
    "p999_us": 1640.447,
    "nil_replies": 0,
    "err_replies": 0,
    "hit_ratio": 1,
    "value_ops_per_sec": 999767.2854380866,
    "bytes_per_sec": 1062541629.397895,
    "resp_ver": 2,
    "used_memory": 1331077120,
    "bytes_per_key": 1331.07712,
    "distinct_keys_est": 999667,
    "key_draws": 7998308,
    "server_hits": 10898496,
    "maxmemory_policy": "noeviction"
  },
  "gate": {
    "pass": false,
    "reason": "aki is 0.77x Redis, below the 2.0x bar",
    "required_speedup": 2,
    "speedup_vs_redis": 0.7678421006887174,
    "speedup_vs_valkey": 0.8195485158185922,
    "tail_regressed_vs_redis": true,
    "tail_regressed_vs_valkey": true
  },
  "generator_bound": false
}
