{
  "workload": "get",
  "cell": {
    "keyspace": 1000000,
    "value_size": 64,
    "dist": "uniform",
    "pipeline": 16,
    "connections": 512
  },
  "timestamp": "2026-07-11T05:38:08.036825139Z",
  "aki": {
    "target": "aki",
    "version": "unknown",
    "workload": "get",
    "skipped": false,
    "ops": 54259408,
    "errors": 0,
    "ops_per_sec": 6781819.395077842,
    "min_us": 27.547,
    "p50_us": 1097.727,
    "p99_us": 2787.327,
    "p999_us": 5107.711,
    "nil_replies": 0,
    "err_replies": 0,
    "hit_ratio": 1,
    "value_ops_per_sec": 6781819.395077842,
    "bytes_per_sec": 683531850.355996,
    "resp_ver": 2,
    "used_memory": 113449984,
    "bytes_per_key": 113.449984,
    "distinct_keys_est": 1000000,
    "key_draws": 54259408
  },
  "redis": {
    "target": "redis",
    "version": "redis 8.8.0",
    "workload": "get",
    "skipped": false,
    "ops": 37821072,
    "errors": 0,
    "ops_per_sec": 4726619.618391215,
    "min_us": 73.677,
    "p50_us": 1720.319,
    "p99_us": 2263.039,
    "p999_us": 3530.751,
    "nil_replies": 0,
    "err_replies": 0,
    "hit_ratio": 1,
    "value_ops_per_sec": 4726619.618391215,
    "bytes_per_sec": 476390631.8778462,
    "resp_ver": 2,
    "used_memory": 127500968,
    "bytes_per_key": 127.500968,
    "distinct_keys_est": 1000000,
    "key_draws": 37821072,
    "server_hits": 52004528,
    "maxmemory_policy": "noeviction"
  },
  "valkey": {
    "target": "valkey",
    "version": "valkey 9.1.0",
    "workload": "get",
    "skipped": false,
    "ops": 31826352,
    "errors": 0,
    "ops_per_sec": 3977154.326044956,
    "min_us": 63.164,
    "p50_us": 2029.567,
    "p99_us": 2664.447,
    "p999_us": 3710.975,
    "nil_replies": 0,
    "err_replies": 0,
    "hit_ratio": 1,
    "value_ops_per_sec": 3977154.326044956,
    "bytes_per_sec": 400852594.00981694,
    "resp_ver": 2,
    "used_memory": 115092560,
    "bytes_per_key": 115.09256,
    "distinct_keys_est": 1000000,
    "key_draws": 31826352,
    "server_hits": 43833152,
    "maxmemory_policy": "noeviction"
  },
  "gate": {
    "pass": false,
    "reason": "aki is 1.43x Redis, below the 2.0x bar",
    "required_speedup": 2,
    "speedup_vs_redis": 1.4348138717763266,
    "speedup_vs_valkey": 1.705193924878937,
    "tail_regressed_vs_redis": true,
    "tail_regressed_vs_valkey": true
  },
  "generator_bound": false
}
