{
  "workload": "get",
  "cell": {
    "keyspace": 1000000,
    "value_size": 64,
    "dist": "uniform",
    "pipeline": 16,
    "connections": 512
  },
  "timestamp": "2026-07-11T05:36:54.567149465Z",
  "aki": {
    "target": "aki",
    "version": "unknown",
    "workload": "get",
    "skipped": false,
    "ops": 48615808,
    "errors": 0,
    "ops_per_sec": 6076472.536146695,
    "min_us": 26.465,
    "p50_us": 1294.335,
    "p99_us": 2869.247,
    "p999_us": 3979.263,
    "nil_replies": 0,
    "err_replies": 0,
    "hit_ratio": 1,
    "value_ops_per_sec": 6076472.536146695,
    "bytes_per_sec": 612440775.0742465,
    "resp_ver": 2,
    "used_memory": 113449984,
    "bytes_per_key": 113.449984,
    "distinct_keys_est": 1000000,
    "key_draws": 48615808
  },
  "redis": {
    "target": "redis",
    "version": "redis 8.8.0",
    "workload": "get",
    "skipped": false,
    "ops": 37853312,
    "errors": 0,
    "ops_per_sec": 4730625.010463639,
    "min_us": 52.211,
    "p50_us": 1720.319,
    "p99_us": 2142.207,
    "p999_us": 3391.487,
    "nil_replies": 0,
    "err_replies": 0,
    "hit_ratio": 1,
    "value_ops_per_sec": 4730625.010463639,
    "bytes_per_sec": 476794342.0452595,
    "resp_ver": 2,
    "used_memory": 127500664,
    "bytes_per_key": 127.500664,
    "distinct_keys_est": 1000000,
    "key_draws": 37853312,
    "server_hits": 51772112,
    "maxmemory_policy": "noeviction"
  },
  "valkey": {
    "target": "valkey",
    "version": "valkey 9.1.0",
    "workload": "get",
    "skipped": false,
    "ops": 31833888,
    "errors": 0,
    "ops_per_sec": 3978227.1479510344,
    "min_us": 57.298,
    "p50_us": 2029.567,
    "p99_us": 2648.063,
    "p999_us": 3682.303,
    "nil_replies": 0,
    "err_replies": 0,
    "hit_ratio": 1,
    "value_ops_per_sec": 3978227.1479510344,
    "bytes_per_sec": 400960731.7647893,
    "resp_ver": 2,
    "used_memory": 115092560,
    "bytes_per_key": 115.09256,
    "distinct_keys_est": 1000000,
    "key_draws": 31833888,
    "server_hits": 43683984,
    "maxmemory_policy": "noeviction"
  },
  "gate": {
    "pass": false,
    "reason": "aki is 1.28x Redis, below the 2.0x bar",
    "required_speedup": 2,
    "speedup_vs_redis": 1.284496767912524,
    "speedup_vs_valkey": 1.5274322732618097,
    "tail_regressed_vs_redis": true,
    "tail_regressed_vs_valkey": true
  },
  "generator_bound": false
}
