{
  "workload": "get",
  "cell": {
    "keyspace": 1000000,
    "value_size": 64,
    "dist": "uniform",
    "pipeline": 1,
    "connections": 512
  },
  "timestamp": "2026-07-11T05:14:36.766033156Z",
  "aki": {
    "target": "aki",
    "version": "unknown",
    "workload": "get",
    "skipped": false,
    "ops": 8377555,
    "errors": 0,
    "ops_per_sec": 1047114.5314698608,
    "min_us": 32.374,
    "p50_us": 463.871,
    "p99_us": 993.791,
    "p999_us": 1387.519,
    "nil_replies": 0,
    "err_replies": 0,
    "hit_ratio": 1,
    "value_ops_per_sec": 1047114.5314698608,
    "bytes_per_sec": 105537475.78693376,
    "resp_ver": 2,
    "used_memory": 113449984,
    "bytes_per_key": 113.449984,
    "distinct_keys_est": 999787,
    "key_draws": 8377555
  },
  "redis": {
    "target": "redis",
    "version": "redis 8.8.0",
    "workload": "get",
    "skipped": false,
    "ops": 8904079,
    "errors": 0,
    "ops_per_sec": 1112954.8677621384,
    "min_us": 28.83,
    "p50_us": 443.903,
    "p99_us": 890.367,
    "p999_us": 1356.799,
    "nil_replies": 0,
    "err_replies": 0,
    "hit_ratio": 1,
    "value_ops_per_sec": 1112954.8677621384,
    "bytes_per_sec": 112173447.63343744,
    "resp_ver": 2,
    "used_memory": 127502288,
    "bytes_per_key": 127.502288,
    "distinct_keys_est": 999867,
    "key_draws": 8904079,
    "server_hits": 12148370,
    "maxmemory_policy": "noeviction"
  },
  "valkey": {
    "target": "valkey",
    "version": "valkey 9.1.0",
    "workload": "get",
    "skipped": false,
    "ops": 8382384,
    "errors": 0,
    "ops_per_sec": 1047743.5528275658,
    "min_us": 8.756,
    "p50_us": 477.695,
    "p99_us": 916.479,
    "p999_us": 1314.815,
    "nil_replies": 0,
    "err_replies": 0,
    "hit_ratio": 1,
    "value_ops_per_sec": 1047743.5528275658,
    "bytes_per_sec": 105600877.70658898,
    "resp_ver": 2,
    "used_memory": 115091984,
    "bytes_per_key": 115.091984,
    "distinct_keys_est": 999788,
    "key_draws": 8382384,
    "server_hits": 11401857,
    "maxmemory_policy": "noeviction"
  },
  "gate": {
    "pass": false,
    "reason": "aki is 0.94x Redis, below the 2.0x bar",
    "required_speedup": 2,
    "speedup_vs_redis": 0.9408418632242785,
    "speedup_vs_valkey": 0.9993996418722813,
    "tail_regressed_vs_redis": true,
    "tail_regressed_vs_valkey": true
  },
  "generator_bound": false
}
