{
  "workload": "get",
  "cell": {
    "keyspace": 1000000,
    "value_size": 1024,
    "dist": "uniform",
    "pipeline": 16,
    "connections": 512
  },
  "timestamp": "2026-07-11T05:55:44.250221444Z",
  "aki": {
    "target": "aki",
    "version": "unknown",
    "workload": "get",
    "skipped": false,
    "ops": 28530144,
    "errors": 0,
    "ops_per_sec": 3565163.3292403356,
    "min_us": 52.509,
    "p50_us": 2134.015,
    "p99_us": 4333.567,
    "p999_us": 6803.455,
    "nil_replies": 0,
    "err_replies": 0,
    "hit_ratio": 1,
    "value_ops_per_sec": 3565163.3292403356,
    "bytes_per_sec": 3789015384.248295,
    "resp_ver": 2,
    "used_memory": 1073449984,
    "bytes_per_key": 1073.449984,
    "distinct_keys_est": 1000000,
    "key_draws": 28530144
  },
  "redis": {
    "target": "redis",
    "version": "redis 8.8.0",
    "workload": "get",
    "skipped": false,
    "ops": 16511328,
    "errors": 0,
    "ops_per_sec": 2062790.9319085833,
    "min_us": 125.509,
    "p50_us": 3942.399,
    "p99_us": 5005.311,
    "p999_us": 8290.303,
    "nil_replies": 0,
    "err_replies": 0,
    "hit_ratio": 1,
    "value_ops_per_sec": 2062790.9319085833,
    "bytes_per_sec": 2192310945.5669837,
    "resp_ver": 2,
    "used_memory": 1327501608,
    "bytes_per_key": 1327.501608,
    "distinct_keys_est": 1000000,
    "key_draws": 16511328,
    "server_hits": 22701200,
    "maxmemory_policy": "noeviction"
  },
  "valkey": {
    "target": "valkey",
    "version": "valkey 9.1.0",
    "workload": "get",
    "skipped": false,
    "ops": 15371744,
    "errors": 0,
    "ops_per_sec": 1920343.0200911555,
    "min_us": 68.774,
    "p50_us": 4222.975,
    "p99_us": 5005.311,
    "p999_us": 7360.511,
    "nil_replies": 0,
    "err_replies": 0,
    "hit_ratio": 1,
    "value_ops_per_sec": 1920343.0200911555,
    "bytes_per_sec": 2040918932.5237665,
    "resp_ver": 2,
    "used_memory": 1331096960,
    "bytes_per_key": 1331.09696,
    "distinct_keys_est": 1000000,
    "key_draws": 15371744,
    "server_hits": 20882160,
    "maxmemory_policy": "noeviction"
  },
  "gate": {
    "pass": false,
    "reason": "aki is 1.73x Redis, below the 2.0x bar",
    "required_speedup": 2,
    "speedup_vs_redis": 1.7283202452037603,
    "speedup_vs_valkey": 1.8565242209025257,
    "tail_regressed_vs_redis": false,
    "tail_regressed_vs_valkey": false
  },
  "generator_bound": false
}
