{
  "workload": "get",
  "cell": {
    "keyspace": 1000000,
    "value_size": 1024,
    "dist": "uniform",
    "pipeline": 1,
    "connections": 512
  },
  "timestamp": "2026-07-11T05:28:02.054639787Z",
  "aki": {
    "target": "aki",
    "version": "unknown",
    "workload": "get",
    "skipped": false,
    "ops": 7996705,
    "errors": 0,
    "ops_per_sec": 999514.8544391411,
    "min_us": 32.613,
    "p50_us": 485.375,
    "p99_us": 1050.623,
    "p999_us": 1596.415,
    "nil_replies": 0,
    "err_replies": 0,
    "hit_ratio": 1,
    "value_ops_per_sec": 999514.8544391411,
    "bytes_per_sec": 1062273354.7316738,
    "resp_ver": 2,
    "used_memory": 1073449984,
    "bytes_per_key": 1073.449984,
    "distinct_keys_est": 999664,
    "key_draws": 7996705
  },
  "redis": {
    "target": "redis",
    "version": "redis 8.8.0",
    "workload": "get",
    "skipped": false,
    "ops": 8570313,
    "errors": 0,
    "ops_per_sec": 1071232.2838081727,
    "min_us": 25.991,
    "p50_us": 459.263,
    "p99_us": 894.975,
    "p999_us": 1349.631,
    "nil_replies": 0,
    "err_replies": 0,
    "hit_ratio": 1,
    "value_ops_per_sec": 1071232.2838081727,
    "bytes_per_sec": 1138493709.4410365,
    "resp_ver": 2,
    "used_memory": 1327518832,
    "bytes_per_key": 1327.518832,
    "distinct_keys_est": 999814,
    "key_draws": 8570313,
    "server_hits": 11716273,
    "maxmemory_policy": "noeviction"
  },
  "valkey": {
    "target": "valkey",
    "version": "valkey 9.1.0",
    "workload": "get",
    "skipped": false,
    "ops": 7946895,
    "errors": 0,
    "ops_per_sec": 993316.6394844026,
    "min_us": 8.803,
    "p50_us": 502.015,
    "p99_us": 962.047,
    "p999_us": 1509.375,
    "nil_replies": 0,
    "err_replies": 0,
    "hit_ratio": 1,
    "value_ops_per_sec": 993316.6394844026,
    "bytes_per_sec": 1055685976.4425937,
    "resp_ver": 2,
    "used_memory": 1331077120,
    "bytes_per_key": 1331.07712,
    "distinct_keys_est": 999650,
    "key_draws": 7946895,
    "server_hits": 10811502,
    "maxmemory_policy": "noeviction"
  },
  "gate": {
    "pass": false,
    "reason": "aki is 0.93x Redis, below the 2.0x bar",
    "required_speedup": 2,
    "speedup_vs_redis": 0.9330514674986455,
    "speedup_vs_valkey": 1.006239918580198,
    "tail_regressed_vs_redis": true,
    "tail_regressed_vs_valkey": true
  },
  "generator_bound": false
}
