{
  "workload": "get",
  "cell": {
    "keyspace": 1000000,
    "value_size": 64,
    "dist": "uniform",
    "pipeline": 1,
    "connections": 512
  },
  "timestamp": "2026-07-11T05:13:23.265783809Z",
  "aki": {
    "target": "aki",
    "version": "unknown",
    "workload": "get",
    "skipped": false,
    "ops": 8255716,
    "errors": 0,
    "ops_per_sec": 1031909.4186100647,
    "min_us": 33.134,
    "p50_us": 468.735,
    "p99_us": 1038.847,
    "p999_us": 1495.039,
    "nil_replies": 0,
    "err_replies": 0,
    "hit_ratio": 1,
    "value_ops_per_sec": 1031909.4186100647,
    "bytes_per_sec": 104005014.53233366,
    "resp_ver": 2,
    "used_memory": 113449984,
    "bytes_per_key": 113.449984,
    "distinct_keys_est": 999760,
    "key_draws": 8255716
  },
  "redis": {
    "target": "redis",
    "version": "redis 8.8.0",
    "workload": "get",
    "skipped": false,
    "ops": 8713535,
    "errors": 0,
    "ops_per_sec": 1089125.887313021,
    "min_us": 33.398,
    "p50_us": 453.375,
    "p99_us": 904.703,
    "p999_us": 1359.871,
    "nil_replies": 0,
    "err_replies": 0,
    "hit_ratio": 1,
    "value_ops_per_sec": 1089125.887313021,
    "bytes_per_sec": 109771732.55271104,
    "resp_ver": 2,
    "used_memory": 127501984,
    "bytes_per_key": 127.501984,
    "distinct_keys_est": 999842,
    "key_draws": 8713535,
    "server_hits": 12016369,
    "maxmemory_policy": "noeviction"
  },
  "valkey": {
    "target": "valkey",
    "version": "valkey 9.1.0",
    "workload": "get",
    "skipped": false,
    "ops": 8427778,
    "errors": 0,
    "ops_per_sec": 1053414.3825243711,
    "min_us": 10.467,
    "p50_us": 474.879,
    "p99_us": 912.895,
    "p999_us": 1317.887,
    "nil_replies": 0,
    "err_replies": 0,
    "hit_ratio": 1,
    "value_ops_per_sec": 1053414.3825243711,
    "bytes_per_sec": 106172447.10242021,
    "resp_ver": 2,
    "used_memory": 115091984,
    "bytes_per_key": 115.091984,
    "distinct_keys_est": 999795,
    "key_draws": 8427778,
    "server_hits": 11464561,
    "maxmemory_policy": "noeviction"
  },
  "gate": {
    "pass": false,
    "reason": "aki is 0.95x Redis, below the 2.0x bar",
    "required_speedup": 2,
    "speedup_vs_redis": 0.9474656976117655,
    "speedup_vs_valkey": 0.9795854658232664,
    "tail_regressed_vs_redis": true,
    "tail_regressed_vs_valkey": true
  },
  "generator_bound": false
}
