{
  "workload": "get",
  "cell": {
    "keyspace": 1000000,
    "value_size": 1024,
    "dist": "uniform",
    "pipeline": 16,
    "connections": 512
  },
  "timestamp": "2026-07-11T05:51:02.339515377Z",
  "aki": {
    "target": "aki",
    "version": "unknown",
    "workload": "get",
    "skipped": false,
    "ops": 33623008,
    "errors": 0,
    "ops_per_sec": 4202046.271296851,
    "min_us": 46.921,
    "p50_us": 1774.591,
    "p99_us": 3997.695,
    "p999_us": 5939.199,
    "nil_replies": 0,
    "err_replies": 0,
    "hit_ratio": 1,
    "value_ops_per_sec": 4202046.271296851,
    "bytes_per_sec": 4465887864.097659,
    "resp_ver": 2,
    "used_memory": 1073449984,
    "bytes_per_key": 1073.449984,
    "distinct_keys_est": 1000000,
    "key_draws": 33623008
  },
  "redis": {
    "target": "redis",
    "version": "redis 8.8.0",
    "workload": "get",
    "skipped": false,
    "ops": 16713264,
    "errors": 0,
    "ops_per_sec": 2088059.3010418667,
    "min_us": 93.643,
    "p50_us": 3901.439,
    "p99_us": 4640.767,
    "p999_us": 7561.215,
    "nil_replies": 0,
    "err_replies": 0,
    "hit_ratio": 1,
    "value_ops_per_sec": 2088059.3010418667,
    "bytes_per_sec": 2219165870.7661843,
    "resp_ver": 2,
    "used_memory": 1327500544,
    "bytes_per_key": 1327.500544,
    "distinct_keys_est": 1000000,
    "key_draws": 16713264,
    "server_hits": 22971968,
    "maxmemory_policy": "noeviction"
  },
  "valkey": {
    "target": "valkey",
    "version": "valkey 9.1.0",
    "workload": "get",
    "skipped": false,
    "ops": 15395344,
    "errors": 0,
    "ops_per_sec": 1923416.0517060754,
    "min_us": 62.297,
    "p50_us": 4227.071,
    "p99_us": 4993.023,
    "p999_us": 8814.591,
    "nil_replies": 0,
    "err_replies": 0,
    "hit_ratio": 1,
    "value_ops_per_sec": 1923416.0517060754,
    "bytes_per_sec": 2044184939.626019,
    "resp_ver": 2,
    "used_memory": 1331096960,
    "bytes_per_key": 1331.09696,
    "distinct_keys_est": 1000000,
    "key_draws": 15395344,
    "server_hits": 21148480,
    "maxmemory_policy": "noeviction"
  },
  "gate": {
    "pass": true,
    "reason": "aki is 2.01x Redis and 2.18x Valkey on value-bearing ops/s with no tail regression",
    "required_speedup": 2,
    "speedup_vs_redis": 2.0124171134412614,
    "speedup_vs_valkey": 2.1846787997685806,
    "tail_regressed_vs_redis": false,
    "tail_regressed_vs_valkey": false
  },
  "generator_bound": false
}
