{
  "workload": "get",
  "cell": {
    "keyspace": 1000000,
    "value_size": 64,
    "dist": "uniform",
    "pipeline": 1,
    "connections": 512
  },
  "timestamp": "2026-07-11T05:14:00.043510231Z",
  "aki": {
    "target": "aki",
    "version": "unknown",
    "workload": "get",
    "skipped": false,
    "ops": 6101503,
    "errors": 0,
    "ops_per_sec": 762626.4526841877,
    "min_us": 8.085,
    "p50_us": 558.591,
    "p99_us": 2613.247,
    "p999_us": 5287.935,
    "nil_replies": 0,
    "err_replies": 0,
    "hit_ratio": 1,
    "value_ops_per_sec": 762626.4526841877,
    "bytes_per_sec": 76864519.54316373,
    "resp_ver": 2,
    "used_memory": 113449984,
    "bytes_per_key": 113.449984,
    "distinct_keys_est": 997748,
    "key_draws": 6101503
  },
  "redis": {
    "target": "redis",
    "version": "redis 8.8.0",
    "workload": "get",
    "skipped": false,
    "ops": 8899434,
    "errors": 0,
    "ops_per_sec": 1112314.1546832367,
    "min_us": 30.398,
    "p50_us": 443.135,
    "p99_us": 928.767,
    "p999_us": 1386.495,
    "nil_replies": 0,
    "err_replies": 0,
    "hit_ratio": 1,
    "value_ops_per_sec": 1112314.1546832367,
    "bytes_per_sec": 112108882.29854025,
    "resp_ver": 2,
    "used_memory": 127502136,
    "bytes_per_key": 127.502136,
    "distinct_keys_est": 999867,
    "key_draws": 8899434,
    "server_hits": 12195597,
    "maxmemory_policy": "noeviction"
  },
  "valkey": {
    "target": "valkey",
    "version": "valkey 9.1.0",
    "workload": "get",
    "skipped": false,
    "ops": 8289688,
    "errors": 0,
    "ops_per_sec": 1036135.2431012177,
    "min_us": 11.081,
    "p50_us": 481.791,
    "p99_us": 932.351,
    "p999_us": 1339.391,
    "nil_replies": 0,
    "err_replies": 0,
    "hit_ratio": 1,
    "value_ops_per_sec": 1036135.2431012177,
    "bytes_per_sec": 104430913.79679161,
    "resp_ver": 2,
    "used_memory": 115091984,
    "bytes_per_key": 115.091984,
    "distinct_keys_est": 999758,
    "key_draws": 8289688,
    "server_hits": 11338110,
    "maxmemory_policy": "noeviction"
  },
  "gate": {
    "pass": false,
    "reason": "aki is 0.69x Redis, below the 2.0x bar",
    "required_speedup": 2,
    "speedup_vs_redis": 0.6856214581764154,
    "speedup_vs_valkey": 0.7360298356434619,
    "tail_regressed_vs_redis": true,
    "tail_regressed_vs_valkey": true
  },
  "generator_bound": false
}
