{
  "workload": "get",
  "cell": {
    "keyspace": 1000000,
    "value_size": 1024,
    "dist": "uniform",
    "pipeline": 1,
    "connections": 512
  },
  "timestamp": "2026-07-11T05:25:21.245823865Z",
  "aki": {
    "target": "aki",
    "version": "unknown",
    "workload": "get",
    "skipped": false,
    "ops": 5584515,
    "errors": 0,
    "ops_per_sec": 697992.6518053238,
    "min_us": 8.62,
    "p50_us": 599.039,
    "p99_us": 2975.743,
    "p999_us": 5689.343,
    "nil_replies": 0,
    "err_replies": 0,
    "hit_ratio": 1,
    "value_ops_per_sec": 697992.6518053238,
    "bytes_per_sec": 741819105.2328405,
    "resp_ver": 2,
    "used_memory": 1073449984,
    "bytes_per_key": 1073.449984,
    "distinct_keys_est": 996212,
    "key_draws": 5584515
  },
  "redis": {
    "target": "redis",
    "version": "redis 8.8.0",
    "workload": "get",
    "skipped": false,
    "ops": 8654146,
    "errors": 0,
    "ops_per_sec": 1081705.803800013,
    "min_us": 28.249,
    "p50_us": 454.399,
    "p99_us": 892.415,
    "p999_us": 1385.471,
    "nil_replies": 0,
    "err_replies": 0,
    "hit_ratio": 1,
    "value_ops_per_sec": 1081705.803800013,
    "bytes_per_sec": 1149624821.2525847,
    "resp_ver": 2,
    "used_memory": 1327518224,
    "bytes_per_key": 1327.518224,
    "distinct_keys_est": 999825,
    "key_draws": 8654146,
    "server_hits": 11856711,
    "maxmemory_policy": "noeviction"
  },
  "valkey": {
    "target": "valkey",
    "version": "valkey 9.1.0",
    "workload": "get",
    "skipped": false,
    "ops": 7844482,
    "errors": 0,
    "ops_per_sec": 980512.3209644188,
    "min_us": 8.671,
    "p50_us": 506.623,
    "p99_us": 966.143,
    "p999_us": 1612.799,
    "nil_replies": 0,
    "err_replies": 0,
    "hit_ratio": 1,
    "value_ops_per_sec": 980512.3209644188,
    "bytes_per_sec": 1042077680.049623,
    "resp_ver": 2,
    "used_memory": 1331077120,
    "bytes_per_key": 1331.07712,
    "distinct_keys_est": 999606,
    "key_draws": 7844482,
    "server_hits": 10661093,
    "maxmemory_policy": "noeviction"
  },
  "gate": {
    "pass": false,
    "reason": "aki is 0.65x Redis, below the 2.0x bar",
    "required_speedup": 2,
    "speedup_vs_redis": 0.6452703215174479,
    "speedup_vs_valkey": 0.7118652533797715,
    "tail_regressed_vs_redis": true,
    "tail_regressed_vs_valkey": true
  },
  "generator_bound": false
}
