{
  "workload": "get",
  "cell": {
    "keyspace": 1000000,
    "value_size": 64,
    "dist": "uniform",
    "pipeline": 16,
    "connections": 512
  },
  "timestamp": "2026-07-11T05:40:35.024119362Z",
  "aki": {
    "target": "aki",
    "version": "unknown",
    "workload": "get",
    "skipped": false,
    "ops": 40831440,
    "errors": 0,
    "ops_per_sec": 5103558.236403828,
    "min_us": 24.399,
    "p50_us": 1551.359,
    "p99_us": 3457.023,
    "p999_us": 5767.167,
    "nil_replies": 0,
    "err_replies": 0,
    "hit_ratio": 1,
    "value_ops_per_sec": 5103558.236403828,
    "bytes_per_sec": 514382089.1011015,
    "resp_ver": 2,
    "used_memory": 113449984,
    "bytes_per_key": 113.449984,
    "distinct_keys_est": 1000000,
    "key_draws": 40831440
  },
  "redis": {
    "target": "redis",
    "version": "redis 8.8.0",
    "workload": "get",
    "skipped": false,
    "ops": 37829520,
    "errors": 0,
    "ops_per_sec": 4727638.853231643,
    "min_us": 72.614,
    "p50_us": 1720.319,
    "p99_us": 2303.999,
    "p999_us": 3538.943,
    "nil_replies": 0,
    "err_replies": 0,
    "hit_ratio": 1,
    "value_ops_per_sec": 4727638.853231643,
    "bytes_per_sec": 476493374.7306924,
    "resp_ver": 2,
    "used_memory": 127501576,
    "bytes_per_key": 127.501576,
    "distinct_keys_est": 1000000,
    "key_draws": 37829520,
    "server_hits": 51878272,
    "maxmemory_policy": "noeviction"
  },
  "valkey": {
    "target": "valkey",
    "version": "valkey 9.1.0",
    "workload": "get",
    "skipped": false,
    "ops": 31901456,
    "errors": 0,
    "ops_per_sec": 3986601.0181841655,
    "min_us": 18.232,
    "p50_us": 2029.567,
    "p99_us": 2549.759,
    "p999_us": 3264.511,
    "nil_replies": 0,
    "err_replies": 0,
    "hit_ratio": 1,
    "value_ops_per_sec": 3986601.0181841655,
    "bytes_per_sec": 401804687.02734494,
    "resp_ver": 2,
    "used_memory": 115092560,
    "bytes_per_key": 115.09256,
    "distinct_keys_est": 1000000,
    "key_draws": 31901456,
    "server_hits": 43782288,
    "maxmemory_policy": "noeviction"
  },
  "gate": {
    "pass": false,
    "reason": "aki is 1.08x Redis, below the 2.0x bar",
    "required_speedup": 2,
    "speedup_vs_redis": 1.079515249544753,
    "speedup_vs_valkey": 1.280177828963787,
    "tail_regressed_vs_redis": true,
    "tail_regressed_vs_valkey": true
  },
  "generator_bound": false
}
