{
  "workload": "get",
  "cell": {
    "keyspace": 1000000,
    "value_size": 64,
    "dist": "uniform",
    "pipeline": 16,
    "connections": 512
  },
  "timestamp": "2026-07-11T05:39:21.544189817Z",
  "aki": {
    "target": "aki",
    "version": "unknown",
    "workload": "get",
    "skipped": false,
    "ops": 57243520,
    "errors": 0,
    "ops_per_sec": 7154497.704359476,
    "min_us": 33.579,
    "p50_us": 1044.479,
    "p99_us": 2527.231,
    "p999_us": 3745.791,
    "nil_replies": 0,
    "err_replies": 0,
    "hit_ratio": 1,
    "value_ops_per_sec": 7154497.704359476,
    "bytes_per_sec": 721093683.3445212,
    "resp_ver": 2,
    "used_memory": 113449984,
    "bytes_per_key": 113.449984,
    "distinct_keys_est": 1000000,
    "key_draws": 57243520
  },
  "redis": {
    "target": "redis",
    "version": "redis 8.8.0",
    "workload": "get",
    "skipped": false,
    "ops": 37696176,
    "errors": 0,
    "ops_per_sec": 4710939.639240921,
    "min_us": 56.695,
    "p50_us": 1727.487,
    "p99_us": 2189.311,
    "p999_us": 3309.567,
    "nil_replies": 0,
    "err_replies": 0,
    "hit_ratio": 1,
    "value_ops_per_sec": 4710939.639240921,
    "bytes_per_sec": 474810300.0782081,
    "resp_ver": 2,
    "used_memory": 127501272,
    "bytes_per_key": 127.501272,
    "distinct_keys_est": 1000000,
    "key_draws": 37696176,
    "server_hits": 51691808,
    "maxmemory_policy": "noeviction"
  },
  "valkey": {
    "target": "valkey",
    "version": "valkey 9.1.0",
    "workload": "get",
    "skipped": false,
    "ops": 31740368,
    "errors": 0,
    "ops_per_sec": 3966545.596047766,
    "min_us": 22.156,
    "p50_us": 2036.735,
    "p99_us": 2641.919,
    "p999_us": 3807.231,
    "nil_replies": 0,
    "err_replies": 0,
    "hit_ratio": 1,
    "value_ops_per_sec": 3966545.596047766,
    "bytes_per_sec": 399783402.22820526,
    "resp_ver": 2,
    "used_memory": 115092560,
    "bytes_per_key": 115.09256,
    "distinct_keys_est": 1000000,
    "key_draws": 31740368,
    "server_hits": 43701936,
    "maxmemory_policy": "noeviction"
  },
  "gate": {
    "pass": false,
    "reason": "aki is 1.52x Redis, below the 2.0x bar",
    "required_speedup": 2,
    "speedup_vs_redis": 1.5186986572199617,
    "speedup_vs_valkey": 1.803709936295239,
    "tail_regressed_vs_redis": true,
    "tail_regressed_vs_valkey": false
  },
  "generator_bound": false
}
