{
  "workload": "get",
  "cell": {
    "keyspace": 1000000,
    "value_size": 1024,
    "dist": "uniform",
    "pipeline": 1,
    "connections": 512
  },
  "timestamp": "2026-07-11T05:28:42.214147074Z",
  "aki": {
    "target": "aki",
    "version": "unknown",
    "workload": "get",
    "skipped": false,
    "ops": 7759489,
    "errors": 0,
    "ops_per_sec": 969866.1063650838,
    "min_us": 28.144,
    "p50_us": 498.175,
    "p99_us": 1107.967,
    "p999_us": 1777.663,
    "nil_replies": 0,
    "err_replies": 0,
    "hit_ratio": 1,
    "value_ops_per_sec": 969866.1063650838,
    "bytes_per_sec": 1030763046.2137964,
    "resp_ver": 2,
    "used_memory": 1073449984,
    "bytes_per_key": 1073.449984,
    "distinct_keys_est": 999577,
    "key_draws": 7759489
  },
  "redis": {
    "target": "redis",
    "version": "redis 8.8.0",
    "workload": "get",
    "skipped": false,
    "ops": 8631069,
    "errors": 0,
    "ops_per_sec": 1078821.5879039983,
    "min_us": 28.004,
    "p50_us": 453.375,
    "p99_us": 910.335,
    "p999_us": 1409.023,
    "nil_replies": 0,
    "err_replies": 0,
    "hit_ratio": 1,
    "value_ops_per_sec": 1078821.5879039983,
    "bytes_per_sec": 1146559583.4144356,
    "resp_ver": 2,
    "used_memory": 1327518984,
    "bytes_per_key": 1327.518984,
    "distinct_keys_est": 999834,
    "key_draws": 8631069,
    "server_hits": 11836134,
    "maxmemory_policy": "noeviction"
  },
  "valkey": {
    "target": "valkey",
    "version": "valkey 9.1.0",
    "workload": "get",
    "skipped": false,
    "ops": 7979796,
    "errors": 0,
    "ops_per_sec": 997425.2851662574,
    "min_us": 10.792,
    "p50_us": 500.223,
    "p99_us": 953.855,
    "p999_us": 1391.615,
    "nil_replies": 0,
    "err_replies": 0,
    "hit_ratio": 1,
    "value_ops_per_sec": 997425.2851662574,
    "bytes_per_sec": 1060052593.8924186,
    "resp_ver": 2,
    "used_memory": 1331077120,
    "bytes_per_key": 1331.07712,
    "distinct_keys_est": 999659,
    "key_draws": 7979796,
    "server_hits": 10812711,
    "maxmemory_policy": "noeviction"
  },
  "gate": {
    "pass": false,
    "reason": "aki is 0.90x Redis, below the 2.0x bar",
    "required_speedup": 2,
    "speedup_vs_redis": 0.8990050970794903,
    "speedup_vs_valkey": 0.9723696810066532,
    "tail_regressed_vs_redis": true,
    "tail_regressed_vs_valkey": true
  },
  "generator_bound": false
}
