{
  "workload": "get",
  "cell": {
    "keyspace": 1000000,
    "value_size": 1024,
    "dist": "uniform",
    "pipeline": 1,
    "connections": 512
  },
  "timestamp": "2026-07-11T05:26:41.266001871Z",
  "aki": {
    "target": "aki",
    "version": "unknown",
    "workload": "get",
    "skipped": false,
    "ops": 7727435,
    "errors": 0,
    "ops_per_sec": 965887.1922915947,
    "min_us": 22.356,
    "p50_us": 500.223,
    "p99_us": 1101.823,
    "p999_us": 1817.599,
    "nil_replies": 0,
    "err_replies": 0,
    "hit_ratio": 1,
    "value_ops_per_sec": 965887.1922915947,
    "bytes_per_sec": 1026534284.5564578,
    "resp_ver": 2,
    "used_memory": 1073449984,
    "bytes_per_key": 1073.449984,
    "distinct_keys_est": 999569,
    "key_draws": 7727435
  },
  "redis": {
    "target": "redis",
    "version": "redis 8.8.0",
    "workload": "get",
    "skipped": false,
    "ops": 8604137,
    "errors": 0,
    "ops_per_sec": 1075448.5295320097,
    "min_us": 22.272,
    "p50_us": 453.887,
    "p99_us": 921.599,
    "p999_us": 1396.735,
    "nil_replies": 0,
    "err_replies": 0,
    "hit_ratio": 1,
    "value_ops_per_sec": 1075448.5295320097,
    "bytes_per_sec": 1142974694.8771646,
    "resp_ver": 2,
    "used_memory": 1327518528,
    "bytes_per_key": 1327.518528,
    "distinct_keys_est": 999826,
    "key_draws": 8604137,
    "server_hits": 11810109,
    "maxmemory_policy": "noeviction"
  },
  "valkey": {
    "target": "valkey",
    "version": "valkey 9.1.0",
    "workload": "get",
    "skipped": false,
    "ops": 7986611,
    "errors": 0,
    "ops_per_sec": 998255.7414185044,
    "min_us": 14.94,
    "p50_us": 499.967,
    "p99_us": 950.271,
    "p999_us": 1458.175,
    "nil_replies": 0,
    "err_replies": 0,
    "hit_ratio": 1,
    "value_ops_per_sec": 998255.7414185044,
    "bytes_per_sec": 1060935191.6586437,
    "resp_ver": 2,
    "used_memory": 1331077120,
    "bytes_per_key": 1331.07712,
    "distinct_keys_est": 999662,
    "key_draws": 7986611,
    "server_hits": 10815517,
    "maxmemory_policy": "noeviction"
  },
  "gate": {
    "pass": false,
    "reason": "aki is 0.90x Redis, below the 2.0x bar",
    "required_speedup": 2,
    "speedup_vs_redis": 0.8981249829891055,
    "speedup_vs_valkey": 0.9675748931021277,
    "tail_regressed_vs_redis": true,
    "tail_regressed_vs_valkey": true
  },
  "generator_bound": false
}
