{
  "workload": "get",
  "cell": {
    "keyspace": 1000000,
    "value_size": 64,
    "dist": "uniform",
    "pipeline": 1,
    "connections": 512
  },
  "timestamp": "2026-07-11T05:12:46.544682632Z",
  "aki": {
    "target": "aki",
    "version": "unknown",
    "workload": "get",
    "skipped": false,
    "ops": 8404292,
    "errors": 0,
    "ops_per_sec": 1050466.5032150247,
    "min_us": 32.259,
    "p50_us": 462.335,
    "p99_us": 999.423,
    "p999_us": 1453.055,
    "nil_replies": 0,
    "err_replies": 0,
    "hit_ratio": 1,
    "value_ops_per_sec": 1050466.5032150247,
    "bytes_per_sec": 105875319.60395351,
    "resp_ver": 2,
    "used_memory": 113449984,
    "bytes_per_key": 113.449984,
    "distinct_keys_est": 999790,
    "key_draws": 8404292
  },
  "redis": {
    "target": "redis",
    "version": "redis 8.8.0",
    "workload": "get",
    "skipped": false,
    "ops": 8932724,
    "errors": 0,
    "ops_per_sec": 1116529.6086621296,
    "min_us": 27.188,
    "p50_us": 442.879,
    "p99_us": 884.223,
    "p999_us": 1331.199,
    "nil_replies": 0,
    "err_replies": 0,
    "hit_ratio": 1,
    "value_ops_per_sec": 1116529.6086621296,
    "bytes_per_sec": 112533750.95622441,
    "resp_ver": 2,
    "used_memory": 127501832,
    "bytes_per_key": 127.501832,
    "distinct_keys_est": 999873,
    "key_draws": 8932724,
    "server_hits": 12242233,
    "maxmemory_policy": "noeviction"
  },
  "valkey": {
    "target": "valkey",
    "version": "valkey 9.1.0",
    "workload": "get",
    "skipped": false,
    "ops": 8284163,
    "errors": 0,
    "ops_per_sec": 1035481.1667644909,
    "min_us": 9.179,
    "p50_us": 480.255,
    "p99_us": 983.551,
    "p999_us": 1510.399,
    "nil_replies": 0,
    "err_replies": 0,
    "hit_ratio": 1,
    "value_ops_per_sec": 1035481.1667644909,
    "bytes_per_sec": 104364969.49652126,
    "resp_ver": 2,
    "used_memory": 115091984,
    "bytes_per_key": 115.091984,
    "distinct_keys_est": 999761,
    "key_draws": 8284163,
    "server_hits": 11255829,
    "maxmemory_policy": "noeviction"
  },
  "gate": {
    "pass": false,
    "reason": "aki is 0.94x Redis, below the 2.0x bar",
    "required_speedup": 2,
    "speedup_vs_redis": 0.9408317478241671,
    "speedup_vs_valkey": 1.0144718580419552,
    "tail_regressed_vs_redis": true,
    "tail_regressed_vs_valkey": true
  },
  "generator_bound": false
}
