{
  "workload": "set",
  "cell": {
    "keyspace": 1000000,
    "value_size": 64,
    "dist": "uniform",
    "pipeline": 1,
    "connections": 512
  },
  "timestamp": "2026-07-11T05:20:58.320618996Z",
  "aki": {
    "target": "aki",
    "version": "unknown",
    "workload": "set",
    "skipped": false,
    "ops": 8254894,
    "errors": 0,
    "ops_per_sec": 1031776.5391868465,
    "min_us": 31.871,
    "p50_us": 470.527,
    "p99_us": 1004.031,
    "p999_us": 1369.087,
    "nil_replies": 0,
    "err_replies": 0,
    "hit_ratio": 1,
    "value_ops_per_sec": 1031776.5391868465,
    "bytes_per_sec": 109150497.51743677,
    "resp_ver": 2,
    "used_memory": 113425872,
    "bytes_per_key": 113.425872,
    "distinct_keys_est": 999752,
    "key_draws": 8254894
  },
  "redis": {
    "target": "redis",
    "version": "redis 8.8.0",
    "workload": "set",
    "skipped": false,
    "ops": 8343487,
    "errors": 0,
    "ops_per_sec": 1042883.292694022,
    "min_us": 28.257,
    "p50_us": 472.831,
    "p99_us": 954.879,
    "p999_us": 1469.439,
    "nil_replies": 0,
    "err_replies": 0,
    "hit_ratio": 1,
    "value_ops_per_sec": 1042883.292694022,
    "bytes_per_sec": 110325461.37644671,
    "resp_ver": 2,
    "used_memory": 127457808,
    "bytes_per_key": 127.457808,
    "distinct_keys_est": 999771,
    "key_draws": 8343487,
    "maxmemory_policy": "noeviction"
  },
  "valkey": {
    "target": "valkey",
    "version": "valkey 9.1.0",
    "workload": "set",
    "skipped": false,
    "ops": 8366866,
    "errors": 0,
    "ops_per_sec": 1045808.418666837,
    "min_us": 8.223,
    "p50_us": 478.207,
    "p99_us": 935.935,
    "p999_us": 1477.631,
    "nil_replies": 0,
    "err_replies": 0,
    "hit_ratio": 1,
    "value_ops_per_sec": 1045808.418666837,
    "bytes_per_sec": 110634876.52525651,
    "resp_ver": 2,
    "used_memory": 115035104,
    "bytes_per_key": 115.035104,
    "distinct_keys_est": 999784,
    "key_draws": 8366866,
    "maxmemory_policy": "noeviction"
  },
  "gate": {
    "pass": false,
    "reason": "aki is 0.99x Redis, below the 2.0x bar",
    "required_speedup": 2,
    "speedup_vs_redis": 0.989349955469625,
    "speedup_vs_valkey": 0.9865827438089684,
    "tail_regressed_vs_redis": true,
    "tail_regressed_vs_valkey": true
  },
  "generator_bound": false
}
