{
  "workload": "set",
  "cell": {
    "keyspace": 1000000,
    "value_size": 1024,
    "dist": "uniform",
    "pipeline": 16,
    "connections": 512
  },
  "timestamp": "2026-07-11T06:00:58.321581221Z",
  "aki": {
    "target": "aki",
    "version": "unknown",
    "workload": "set",
    "skipped": false,
    "ops": 30418768,
    "errors": 0,
    "ops_per_sec": 3801878.575662341,
    "min_us": 33.144,
    "p50_us": 2107.391,
    "p99_us": 4419.583,
    "p999_us": 6041.599,
    "nil_replies": 0,
    "err_replies": 0,
    "hit_ratio": 1,
    "value_ops_per_sec": 3801878.575662341,
    "bytes_per_sec": 4059603316.283027,
    "resp_ver": 2,
    "used_memory": 1073449984,
    "bytes_per_key": 1073.449984,
    "distinct_keys_est": 1000000,
    "key_draws": 30418768
  },
  "redis": {
    "target": "redis",
    "version": "redis 8.8.0",
    "workload": "set",
    "skipped": false,
    "ops": 24671664,
    "errors": 0,
    "ops_per_sec": 3083059.028545456,
    "min_us": 90.332,
    "p50_us": 2637.823,
    "p99_us": 3952.639,
    "p999_us": 6492.159,
    "nil_replies": 0,
    "err_replies": 0,
    "hit_ratio": 1,
    "value_ops_per_sec": 3083059.028545456,
    "bytes_per_sec": 3292055382.500335,
    "resp_ver": 2,
    "used_memory": 1327491800,
    "bytes_per_key": 1327.4918,
    "distinct_keys_est": 1000000,
    "key_draws": 24671664,
    "maxmemory_policy": "noeviction"
  },
  "valkey": {
    "target": "valkey",
    "version": "valkey 9.1.0",
    "workload": "set",
    "skipped": false,
    "ops": 16869664,
    "errors": 0,
    "ops_per_sec": 2107699.097924688,
    "min_us": 62.373,
    "p50_us": 3858.431,
    "p99_us": 4493.311,
    "p999_us": 5763.071,
    "nil_replies": 0,
    "err_replies": 0,
    "hit_ratio": 1,
    "value_ops_per_sec": 2107699.097924688,
    "bytes_per_sec": 2250577340.235629,
    "resp_ver": 2,
    "used_memory": 1331056016,
    "bytes_per_key": 1331.056016,
    "distinct_keys_est": 1000000,
    "key_draws": 16869664,
    "maxmemory_policy": "noeviction"
  },
  "gate": {
    "pass": false,
    "reason": "aki is 1.23x Redis, below the 2.0x bar",
    "required_speedup": 2,
    "speedup_vs_redis": 1.233151405945028,
    "speedup_vs_valkey": 1.8038051918349254,
    "tail_regressed_vs_redis": true,
    "tail_regressed_vs_valkey": false
  },
  "generator_bound": false
}
