{
  "workload": "set",
  "cell": {
    "keyspace": 1000000,
    "value_size": 64,
    "dist": "uniform",
    "pipeline": 1,
    "connections": 512
  },
  "timestamp": "2026-07-11T05:18:42.722815864Z",
  "aki": {
    "target": "aki",
    "version": "unknown",
    "workload": "set",
    "skipped": false,
    "ops": 6577284,
    "errors": 0,
    "ops_per_sec": 822091.5771780682,
    "min_us": 7.601,
    "p50_us": 517.887,
    "p99_us": 2424.831,
    "p999_us": 4964.351,
    "nil_replies": 0,
    "err_replies": 0,
    "hit_ratio": 1,
    "value_ops_per_sec": 822091.5771780682,
    "bytes_per_sec": 86968431.33304074,
    "resp_ver": 2,
    "used_memory": 113310616,
    "bytes_per_key": 113.310616,
    "distinct_keys_est": 998590,
    "key_draws": 6577284
  },
  "redis": {
    "target": "redis",
    "version": "redis 8.8.0",
    "workload": "set",
    "skipped": false,
    "ops": 8413152,
    "errors": 0,
    "ops_per_sec": 1051586.8759606208,
    "min_us": 29.568,
    "p50_us": 467.455,
    "p99_us": 961.023,
    "p999_us": 1418.239,
    "nil_replies": 0,
    "err_replies": 0,
    "hit_ratio": 1,
    "value_ops_per_sec": 1051586.8759606208,
    "bytes_per_sec": 111246165.03863432,
    "resp_ver": 2,
    "used_memory": 127458800,
    "bytes_per_key": 127.4588,
    "distinct_keys_est": 999784,
    "key_draws": 8413152,
    "maxmemory_policy": "noeviction"
  },
  "valkey": {
    "target": "valkey",
    "version": "valkey 9.1.0",
    "workload": "set",
    "skipped": false,
    "ops": 8272803,
    "errors": 0,
    "ops_per_sec": 1034034.9973617656,
    "min_us": 8.868,
    "p50_us": 484.095,
    "p99_us": 926.719,
    "p999_us": 1369.087,
    "nil_replies": 0,
    "err_replies": 0,
    "hit_ratio": 1,
    "value_ops_per_sec": 1034034.9973617656,
    "bytes_per_sec": 109389399.2731889,
    "resp_ver": 2,
    "used_memory": 115032448,
    "bytes_per_key": 115.032448,
    "distinct_keys_est": 999757,
    "key_draws": 8272803,
    "maxmemory_policy": "noeviction"
  },
  "gate": {
    "pass": false,
    "reason": "aki is 0.78x Redis, below the 2.0x bar",
    "required_speedup": 2,
    "speedup_vs_redis": 0.7817628728269269,
    "speedup_vs_valkey": 0.7950326432621243,
    "tail_regressed_vs_redis": true,
    "tail_regressed_vs_valkey": true
  },
  "generator_bound": false
}
