{
  "workload": "set",
  "cell": {
    "keyspace": 1000000,
    "value_size": 1024,
    "dist": "uniform",
    "pipeline": 16,
    "connections": 512
  },
  "timestamp": "2026-07-11T05:58:08.297288458Z",
  "aki": {
    "target": "aki",
    "version": "unknown",
    "workload": "set",
    "skipped": false,
    "ops": 36348032,
    "errors": 0,
    "ops_per_sec": 4542659.710919281,
    "min_us": 37.748,
    "p50_us": 1626.111,
    "p99_us": 3624.959,
    "p999_us": 5091.327,
    "nil_replies": 0,
    "err_replies": 0,
    "hit_ratio": 1,
    "value_ops_per_sec": 4542659.710919281,
    "bytes_per_sec": 4850601345.916376,
    "resp_ver": 2,
    "used_memory": 1073449984,
    "bytes_per_key": 1073.449984,
    "distinct_keys_est": 1000000,
    "key_draws": 36348032
  },
  "redis": {
    "target": "redis",
    "version": "redis 8.8.0",
    "workload": "set",
    "skipped": false,
    "ops": 24779936,
    "errors": 0,
    "ops_per_sec": 3096659.9921028996,
    "min_us": 122.879,
    "p50_us": 2629.631,
    "p99_us": 3866.623,
    "p999_us": 5095.423,
    "nil_replies": 0,
    "err_replies": 0,
    "hit_ratio": 1,
    "value_ops_per_sec": 3096659.9921028996,
    "bytes_per_sec": 3306578378.5395103,
    "resp_ver": 2,
    "used_memory": 1327490304,
    "bytes_per_key": 1327.490304,
    "distinct_keys_est": 1000000,
    "key_draws": 24779936,
    "maxmemory_policy": "noeviction"
  },
  "valkey": {
    "target": "valkey",
    "version": "valkey 9.1.0",
    "workload": "set",
    "skipped": false,
    "ops": 16910960,
    "errors": 0,
    "ops_per_sec": 2112858.134016218,
    "min_us": 44.036,
    "p50_us": 3846.143,
    "p99_us": 4411.391,
    "p999_us": 6172.671,
    "nil_replies": 0,
    "err_replies": 0,
    "hit_ratio": 1,
    "value_ops_per_sec": 2112858.134016218,
    "bytes_per_sec": 2256086118.524096,
    "resp_ver": 2,
    "used_memory": 1331056016,
    "bytes_per_key": 1331.056016,
    "distinct_keys_est": 1000000,
    "key_draws": 16910960,
    "maxmemory_policy": "noeviction"
  },
  "gate": {
    "pass": false,
    "reason": "aki is 1.47x Redis, below the 2.0x bar",
    "required_speedup": 2,
    "speedup_vs_redis": 1.4669546293438636,
    "speedup_vs_valkey": 2.1500069681840794,
    "tail_regressed_vs_redis": false,
    "tail_regressed_vs_valkey": false
  },
  "generator_bound": false
}
