{
  "workload": "set",
  "cell": {
    "keyspace": 1000000,
    "value_size": 1024,
    "dist": "uniform",
    "pipeline": 1,
    "connections": 512
  },
  "timestamp": "2026-07-11T05:32:16.494954034Z",
  "aki": {
    "target": "aki",
    "version": "unknown",
    "workload": "set",
    "skipped": false,
    "ops": 5957428,
    "errors": 0,
    "ops_per_sec": 744621.35673323,
    "min_us": 6.843,
    "p50_us": 565.759,
    "p99_us": 2736.127,
    "p999_us": 5476.351,
    "nil_replies": 0,
    "err_replies": 0,
    "hit_ratio": 1,
    "value_ops_per_sec": 744621.35673323,
    "bytes_per_sec": 795098721.4058585,
    "resp_ver": 2,
    "used_memory": 1070709088,
    "bytes_per_key": 1070.709088,
    "distinct_keys_est": 997412,
    "key_draws": 5957428
  },
  "redis": {
    "target": "redis",
    "version": "redis 8.8.0",
    "workload": "set",
    "skipped": false,
    "ops": 7740016,
    "errors": 0,
    "ops_per_sec": 967448.8690383545,
    "min_us": 19.691,
    "p50_us": 508.159,
    "p99_us": 1031.679,
    "p999_us": 1561.599,
    "nil_replies": 0,
    "err_replies": 0,
    "hit_ratio": 1,
    "value_ops_per_sec": 967448.8690383545,
    "bytes_per_sec": 1033031251.344094,
    "resp_ver": 2,
    "used_memory": 1326900272,
    "bytes_per_key": 1326.900272,
    "distinct_keys_est": 999566,
    "key_draws": 7740016,
    "maxmemory_policy": "noeviction"
  },
  "valkey": {
    "target": "valkey",
    "version": "valkey 9.1.0",
    "workload": "set",
    "skipped": false,
    "ops": 6878559,
    "errors": 0,
    "ops_per_sec": 859774.699643013,
    "min_us": 10.515,
    "p50_us": 575.999,
    "p99_us": 1026.559,
    "p999_us": 1492.991,
    "nil_replies": 0,
    "err_replies": 0,
    "hit_ratio": 1,
    "value_ops_per_sec": 859774.699643013,
    "bytes_per_sec": 918058081.369716,
    "resp_ver": 2,
    "used_memory": 1329657808,
    "bytes_per_key": 1329.657808,
    "distinct_keys_est": 998935,
    "key_draws": 6878559,
    "maxmemory_policy": "noeviction"
  },
  "gate": {
    "pass": false,
    "reason": "aki is 0.77x Redis, below the 2.0x bar",
    "required_speedup": 2,
    "speedup_vs_redis": 0.7696751534511427,
    "speedup_vs_valkey": 0.8660656763247443,
    "tail_regressed_vs_redis": true,
    "tail_regressed_vs_valkey": true
  },
  "generator_bound": false
}
