{
  "workload": "set",
  "cell": {
    "keyspace": 1000000,
    "value_size": 64,
    "dist": "uniform",
    "pipeline": 1,
    "connections": 512
  },
  "timestamp": "2026-07-11T05:20:24.428603297Z",
  "aki": {
    "target": "aki",
    "version": "unknown",
    "workload": "set",
    "skipped": false,
    "ops": 6587492,
    "errors": 0,
    "ops_per_sec": 823377.5622224073,
    "min_us": 8.68,
    "p50_us": 517.631,
    "p99_us": 2400.255,
    "p999_us": 5033.983,
    "nil_replies": 0,
    "err_replies": 0,
    "hit_ratio": 1,
    "value_ops_per_sec": 823377.5622224073,
    "bytes_per_sec": 87104459.26925328,
    "resp_ver": 2,
    "used_memory": 113312664,
    "bytes_per_key": 113.312664,
    "distinct_keys_est": 998610,
    "key_draws": 6587492
  },
  "redis": {
    "target": "redis",
    "version": "redis 8.8.0",
    "workload": "set",
    "skipped": false,
    "ops": 8387281,
    "errors": 0,
    "ops_per_sec": 1048347.9995044188,
    "min_us": 24.433,
    "p50_us": 468.991,
    "p99_us": 951.807,
    "p999_us": 1383.423,
    "nil_replies": 0,
    "err_replies": 0,
    "hit_ratio": 1,
    "value_ops_per_sec": 1048347.9995044188,
    "bytes_per_sec": 110903546.43924917,
    "resp_ver": 2,
    "used_memory": 127458152,
    "bytes_per_key": 127.458152,
    "distinct_keys_est": 999775,
    "key_draws": 8387281,
    "maxmemory_policy": "noeviction"
  },
  "valkey": {
    "target": "valkey",
    "version": "valkey 9.1.0",
    "workload": "set",
    "skipped": false,
    "ops": 8327016,
    "errors": 0,
    "ops_per_sec": 1040827.2915196945,
    "min_us": 11.774,
    "p50_us": 481.023,
    "p99_us": 922.623,
    "p999_us": 1332.223,
    "nil_replies": 0,
    "err_replies": 0,
    "hit_ratio": 1,
    "value_ops_per_sec": 1040827.2915196945,
    "bytes_per_sec": 110107944.02099198,
    "resp_ver": 2,
    "used_memory": 115034048,
    "bytes_per_key": 115.034048,
    "distinct_keys_est": 999773,
    "key_draws": 8327016,
    "maxmemory_policy": "noeviction"
  },
  "gate": {
    "pass": false,
    "reason": "aki is 0.79x Redis, below the 2.0x bar",
    "required_speedup": 2,
    "speedup_vs_redis": 0.7854048108182008,
    "speedup_vs_valkey": 0.7910799120382475,
    "tail_regressed_vs_redis": true,
    "tail_regressed_vs_valkey": true
  },
  "generator_bound": false
}
