{
  "workload": "set",
  "cell": {
    "keyspace": 1000000,
    "value_size": 64,
    "dist": "uniform",
    "pipeline": 16,
    "connections": 512
  },
  "timestamp": "2026-07-11T05:46:31.792134336Z",
  "aki": {
    "target": "aki",
    "version": "unknown",
    "workload": "set",
    "skipped": false,
    "ops": 53106192,
    "errors": 0,
    "ops_per_sec": 6637224.322973321,
    "min_us": 28.868,
    "p50_us": 1130.495,
    "p99_us": 2723.839,
    "p999_us": 4222.975,
    "nil_replies": 0,
    "err_replies": 0,
    "hit_ratio": 1,
    "value_ops_per_sec": 6637224.322973321,
    "bytes_per_sec": 702144448.2305123,
    "resp_ver": 2,
    "used_memory": 113449984,
    "bytes_per_key": 113.449984,
    "distinct_keys_est": 1000000,
    "key_draws": 53106192
  },
  "redis": {
    "target": "redis",
    "version": "redis 8.8.0",
    "workload": "set",
    "skipped": false,
    "ops": 29337216,
    "errors": 0,
    "ops_per_sec": 3666135.3852403425,
    "min_us": 75.845,
    "p50_us": 2224.127,
    "p99_us": 2867.199,
    "p999_us": 4182.015,
    "nil_replies": 0,
    "err_replies": 0,
    "hit_ratio": 1,
    "value_ops_per_sec": 3666135.3852403425,
    "bytes_per_sec": 387835742.1335011,
    "resp_ver": 2,
    "used_memory": 127482624,
    "bytes_per_key": 127.482624,
    "distinct_keys_est": 1000000,
    "key_draws": 29337216,
    "maxmemory_policy": "noeviction"
  },
  "valkey": {
    "target": "valkey",
    "version": "valkey 9.1.0",
    "workload": "set",
    "skipped": false,
    "ops": 23834320,
    "errors": 0,
    "ops_per_sec": 2978212.563106407,
    "min_us": 55.444,
    "p50_us": 2725.887,
    "p99_us": 3231.743,
    "p999_us": 4575.231,
    "nil_replies": 0,
    "err_replies": 0,
    "hit_ratio": 1,
    "value_ops_per_sec": 2978212.563106407,
    "bytes_per_sec": 315061155.50558925,
    "resp_ver": 2,
    "used_memory": 115058656,
    "bytes_per_key": 115.058656,
    "distinct_keys_est": 1000000,
    "key_draws": 23834320,
    "maxmemory_policy": "noeviction"
  },
  "gate": {
    "pass": false,
    "reason": "aki is 1.81x Redis, below the 2.0x bar",
    "required_speedup": 2,
    "speedup_vs_redis": 1.8104144079606055,
    "speedup_vs_valkey": 2.2285932190314863,
    "tail_regressed_vs_redis": false,
    "tail_regressed_vs_valkey": false
  },
  "generator_bound": false
}
