{
  "workload": "set",
  "cell": {
    "keyspace": 1000000,
    "value_size": 1024,
    "dist": "uniform",
    "pipeline": 16,
    "connections": 512
  },
  "timestamp": "2026-07-11T05:59:50.310385322Z",
  "aki": {
    "target": "aki",
    "version": "unknown",
    "workload": "set",
    "skipped": false,
    "ops": 36555712,
    "errors": 0,
    "ops_per_sec": 4568711.661113341,
    "min_us": 37.006,
    "p50_us": 1607.679,
    "p99_us": 3655.679,
    "p999_us": 5169.151,
    "nil_replies": 0,
    "err_replies": 0,
    "hit_ratio": 1,
    "value_ops_per_sec": 4568711.661113341,
    "bytes_per_sec": 4878419383.548273,
    "resp_ver": 2,
    "used_memory": 1073449984,
    "bytes_per_key": 1073.449984,
    "distinct_keys_est": 1000000,
    "key_draws": 36555712
  },
  "redis": {
    "target": "redis",
    "version": "redis 8.8.0",
    "workload": "set",
    "skipped": false,
    "ops": 24717456,
    "errors": 0,
    "ops_per_sec": 3088847.6242632843,
    "min_us": 75.484,
    "p50_us": 2627.583,
    "p99_us": 3938.303,
    "p999_us": 5476.351,
    "nil_replies": 0,
    "err_replies": 0,
    "hit_ratio": 1,
    "value_ops_per_sec": 3088847.6242632843,
    "bytes_per_sec": 3298236353.955329,
    "resp_ver": 2,
    "used_memory": 1327491128,
    "bytes_per_key": 1327.491128,
    "distinct_keys_est": 1000000,
    "key_draws": 24717456,
    "maxmemory_policy": "noeviction"
  },
  "valkey": {
    "target": "valkey",
    "version": "valkey 9.1.0",
    "workload": "set",
    "skipped": false,
    "ops": 16765808,
    "errors": 0,
    "ops_per_sec": 2094689.6604074358,
    "min_us": 62.059,
    "p50_us": 3862.527,
    "p99_us": 4788.223,
    "p999_us": 8617.983,
    "nil_replies": 0,
    "err_replies": 0,
    "hit_ratio": 1,
    "value_ops_per_sec": 2094689.6604074358,
    "bytes_per_sec": 2236685977.529775,
    "resp_ver": 2,
    "used_memory": 1331056016,
    "bytes_per_key": 1331.056016,
    "distinct_keys_est": 1000000,
    "key_draws": 16765808,
    "maxmemory_policy": "noeviction"
  },
  "gate": {
    "pass": false,
    "reason": "aki is 1.48x Redis, below the 2.0x bar",
    "required_speedup": 2,
    "speedup_vs_redis": 1.479099074109561,
    "speedup_vs_valkey": 2.1810923820689916,
    "tail_regressed_vs_redis": false,
    "tail_regressed_vs_valkey": false
  },
  "generator_bound": false
}
