{
  "workload": "set",
  "cell": {
    "keyspace": 1000000,
    "value_size": 64,
    "dist": "uniform",
    "pipeline": 16,
    "connections": 512
  },
  "timestamp": "2026-07-11T05:44:50.028866072Z",
  "aki": {
    "target": "aki",
    "version": "unknown",
    "workload": "set",
    "skipped": false,
    "ops": 53535520,
    "errors": 0,
    "ops_per_sec": 6690692.233569622,
    "min_us": 17.656,
    "p50_us": 1122.303,
    "p99_us": 2666.495,
    "p999_us": 4419.583,
    "nil_replies": 0,
    "err_replies": 0,
    "hit_ratio": 1,
    "value_ops_per_sec": 6690692.233569622,
    "bytes_per_sec": 707800761.4510698,
    "resp_ver": 2,
    "used_memory": 113449984,
    "bytes_per_key": 113.449984,
    "distinct_keys_est": 1000000,
    "key_draws": 53535520
  },
  "redis": {
    "target": "redis",
    "version": "redis 8.8.0",
    "workload": "set",
    "skipped": false,
    "ops": 29421216,
    "errors": 0,
    "ops_per_sec": 3676665.732578903,
    "min_us": 72.705,
    "p50_us": 2215.935,
    "p99_us": 2887.679,
    "p999_us": 4214.783,
    "nil_replies": 0,
    "err_replies": 0,
    "hit_ratio": 1,
    "value_ops_per_sec": 3676665.732578903,
    "bytes_per_sec": 388949727.54111224,
    "resp_ver": 2,
    "used_memory": 127482168,
    "bytes_per_key": 127.482168,
    "distinct_keys_est": 1000000,
    "key_draws": 29421216,
    "maxmemory_policy": "noeviction"
  },
  "valkey": {
    "target": "valkey",
    "version": "valkey 9.1.0",
    "workload": "set",
    "skipped": false,
    "ops": 23897648,
    "errors": 0,
    "ops_per_sec": 2986224.117192093,
    "min_us": 56.353,
    "p50_us": 2721.791,
    "p99_us": 3217.407,
    "p999_us": 4607.999,
    "nil_replies": 0,
    "err_replies": 0,
    "hit_ratio": 1,
    "value_ops_per_sec": 2986224.117192093,
    "bytes_per_sec": 315908675.7992739,
    "resp_ver": 2,
    "used_memory": 115058656,
    "bytes_per_key": 115.058656,
    "distinct_keys_est": 1000000,
    "key_draws": 23897648,
    "maxmemory_policy": "noeviction"
  },
  "gate": {
    "pass": false,
    "reason": "aki is 1.82x Redis, below the 2.0x bar",
    "required_speedup": 2,
    "speedup_vs_redis": 1.819771695393317,
    "speedup_vs_valkey": 2.240519120802223,
    "tail_regressed_vs_redis": false,
    "tail_regressed_vs_valkey": false
  },
  "generator_bound": false
}
