{
  "workload": "set",
  "cell": {
    "keyspace": 1000000,
    "value_size": 1024,
    "dist": "uniform",
    "pipeline": 1,
    "connections": 512
  },
  "timestamp": "2026-07-11T05:35:06.501496798Z",
  "aki": {
    "target": "aki",
    "version": "unknown",
    "workload": "set",
    "skipped": false,
    "ops": 7825474,
    "errors": 0,
    "ops_per_sec": 978089.2275311949,
    "min_us": 25.582,
    "p50_us": 494.847,
    "p99_us": 1096.703,
    "p999_us": 1555.455,
    "nil_replies": 0,
    "err_replies": 0,
    "hit_ratio": 1,
    "value_ops_per_sec": 978089.2275311949,
    "bytes_per_sec": 1044392902.4295869,
    "resp_ver": 2,
    "used_memory": 1073022632,
    "bytes_per_key": 1073.022632,
    "distinct_keys_est": 999596,
    "key_draws": 7825474
  },
  "redis": {
    "target": "redis",
    "version": "redis 8.8.0",
    "workload": "set",
    "skipped": false,
    "ops": 7759407,
    "errors": 0,
    "ops_per_sec": 969824.361059567,
    "min_us": 28.004,
    "p50_us": 507.391,
    "p99_us": 1036.287,
    "p999_us": 1588.223,
    "nil_replies": 0,
    "err_replies": 0,
    "hit_ratio": 1,
    "value_ops_per_sec": 969824.361059567,
    "bytes_per_sec": 1035567799.4045168,
    "resp_ver": 2,
    "used_memory": 1326914184,
    "bytes_per_key": 1326.914184,
    "distinct_keys_est": 999576,
    "key_draws": 7759407,
    "maxmemory_policy": "noeviction"
  },
  "valkey": {
    "target": "valkey",
    "version": "valkey 9.1.0",
    "workload": "set",
    "skipped": false,
    "ops": 6972000,
    "errors": 0,
    "ops_per_sec": 871432.4452496956,
    "min_us": 10.808,
    "p50_us": 570.367,
    "p99_us": 1041.919,
    "p999_us": 1615.871,
    "nil_replies": 0,
    "err_replies": 0,
    "hit_ratio": 1,
    "value_ops_per_sec": 871432.4452496956,
    "bytes_per_sec": 930506087.5223361,
    "resp_ver": 2,
    "used_memory": 1329774288,
    "bytes_per_key": 1329.774288,
    "distinct_keys_est": 999023,
    "key_draws": 6972000,
    "maxmemory_policy": "noeviction"
  },
  "gate": {
    "pass": false,
    "reason": "aki is 1.01x Redis, below the 2.0x bar",
    "required_speedup": 2,
    "speedup_vs_redis": 1.0085220239906103,
    "speedup_vs_valkey": 1.1223924847679254,
    "tail_regressed_vs_redis": true,
    "tail_regressed_vs_valkey": true
  },
  "generator_bound": false
}
