{
  "workload": "set",
  "cell": {
    "keyspace": 1000000,
    "value_size": 1024,
    "dist": "uniform",
    "pipeline": 1,
    "connections": 512
  },
  "timestamp": "2026-07-11T05:31:08.491306445Z",
  "aki": {
    "target": "aki",
    "version": "unknown",
    "workload": "set",
    "skipped": false,
    "ops": 7984920,
    "errors": 0,
    "ops_per_sec": 998048.9935307883,
    "min_us": 26.187,
    "p50_us": 485.119,
    "p99_us": 1056.767,
    "p999_us": 1582.079,
    "nil_replies": 0,
    "err_replies": 0,
    "hit_ratio": 1,
    "value_ops_per_sec": 998048.9935307883,
    "bytes_per_sec": 1065705699.5207094,
    "resp_ver": 2,
    "used_memory": 1073086160,
    "bytes_per_key": 1073.08616,
    "distinct_keys_est": 999656,
    "key_draws": 7984920
  },
  "redis": {
    "target": "redis",
    "version": "redis 8.8.0",
    "workload": "set",
    "skipped": false,
    "ops": 7829191,
    "errors": 0,
    "ops_per_sec": 978592.2885125369,
    "min_us": 29.368,
    "p50_us": 504.319,
    "p99_us": 1008.639,
    "p999_us": 1479.679,
    "nil_replies": 0,
    "err_replies": 0,
    "hit_ratio": 1,
    "value_ops_per_sec": 978592.2885125369,
    "bytes_per_sec": 1044930060.947307,
    "resp_ver": 2,
    "used_memory": 1326952752,
    "bytes_per_key": 1326.952752,
    "distinct_keys_est": 999606,
    "key_draws": 7829191,
    "maxmemory_policy": "noeviction"
  },
  "valkey": {
    "target": "valkey",
    "version": "valkey 9.1.0",
    "workload": "set",
    "skipped": false,
    "ops": 6907407,
    "errors": 0,
    "ops_per_sec": 863360.2121390657,
    "min_us": 11.32,
    "p50_us": 575.999,
    "p99_us": 1040.895,
    "p999_us": 1584.127,
    "nil_replies": 0,
    "err_replies": 0,
    "hit_ratio": 1,
    "value_ops_per_sec": 863360.2121390657,
    "bytes_per_sec": 921886663.1598333,
    "resp_ver": 2,
    "used_memory": 1329694320,
    "bytes_per_key": 1329.69432,
    "distinct_keys_est": 998963,
    "key_draws": 6907407,
    "maxmemory_policy": "noeviction"
  },
  "gate": {
    "pass": false,
    "reason": "aki is 1.02x Redis, below the 2.0x bar",
    "required_speedup": 2,
    "speedup_vs_redis": 1.0198823404257822,
    "speedup_vs_valkey": 1.1560053144654616,
    "tail_regressed_vs_redis": true,
    "tail_regressed_vs_valkey": true
  },
  "generator_bound": false
}
