{
  "workload": "set",
  "cell": {
    "keyspace": 1000000,
    "value_size": 64,
    "dist": "uniform",
    "pipeline": 16,
    "connections": 512
  },
  "timestamp": "2026-07-11T05:47:39.624432795Z",
  "aki": {
    "target": "aki",
    "version": "unknown",
    "workload": "set",
    "skipped": false,
    "ops": 56134928,
    "errors": 0,
    "ops_per_sec": 7015187.50590001,
    "min_us": 31.303,
    "p50_us": 1061.887,
    "p99_us": 2576.383,
    "p999_us": 4130.815,
    "nil_replies": 0,
    "err_replies": 0,
    "hit_ratio": 1,
    "value_ops_per_sec": 7015187.50590001,
    "bytes_per_sec": 742128688.2728038,
    "resp_ver": 2,
    "used_memory": 113449984,
    "bytes_per_key": 113.449984,
    "distinct_keys_est": 1000000,
    "key_draws": 56134928
  },
  "redis": {
    "target": "redis",
    "version": "redis 8.8.0",
    "workload": "set",
    "skipped": false,
    "ops": 29283568,
    "errors": 0,
    "ops_per_sec": 3659438.524554103,
    "min_us": 82.67,
    "p50_us": 2226.175,
    "p99_us": 2932.735,
    "p999_us": 4214.783,
    "nil_replies": 0,
    "err_replies": 0,
    "hit_ratio": 1,
    "value_ops_per_sec": 3659438.524554103,
    "bytes_per_sec": 387127273.4742489,
    "resp_ver": 2,
    "used_memory": 127482928,
    "bytes_per_key": 127.482928,
    "distinct_keys_est": 1000000,
    "key_draws": 29283568,
    "maxmemory_policy": "noeviction"
  },
  "valkey": {
    "target": "valkey",
    "version": "valkey 9.1.0",
    "workload": "set",
    "skipped": false,
    "ops": 23822512,
    "errors": 0,
    "ops_per_sec": 2976892.309859595,
    "min_us": 69.433,
    "p50_us": 2727.935,
    "p99_us": 3252.223,
    "p999_us": 4825.087,
    "nil_replies": 0,
    "err_replies": 0,
    "hit_ratio": 1,
    "value_ops_per_sec": 2976892.309859595,
    "bytes_per_sec": 314921487.3730522,
    "resp_ver": 2,
    "used_memory": 115058656,
    "bytes_per_key": 115.058656,
    "distinct_keys_est": 1000000,
    "key_draws": 23822512,
    "maxmemory_policy": "noeviction"
  },
  "gate": {
    "pass": false,
    "reason": "aki is 1.92x Redis, below the 2.0x bar",
    "required_speedup": 2,
    "speedup_vs_redis": 1.9170119838957533,
    "speedup_vs_valkey": 2.356547290160752,
    "tail_regressed_vs_redis": false,
    "tail_regressed_vs_valkey": false
  },
  "generator_bound": false
}
