{
  "workload": "set",
  "cell": {
    "keyspace": 1000000,
    "value_size": 64,
    "dist": "uniform",
    "pipeline": 1,
    "connections": 512
  },
  "timestamp": "2026-07-11T05:19:50.538259989Z",
  "aki": {
    "target": "aki",
    "version": "unknown",
    "workload": "set",
    "skipped": false,
    "ops": 8184773,
    "errors": 0,
    "ops_per_sec": 1023012.3863238137,
    "min_us": 21.768,
    "p50_us": 473.855,
    "p99_us": 1035.263,
    "p999_us": 1490.943,
    "nil_replies": 0,
    "err_replies": 0,
    "hit_ratio": 1,
    "value_ops_per_sec": 1023012.3863238137,
    "bytes_per_sec": 108223359.10777348,
    "resp_ver": 2,
    "used_memory": 113423760,
    "bytes_per_key": 113.42376,
    "distinct_keys_est": 999730,
    "key_draws": 8184773
  },
  "redis": {
    "target": "redis",
    "version": "redis 8.8.0",
    "workload": "set",
    "skipped": false,
    "ops": 8358587,
    "errors": 0,
    "ops_per_sec": 1044761.6918779259,
    "min_us": 17.822,
    "p50_us": 472.319,
    "p99_us": 964.095,
    "p999_us": 1434.623,
    "nil_replies": 0,
    "err_replies": 0,
    "hit_ratio": 1,
    "value_ops_per_sec": 1044761.6918779259,
    "bytes_per_sec": 110524152.48759057,
    "resp_ver": 2,
    "used_memory": 127458096,
    "bytes_per_key": 127.458096,
    "distinct_keys_est": 999776,
    "key_draws": 8358587,
    "maxmemory_policy": "noeviction"
  },
  "valkey": {
    "target": "valkey",
    "version": "valkey 9.1.0",
    "workload": "set",
    "skipped": false,
    "ops": 8331645,
    "errors": 0,
    "ops_per_sec": 1041366.9843629745,
    "min_us": 8.918,
    "p50_us": 480.767,
    "p99_us": 921.087,
    "p999_us": 1357.823,
    "nil_replies": 0,
    "err_replies": 0,
    "hit_ratio": 1,
    "value_ops_per_sec": 1041366.9843629745,
    "bytes_per_sec": 110165045.93137284,
    "resp_ver": 2,
    "used_memory": 115033856,
    "bytes_per_key": 115.033856,
    "distinct_keys_est": 999771,
    "key_draws": 8331645,
    "maxmemory_policy": "noeviction"
  },
  "gate": {
    "pass": false,
    "reason": "aki is 0.98x Redis, below the 2.0x bar",
    "required_speedup": 2,
    "speedup_vs_redis": 0.979182520068267,
    "speedup_vs_valkey": 0.9823745151183291,
    "tail_regressed_vs_redis": true,
    "tail_regressed_vs_valkey": true
  },
  "generator_bound": false
}
