{
  "workload": "set",
  "cell": {
    "keyspace": 1000000,
    "value_size": 1024,
    "dist": "uniform",
    "pipeline": 1,
    "connections": 512
  },
  "timestamp": "2026-07-11T05:30:34.524117707Z",
  "aki": {
    "target": "aki",
    "version": "unknown",
    "workload": "set",
    "skipped": false,
    "ops": 7038490,
    "errors": 0,
    "ops_per_sec": 879759.2218094115,
    "min_us": 9.75,
    "p50_us": 514.047,
    "p99_us": 1769.471,
    "p999_us": 2633.727,
    "nil_replies": 0,
    "err_replies": 0,
    "hit_ratio": 1,
    "value_ops_per_sec": 879759.2218094115,
    "bytes_per_sec": 939397323.1142837,
    "resp_ver": 2,
    "used_memory": 1072489344,
    "bytes_per_key": 1072.489344,
    "distinct_keys_est": 999092,
    "key_draws": 7038490
  },
  "redis": {
    "target": "redis",
    "version": "redis 8.8.0",
    "workload": "set",
    "skipped": false,
    "ops": 7771215,
    "errors": 0,
    "ops_per_sec": 971342.5263358945,
    "min_us": 25.171,
    "p50_us": 507.903,
    "p99_us": 982.015,
    "p999_us": 1570.815,
    "nil_replies": 0,
    "err_replies": 0,
    "hit_ratio": 1,
    "value_ops_per_sec": 971342.5263358945,
    "bytes_per_sec": 1037188865.024293,
    "resp_ver": 2,
    "used_memory": 1326919544,
    "bytes_per_key": 1326.919544,
    "distinct_keys_est": 999581,
    "key_draws": 7771215,
    "maxmemory_policy": "noeviction"
  },
  "valkey": {
    "target": "valkey",
    "version": "valkey 9.1.0",
    "workload": "set",
    "skipped": false,
    "ops": 6887164,
    "errors": 0,
    "ops_per_sec": 860834.7502460491,
    "min_us": 13.061,
    "p50_us": 577.023,
    "p99_us": 1040.895,
    "p999_us": 1625.087,
    "nil_replies": 0,
    "err_replies": 0,
    "hit_ratio": 1,
    "value_ops_per_sec": 860834.7502460491,
    "bytes_per_sec": 919189987.0732198,
    "resp_ver": 2,
    "used_memory": 1329664016,
    "bytes_per_key": 1329.664016,
    "distinct_keys_est": 998940,
    "key_draws": 6887164,
    "maxmemory_policy": "noeviction"
  },
  "gate": {
    "pass": false,
    "reason": "aki is 0.91x Redis, below the 2.0x bar",
    "required_speedup": 2,
    "speedup_vs_redis": 0.9057147174725746,
    "speedup_vs_valkey": 1.0219838610812972,
    "tail_regressed_vs_redis": true,
    "tail_regressed_vs_valkey": true
  },
  "generator_bound": false
}
