{
  "workload": "set",
  "cell": {
    "keyspace": 1000000,
    "value_size": 1024,
    "dist": "uniform",
    "pipeline": 1,
    "connections": 512
  },
  "timestamp": "2026-07-11T05:33:24.523737914Z",
  "aki": {
    "target": "aki",
    "version": "unknown",
    "workload": "set",
    "skipped": false,
    "ops": 7780844,
    "errors": 0,
    "ops_per_sec": 972533.4149723155,
    "min_us": 13.678,
    "p50_us": 496.639,
    "p99_us": 1097.727,
    "p999_us": 1572.863,
    "nil_replies": 0,
    "err_replies": 0,
    "hit_ratio": 1,
    "value_ops_per_sec": 972533.4149723155,
    "bytes_per_sec": 1038460483.650299,
    "resp_ver": 2,
    "used_memory": 1073009960,
    "bytes_per_key": 1073.00996,
    "distinct_keys_est": 999584,
    "key_draws": 7780844
  },
  "redis": {
    "target": "redis",
    "version": "redis 8.8.0",
    "workload": "set",
    "skipped": false,
    "ops": 7733559,
    "errors": 0,
    "ops_per_sec": 966632.9717036629,
    "min_us": 15.874,
    "p50_us": 511.743,
    "p99_us": 1009.151,
    "p999_us": 1426.431,
    "nil_replies": 0,
    "err_replies": 0,
    "hit_ratio": 1,
    "value_ops_per_sec": 966632.9717036629,
    "bytes_per_sec": 1032160023.843053,
    "resp_ver": 2,
    "used_memory": 1326903184,
    "bytes_per_key": 1326.903184,
    "distinct_keys_est": 999568,
    "key_draws": 7733559,
    "maxmemory_policy": "noeviction"
  },
  "valkey": {
    "target": "valkey",
    "version": "valkey 9.1.0",
    "workload": "set",
    "skipped": false,
    "ops": 6986725,
    "errors": 0,
    "ops_per_sec": 873282.4840354192,
    "min_us": 10.934,
    "p50_us": 569.855,
    "p99_us": 1030.655,
    "p999_us": 1443.839,
    "nil_replies": 0,
    "err_replies": 0,
    "hit_ratio": 1,
    "value_ops_per_sec": 873282.4840354192,
    "bytes_per_sec": 932481536.4605063,
    "resp_ver": 2,
    "used_memory": 1329802928,
    "bytes_per_key": 1329.802928,
    "distinct_keys_est": 999045,
    "key_draws": 6986725,
    "maxmemory_policy": "noeviction"
  },
  "gate": {
    "pass": false,
    "reason": "aki is 1.01x Redis, below the 2.0x bar",
    "required_speedup": 2,
    "speedup_vs_redis": 1.0061041196000724,
    "speedup_vs_valkey": 1.113652721486248,
    "tail_regressed_vs_redis": true,
    "tail_regressed_vs_valkey": true
  },
  "generator_bound": false
}
