{
  "workload": "set",
  "cell": {
    "keyspace": 1000000,
    "value_size": 64,
    "dist": "uniform",
    "pipeline": 16,
    "connections": 512
  },
  "timestamp": "2026-07-11T05:45:57.862757831Z",
  "aki": {
    "target": "aki",
    "version": "unknown",
    "workload": "set",
    "skipped": false,
    "ops": 56254512,
    "errors": 0,
    "ops_per_sec": 7031020.733874476,
    "min_us": 23.457,
    "p50_us": 1060.863,
    "p99_us": 2607.103,
    "p999_us": 4057.087,
    "nil_replies": 0,
    "err_replies": 0,
    "hit_ratio": 1,
    "value_ops_per_sec": 7031020.733874476,
    "bytes_per_sec": 743803684.4040617,
    "resp_ver": 2,
    "used_memory": 113449984,
    "bytes_per_key": 113.449984,
    "distinct_keys_est": 1000000,
    "key_draws": 56254512
  },
  "redis": {
    "target": "redis",
    "version": "redis 8.8.0",
    "workload": "set",
    "skipped": false,
    "ops": 29401168,
    "errors": 0,
    "ops_per_sec": 3674168.3492700923,
    "min_us": 39.048,
    "p50_us": 2217.983,
    "p99_us": 2928.639,
    "p999_us": 4259.839,
    "nil_replies": 0,
    "err_replies": 0,
    "hit_ratio": 1,
    "value_ops_per_sec": 3674168.3492700923,
    "bytes_per_sec": 388685519.71818626,
    "resp_ver": 2,
    "used_memory": 127482472,
    "bytes_per_key": 127.482472,
    "distinct_keys_est": 1000000,
    "key_draws": 29401168,
    "maxmemory_policy": "noeviction"
  },
  "valkey": {
    "target": "valkey",
    "version": "valkey 9.1.0",
    "workload": "set",
    "skipped": false,
    "ops": 23752960,
    "errors": 0,
    "ops_per_sec": 2968093.4214471956,
    "min_us": 57.373,
    "p50_us": 2729.983,
    "p99_us": 3495.935,
    "p999_us": 4603.903,
    "nil_replies": 0,
    "err_replies": 0,
    "hit_ratio": 1,
    "value_ops_per_sec": 2968093.4214471956,
    "bytes_per_sec": 313990667.99092484,
    "resp_ver": 2,
    "used_memory": 115058656,
    "bytes_per_key": 115.058656,
    "distinct_keys_est": 1000000,
    "key_draws": 23752960,
    "maxmemory_policy": "noeviction"
  },
  "gate": {
    "pass": false,
    "reason": "aki is 1.91x Redis, below the 2.0x bar",
    "required_speedup": 2,
    "speedup_vs_redis": 1.9136359756817494,
    "speedup_vs_valkey": 2.368867732756963,
    "tail_regressed_vs_redis": false,
    "tail_regressed_vs_valkey": false
  },
  "generator_bound": false
}
