{
  "workload": "set",
  "cell": {
    "keyspace": 1000000,
    "value_size": 1024,
    "dist": "uniform",
    "pipeline": 1,
    "connections": 512
  },
  "timestamp": "2026-07-11T05:32:50.502174617Z",
  "aki": {
    "target": "aki",
    "version": "unknown",
    "workload": "set",
    "skipped": false,
    "ops": 8001623,
    "errors": 0,
    "ops_per_sec": 1000115.6646640123,
    "min_us": 22.602,
    "p50_us": 485.631,
    "p99_us": 1043.455,
    "p999_us": 1490.943,
    "nil_replies": 0,
    "err_replies": 0,
    "hit_ratio": 1,
    "value_ops_per_sec": 1000115.6646640123,
    "bytes_per_sec": 1067912447.6425873,
    "resp_ver": 2,
    "used_memory": 1073095728,
    "bytes_per_key": 1073.095728,
    "distinct_keys_est": 999665,
    "key_draws": 8001623
  },
  "redis": {
    "target": "redis",
    "version": "redis 8.8.0",
    "workload": "set",
    "skipped": false,
    "ops": 7771682,
    "errors": 0,
    "ops_per_sec": 971378.2580254189,
    "min_us": 23.872,
    "p50_us": 507.135,
    "p99_us": 1019.391,
    "p999_us": 1571.839,
    "nil_replies": 0,
    "err_replies": 0,
    "hit_ratio": 1,
    "value_ops_per_sec": 971378.2580254189,
    "bytes_per_sec": 1037227022.2461597,
    "resp_ver": 2,
    "used_memory": 1326928136,
    "bytes_per_key": 1326.928136,
    "distinct_keys_est": 999587,
    "key_draws": 7771682,
    "maxmemory_policy": "noeviction"
  },
  "valkey": {
    "target": "valkey",
    "version": "valkey 9.1.0",
    "workload": "set",
    "skipped": false,
    "ops": 6930648,
    "errors": 0,
    "ops_per_sec": 866269.925912832,
    "min_us": 10.999,
    "p50_us": 571.903,
    "p99_us": 1024.511,
    "p999_us": 1481.727,
    "nil_replies": 0,
    "err_replies": 0,
    "hit_ratio": 1,
    "value_ops_per_sec": 866269.925912832,
    "bytes_per_sec": 924993606.0039169,
    "resp_ver": 2,
    "used_memory": 1329731824,
    "bytes_per_key": 1329.731824,
    "distinct_keys_est": 998991,
    "key_draws": 6930648,
    "maxmemory_policy": "noeviction"
  },
  "gate": {
    "pass": false,
    "reason": "aki is 1.03x Redis, below the 2.0x bar",
    "required_speedup": 2,
    "speedup_vs_redis": 1.0295841567393218,
    "speedup_vs_valkey": 1.154508121253477,
    "tail_regressed_vs_redis": true,
    "tail_regressed_vs_valkey": true
  },
  "generator_bound": false
}
