{
  "workload": "set",
  "cell": {
    "keyspace": 1000000,
    "value_size": 1024,
    "dist": "uniform",
    "pipeline": 16,
    "connections": 512
  },
  "timestamp": "2026-07-11T05:58:42.310869978Z",
  "aki": {
    "target": "aki",
    "version": "unknown",
    "workload": "set",
    "skipped": false,
    "ops": 32136848,
    "errors": 0,
    "ops_per_sec": 4016406.6150833024,
    "min_us": 40.764,
    "p50_us": 1875.967,
    "p99_us": 3870.719,
    "p999_us": 5173.247,
    "nil_replies": 0,
    "err_replies": 0,
    "hit_ratio": 1,
    "value_ops_per_sec": 4016406.6150833024,
    "bytes_per_sec": 4288674073.9811497,
    "resp_ver": 2,
    "used_memory": 1073449984,
    "bytes_per_key": 1073.449984,
    "distinct_keys_est": 1000000,
    "key_draws": 32136848
  },
  "redis": {
    "target": "redis",
    "version": "redis 8.8.0",
    "workload": "set",
    "skipped": false,
    "ops": 24722112,
    "errors": 0,
    "ops_per_sec": 3089314.326626273,
    "min_us": 105.582,
    "p50_us": 2625.535,
    "p99_us": 4061.183,
    "p999_us": 6156.287,
    "nil_replies": 0,
    "err_replies": 0,
    "hit_ratio": 1,
    "value_ops_per_sec": 3089314.326626273,
    "bytes_per_sec": 3298734739.560992,
    "resp_ver": 2,
    "used_memory": 1327490824,
    "bytes_per_key": 1327.490824,
    "distinct_keys_est": 1000000,
    "key_draws": 24722112,
    "maxmemory_policy": "noeviction"
  },
  "valkey": {
    "target": "valkey",
    "version": "valkey 9.1.0",
    "workload": "set",
    "skipped": false,
    "ops": 16974592,
    "errors": 0,
    "ops_per_sec": 2120813.2606954044,
    "min_us": 90.928,
    "p50_us": 3835.903,
    "p99_us": 4407.295,
    "p999_us": 5664.767,
    "nil_replies": 0,
    "err_replies": 0,
    "hit_ratio": 1,
    "value_ops_per_sec": 2120813.2606954044,
    "bytes_per_sec": 2264580532.6951475,
    "resp_ver": 2,
    "used_memory": 1331056016,
    "bytes_per_key": 1331.056016,
    "distinct_keys_est": 1000000,
    "key_draws": 16974592,
    "maxmemory_policy": "noeviction"
  },
  "gate": {
    "pass": false,
    "reason": "aki is 1.30x Redis, below the 2.0x bar",
    "required_speedup": 2,
    "speedup_vs_redis": 1.3000964584492356,
    "speedup_vs_valkey": 1.8938049330030793,
    "tail_regressed_vs_redis": false,
    "tail_regressed_vs_valkey": false
  },
  "generator_bound": false
}
