{
  "workload": "set",
  "cell": {
    "keyspace": 1000000,
    "value_size": 64,
    "dist": "uniform",
    "pipeline": 1,
    "connections": 512
  },
  "timestamp": "2026-07-11T05:21:32.23770611Z",
  "aki": {
    "target": "aki",
    "version": "unknown",
    "workload": "set",
    "skipped": false,
    "ops": 8153620,
    "errors": 0,
    "ops_per_sec": 1019136.6326898609,
    "min_us": 22.512,
    "p50_us": 475.135,
    "p99_us": 1051.647,
    "p999_us": 1525.759,
    "nil_replies": 0,
    "err_replies": 0,
    "hit_ratio": 1,
    "value_ops_per_sec": 1019136.6326898609,
    "bytes_per_sec": 107813372.46783072,
    "resp_ver": 2,
    "used_memory": 113423088,
    "bytes_per_key": 113.423088,
    "distinct_keys_est": 999723,
    "key_draws": 8153620
  },
  "redis": {
    "target": "redis",
    "version": "redis 8.8.0",
    "workload": "set",
    "skipped": false,
    "ops": 8327391,
    "errors": 0,
    "ops_per_sec": 1040851.6366437556,
    "min_us": 25.216,
    "p50_us": 474.879,
    "p99_us": 932.863,
    "p999_us": 1345.535,
    "nil_replies": 0,
    "err_replies": 0,
    "hit_ratio": 1,
    "value_ops_per_sec": 1040851.6366437556,
    "bytes_per_sec": 110110510.86145088,
    "resp_ver": 2,
    "used_memory": 127457352,
    "bytes_per_key": 127.457352,
    "distinct_keys_est": 999766,
    "key_draws": 8327391,
    "maxmemory_policy": "noeviction"
  },
  "valkey": {
    "target": "valkey",
    "version": "valkey 9.1.0",
    "workload": "set",
    "skipped": false,
    "ops": 8323200,
    "errors": 0,
    "ops_per_sec": 1040333.493300357,
    "min_us": 9.078,
    "p50_us": 480.511,
    "p99_us": 930.303,
    "p999_us": 1412.095,
    "nil_replies": 0,
    "err_replies": 0,
    "hit_ratio": 1,
    "value_ops_per_sec": 1040333.493300357,
    "bytes_per_sec": 110055715.83068445,
    "resp_ver": 2,
    "used_memory": 115034336,
    "bytes_per_key": 115.034336,
    "distinct_keys_est": 999776,
    "key_draws": 8323200,
    "maxmemory_policy": "noeviction"
  },
  "gate": {
    "pass": false,
    "reason": "aki is 0.98x Redis, below the 2.0x bar",
    "required_speedup": 2,
    "speedup_vs_redis": 0.9791372726050418,
    "speedup_vs_valkey": 0.9796249368620719,
    "tail_regressed_vs_redis": true,
    "tail_regressed_vs_valkey": true
  },
  "generator_bound": false
}
