{
  "workload": "set",
  "cell": {
    "keyspace": 1000000,
    "value_size": 64,
    "dist": "uniform",
    "pipeline": 16,
    "connections": 512
  },
  "timestamp": "2026-07-11T05:45:23.939516305Z",
  "aki": {
    "target": "aki",
    "version": "unknown",
    "workload": "set",
    "skipped": false,
    "ops": 32664704,
    "errors": 0,
    "ops_per_sec": 4082186.2195504373,
    "min_us": 32.445,
    "p50_us": 1946.623,
    "p99_us": 4386.815,
    "p999_us": 7217.151,
    "nil_replies": 0,
    "err_replies": 0,
    "hit_ratio": 1,
    "value_ops_per_sec": 4082186.2195504373,
    "bytes_per_sec": 431849636.71618915,
    "resp_ver": 2,
    "used_memory": 113449984,
    "bytes_per_key": 113.449984,
    "distinct_keys_est": 1000000,
    "key_draws": 32664704
  },
  "redis": {
    "target": "redis",
    "version": "redis 8.8.0",
    "workload": "set",
    "skipped": false,
    "ops": 29274480,
    "errors": 0,
    "ops_per_sec": 3658349.2091190903,
    "min_us": 52.678,
    "p50_us": 2226.175,
    "p99_us": 2838.527,
    "p999_us": 4767.743,
    "nil_replies": 0,
    "err_replies": 0,
    "hit_ratio": 1,
    "value_ops_per_sec": 3658349.2091190903,
    "bytes_per_sec": 387012055.4190149,
    "resp_ver": 2,
    "used_memory": 127482320,
    "bytes_per_key": 127.48232,
    "distinct_keys_est": 1000000,
    "key_draws": 29274480,
    "maxmemory_policy": "noeviction"
  },
  "valkey": {
    "target": "valkey",
    "version": "valkey 9.1.0",
    "workload": "set",
    "skipped": false,
    "ops": 23760304,
    "errors": 0,
    "ops_per_sec": 2969035.0265663816,
    "min_us": 27.909,
    "p50_us": 2736.127,
    "p99_us": 3354.623,
    "p999_us": 4313.087,
    "nil_replies": 0,
    "err_replies": 0,
    "hit_ratio": 1,
    "value_ops_per_sec": 2969035.0265663816,
    "bytes_per_sec": 314090268.3988193,
    "resp_ver": 2,
    "used_memory": 115058656,
    "bytes_per_key": 115.058656,
    "distinct_keys_est": 1000000,
    "key_draws": 23760304,
    "maxmemory_policy": "noeviction"
  },
  "gate": {
    "pass": false,
    "reason": "aki is 1.12x Redis, below the 2.0x bar",
    "required_speedup": 2,
    "speedup_vs_redis": 1.1158547164865664,
    "speedup_vs_valkey": 1.3749201956271255,
    "tail_regressed_vs_redis": true,
    "tail_regressed_vs_valkey": true
  },
  "generator_bound": false
}
