{
  "workload": "set",
  "cell": {
    "keyspace": 1000000,
    "value_size": 1024,
    "dist": "uniform",
    "pipeline": 1,
    "connections": 512
  },
  "timestamp": "2026-07-11T05:33:58.520051507Z",
  "aki": {
    "target": "aki",
    "version": "unknown",
    "workload": "set",
    "skipped": false,
    "ops": 5983765,
    "errors": 0,
    "ops_per_sec": 747905.4231661375,
    "min_us": 8.721,
    "p50_us": 565.247,
    "p99_us": 2711.551,
    "p999_us": 5238.783,
    "nil_replies": 0,
    "err_replies": 0,
    "hit_ratio": 1,
    "value_ops_per_sec": 747905.4231661375,
    "bytes_per_sec": 798605347.3097756,
    "resp_ver": 2,
    "used_memory": 1070784448,
    "bytes_per_key": 1070.784448,
    "distinct_keys_est": 997483,
    "key_draws": 5983765
  },
  "redis": {
    "target": "redis",
    "version": "redis 8.8.0",
    "workload": "set",
    "skipped": false,
    "ops": 7804329,
    "errors": 0,
    "ops_per_sec": 975474.7778391165,
    "min_us": 28.716,
    "p50_us": 505.087,
    "p99_us": 995.839,
    "p999_us": 1464.319,
    "nil_replies": 0,
    "err_replies": 0,
    "hit_ratio": 1,
    "value_ops_per_sec": 975474.7778391165,
    "bytes_per_sec": 1041601216.4828604,
    "resp_ver": 2,
    "used_memory": 1326935160,
    "bytes_per_key": 1326.93516,
    "distinct_keys_est": 999592,
    "key_draws": 7804329,
    "maxmemory_policy": "noeviction"
  },
  "valkey": {
    "target": "valkey",
    "version": "valkey 9.1.0",
    "workload": "set",
    "skipped": false,
    "ops": 6865252,
    "errors": 0,
    "ops_per_sec": 858111.0580853358,
    "min_us": 12.898,
    "p50_us": 579.071,
    "p99_us": 1040.895,
    "p999_us": 1490.943,
    "nil_replies": 0,
    "err_replies": 0,
    "hit_ratio": 1,
    "value_ops_per_sec": 858111.0580853358,
    "bytes_per_sec": 916281653.1178479,
    "resp_ver": 2,
    "used_memory": 1329650288,
    "bytes_per_key": 1329.650288,
    "distinct_keys_est": 998929,
    "key_draws": 6865252,
    "maxmemory_policy": "noeviction"
  },
  "gate": {
    "pass": false,
    "reason": "aki is 0.77x Redis, below the 2.0x bar",
    "required_speedup": 2,
    "speedup_vs_redis": 0.7667091350356661,
    "speedup_vs_valkey": 0.8715718275847708,
    "tail_regressed_vs_redis": true,
    "tail_regressed_vs_valkey": true
  },
  "generator_bound": false
}
