{
  "workload": "set",
  "cell": {
    "keyspace": 1000000,
    "value_size": 1024,
    "dist": "uniform",
    "pipeline": 1,
    "connections": 512
  },
  "timestamp": "2026-07-11T05:31:42.509422446Z",
  "aki": {
    "target": "aki",
    "version": "unknown",
    "workload": "set",
    "skipped": false,
    "ops": 7902273,
    "errors": 0,
    "ops_per_sec": 987733.4046427383,
    "min_us": 24.589,
    "p50_us": 487.423,
    "p99_us": 1097.727,
    "p999_us": 1708.031,
    "nil_replies": 0,
    "err_replies": 0,
    "hit_ratio": 1,
    "value_ops_per_sec": 987733.4046427383,
    "bytes_per_sec": 1054690845.6114053,
    "resp_ver": 2,
    "used_memory": 1073055360,
    "bytes_per_key": 1073.05536,
    "distinct_keys_est": 999627,
    "key_draws": 7902273
  },
  "redis": {
    "target": "redis",
    "version": "redis 8.8.0",
    "workload": "set",
    "skipped": false,
    "ops": 7701261,
    "errors": 0,
    "ops_per_sec": 962612.5019373388,
    "min_us": 23.72,
    "p50_us": 511.999,
    "p99_us": 1009.663,
    "p999_us": 1449.983,
    "nil_replies": 0,
    "err_replies": 0,
    "hit_ratio": 1,
    "value_ops_per_sec": 962612.5019373388,
    "bytes_per_sec": 1027867034.5903367,
    "resp_ver": 2,
    "used_memory": 1326885624,
    "bytes_per_key": 1326.885624,
    "distinct_keys_est": 999555,
    "key_draws": 7701261,
    "maxmemory_policy": "noeviction"
  },
  "valkey": {
    "target": "valkey",
    "version": "valkey 9.1.0",
    "workload": "set",
    "skipped": false,
    "ops": 6906674,
    "errors": 0,
    "ops_per_sec": 863271.7936885433,
    "min_us": 10.107,
    "p50_us": 574.975,
    "p99_us": 1016.831,
    "p999_us": 1554.431,
    "nil_replies": 0,
    "err_replies": 0,
    "hit_ratio": 1,
    "value_ops_per_sec": 863271.7936885433,
    "bytes_per_sec": 921792244.579017,
    "resp_ver": 2,
    "used_memory": 1329690320,
    "bytes_per_key": 1329.69032,
    "distinct_keys_est": 998960,
    "key_draws": 6906674,
    "maxmemory_policy": "noeviction"
  },
  "gate": {
    "pass": false,
    "reason": "aki is 1.03x Redis, below the 2.0x bar",
    "required_speedup": 2,
    "speedup_vs_redis": 1.0260965888712659,
    "speedup_vs_valkey": 1.1441743050846152,
    "tail_regressed_vs_redis": true,
    "tail_regressed_vs_valkey": true
  },
  "generator_bound": false
}
