{
  "workload": "set",
  "cell": {
    "keyspace": 1000000,
    "value_size": 1024,
    "dist": "uniform",
    "pipeline": 16,
    "connections": 512
  },
  "timestamp": "2026-07-11T06:01:32.346129307Z",
  "aki": {
    "target": "aki",
    "version": "unknown",
    "workload": "set",
    "skipped": false,
    "ops": 36438720,
    "errors": 0,
    "ops_per_sec": 4554190.743182175,
    "min_us": 32.605,
    "p50_us": 1630.207,
    "p99_us": 3547.135,
    "p999_us": 4968.447,
    "nil_replies": 0,
    "err_replies": 0,
    "hit_ratio": 1,
    "value_ops_per_sec": 4554190.743182175,
    "bytes_per_sec": 4862914063.688795,
    "resp_ver": 2,
    "used_memory": 1073449984,
    "bytes_per_key": 1073.449984,
    "distinct_keys_est": 1000000,
    "key_draws": 36438720
  },
  "redis": {
    "target": "redis",
    "version": "redis 8.8.0",
    "workload": "set",
    "skipped": false,
    "ops": 24672224,
    "errors": 0,
    "ops_per_sec": 3083144.8196776444,
    "min_us": 99.55,
    "p50_us": 2639.871,
    "p99_us": 3940.351,
    "p999_us": 5210.111,
    "nil_replies": 0,
    "err_replies": 0,
    "hit_ratio": 1,
    "value_ops_per_sec": 3083144.8196776444,
    "bytes_per_sec": 3292147052.07379,
    "resp_ver": 2,
    "used_memory": 1327491952,
    "bytes_per_key": 1327.491952,
    "distinct_keys_est": 1000000,
    "key_draws": 24672224,
    "maxmemory_policy": "noeviction"
  },
  "valkey": {
    "target": "valkey",
    "version": "valkey 9.1.0",
    "workload": "set",
    "skipped": false,
    "ops": 16858112,
    "errors": 0,
    "ops_per_sec": 2106411.1338794963,
    "min_us": 76.753,
    "p50_us": 3862.527,
    "p99_us": 4440.063,
    "p999_us": 5296.127,
    "nil_replies": 0,
    "err_replies": 0,
    "hit_ratio": 1,
    "value_ops_per_sec": 2106411.1338794963,
    "bytes_per_sec": 2249202052.425242,
    "resp_ver": 2,
    "used_memory": 1331056016,
    "bytes_per_key": 1331.056016,
    "distinct_keys_est": 1000000,
    "key_draws": 16858112,
    "maxmemory_policy": "noeviction"
  },
  "gate": {
    "pass": false,
    "reason": "aki is 1.48x Redis, below the 2.0x bar",
    "required_speedup": 2,
    "speedup_vs_redis": 1.477125146414087,
    "speedup_vs_valkey": 2.1620616554539684,
    "tail_regressed_vs_redis": false,
    "tail_regressed_vs_valkey": false
  },
  "generator_bound": false
}
