{
  "workload": "set",
  "cell": {
    "keyspace": 1000000,
    "value_size": 64,
    "dist": "uniform",
    "pipeline": 16,
    "connections": 512
  },
  "timestamp": "2026-07-11T05:43:42.207130653Z",
  "aki": {
    "target": "aki",
    "version": "unknown",
    "workload": "set",
    "skipped": false,
    "ops": 38991840,
    "errors": 0,
    "ops_per_sec": 4873377.539666758,
    "min_us": 36.612,
    "p50_us": 1620.991,
    "p99_us": 3522.559,
    "p999_us": 4526.079,
    "nil_replies": 0,
    "err_replies": 0,
    "hit_ratio": 1,
    "value_ops_per_sec": 4873377.539666758,
    "bytes_per_sec": 515549241.38501954,
    "resp_ver": 2,
    "used_memory": 113449984,
    "bytes_per_key": 113.449984,
    "distinct_keys_est": 1000000,
    "key_draws": 38991840
  },
  "redis": {
    "target": "redis",
    "version": "redis 8.8.0",
    "workload": "set",
    "skipped": false,
    "ops": 29340608,
    "errors": 0,
    "ops_per_sec": 3666561.2777914107,
    "min_us": 97.094,
    "p50_us": 2222.079,
    "p99_us": 2609.151,
    "p999_us": 5058.559,
    "nil_replies": 0,
    "err_replies": 0,
    "hit_ratio": 1,
    "value_ops_per_sec": 3666561.2777914107,
    "bytes_per_sec": 387880779.97368693,
    "resp_ver": 2,
    "used_memory": 127481864,
    "bytes_per_key": 127.481864,
    "distinct_keys_est": 1000000,
    "key_draws": 29340608,
    "maxmemory_policy": "noeviction"
  },
  "valkey": {
    "target": "valkey",
    "version": "valkey 9.1.0",
    "workload": "set",
    "skipped": false,
    "ops": 23825824,
    "errors": 0,
    "ops_per_sec": 2977174.6138452482,
    "min_us": 43.927,
    "p50_us": 2732.031,
    "p99_us": 3270.655,
    "p999_us": 4685.823,
    "nil_replies": 0,
    "err_replies": 0,
    "hit_ratio": 1,
    "value_ops_per_sec": 2977174.6138452482,
    "bytes_per_sec": 314951348.92750895,
    "resp_ver": 2,
    "used_memory": 115058656,
    "bytes_per_key": 115.058656,
    "distinct_keys_est": 1000000,
    "key_draws": 23825824,
    "maxmemory_policy": "noeviction"
  },
  "gate": {
    "pass": false,
    "reason": "aki is 1.33x Redis, below the 2.0x bar",
    "required_speedup": 2,
    "speedup_vs_redis": 1.329141168098051,
    "speedup_vs_valkey": 1.6369135747037755,
    "tail_regressed_vs_redis": true,
    "tail_regressed_vs_valkey": true
  },
  "generator_bound": false
}
