{
  "workload": "set",
  "cell": {
    "keyspace": 1000000,
    "value_size": 1024,
    "dist": "uniform",
    "pipeline": 16,
    "connections": 512
  },
  "timestamp": "2026-07-11T06:00:24.332476877Z",
  "aki": {
    "target": "aki",
    "version": "unknown",
    "workload": "set",
    "skipped": false,
    "ops": 32022400,
    "errors": 0,
    "ops_per_sec": 4002200.3473203103,
    "min_us": 40.852,
    "p50_us": 1882.111,
    "p99_us": 3917.823,
    "p999_us": 5492.735,
    "nil_replies": 0,
    "err_replies": 0,
    "hit_ratio": 1,
    "value_ops_per_sec": 4002200.3473203103,
    "bytes_per_sec": 4273504679.71371,
    "resp_ver": 2,
    "used_memory": 1073449984,
    "bytes_per_key": 1073.449984,
    "distinct_keys_est": 1000000,
    "key_draws": 32022400
  },
  "redis": {
    "target": "redis",
    "version": "redis 8.8.0",
    "workload": "set",
    "skipped": false,
    "ops": 24735200,
    "errors": 0,
    "ops_per_sec": 3091094.0856997217,
    "min_us": 76.804,
    "p50_us": 2631.679,
    "p99_us": 3995.647,
    "p999_us": 5328.895,
    "nil_replies": 0,
    "err_replies": 0,
    "hit_ratio": 1,
    "value_ops_per_sec": 3091094.0856997217,
    "bytes_per_sec": 3300635150.740125,
    "resp_ver": 2,
    "used_memory": 1327491280,
    "bytes_per_key": 1327.49128,
    "distinct_keys_est": 1000000,
    "key_draws": 24735200,
    "maxmemory_policy": "noeviction"
  },
  "valkey": {
    "target": "valkey",
    "version": "valkey 9.1.0",
    "workload": "set",
    "skipped": false,
    "ops": 16813712,
    "errors": 0,
    "ops_per_sec": 2100826.310548262,
    "min_us": 58.079,
    "p50_us": 3864.575,
    "p99_us": 4575.231,
    "p999_us": 7163.903,
    "nil_replies": 0,
    "err_replies": 0,
    "hit_ratio": 1,
    "value_ops_per_sec": 2100826.310548262,
    "bytes_per_sec": 2243238628.345263,
    "resp_ver": 2,
    "used_memory": 1331056016,
    "bytes_per_key": 1331.056016,
    "distinct_keys_est": 1000000,
    "key_draws": 16813712,
    "maxmemory_policy": "noeviction"
  },
  "gate": {
    "pass": false,
    "reason": "aki is 1.29x Redis, below the 2.0x bar",
    "required_speedup": 2,
    "speedup_vs_redis": 1.2947520315980108,
    "speedup_vs_valkey": 1.905060083846645,
    "tail_regressed_vs_redis": false,
    "tail_regressed_vs_valkey": false
  },
  "generator_bound": false
}
