{
  "workload": "set",
  "cell": {
    "keyspace": 1000000,
    "value_size": 64,
    "dist": "uniform",
    "pipeline": 16,
    "connections": 512
  },
  "timestamp": "2026-07-11T05:48:13.55635026Z",
  "aki": {
    "target": "aki",
    "version": "unknown",
    "workload": "set",
    "skipped": false,
    "ops": 52759504,
    "errors": 0,
    "ops_per_sec": 6594270.362272888,
    "min_us": 30.778,
    "p50_us": 1130.495,
    "p99_us": 2807.807,
    "p999_us": 4032.511,
    "nil_replies": 0,
    "err_replies": 0,
    "hit_ratio": 1,
    "value_ops_per_sec": 6594270.362272888,
    "bytes_per_sec": 697600327.492643,
    "resp_ver": 2,
    "used_memory": 113449984,
    "bytes_per_key": 113.449984,
    "distinct_keys_est": 1000000,
    "key_draws": 52759504
  },
  "redis": {
    "target": "redis",
    "version": "redis 8.8.0",
    "workload": "set",
    "skipped": false,
    "ops": 29231872,
    "errors": 0,
    "ops_per_sec": 3652992.0427962504,
    "min_us": 82.911,
    "p50_us": 2228.223,
    "p99_us": 2899.967,
    "p999_us": 4411.391,
    "nil_replies": 0,
    "err_replies": 0,
    "hit_ratio": 1,
    "value_ops_per_sec": 3652992.0427962504,
    "bytes_per_sec": 386445331.2478583,
    "resp_ver": 2,
    "used_memory": 127483080,
    "bytes_per_key": 127.48308,
    "distinct_keys_est": 1000000,
    "key_draws": 29231872,
    "maxmemory_policy": "noeviction"
  },
  "valkey": {
    "target": "valkey",
    "version": "valkey 9.1.0",
    "workload": "set",
    "skipped": false,
    "ops": 23787264,
    "errors": 0,
    "ops_per_sec": 2972498.135041166,
    "min_us": 51.02,
    "p50_us": 2738.175,
    "p99_us": 3174.399,
    "p999_us": 4411.391,
    "nil_replies": 0,
    "err_replies": 0,
    "hit_ratio": 1,
    "value_ops_per_sec": 2972498.135041166,
    "bytes_per_sec": 314456623.4713739,
    "resp_ver": 2,
    "used_memory": 115058656,
    "bytes_per_key": 115.058656,
    "distinct_keys_est": 1000000,
    "key_draws": 23787264,
    "maxmemory_policy": "noeviction"
  },
  "gate": {
    "pass": false,
    "reason": "aki is 1.81x Redis, below the 2.0x bar",
    "required_speedup": 2,
    "speedup_vs_redis": 1.805169648610891,
    "speedup_vs_valkey": 2.218427081429124,
    "tail_regressed_vs_redis": false,
    "tail_regressed_vs_valkey": false
  },
  "generator_bound": false
}
