{
  "workload": "set",
  "cell": {
    "keyspace": 1000000,
    "value_size": 64,
    "dist": "uniform",
    "pipeline": 1,
    "connections": 512
  },
  "timestamp": "2026-07-11T05:18:08.836886731Z",
  "aki": {
    "target": "aki",
    "version": "unknown",
    "workload": "set",
    "skipped": false,
    "ops": 8320162,
    "errors": 0,
    "ops_per_sec": 1039964.0486528693,
    "min_us": 19.353,
    "p50_us": 465.663,
    "p99_us": 1032.191,
    "p999_us": 1473.535,
    "nil_replies": 0,
    "err_replies": 0,
    "hit_ratio": 1,
    "value_ops_per_sec": 1039964.0486528693,
    "bytes_per_sec": 110016630.52250955,
    "resp_ver": 2,
    "used_memory": 113427696,
    "bytes_per_key": 113.427696,
    "distinct_keys_est": 999771,
    "key_draws": 8320162
  },
  "redis": {
    "target": "redis",
    "version": "redis 8.8.0",
    "workload": "set",
    "skipped": false,
    "ops": 8441398,
    "errors": 0,
    "ops_per_sec": 1055126.0027829993,
    "min_us": 15.665,
    "p50_us": 466.943,
    "p99_us": 960.511,
    "p999_us": 1409.023,
    "nil_replies": 0,
    "err_replies": 0,
    "hit_ratio": 1,
    "value_ops_per_sec": 1055126.0027829993,
    "bytes_per_sec": 111620557.21339904,
    "resp_ver": 2,
    "used_memory": 127460280,
    "bytes_per_key": 127.46028,
    "distinct_keys_est": 999797,
    "key_draws": 8441398,
    "maxmemory_policy": "noeviction"
  },
  "valkey": {
    "target": "valkey",
    "version": "valkey 9.1.0",
    "workload": "set",
    "skipped": false,
    "ops": 8235436,
    "errors": 0,
    "ops_per_sec": 1029379.1691488863,
    "min_us": 9.345,
    "p50_us": 485.375,
    "p99_us": 946.175,
    "p999_us": 1432.575,
    "nil_replies": 0,
    "err_replies": 0,
    "hit_ratio": 1,
    "value_ops_per_sec": 1029379.1691488863,
    "bytes_per_sec": 108896883.67993301,
    "resp_ver": 2,
    "used_memory": 115031712,
    "bytes_per_key": 115.031712,
    "distinct_keys_est": 999750,
    "key_draws": 8235436,
    "maxmemory_policy": "noeviction"
  },
  "gate": {
    "pass": false,
    "reason": "aki is 0.99x Redis, below the 2.0x bar",
    "required_speedup": 2,
    "speedup_vs_redis": 0.9856301957395242,
    "speedup_vs_valkey": 1.0102827799718685,
    "tail_regressed_vs_redis": true,
    "tail_regressed_vs_valkey": true
  },
  "generator_bound": false
}
