{
  "workload": "set",
  "cell": {
    "keyspace": 1000000,
    "value_size": 1024,
    "dist": "uniform",
    "pipeline": 1,
    "connections": 512
  },
  "timestamp": "2026-07-11T05:34:32.510446555Z",
  "aki": {
    "target": "aki",
    "version": "unknown",
    "workload": "set",
    "skipped": false,
    "ops": 7982150,
    "errors": 0,
    "ops_per_sec": 997720.7727259172,
    "min_us": 24.219,
    "p50_us": 487.423,
    "p99_us": 1041.919,
    "p999_us": 1474.559,
    "nil_replies": 0,
    "err_replies": 0,
    "hit_ratio": 1,
    "value_ops_per_sec": 997720.7727259172,
    "bytes_per_sec": 1065355248.39534,
    "resp_ver": 2,
    "used_memory": 1073087216,
    "bytes_per_key": 1073.087216,
    "distinct_keys_est": 999657,
    "key_draws": 7982150
  },
  "redis": {
    "target": "redis",
    "version": "redis 8.8.0",
    "workload": "set",
    "skipped": false,
    "ops": 7807147,
    "errors": 0,
    "ops_per_sec": 975822.4789353714,
    "min_us": 21.498,
    "p50_us": 505.343,
    "p99_us": 1010.175,
    "p999_us": 1486.847,
    "nil_replies": 0,
    "err_replies": 0,
    "hit_ratio": 1,
    "value_ops_per_sec": 975822.4789353714,
    "bytes_per_sec": 1041972485.5887443,
    "resp_ver": 2,
    "used_memory": 1326939152,
    "bytes_per_key": 1326.939152,
    "distinct_keys_est": 999595,
    "key_draws": 7807147,
    "maxmemory_policy": "noeviction"
  },
  "valkey": {
    "target": "valkey",
    "version": "valkey 9.1.0",
    "workload": "set",
    "skipped": false,
    "ops": 6820412,
    "errors": 0,
    "ops_per_sec": 852482.1514294634,
    "min_us": 8.141,
    "p50_us": 582.143,
    "p99_us": 1046.015,
    "p999_us": 1522.687,
    "nil_replies": 0,
    "err_replies": 0,
    "hit_ratio": 1,
    "value_ops_per_sec": 852482.1514294634,
    "bytes_per_sec": 910271181.2246785,
    "resp_ver": 2,
    "used_memory": 1329591184,
    "bytes_per_key": 1329.591184,
    "distinct_keys_est": 998884,
    "key_draws": 6820412,
    "maxmemory_policy": "noeviction"
  },
  "gate": {
    "pass": false,
    "reason": "aki is 1.02x Redis, below the 2.0x bar",
    "required_speedup": 2,
    "speedup_vs_redis": 1.0224408581102138,
    "speedup_vs_valkey": 1.1703714512414296,
    "tail_regressed_vs_redis": true,
    "tail_regressed_vs_valkey": false
  },
  "generator_bound": false
}
