{
  "workload": "set",
  "cell": {
    "keyspace": 1000000,
    "value_size": 64,
    "dist": "uniform",
    "pipeline": 16,
    "connections": 512
  },
  "timestamp": "2026-07-11T05:44:16.111138206Z",
  "aki": {
    "target": "aki",
    "version": "unknown",
    "workload": "set",
    "skipped": false,
    "ops": 54998368,
    "errors": 0,
    "ops_per_sec": 6874150.178746319,
    "min_us": 32.564,
    "p50_us": 1073.151,
    "p99_us": 2877.439,
    "p999_us": 4020.223,
    "nil_replies": 0,
    "err_replies": 0,
    "hit_ratio": 1,
    "value_ops_per_sec": 6874150.178746319,
    "bytes_per_sec": 727208504.6813915,
    "resp_ver": 2,
    "used_memory": 113449984,
    "bytes_per_key": 113.449984,
    "distinct_keys_est": 1000000,
    "key_draws": 54998368
  },
  "redis": {
    "target": "redis",
    "version": "redis 8.8.0",
    "workload": "set",
    "skipped": false,
    "ops": 29582832,
    "errors": 0,
    "ops_per_sec": 3696882.0638272455,
    "min_us": 51.172,
    "p50_us": 2203.647,
    "p99_us": 3047.423,
    "p999_us": 4829.183,
    "nil_replies": 0,
    "err_replies": 0,
    "hit_ratio": 1,
    "value_ops_per_sec": 3696882.0638272455,
    "bytes_per_sec": 391088466.97941184,
    "resp_ver": 2,
    "used_memory": 127482016,
    "bytes_per_key": 127.482016,
    "distinct_keys_est": 1000000,
    "key_draws": 29582832,
    "maxmemory_policy": "noeviction"
  },
  "valkey": {
    "target": "valkey",
    "version": "valkey 9.1.0",
    "workload": "set",
    "skipped": false,
    "ops": 23843584,
    "errors": 0,
    "ops_per_sec": 2979415.674180716,
    "min_us": 33.62,
    "p50_us": 2727.935,
    "p99_us": 3250.175,
    "p999_us": 4378.623,
    "nil_replies": 0,
    "err_replies": 0,
    "hit_ratio": 1,
    "value_ops_per_sec": 2979415.674180716,
    "bytes_per_sec": 315188436.4943928,
    "resp_ver": 2,
    "used_memory": 115058656,
    "bytes_per_key": 115.058656,
    "distinct_keys_est": 1000000,
    "key_draws": 23843584,
    "maxmemory_policy": "noeviction"
  },
  "gate": {
    "pass": false,
    "reason": "aki is 1.86x Redis, below the 2.0x bar",
    "required_speedup": 2,
    "speedup_vs_redis": 1.8594453542371772,
    "speedup_vs_valkey": 2.3072142092548344,
    "tail_regressed_vs_redis": false,
    "tail_regressed_vs_valkey": false
  },
  "generator_bound": false
}
