{
  "workload": "set",
  "cell": {
    "keyspace": 1000000,
    "value_size": 1024,
    "dist": "uniform",
    "pipeline": 16,
    "connections": 512
  },
  "timestamp": "2026-07-11T05:59:16.303498555Z",
  "aki": {
    "target": "aki",
    "version": "unknown",
    "workload": "set",
    "skipped": false,
    "ops": 30349504,
    "errors": 0,
    "ops_per_sec": 3793350.2656974564,
    "min_us": 29.799,
    "p50_us": 2113.535,
    "p99_us": 4460.543,
    "p999_us": 6041.599,
    "nil_replies": 0,
    "err_replies": 0,
    "hit_ratio": 1,
    "value_ops_per_sec": 3793350.2656974564,
    "bytes_per_sec": 4050496837.3524556,
    "resp_ver": 2,
    "used_memory": 1073449984,
    "bytes_per_key": 1073.449984,
    "distinct_keys_est": 1000000,
    "key_draws": 30349504
  },
  "redis": {
    "target": "redis",
    "version": "redis 8.8.0",
    "workload": "set",
    "skipped": false,
    "ops": 24734128,
    "errors": 0,
    "ops_per_sec": 3091000.30744959,
    "min_us": 93.449,
    "p50_us": 2625.535,
    "p99_us": 4059.135,
    "p999_us": 7061.503,
    "nil_replies": 0,
    "err_replies": 0,
    "hit_ratio": 1,
    "value_ops_per_sec": 3091000.30744959,
    "bytes_per_sec": 3300535036.437513,
    "resp_ver": 2,
    "used_memory": 1327490976,
    "bytes_per_key": 1327.490976,
    "distinct_keys_est": 1000000,
    "key_draws": 24734128,
    "maxmemory_policy": "noeviction"
  },
  "valkey": {
    "target": "valkey",
    "version": "valkey 9.1.0",
    "workload": "set",
    "skipped": false,
    "ops": 16873360,
    "errors": 0,
    "ops_per_sec": 2108256.8736276194,
    "min_us": 82.23,
    "p50_us": 3850.239,
    "p99_us": 4571.135,
    "p999_us": 6275.071,
    "nil_replies": 0,
    "err_replies": 0,
    "hit_ratio": 1,
    "value_ops_per_sec": 2108256.8736276194,
    "bytes_per_sec": 2251172910.8336363,
    "resp_ver": 2,
    "used_memory": 1331056016,
    "bytes_per_key": 1331.056016,
    "distinct_keys_est": 1000000,
    "key_draws": 16873360,
    "maxmemory_policy": "noeviction"
  },
  "gate": {
    "pass": false,
    "reason": "aki is 1.23x Redis, below the 2.0x bar",
    "required_speedup": 2,
    "speedup_vs_redis": 1.2272241631795182,
    "speedup_vs_valkey": 1.79928276916766,
    "tail_regressed_vs_redis": true,
    "tail_regressed_vs_valkey": false
  },
  "generator_bound": false
}
