{
  "workload": "set",
  "cell": {
    "keyspace": 1000000,
    "value_size": 1024,
    "dist": "uniform",
    "pipeline": 16,
    "connections": 512
  },
  "timestamp": "2026-07-11T05:57:34.304616638Z",
  "aki": {
    "target": "aki",
    "version": "unknown",
    "workload": "set",
    "skipped": false,
    "ops": 37151440,
    "errors": 0,
    "ops_per_sec": 4643280.07080193,
    "min_us": 25.063,
    "p50_us": 1679.359,
    "p99_us": 3932.159,
    "p999_us": 5423.103,
    "nil_replies": 0,
    "err_replies": 0,
    "hit_ratio": 1,
    "value_ops_per_sec": 4643280.07080193,
    "bytes_per_sec": 4958042789.584657,
    "resp_ver": 2,
    "used_memory": 1073449984,
    "bytes_per_key": 1073.449984,
    "distinct_keys_est": 1000000,
    "key_draws": 37151440
  },
  "redis": {
    "target": "redis",
    "version": "redis 8.8.0",
    "workload": "set",
    "skipped": false,
    "ops": 25416976,
    "errors": 0,
    "ops_per_sec": 3176246.719309375,
    "min_us": 81.807,
    "p50_us": 2562.047,
    "p99_us": 3561.471,
    "p999_us": 5734.399,
    "nil_replies": 0,
    "err_replies": 0,
    "hit_ratio": 1,
    "value_ops_per_sec": 3176246.719309375,
    "bytes_per_sec": 3391560170.095257,
    "resp_ver": 2,
    "used_memory": 1327490152,
    "bytes_per_key": 1327.490152,
    "distinct_keys_est": 1000000,
    "key_draws": 25416976,
    "maxmemory_policy": "noeviction"
  },
  "valkey": {
    "target": "valkey",
    "version": "valkey 9.1.0",
    "workload": "set",
    "skipped": false,
    "ops": 17141696,
    "errors": 0,
    "ops_per_sec": 2141943.0135419075,
    "min_us": 200.348,
    "p50_us": 3778.559,
    "p99_us": 4640.767,
    "p999_us": 5631.999,
    "nil_replies": 0,
    "err_replies": 0,
    "hit_ratio": 1,
    "value_ops_per_sec": 2141943.0135419075,
    "bytes_per_sec": 2287142591.3082952,
    "resp_ver": 2,
    "used_memory": 1331056016,
    "bytes_per_key": 1331.056016,
    "distinct_keys_est": 1000000,
    "key_draws": 17141696,
    "maxmemory_policy": "noeviction"
  },
  "gate": {
    "pass": false,
    "reason": "aki is 1.46x Redis, below the 2.0x bar",
    "required_speedup": 2,
    "speedup_vs_redis": 1.4618763846567744,
    "speedup_vs_valkey": 2.167788798042681,
    "tail_regressed_vs_redis": true,
    "tail_regressed_vs_valkey": false
  },
  "generator_bound": false
}
