{
  "workload": "set",
  "cell": {
    "keyspace": 1000000,
    "value_size": 64,
    "dist": "uniform",
    "pipeline": 1,
    "connections": 512
  },
  "timestamp": "2026-07-11T05:19:16.629375235Z",
  "aki": {
    "target": "aki",
    "version": "unknown",
    "workload": "set",
    "skipped": false,
    "ops": 8274569,
    "errors": 0,
    "ops_per_sec": 1034267.7558788124,
    "min_us": 28.561,
    "p50_us": 470.015,
    "p99_us": 997.887,
    "p999_us": 1353.727,
    "nil_replies": 0,
    "err_replies": 0,
    "hit_ratio": 1,
    "value_ops_per_sec": 1034267.7558788124,
    "bytes_per_sec": 109414037.6399205,
    "resp_ver": 2,
    "used_memory": 113426640,
    "bytes_per_key": 113.42664,
    "distinct_keys_est": 999760,
    "key_draws": 8274569
  },
  "redis": {
    "target": "redis",
    "version": "redis 8.8.0",
    "workload": "set",
    "skipped": false,
    "ops": 8249244,
    "errors": 0,
    "ops_per_sec": 1031116.0983472024,
    "min_us": 28.839,
    "p50_us": 479.743,
    "p99_us": 948.735,
    "p999_us": 1369.087,
    "nil_replies": 0,
    "err_replies": 0,
    "hit_ratio": 1,
    "value_ops_per_sec": 1031116.0983472024,
    "bytes_per_sec": 109080613.74341226,
    "resp_ver": 2,
    "used_memory": 127454856,
    "bytes_per_key": 127.454856,
    "distinct_keys_est": 999750,
    "key_draws": 8249244,
    "maxmemory_policy": "noeviction"
  },
  "valkey": {
    "target": "valkey",
    "version": "valkey 9.1.0",
    "workload": "set",
    "skipped": false,
    "ops": 8261489,
    "errors": 0,
    "ops_per_sec": 1032614.0833877049,
    "min_us": 9.745,
    "p50_us": 484.095,
    "p99_us": 929.791,
    "p999_us": 1362.943,
    "nil_replies": 0,
    "err_replies": 0,
    "hit_ratio": 1,
    "value_ops_per_sec": 1032614.0833877049,
    "bytes_per_sec": 109239088.54843856,
    "resp_ver": 2,
    "used_memory": 115032352,
    "bytes_per_key": 115.032352,
    "distinct_keys_est": 999756,
    "key_draws": 8261489,
    "maxmemory_policy": "noeviction"
  },
  "gate": {
    "pass": false,
    "reason": "aki is 1.00x Redis, below the 2.0x bar",
    "required_speedup": 2,
    "speedup_vs_redis": 1.0030565496326378,
    "speedup_vs_valkey": 1.0016014428988633,
    "tail_regressed_vs_redis": true,
    "tail_regressed_vs_valkey": true
  },
  "generator_bound": false
}
