{
  "workload": "set",
  "cell": {
    "keyspace": 1000000,
    "value_size": 1024,
    "dist": "uniform",
    "pipeline": 16,
    "connections": 512
  },
  "timestamp": "2026-07-11T06:02:06.36217756Z",
  "aki": {
    "target": "aki",
    "version": "unknown",
    "workload": "set",
    "skipped": false,
    "ops": 31500224,
    "errors": 0,
    "ops_per_sec": 3936985.5606530835,
    "min_us": 39.989,
    "p50_us": 1903.615,
    "p99_us": 4061.183,
    "p999_us": 5799.935,
    "nil_replies": 0,
    "err_replies": 0,
    "hit_ratio": 1,
    "value_ops_per_sec": 3936985.5606530835,
    "bytes_per_sec": 4203869131.084668,
    "resp_ver": 2,
    "used_memory": 1073449984,
    "bytes_per_key": 1073.449984,
    "distinct_keys_est": 1000000,
    "key_draws": 31500224
  },
  "redis": {
    "target": "redis",
    "version": "redis 8.8.0",
    "workload": "set",
    "skipped": false,
    "ops": 24494352,
    "errors": 0,
    "ops_per_sec": 3060952.764473645,
    "min_us": 104.091,
    "p50_us": 2656.255,
    "p99_us": 3964.927,
    "p999_us": 6885.375,
    "nil_replies": 0,
    "err_replies": 0,
    "hit_ratio": 1,
    "value_ops_per_sec": 3060952.764473645,
    "bytes_per_sec": 3268450578.3894424,
    "resp_ver": 2,
    "used_memory": 1327492104,
    "bytes_per_key": 1327.492104,
    "distinct_keys_est": 1000000,
    "key_draws": 24494352,
    "maxmemory_policy": "noeviction"
  },
  "valkey": {
    "target": "valkey",
    "version": "valkey 9.1.0",
    "workload": "set",
    "skipped": false,
    "ops": 16896848,
    "errors": 0,
    "ops_per_sec": 2111102.627754222,
    "min_us": 75.716,
    "p50_us": 3854.335,
    "p99_us": 4431.871,
    "p999_us": 5709.823,
    "nil_replies": 0,
    "err_replies": 0,
    "hit_ratio": 1,
    "value_ops_per_sec": 2111102.627754222,
    "bytes_per_sec": 2254211591.9248495,
    "resp_ver": 2,
    "used_memory": 1331056016,
    "bytes_per_key": 1331.056016,
    "distinct_keys_est": 1000000,
    "key_draws": 16896848,
    "maxmemory_policy": "noeviction"
  },
  "gate": {
    "pass": false,
    "reason": "aki is 1.29x Redis, below the 2.0x bar",
    "required_speedup": 2,
    "speedup_vs_redis": 1.2861961172177967,
    "speedup_vs_valkey": 1.8648953911071695,
    "tail_regressed_vs_redis": true,
    "tail_regressed_vs_valkey": false
  },
  "generator_bound": false
}
