{
  "workload": "set",
  "cell": {
    "keyspace": 1000000,
    "value_size": 64,
    "dist": "uniform",
    "pipeline": 1,
    "connections": 512
  },
  "timestamp": "2026-07-11T05:17:34.940469388Z",
  "aki": {
    "target": "aki",
    "version": "unknown",
    "workload": "set",
    "skipped": false,
    "ops": 8347381,
    "errors": 0,
    "ops_per_sec": 1043346.7649521588,
    "min_us": 32.488,
    "p50_us": 464.639,
    "p99_us": 999.423,
    "p999_us": 1439.743,
    "nil_replies": 0,
    "err_replies": 0,
    "hit_ratio": 1,
    "value_ops_per_sec": 1043346.7649521588,
    "bytes_per_sec": 110374474.22633752,
    "resp_ver": 2,
    "used_memory": 113428752,
    "bytes_per_key": 113.428752,
    "distinct_keys_est": 999782,
    "key_draws": 8347381
  },
  "redis": {
    "target": "redis",
    "version": "redis 8.8.0",
    "workload": "set",
    "skipped": false,
    "ops": 8425369,
    "errors": 0,
    "ops_per_sec": 1053110.9726176327,
    "min_us": 19.188,
    "p50_us": 466.943,
    "p99_us": 950.271,
    "p999_us": 1432.575,
    "nil_replies": 0,
    "err_replies": 0,
    "hit_ratio": 1,
    "value_ops_per_sec": 1053110.9726176327,
    "bytes_per_sec": 111407381.29963939,
    "resp_ver": 2,
    "used_memory": 127460096,
    "bytes_per_key": 127.460096,
    "distinct_keys_est": 999797,
    "key_draws": 8425369,
    "maxmemory_policy": "noeviction"
  },
  "valkey": {
    "target": "valkey",
    "version": "valkey 9.1.0",
    "workload": "set",
    "skipped": false,
    "ops": 8168013,
    "errors": 0,
    "ops_per_sec": 1020979.9396413271,
    "min_us": 12.376,
    "p50_us": 488.959,
    "p99_us": 940.543,
    "p999_us": 1434.623,
    "nil_replies": 0,
    "err_replies": 0,
    "hit_ratio": 1,
    "value_ops_per_sec": 1020979.9396413271,
    "bytes_per_sec": 108008358.80446109,
    "resp_ver": 2,
    "used_memory": 115029344,
    "bytes_per_key": 115.029344,
    "distinct_keys_est": 999726,
    "key_draws": 8168013,
    "maxmemory_policy": "noeviction"
  },
  "gate": {
    "pass": false,
    "reason": "aki is 0.99x Redis, below the 2.0x bar",
    "required_speedup": 2,
    "speedup_vs_redis": 0.990728225306395,
    "speedup_vs_valkey": 1.0219072132981273,
    "tail_regressed_vs_redis": true,
    "tail_regressed_vs_valkey": true
  },
  "generator_bound": false
}
