{
  "workload": "get",
  "cell": {
    "keyspace": 1000000,
    "value_size": 64,
    "dist": "uniform",
    "pipeline": 16,
    "connections": 512
  },
  "timestamp": "2026-07-11T06:23:41.47047763Z",
  "aki": {
    "target": "aki",
    "version": "unknown",
    "workload": "get",
    "skipped": false,
    "ops": 55533376,
    "errors": 0,
    "ops_per_sec": 6941241.520686336,
    "min_us": 26.164,
    "p50_us": 1075.199,
    "p99_us": 2656.255,
    "p999_us": 4251.647,
    "nil_replies": 0,
    "err_replies": 0,
    "hit_ratio": 1,
    "value_ops_per_sec": 6941241.520686336,
    "bytes_per_sec": 699599858.8533037,
    "resp_ver": 2,
    "used_memory": 113449984,
    "bytes_per_key": 113.449984,
    "distinct_keys_est": 1000000,
    "key_draws": 55533376
  },
  "redis": {
    "target": "redis",
    "version": "redis 8.8.0",
    "workload": "get",
    "skipped": false,
    "ops": 37695488,
    "errors": 0,
    "ops_per_sec": 4710872.048958884,
    "min_us": 52.869,
    "p50_us": 1725.439,
    "p99_us": 2207.743,
    "p999_us": 3291.135,
    "nil_replies": 0,
    "err_replies": 0,
    "hit_ratio": 1,
    "value_ops_per_sec": 4710872.048958884,
    "bytes_per_sec": 474803462.95354146,
    "resp_ver": 2,
    "used_memory": 127512328,
    "bytes_per_key": 127.512328,
    "distinct_keys_est": 1000000,
    "key_draws": 37695488,
    "server_hits": 51687984,
    "maxmemory_policy": "noeviction"
  },
  "valkey": {
    "target": "valkey",
    "version": "valkey 9.1.0",
    "workload": "get",
    "skipped": false,
    "ops": 31346224,
    "errors": 0,
    "ops_per_sec": 3917226.713791033,
    "min_us": 27.978,
    "p50_us": 2062.335,
    "p99_us": 2664.447,
    "p999_us": 3465.215,
    "nil_replies": 0,
    "err_replies": 0,
    "hit_ratio": 1,
    "value_ops_per_sec": 3917226.713791033,
    "bytes_per_sec": 394812571.50177157,
    "resp_ver": 2,
    "used_memory": 115075088,
    "bytes_per_key": 115.075088,
    "distinct_keys_est": 1000000,
    "key_draws": 31346224,
    "server_hits": 43151248,
    "maxmemory_policy": "noeviction"
  },
  "gate": {
    "pass": false,
    "reason": "aki is 1.47x Redis, below the 2.0x bar",
    "required_speedup": 2,
    "speedup_vs_redis": 1.4734515071833398,
    "speedup_vs_valkey": 1.7719785010780515,
    "tail_regressed_vs_redis": true,
    "tail_regressed_vs_valkey": false
  },
  "generator_bound": false
}
