{
  "workload": "get",
  "cell": {
    "keyspace": 1000000,
    "value_size": 1024,
    "dist": "uniform",
    "pipeline": 16,
    "connections": 512
  },
  "timestamp": "2026-07-11T06:32:05.021430584Z",
  "aki": {
    "target": "aki",
    "version": "unknown",
    "workload": "get",
    "skipped": false,
    "ops": 32751408,
    "errors": 0,
    "ops_per_sec": 4093135.358717988,
    "min_us": 34.644,
    "p50_us": 1800.191,
    "p99_us": 4288.511,
    "p999_us": 6856.703,
    "nil_replies": 0,
    "err_replies": 0,
    "hit_ratio": 1,
    "value_ops_per_sec": 4093135.358717988,
    "bytes_per_sec": 4350138497.035031,
    "resp_ver": 2,
    "used_memory": 1073449984,
    "bytes_per_key": 1073.449984,
    "distinct_keys_est": 1000000,
    "key_draws": 32751408
  },
  "redis": {
    "target": "redis",
    "version": "redis 8.8.0",
    "workload": "get",
    "skipped": false,
    "ops": 16765696,
    "errors": 0,
    "ops_per_sec": 2094617.8135465595,
    "min_us": 99.414,
    "p50_us": 3889.151,
    "p99_us": 4968.447,
    "p999_us": 7782.399,
    "nil_replies": 0,
    "err_replies": 0,
    "hit_ratio": 1,
    "value_ops_per_sec": 2094617.8135465595,
    "bytes_per_sec": 2226136176.6090627,
    "resp_ver": 2,
    "used_memory": 1327511160,
    "bytes_per_key": 1327.51116,
    "distinct_keys_est": 1000000,
    "key_draws": 16765696,
    "server_hits": 23010592,
    "maxmemory_policy": "noeviction"
  },
  "valkey": {
    "target": "valkey",
    "version": "valkey 9.1.0",
    "workload": "get",
    "skipped": false,
    "ops": 14335440,
    "errors": 0,
    "ops_per_sec": 1790928.3044728574,
    "min_us": 81.387,
    "p50_us": 4583.423,
    "p99_us": 5525.503,
    "p999_us": 7237.631,
    "nil_replies": 0,
    "err_replies": 0,
    "hit_ratio": 1,
    "value_ops_per_sec": 1790928.3044728574,
    "bytes_per_sec": 1903378492.3663967,
    "resp_ver": 2,
    "used_memory": 1331090240,
    "bytes_per_key": 1331.09024,
    "distinct_keys_est": 1000000,
    "key_draws": 14335440,
    "server_hits": 19631104,
    "maxmemory_policy": "noeviction"
  },
  "gate": {
    "pass": false,
    "reason": "aki is 1.95x Redis, below the 2.0x bar",
    "required_speedup": 2,
    "speedup_vs_redis": 1.9541203804562244,
    "speedup_vs_valkey": 2.2854825335527673,
    "tail_regressed_vs_redis": false,
    "tail_regressed_vs_valkey": false
  },
  "generator_bound": false
}
