{
  "workload": "get",
  "cell": {
    "keyspace": 1000000,
    "value_size": 64,
    "dist": "uniform",
    "pipeline": 1,
    "connections": 512
  },
  "timestamp": "2026-07-11T06:13:44.957098622Z",
  "aki": {
    "target": "aki",
    "version": "unknown",
    "workload": "get",
    "skipped": false,
    "ops": 8383180,
    "errors": 0,
    "ops_per_sec": 1047844.1033052813,
    "min_us": 36.973,
    "p50_us": 463.615,
    "p99_us": 1002.495,
    "p999_us": 1397.759,
    "nil_replies": 0,
    "err_replies": 0,
    "hit_ratio": 1,
    "value_ops_per_sec": 1047844.1033052813,
    "bytes_per_sec": 105611026.20731965,
    "resp_ver": 2,
    "used_memory": 113449984,
    "bytes_per_key": 113.449984,
    "distinct_keys_est": 999787,
    "key_draws": 8383180
  },
  "redis": {
    "target": "redis",
    "version": "redis 8.8.0",
    "workload": "get",
    "skipped": false,
    "ops": 8930217,
    "errors": 0,
    "ops_per_sec": 1116211.8655337552,
    "min_us": 20.471,
    "p50_us": 442.367,
    "p99_us": 908.287,
    "p999_us": 1354.751,
    "nil_replies": 0,
    "err_replies": 0,
    "hit_ratio": 1,
    "value_ops_per_sec": 1116211.8655337552,
    "bytes_per_sec": 112501690.69959053,
    "resp_ver": 2,
    "used_memory": 127509696,
    "bytes_per_key": 127.509696,
    "distinct_keys_est": 999872,
    "key_draws": 8930217,
    "server_hits": 12235857,
    "maxmemory_policy": "noeviction"
  },
  "valkey": {
    "target": "valkey",
    "version": "valkey 9.1.0",
    "workload": "get",
    "skipped": false,
    "ops": 8520647,
    "errors": 0,
    "ops_per_sec": 1064982.6800025874,
    "min_us": 12.887,
    "p50_us": 470.015,
    "p99_us": 926.719,
    "p999_us": 1420.287,
    "nil_replies": 0,
    "err_replies": 0,
    "hit_ratio": 1,
    "value_ops_per_sec": 1064982.6800025874,
    "bytes_per_sec": 107338368.54015361,
    "resp_ver": 2,
    "used_memory": 115091344,
    "bytes_per_key": 115.091344,
    "distinct_keys_est": 999813,
    "key_draws": 8520647,
    "server_hits": 11606468,
    "maxmemory_policy": "noeviction"
  },
  "gate": {
    "pass": false,
    "reason": "aki is 0.94x Redis, below the 2.0x bar",
    "required_speedup": 2,
    "speedup_vs_redis": 0.9387501921995951,
    "speedup_vs_valkey": 0.9839071780047498,
    "tail_regressed_vs_redis": true,
    "tail_regressed_vs_valkey": true
  },
  "generator_bound": false
}
