{
  "workload": "get",
  "cell": {
    "keyspace": 1000000,
    "value_size": 64,
    "dist": "uniform",
    "pipeline": 16,
    "connections": 512
  },
  "timestamp": "2026-07-11T06:22:28.039329546Z",
  "aki": {
    "target": "aki",
    "version": "unknown",
    "workload": "get",
    "skipped": false,
    "ops": 43612976,
    "errors": 0,
    "ops_per_sec": 5451147.379499962,
    "min_us": 36.883,
    "p50_us": 1445.887,
    "p99_us": 3168.255,
    "p999_us": 4206.591,
    "nil_replies": 0,
    "err_replies": 0,
    "hit_ratio": 1,
    "value_ops_per_sec": 5451147.379499962,
    "bytes_per_sec": 549415152.6464894,
    "resp_ver": 2,
    "used_memory": 113449984,
    "bytes_per_key": 113.449984,
    "distinct_keys_est": 1000000,
    "key_draws": 43612976
  },
  "redis": {
    "target": "redis",
    "version": "redis 8.8.0",
    "workload": "get",
    "skipped": false,
    "ops": 37667104,
    "errors": 0,
    "ops_per_sec": 4707306.497509024,
    "min_us": 57.22,
    "p50_us": 1725.439,
    "p99_us": 2154.495,
    "p999_us": 4194.303,
    "nil_replies": 0,
    "err_replies": 0,
    "hit_ratio": 1,
    "value_ops_per_sec": 4707306.497509024,
    "bytes_per_sec": 474444099.3367885,
    "resp_ver": 2,
    "used_memory": 127512024,
    "bytes_per_key": 127.512024,
    "distinct_keys_est": 1000000,
    "key_draws": 37667104,
    "server_hits": 51315072,
    "maxmemory_policy": "noeviction"
  },
  "valkey": {
    "target": "valkey",
    "version": "valkey 9.1.0",
    "workload": "get",
    "skipped": false,
    "ops": 31421888,
    "errors": 0,
    "ops_per_sec": 3926726.826297233,
    "min_us": 24.518,
    "p50_us": 2057.215,
    "p99_us": 2672.639,
    "p999_us": 3715.071,
    "nil_replies": 0,
    "err_replies": 0,
    "hit_ratio": 1,
    "value_ops_per_sec": 3926726.826297233,
    "bytes_per_sec": 395770105.5881512,
    "resp_ver": 2,
    "used_memory": 115075088,
    "bytes_per_key": 115.075088,
    "distinct_keys_est": 1000000,
    "key_draws": 31421888,
    "server_hits": 43172080,
    "maxmemory_policy": "noeviction"
  },
  "gate": {
    "pass": false,
    "reason": "aki is 1.16x Redis, below the 2.0x bar",
    "required_speedup": 2,
    "speedup_vs_redis": 1.158018366211029,
    "speedup_vs_valkey": 1.3882166039648356,
    "tail_regressed_vs_redis": true,
    "tail_regressed_vs_valkey": true
  },
  "generator_bound": false
}
