{
  "workload": "get",
  "cell": {
    "keyspace": 1000000,
    "value_size": 1024,
    "dist": "uniform",
    "pipeline": 16,
    "connections": 512
  },
  "timestamp": "2026-07-11T06:29:24.28420641Z",
  "aki": {
    "target": "aki",
    "version": "unknown",
    "workload": "get",
    "skipped": false,
    "ops": 26964464,
    "errors": 0,
    "ops_per_sec": 3369703.0145208086,
    "min_us": 39.601,
    "p50_us": 2365.439,
    "p99_us": 4931.583,
    "p999_us": 6275.071,
    "nil_replies": 0,
    "err_replies": 0,
    "hit_ratio": 1,
    "value_ops_per_sec": 3369703.0145208086,
    "bytes_per_sec": 3581282248.1037145,
    "resp_ver": 2,
    "used_memory": 1073449984,
    "bytes_per_key": 1073.449984,
    "distinct_keys_est": 1000000,
    "key_draws": 26964464
  },
  "redis": {
    "target": "redis",
    "version": "redis 8.8.0",
    "workload": "get",
    "skipped": false,
    "ops": 16768912,
    "errors": 0,
    "ops_per_sec": 2095105.5557718591,
    "min_us": 122.767,
    "p50_us": 3885.055,
    "p99_us": 4440.063,
    "p999_us": 9568.255,
    "nil_replies": 0,
    "err_replies": 0,
    "hit_ratio": 1,
    "value_ops_per_sec": 2095105.5557718591,
    "bytes_per_sec": 2226654538.231154,
    "resp_ver": 2,
    "used_memory": 1327510552,
    "bytes_per_key": 1327.510552,
    "distinct_keys_est": 1000000,
    "key_draws": 16768912,
    "server_hits": 22970016,
    "maxmemory_policy": "noeviction"
  },
  "valkey": {
    "target": "valkey",
    "version": "valkey 9.1.0",
    "workload": "get",
    "skipped": false,
    "ops": 14233392,
    "errors": 0,
    "ops_per_sec": 1778148.1358854545,
    "min_us": 86.155,
    "p50_us": 4583.423,
    "p99_us": 5505.023,
    "p999_us": 8609.791,
    "nil_replies": 0,
    "err_replies": 0,
    "hit_ratio": 1,
    "value_ops_per_sec": 1778148.1358854545,
    "bytes_per_sec": 1889795891.75209,
    "resp_ver": 2,
    "used_memory": 1331090240,
    "bytes_per_key": 1331.09024,
    "distinct_keys_est": 1000000,
    "key_draws": 14233392,
    "server_hits": 19580368,
    "maxmemory_policy": "noeviction"
  },
  "gate": {
    "pass": false,
    "reason": "aki is 1.61x Redis, below the 2.0x bar",
    "required_speedup": 2,
    "speedup_vs_redis": 1.6083690892029419,
    "speedup_vs_valkey": 1.895063153915923,
    "tail_regressed_vs_redis": true,
    "tail_regressed_vs_valkey": false
  },
  "generator_bound": false
}
