{
  "workload": "get",
  "cell": {
    "keyspace": 1000000,
    "value_size": 64,
    "dist": "uniform",
    "pipeline": 16,
    "connections": 512
  },
  "timestamp": "2026-07-11T06:26:45.04591103Z",
  "aki": {
    "target": "aki",
    "version": "unknown",
    "workload": "get",
    "skipped": false,
    "ops": 56384896,
    "errors": 0,
    "ops_per_sec": 7047078.7123940615,
    "min_us": 22.721,
    "p50_us": 1052.671,
    "p99_us": 2744.319,
    "p999_us": 3829.759,
    "nil_replies": 0,
    "err_replies": 0,
    "hit_ratio": 1,
    "value_ops_per_sec": 7047078.7123940615,
    "bytes_per_sec": 710267066.1148137,
    "resp_ver": 2,
    "used_memory": 113449984,
    "bytes_per_key": 113.449984,
    "distinct_keys_est": 1000000,
    "key_draws": 56384896
  },
  "redis": {
    "target": "redis",
    "version": "redis 8.8.0",
    "workload": "get",
    "skipped": false,
    "ops": 37435984,
    "errors": 0,
    "ops_per_sec": 4678387.364874741,
    "min_us": 56.976,
    "p50_us": 1735.679,
    "p99_us": 2220.031,
    "p999_us": 3751.935,
    "nil_replies": 0,
    "err_replies": 0,
    "hit_ratio": 1,
    "value_ops_per_sec": 4678387.364874741,
    "bytes_per_sec": 471529356.5953323,
    "resp_ver": 2,
    "used_memory": 127513088,
    "bytes_per_key": 127.513088,
    "distinct_keys_est": 1000000,
    "key_draws": 37435984,
    "server_hits": 51368672,
    "maxmemory_policy": "noeviction"
  },
  "valkey": {
    "target": "valkey",
    "version": "valkey 9.1.0",
    "workload": "get",
    "skipped": false,
    "ops": 31389328,
    "errors": 0,
    "ops_per_sec": 3922653.7846881114,
    "min_us": 19.851,
    "p50_us": 2058.239,
    "p99_us": 2721.791,
    "p999_us": 3598.335,
    "nil_replies": 0,
    "err_replies": 0,
    "hit_ratio": 1,
    "value_ops_per_sec": 3922653.7846881114,
    "bytes_per_sec": 395359567.5334352,
    "resp_ver": 2,
    "used_memory": 115075088,
    "bytes_per_key": 115.075088,
    "distinct_keys_est": 1000000,
    "key_draws": 31389328,
    "server_hits": 43097200,
    "maxmemory_policy": "noeviction"
  },
  "gate": {
    "pass": false,
    "reason": "aki is 1.51x Redis, below the 2.0x bar",
    "required_speedup": 2,
    "speedup_vs_redis": 1.506305092499056,
    "speedup_vs_valkey": 1.7965079507913726,
    "tail_regressed_vs_redis": true,
    "tail_regressed_vs_valkey": true
  },
  "generator_bound": false
}
