{
  "workload": "get",
  "cell": {
    "keyspace": 1000000,
    "value_size": 1024,
    "dist": "uniform",
    "pipeline": 16,
    "connections": 512
  },
  "timestamp": "2026-07-11T06:31:24.948043352Z",
  "aki": {
    "target": "aki",
    "version": "unknown",
    "workload": "get",
    "skipped": false,
    "ops": 21960800,
    "errors": 0,
    "ops_per_sec": 2744695.344419068,
    "min_us": 39.788,
    "p50_us": 2914.303,
    "p99_us": 6078.463,
    "p999_us": 8470.527,
    "nil_replies": 0,
    "err_replies": 0,
    "hit_ratio": 1,
    "value_ops_per_sec": 2744695.344419068,
    "bytes_per_sec": 2917031220.117784,
    "resp_ver": 2,
    "used_memory": 1073449984,
    "bytes_per_key": 1073.449984,
    "distinct_keys_est": 1000000,
    "key_draws": 21960800
  },
  "redis": {
    "target": "redis",
    "version": "redis 8.8.0",
    "workload": "get",
    "skipped": false,
    "ops": 16660240,
    "errors": 0,
    "ops_per_sec": 2081463.3777687084,
    "min_us": 111.219,
    "p50_us": 3907.583,
    "p99_us": 4730.879,
    "p999_us": 11042.815,
    "nil_replies": 0,
    "err_replies": 0,
    "hit_ratio": 1,
    "value_ops_per_sec": 2081463.3777687084,
    "bytes_per_sec": 2212155805.0459766,
    "resp_ver": 2,
    "used_memory": 1327511008,
    "bytes_per_key": 1327.511008,
    "distinct_keys_est": 1000000,
    "key_draws": 16660240,
    "server_hits": 22901952,
    "maxmemory_policy": "noeviction"
  },
  "valkey": {
    "target": "valkey",
    "version": "valkey 9.1.0",
    "workload": "get",
    "skipped": false,
    "ops": 14495040,
    "errors": 0,
    "ops_per_sec": 1810872.590300263,
    "min_us": 53.219,
    "p50_us": 4550.655,
    "p99_us": 5468.159,
    "p999_us": 8093.695,
    "nil_replies": 0,
    "err_replies": 0,
    "hit_ratio": 1,
    "value_ops_per_sec": 1810872.590300263,
    "bytes_per_sec": 1924575100.6327605,
    "resp_ver": 2,
    "used_memory": 1331090240,
    "bytes_per_key": 1331.09024,
    "distinct_keys_est": 1000000,
    "key_draws": 14495040,
    "server_hits": 19907408,
    "maxmemory_policy": "noeviction"
  },
  "gate": {
    "pass": false,
    "reason": "aki is 1.32x Redis, below the 2.0x bar",
    "required_speedup": 2,
    "speedup_vs_redis": 1.3186373460778025,
    "speedup_vs_valkey": 1.5156755694026862,
    "tail_regressed_vs_redis": true,
    "tail_regressed_vs_valkey": true
  },
  "generator_bound": false
}
