{
  "workload": "get",
  "cell": {
    "keyspace": 1000000,
    "value_size": 64,
    "dist": "uniform",
    "pipeline": 16,
    "connections": 512
  },
  "timestamp": "2026-07-11T06:24:54.910923812Z",
  "aki": {
    "target": "aki",
    "version": "unknown",
    "workload": "get",
    "skipped": false,
    "ops": 56343024,
    "errors": 0,
    "ops_per_sec": 7042335.947880923,
    "min_us": 23.723,
    "p50_us": 1054.719,
    "p99_us": 2676.735,
    "p999_us": 4485.119,
    "nil_replies": 0,
    "err_replies": 0,
    "hit_ratio": 1,
    "value_ops_per_sec": 7042335.947880923,
    "bytes_per_sec": 709788994.4362037,
    "resp_ver": 2,
    "used_memory": 113449984,
    "bytes_per_key": 113.449984,
    "distinct_keys_est": 1000000,
    "key_draws": 56343024
  },
  "redis": {
    "target": "redis",
    "version": "redis 8.8.0",
    "workload": "get",
    "skipped": false,
    "ops": 37621808,
    "errors": 0,
    "ops_per_sec": 4701612.251529378,
    "min_us": 57.979,
    "p50_us": 1729.535,
    "p99_us": 2281.471,
    "p999_us": 3717.119,
    "nil_replies": 0,
    "err_replies": 0,
    "hit_ratio": 1,
    "value_ops_per_sec": 4701612.251529378,
    "bytes_per_sec": 473870222.41655755,
    "resp_ver": 2,
    "used_memory": 127512632,
    "bytes_per_key": 127.512632,
    "distinct_keys_est": 1000000,
    "key_draws": 37621808,
    "server_hits": 51684048,
    "maxmemory_policy": "noeviction"
  },
  "valkey": {
    "target": "valkey",
    "version": "valkey 9.1.0",
    "workload": "get",
    "skipped": false,
    "ops": 31424608,
    "errors": 0,
    "ops_per_sec": 3927154.4495188273,
    "min_us": 22.745,
    "p50_us": 2060.287,
    "p99_us": 2559.999,
    "p999_us": 3008.511,
    "nil_replies": 0,
    "err_replies": 0,
    "hit_ratio": 1,
    "value_ops_per_sec": 3927154.4495188273,
    "bytes_per_sec": 395813207.0275491,
    "resp_ver": 2,
    "used_memory": 115075088,
    "bytes_per_key": 115.075088,
    "distinct_keys_est": 1000000,
    "key_draws": 31424608,
    "server_hits": 43248368,
    "maxmemory_policy": "noeviction"
  },
  "gate": {
    "pass": false,
    "reason": "aki is 1.50x Redis, below the 2.0x bar",
    "required_speedup": 2,
    "speedup_vs_redis": 1.4978555378721705,
    "speedup_vs_valkey": 1.7932414012246913,
    "tail_regressed_vs_redis": true,
    "tail_regressed_vs_valkey": true
  },
  "generator_bound": false
}
