{
  "workload": "get",
  "cell": {
    "keyspace": 1000000,
    "value_size": 1024,
    "dist": "uniform",
    "pipeline": 16,
    "connections": 512
  },
  "timestamp": "2026-07-11T06:30:44.258300105Z",
  "aki": {
    "target": "aki",
    "version": "unknown",
    "workload": "get",
    "skipped": false,
    "ops": 28827376,
    "errors": 0,
    "ops_per_sec": 3602730.961975549,
    "min_us": 59.126,
    "p50_us": 2105.343,
    "p99_us": 4337.663,
    "p999_us": 6627.327,
    "nil_replies": 0,
    "err_replies": 0,
    "hit_ratio": 1,
    "value_ops_per_sec": 3602730.961975549,
    "bytes_per_sec": 3828941854.2024164,
    "resp_ver": 2,
    "used_memory": 1073449984,
    "bytes_per_key": 1073.449984,
    "distinct_keys_est": 1000000,
    "key_draws": 28827376
  },
  "redis": {
    "target": "redis",
    "version": "redis 8.8.0",
    "workload": "get",
    "skipped": false,
    "ops": 16926832,
    "errors": 0,
    "ops_per_sec": 2114806.249115514,
    "min_us": 125.93,
    "p50_us": 3844.095,
    "p99_us": 4833.279,
    "p999_us": 8962.047,
    "nil_replies": 0,
    "err_replies": 0,
    "hit_ratio": 1,
    "value_ops_per_sec": 2114806.249115514,
    "bytes_per_sec": 2247592256.5387387,
    "resp_ver": 2,
    "used_memory": 1327510856,
    "bytes_per_key": 1327.510856,
    "distinct_keys_est": 1000000,
    "key_draws": 16926832,
    "server_hits": 23227952,
    "maxmemory_policy": "noeviction"
  },
  "valkey": {
    "target": "valkey",
    "version": "valkey 9.1.0",
    "workload": "get",
    "skipped": false,
    "ops": 15468384,
    "errors": 0,
    "ops_per_sec": 1932534.978933355,
    "min_us": 73.926,
    "p50_us": 4190.207,
    "p99_us": 5152.767,
    "p999_us": 7569.407,
    "nil_replies": 0,
    "err_replies": 0,
    "hit_ratio": 1,
    "value_ops_per_sec": 1932534.978933355,
    "bytes_per_sec": 2053876418.3653624,
    "resp_ver": 2,
    "used_memory": 1331090240,
    "bytes_per_key": 1331.09024,
    "distinct_keys_est": 1000000,
    "key_draws": 15468384,
    "server_hits": 21302672,
    "maxmemory_policy": "noeviction"
  },
  "gate": {
    "pass": false,
    "reason": "aki is 1.70x Redis, below the 2.0x bar",
    "required_speedup": 2,
    "speedup_vs_redis": 1.7035749556170154,
    "speedup_vs_valkey": 1.8642513596126695,
    "tail_regressed_vs_redis": false,
    "tail_regressed_vs_valkey": false
  },
  "generator_bound": false
}
