{
  "workload": "get",
  "cell": {
    "keyspace": 1000000,
    "value_size": 64,
    "dist": "uniform",
    "pipeline": 16,
    "connections": 512
  },
  "timestamp": "2026-07-11T06:25:31.645407023Z",
  "aki": {
    "target": "aki",
    "version": "unknown",
    "workload": "get",
    "skipped": false,
    "ops": 53434624,
    "errors": 0,
    "ops_per_sec": 6678772.895460487,
    "min_us": 20.44,
    "p50_us": 1107.967,
    "p99_us": 2963.455,
    "p999_us": 4743.167,
    "nil_replies": 0,
    "err_replies": 0,
    "hit_ratio": 1,
    "value_ops_per_sec": 6678772.895460487,
    "bytes_per_sec": 673145928.1444688,
    "resp_ver": 2,
    "used_memory": 113449984,
    "bytes_per_key": 113.449984,
    "distinct_keys_est": 1000000,
    "key_draws": 53434624
  },
  "redis": {
    "target": "redis",
    "version": "redis 8.8.0",
    "workload": "get",
    "skipped": false,
    "ops": 37570400,
    "errors": 0,
    "ops_per_sec": 4695237.13740849,
    "min_us": 56.527,
    "p50_us": 1730.559,
    "p99_us": 2267.135,
    "p999_us": 3610.623,
    "nil_replies": 0,
    "err_replies": 0,
    "hit_ratio": 1,
    "value_ops_per_sec": 4695237.13740849,
    "bytes_per_sec": 473227678.64792407,
    "resp_ver": 2,
    "used_memory": 127512784,
    "bytes_per_key": 127.512784,
    "distinct_keys_est": 1000000,
    "key_draws": 37570400,
    "server_hits": 51642608,
    "maxmemory_policy": "noeviction"
  },
  "valkey": {
    "target": "valkey",
    "version": "valkey 9.1.0",
    "workload": "get",
    "skipped": false,
    "ops": 31134048,
    "errors": 0,
    "ops_per_sec": 3890978.8917502505,
    "min_us": 29.492,
    "p50_us": 2073.599,
    "p99_us": 2742.271,
    "p999_us": 3411.967,
    "nil_replies": 0,
    "err_replies": 0,
    "hit_ratio": 1,
    "value_ops_per_sec": 3890978.8917502505,
    "bytes_per_sec": 392167076.4454088,
    "resp_ver": 2,
    "used_memory": 115075088,
    "bytes_per_key": 115.075088,
    "distinct_keys_est": 1000000,
    "key_draws": 31134048,
    "server_hits": 42382688,
    "maxmemory_policy": "noeviction"
  },
  "gate": {
    "pass": false,
    "reason": "aki is 1.42x Redis, below the 2.0x bar",
    "required_speedup": 2,
    "speedup_vs_redis": 1.4224569920544627,
    "speedup_vs_valkey": 1.7164762598997867,
    "tail_regressed_vs_redis": true,
    "tail_regressed_vs_valkey": true
  },
  "generator_bound": false
}
