{
  "workload": "get",
  "cell": {
    "keyspace": 1000000,
    "value_size": 64,
    "dist": "uniform",
    "pipeline": 1,
    "connections": 512
  },
  "timestamp": "2026-07-11T06:11:54.678132043Z",
  "aki": {
    "target": "aki",
    "version": "unknown",
    "workload": "get",
    "skipped": false,
    "ops": 8310283,
    "errors": 0,
    "ops_per_sec": 1038725.5328534861,
    "min_us": 45.437,
    "p50_us": 467.455,
    "p99_us": 1003.519,
    "p999_us": 1448.959,
    "nil_replies": 0,
    "err_replies": 0,
    "hit_ratio": 1,
    "value_ops_per_sec": 1038725.5328534861,
    "bytes_per_sec": 104691996.45130596,
    "resp_ver": 2,
    "used_memory": 113449984,
    "bytes_per_key": 113.449984,
    "distinct_keys_est": 999771,
    "key_draws": 8310283
  },
  "redis": {
    "target": "redis",
    "version": "redis 8.8.0",
    "workload": "get",
    "skipped": false,
    "ops": 8712206,
    "errors": 0,
    "ops_per_sec": 1088971.9666274188,
    "min_us": 30.448,
    "p50_us": 453.375,
    "p99_us": 911.871,
    "p999_us": 1351.679,
    "nil_replies": 0,
    "err_replies": 0,
    "hit_ratio": 1,
    "value_ops_per_sec": 1088971.9666274188,
    "bytes_per_sec": 109756230.11083153,
    "resp_ver": 2,
    "used_memory": 127509240,
    "bytes_per_key": 127.50924,
    "distinct_keys_est": 999845,
    "key_draws": 8712206,
    "server_hits": 11934279,
    "maxmemory_policy": "noeviction"
  },
  "valkey": {
    "target": "valkey",
    "version": "valkey 9.1.0",
    "workload": "get",
    "skipped": false,
    "ops": 8539573,
    "errors": 0,
    "ops_per_sec": 1067374.186316628,
    "min_us": 9.332,
    "p50_us": 468.735,
    "p99_us": 928.767,
    "p999_us": 1404.927,
    "nil_replies": 0,
    "err_replies": 0,
    "hit_ratio": 1,
    "value_ops_per_sec": 1067374.186316628,
    "bytes_per_sec": 107579391.49012229,
    "resp_ver": 2,
    "used_memory": 115091344,
    "bytes_per_key": 115.091344,
    "distinct_keys_est": 999821,
    "key_draws": 8539573,
    "server_hits": 11546237,
    "maxmemory_policy": "noeviction"
  },
  "gate": {
    "pass": false,
    "reason": "aki is 0.95x Redis, below the 2.0x bar",
    "required_speedup": 2,
    "speedup_vs_redis": 0.9538588363026943,
    "speedup_vs_valkey": 0.9731596905467569,
    "tail_regressed_vs_redis": true,
    "tail_regressed_vs_valkey": true
  },
  "generator_bound": false
}
