{
  "workload": "get",
  "cell": {
    "keyspace": 1000000,
    "value_size": 1024,
    "dist": "uniform",
    "pipeline": 16,
    "connections": 512
  },
  "timestamp": "2026-07-11T06:32:45.016381719Z",
  "aki": {
    "target": "aki",
    "version": "unknown",
    "workload": "get",
    "skipped": false,
    "ops": 28294192,
    "errors": 0,
    "ops_per_sec": 3536129.145300837,
    "min_us": 55.105,
    "p50_us": 2148.351,
    "p99_us": 4419.583,
    "p999_us": 6250.495,
    "nil_replies": 0,
    "err_replies": 0,
    "hit_ratio": 1,
    "value_ops_per_sec": 3536129.145300837,
    "bytes_per_sec": 3758158182.8220034,
    "resp_ver": 2,
    "used_memory": 1073449984,
    "bytes_per_key": 1073.449984,
    "distinct_keys_est": 1000000,
    "key_draws": 28294192
  },
  "redis": {
    "target": "redis",
    "version": "redis 8.8.0",
    "workload": "get",
    "skipped": false,
    "ops": 16764192,
    "errors": 0,
    "ops_per_sec": 2094342.298773052,
    "min_us": 137.436,
    "p50_us": 3889.151,
    "p99_us": 5115.903,
    "p999_us": 8536.063,
    "nil_replies": 0,
    "err_replies": 0,
    "hit_ratio": 1,
    "value_ops_per_sec": 2094342.298773052,
    "bytes_per_sec": 2225843357.3982387,
    "resp_ver": 2,
    "used_memory": 1327511312,
    "bytes_per_key": 1327.511312,
    "distinct_keys_est": 1000000,
    "key_draws": 16764192,
    "server_hits": 23036592,
    "maxmemory_policy": "noeviction"
  },
  "valkey": {
    "target": "valkey",
    "version": "valkey 9.1.0",
    "workload": "get",
    "skipped": false,
    "ops": 13955712,
    "errors": 0,
    "ops_per_sec": 1743372.6957635148,
    "min_us": 81.936,
    "p50_us": 4669.439,
    "p99_us": 5779.455,
    "p999_us": 9469.951,
    "nil_replies": 0,
    "err_replies": 0,
    "hit_ratio": 1,
    "value_ops_per_sec": 1743372.6957635148,
    "bytes_per_sec": 1852836980.7016792,
    "resp_ver": 2,
    "used_memory": 1331090240,
    "bytes_per_key": 1331.09024,
    "distinct_keys_est": 1000000,
    "key_draws": 13955712,
    "server_hits": 19270976,
    "maxmemory_policy": "noeviction"
  },
  "gate": {
    "pass": false,
    "reason": "aki is 1.69x Redis, below the 2.0x bar",
    "required_speedup": 2,
    "speedup_vs_redis": 1.6884198668825245,
    "speedup_vs_valkey": 2.028326561436813,
    "tail_regressed_vs_redis": false,
    "tail_regressed_vs_valkey": false
  },
  "generator_bound": false
}
