{
  "workload": "get",
  "cell": {
    "keyspace": 1000000,
    "value_size": 64,
    "dist": "uniform",
    "pipeline": 1,
    "connections": 512
  },
  "timestamp": "2026-07-11T06:11:17.956829871Z",
  "aki": {
    "target": "aki",
    "version": "unknown",
    "workload": "get",
    "skipped": false,
    "ops": 5706772,
    "errors": 0,
    "ops_per_sec": 713289.537499986,
    "min_us": 8.969,
    "p50_us": 594.431,
    "p99_us": 2863.103,
    "p999_us": 5378.047,
    "nil_replies": 0,
    "err_replies": 0,
    "hit_ratio": 1,
    "value_ops_per_sec": 713289.537499986,
    "bytes_per_sec": 71891949.03982812,
    "resp_ver": 2,
    "used_memory": 113449984,
    "bytes_per_key": 113.449984,
    "distinct_keys_est": 996655,
    "key_draws": 5706772
  },
  "redis": {
    "target": "redis",
    "version": "redis 8.8.0",
    "workload": "get",
    "skipped": false,
    "ops": 8914287,
    "errors": 0,
    "ops_per_sec": 1114222.2814596747,
    "min_us": 29.055,
    "p50_us": 442.111,
    "p99_us": 920.063,
    "p999_us": 1452.031,
    "nil_replies": 0,
    "err_replies": 0,
    "hit_ratio": 1,
    "value_ops_per_sec": 1114222.2814596747,
    "bytes_per_sec": 112301176.60553348,
    "resp_ver": 2,
    "used_memory": 127509088,
    "bytes_per_key": 127.509088,
    "distinct_keys_est": 999869,
    "key_draws": 8914287,
    "server_hits": 12238348,
    "maxmemory_policy": "noeviction"
  },
  "valkey": {
    "target": "valkey",
    "version": "valkey 9.1.0",
    "workload": "get",
    "skipped": false,
    "ops": 8321349,
    "errors": 0,
    "ops_per_sec": 1040109.1167170506,
    "min_us": 8.995,
    "p50_us": 479.487,
    "p99_us": 924.671,
    "p999_us": 1421.311,
    "nil_replies": 0,
    "err_replies": 0,
    "hit_ratio": 1,
    "value_ops_per_sec": 1040109.1167170506,
    "bytes_per_sec": 104831433.47678077,
    "resp_ver": 2,
    "used_memory": 115091344,
    "bytes_per_key": 115.091344,
    "distinct_keys_est": 999774,
    "key_draws": 8321349,
    "server_hits": 11268797,
    "maxmemory_policy": "noeviction"
  },
  "gate": {
    "pass": false,
    "reason": "aki is 0.64x Redis, below the 2.0x bar",
    "required_speedup": 2,
    "speedup_vs_redis": 0.6401680789990565,
    "speedup_vs_valkey": 0.6857833721825054,
    "tail_regressed_vs_redis": true,
    "tail_regressed_vs_valkey": true
  },
  "generator_bound": false
}
