{
  "workload": "get",
  "cell": {
    "keyspace": 1000000,
    "value_size": 64,
    "dist": "uniform",
    "pipeline": 16,
    "connections": 512
  },
  "timestamp": "2026-07-11T06:27:21.757047576Z",
  "aki": {
    "target": "aki",
    "version": "unknown",
    "workload": "get",
    "skipped": false,
    "ops": 54532208,
    "errors": 0,
    "ops_per_sec": 6815936.677926976,
    "min_us": 24.065,
    "p50_us": 1095.679,
    "p99_us": 2762.751,
    "p999_us": 4370.431,
    "nil_replies": 0,
    "err_replies": 0,
    "hit_ratio": 1,
    "value_ops_per_sec": 6815936.677926976,
    "bytes_per_sec": 686970505.3985482,
    "resp_ver": 2,
    "used_memory": 113449984,
    "bytes_per_key": 113.449984,
    "distinct_keys_est": 1000000,
    "key_draws": 54532208
  },
  "redis": {
    "target": "redis",
    "version": "redis 8.8.0",
    "workload": "get",
    "skipped": false,
    "ops": 36966720,
    "errors": 0,
    "ops_per_sec": 4619773.519508305,
    "min_us": 98.723,
    "p50_us": 1758.207,
    "p99_us": 2267.135,
    "p999_us": 4722.687,
    "nil_replies": 0,
    "err_replies": 0,
    "hit_ratio": 1,
    "value_ops_per_sec": 4619773.519508305,
    "bytes_per_sec": 465621721.39358914,
    "resp_ver": 2,
    "used_memory": 127513240,
    "bytes_per_key": 127.51324,
    "distinct_keys_est": 1000000,
    "key_draws": 36966720,
    "server_hits": 50908096,
    "maxmemory_policy": "noeviction"
  },
  "valkey": {
    "target": "valkey",
    "version": "valkey 9.1.0",
    "workload": "get",
    "skipped": false,
    "ops": 31194208,
    "errors": 0,
    "ops_per_sec": 3898146.1052969904,
    "min_us": 25.657,
    "p50_us": 2073.599,
    "p99_us": 2635.775,
    "p999_us": 3422.207,
    "nil_replies": 0,
    "err_replies": 0,
    "hit_ratio": 1,
    "value_ops_per_sec": 3898146.1052969904,
    "bytes_per_sec": 392889460.64594036,
    "resp_ver": 2,
    "used_memory": 115075088,
    "bytes_per_key": 115.075088,
    "distinct_keys_est": 1000000,
    "key_draws": 31194208,
    "server_hits": 42876544,
    "maxmemory_policy": "noeviction"
  },
  "gate": {
    "pass": false,
    "reason": "aki is 1.48x Redis, below the 2.0x bar",
    "required_speedup": 2,
    "speedup_vs_redis": 1.475383295121449,
    "speedup_vs_valkey": 1.7485072374955752,
    "tail_regressed_vs_redis": true,
    "tail_regressed_vs_valkey": true
  },
  "generator_bound": false
}
