{
  "workload": "get",
  "cell": {
    "keyspace": 1000000,
    "value_size": 64,
    "dist": "uniform",
    "pipeline": 1,
    "connections": 512
  },
  "timestamp": "2026-07-11T06:09:27.752529901Z",
  "aki": {
    "target": "aki",
    "version": "unknown",
    "workload": "get",
    "skipped": false,
    "ops": 6759241,
    "errors": 0,
    "ops_per_sec": 844845.4132270954,
    "min_us": 9.952,
    "p50_us": 537.599,
    "p99_us": 1782.783,
    "p999_us": 2486.271,
    "nil_replies": 0,
    "err_replies": 0,
    "hit_ratio": 1,
    "value_ops_per_sec": 844845.4132270954,
    "bytes_per_sec": 85151259.95053704,
    "resp_ver": 2,
    "used_memory": 113449984,
    "bytes_per_key": 113.449984,
    "distinct_keys_est": 998823,
    "key_draws": 6759241
  },
  "redis": {
    "target": "redis",
    "version": "redis 8.8.0",
    "workload": "get",
    "skipped": false,
    "ops": 8965427,
    "errors": 0,
    "ops_per_sec": 1120637.9989732162,
    "min_us": 33.471,
    "p50_us": 441.343,
    "p99_us": 882.175,
    "p999_us": 1333.247,
    "nil_replies": 0,
    "err_replies": 0,
    "hit_ratio": 1,
    "value_ops_per_sec": 1120637.9989732162,
    "bytes_per_sec": 112947835.4209637,
    "resp_ver": 2,
    "used_memory": 127508632,
    "bytes_per_key": 127.508632,
    "distinct_keys_est": 999877,
    "key_draws": 8965427,
    "server_hits": 12212033,
    "maxmemory_policy": "noeviction"
  },
  "valkey": {
    "target": "valkey",
    "version": "valkey 9.1.0",
    "workload": "get",
    "skipped": false,
    "ops": 8332020,
    "errors": 0,
    "ops_per_sec": 1041441.6859240119,
    "min_us": 8.554,
    "p50_us": 479.999,
    "p99_us": 909.311,
    "p999_us": 1310.719,
    "nil_replies": 0,
    "err_replies": 0,
    "hit_ratio": 1,
    "value_ops_per_sec": 1041441.6859240119,
    "bytes_per_sec": 104965751.99175747,
    "resp_ver": 2,
    "used_memory": 115091344,
    "bytes_per_key": 115.091344,
    "distinct_keys_est": 999773,
    "key_draws": 8332020,
    "server_hits": 11316258,
    "maxmemory_policy": "noeviction"
  },
  "gate": {
    "pass": false,
    "reason": "aki is 0.75x Redis, below the 2.0x bar",
    "required_speedup": 2,
    "speedup_vs_redis": 0.7538968105678947,
    "speedup_vs_valkey": 0.8112268066910652,
    "tail_regressed_vs_redis": true,
    "tail_regressed_vs_valkey": true
  },
  "generator_bound": false
}
