{
  "workload": "get",
  "cell": {
    "keyspace": 1000000,
    "value_size": 1024,
    "dist": "uniform",
    "pipeline": 16,
    "connections": 512
  },
  "timestamp": "2026-07-11T06:34:45.843266329Z",
  "aki": {
    "target": "aki",
    "version": "unknown",
    "workload": "get",
    "skipped": false,
    "ops": 28262544,
    "errors": 0,
    "ops_per_sec": 3532040.020502944,
    "min_us": 47.065,
    "p50_us": 2146.303,
    "p99_us": 4460.543,
    "p999_us": 6430.719,
    "nil_replies": 0,
    "err_replies": 0,
    "hit_ratio": 1,
    "value_ops_per_sec": 3532040.020502944,
    "bytes_per_sec": 3753812282.168387,
    "resp_ver": 2,
    "used_memory": 1073449984,
    "bytes_per_key": 1073.449984,
    "distinct_keys_est": 1000000,
    "key_draws": 28262544
  },
  "redis": {
    "target": "redis",
    "version": "redis 8.8.0",
    "workload": "get",
    "skipped": false,
    "ops": 16665280,
    "errors": 0,
    "ops_per_sec": 2082100.6157551503,
    "min_us": 119.865,
    "p50_us": 3905.535,
    "p99_us": 5312.511,
    "p999_us": 9445.375,
    "nil_replies": 0,
    "err_replies": 0,
    "hit_ratio": 1,
    "value_ops_per_sec": 2082100.6157551503,
    "bytes_per_sec": 2212833051.123007,
    "resp_ver": 2,
    "used_memory": 1327511768,
    "bytes_per_key": 1327.511768,
    "distinct_keys_est": 1000000,
    "key_draws": 16665280,
    "server_hits": 22918384,
    "maxmemory_policy": "noeviction"
  },
  "valkey": {
    "target": "valkey",
    "version": "valkey 9.1.0",
    "workload": "get",
    "skipped": false,
    "ops": 15473344,
    "errors": 0,
    "ops_per_sec": 1933165.9062390574,
    "min_us": 38.821,
    "p50_us": 4202.495,
    "p99_us": 5316.607,
    "p999_us": 8142.847,
    "nil_replies": 0,
    "err_replies": 0,
    "hit_ratio": 1,
    "value_ops_per_sec": 1933165.9062390574,
    "bytes_per_sec": 2054546952.5371237,
    "resp_ver": 2,
    "used_memory": 1331090240,
    "bytes_per_key": 1331.09024,
    "distinct_keys_est": 1000000,
    "key_draws": 15473344,
    "server_hits": 21305328,
    "maxmemory_policy": "noeviction"
  },
  "gate": {
    "pass": false,
    "reason": "aki is 1.70x Redis, below the 2.0x bar",
    "required_speedup": 2,
    "speedup_vs_redis": 1.6963829671708348,
    "speedup_vs_valkey": 1.8270754771247077,
    "tail_regressed_vs_redis": false,
    "tail_regressed_vs_valkey": false
  },
  "generator_bound": false
}
