{
  "workload": "get",
  "cell": {
    "keyspace": 1000000,
    "value_size": 1024,
    "dist": "uniform",
    "pipeline": 16,
    "connections": 512
  },
  "timestamp": "2026-07-11T06:33:25.769272798Z",
  "aki": {
    "target": "aki",
    "version": "unknown",
    "workload": "get",
    "skipped": false,
    "ops": 22034752,
    "errors": 0,
    "ops_per_sec": 2753727.244266942,
    "min_us": 47.888,
    "p50_us": 2906.111,
    "p99_us": 6078.463,
    "p999_us": 8253.439,
    "nil_replies": 0,
    "err_replies": 0,
    "hit_ratio": 1,
    "value_ops_per_sec": 2753727.244266942,
    "bytes_per_sec": 2926630215.222409,
    "resp_ver": 2,
    "used_memory": 1073449984,
    "bytes_per_key": 1073.449984,
    "distinct_keys_est": 1000000,
    "key_draws": 22034752
  },
  "redis": {
    "target": "redis",
    "version": "redis 8.8.0",
    "workload": "get",
    "skipped": false,
    "ops": 16847120,
    "errors": 0,
    "ops_per_sec": 2104895.1891717077,
    "min_us": 105.104,
    "p50_us": 3858.431,
    "p99_us": 5832.703,
    "p999_us": 9887.743,
    "nil_replies": 0,
    "err_replies": 0,
    "hit_ratio": 1,
    "value_ops_per_sec": 2104895.1891717077,
    "bytes_per_sec": 2237058860.2748394,
    "resp_ver": 2,
    "used_memory": 1327511464,
    "bytes_per_key": 1327.511464,
    "distinct_keys_est": 1000000,
    "key_draws": 16847120,
    "server_hits": 23124064,
    "maxmemory_policy": "noeviction"
  },
  "valkey": {
    "target": "valkey",
    "version": "valkey 9.1.0",
    "workload": "get",
    "skipped": false,
    "ops": 15525552,
    "errors": 0,
    "ops_per_sec": 1939670.7739626712,
    "min_us": 58.687,
    "p50_us": 4192.255,
    "p99_us": 4956.159,
    "p999_us": 8658.943,
    "nil_replies": 0,
    "err_replies": 0,
    "hit_ratio": 1,
    "value_ops_per_sec": 1939670.7739626712,
    "bytes_per_sec": 2061460250.0181966,
    "resp_ver": 2,
    "used_memory": 1331090240,
    "bytes_per_key": 1331.09024,
    "distinct_keys_est": 1000000,
    "key_draws": 15525552,
    "server_hits": 21374048,
    "maxmemory_policy": "noeviction"
  },
  "gate": {
    "pass": false,
    "reason": "aki is 1.31x Redis, below the 2.0x bar",
    "required_speedup": 2,
    "speedup_vs_redis": 1.3082491035340125,
    "speedup_vs_valkey": 1.4196879600558117,
    "tail_regressed_vs_redis": true,
    "tail_regressed_vs_valkey": true
  },
  "generator_bound": false
}
