{
  "workload": "get",
  "cell": {
    "keyspace": 1000000,
    "value_size": 64,
    "dist": "uniform",
    "pipeline": 1,
    "connections": 512
  },
  "timestamp": "2026-07-11T06:10:41.161864959Z",
  "aki": {
    "target": "aki",
    "version": "unknown",
    "workload": "get",
    "skipped": false,
    "ops": 8334239,
    "errors": 0,
    "ops_per_sec": 1041731.7751187474,
    "min_us": 24.33,
    "p50_us": 464.895,
    "p99_us": 1028.607,
    "p999_us": 1425.407,
    "nil_replies": 0,
    "err_replies": 0,
    "hit_ratio": 1,
    "value_ops_per_sec": 1041731.7751187474,
    "bytes_per_sec": 104995022.81481156,
    "resp_ver": 2,
    "used_memory": 113449984,
    "bytes_per_key": 113.449984,
    "distinct_keys_est": 999776,
    "key_draws": 8334239
  },
  "redis": {
    "target": "redis",
    "version": "redis 8.8.0",
    "workload": "get",
    "skipped": false,
    "ops": 8734891,
    "errors": 0,
    "ops_per_sec": 1091793.0924858323,
    "min_us": 27.613,
    "p50_us": 452.607,
    "p99_us": 902.655,
    "p999_us": 1295.359,
    "nil_replies": 0,
    "err_replies": 0,
    "hit_ratio": 1,
    "value_ops_per_sec": 1091793.0924858323,
    "bytes_per_sec": 110040568.88400607,
    "resp_ver": 2,
    "used_memory": 127508936,
    "bytes_per_key": 127.508936,
    "distinct_keys_est": 999843,
    "key_draws": 8734891,
    "server_hits": 11981765,
    "maxmemory_policy": "noeviction"
  },
  "valkey": {
    "target": "valkey",
    "version": "valkey 9.1.0",
    "workload": "get",
    "skipped": false,
    "ops": 8215104,
    "errors": 0,
    "ops_per_sec": 1026825.1839693708,
    "min_us": 8.872,
    "p50_us": 486.399,
    "p99_us": 919.551,
    "p999_us": 1344.511,
    "nil_replies": 0,
    "err_replies": 0,
    "hit_ratio": 1,
    "value_ops_per_sec": 1026825.1839693708,
    "bytes_per_sec": 103492567.2172005,
    "resp_ver": 2,
    "used_memory": 115091344,
    "bytes_per_key": 115.091344,
    "distinct_keys_est": 999743,
    "key_draws": 8215104,
    "server_hits": 11190683,
    "maxmemory_policy": "noeviction"
  },
  "gate": {
    "pass": false,
    "reason": "aki is 0.95x Redis, below the 2.0x bar",
    "required_speedup": 2,
    "speedup_vs_redis": 0.9541476148625345,
    "speedup_vs_valkey": 1.0145171655137564,
    "tail_regressed_vs_redis": true,
    "tail_regressed_vs_valkey": true
  },
  "generator_bound": false
}
