{
  "workload": "get",
  "cell": {
    "keyspace": 1000000,
    "value_size": 64,
    "dist": "uniform",
    "pipeline": 16,
    "connections": 512
  },
  "timestamp": "2026-07-11T06:24:18.206530797Z",
  "aki": {
    "target": "aki",
    "version": "unknown",
    "workload": "get",
    "skipped": false,
    "ops": 36603984,
    "errors": 0,
    "ops_per_sec": 4574603.718724583,
    "min_us": 35.145,
    "p50_us": 1728.511,
    "p99_us": 4003.839,
    "p999_us": 6193.151,
    "nil_replies": 0,
    "err_replies": 0,
    "hit_ratio": 1,
    "value_ops_per_sec": 4574603.718724583,
    "bytes_per_sec": 461069061.41605467,
    "resp_ver": 2,
    "used_memory": 113449984,
    "bytes_per_key": 113.449984,
    "distinct_keys_est": 1000000,
    "key_draws": 36603984
  },
  "redis": {
    "target": "redis",
    "version": "redis 8.8.0",
    "workload": "get",
    "skipped": false,
    "ops": 37702096,
    "errors": 0,
    "ops_per_sec": 4711703.223156354,
    "min_us": 42.803,
    "p50_us": 1725.439,
    "p99_us": 2187.263,
    "p999_us": 3540.991,
    "nil_replies": 0,
    "err_replies": 0,
    "hit_ratio": 1,
    "value_ops_per_sec": 4711703.223156354,
    "bytes_per_sec": 474887257.7001867,
    "resp_ver": 2,
    "used_memory": 127512480,
    "bytes_per_key": 127.51248,
    "distinct_keys_est": 1000000,
    "key_draws": 37702096,
    "server_hits": 51822096,
    "maxmemory_policy": "noeviction"
  },
  "valkey": {
    "target": "valkey",
    "version": "valkey 9.1.0",
    "workload": "get",
    "skipped": false,
    "ops": 31296560,
    "errors": 0,
    "ops_per_sec": 3911019.06420073,
    "min_us": 42.178,
    "p50_us": 2067.455,
    "p99_us": 2596.863,
    "p999_us": 3473.407,
    "nil_replies": 0,
    "err_replies": 0,
    "hit_ratio": 1,
    "value_ops_per_sec": 3911019.06420073,
    "bytes_per_sec": 394186908.69448435,
    "resp_ver": 2,
    "used_memory": 115075088,
    "bytes_per_key": 115.075088,
    "distinct_keys_est": 1000000,
    "key_draws": 31296560,
    "server_hits": 43170144,
    "maxmemory_policy": "noeviction"
  },
  "gate": {
    "pass": false,
    "reason": "aki is 0.97x Redis, below the 2.0x bar",
    "required_speedup": 2,
    "speedup_vs_redis": 0.9709023472110944,
    "speedup_vs_valkey": 1.1696705241347285,
    "tail_regressed_vs_redis": true,
    "tail_regressed_vs_valkey": true
  },
  "generator_bound": false
}
