{
  "workload": "get",
  "cell": {
    "keyspace": 1000000,
    "value_size": 64,
    "dist": "uniform",
    "pipeline": 1,
    "connections": 512
  },
  "timestamp": "2026-07-11T06:10:04.478581707Z",
  "aki": {
    "target": "aki",
    "version": "unknown",
    "workload": "get",
    "skipped": false,
    "ops": 8390020,
    "errors": 0,
    "ops_per_sec": 1048697.2049492132,
    "min_us": 30.758,
    "p50_us": 462.591,
    "p99_us": 999.423,
    "p999_us": 1407.999,
    "nil_replies": 0,
    "err_replies": 0,
    "hit_ratio": 1,
    "value_ops_per_sec": 1048697.2049492132,
    "bytes_per_sec": 105696989.62519167,
    "resp_ver": 2,
    "used_memory": 113449984,
    "bytes_per_key": 113.449984,
    "distinct_keys_est": 999789,
    "key_draws": 8390020
  },
  "redis": {
    "target": "redis",
    "version": "redis 8.8.0",
    "workload": "get",
    "skipped": false,
    "ops": 8825838,
    "errors": 0,
    "ops_per_sec": 1103174.2767435971,
    "min_us": 36.898,
    "p50_us": 447.999,
    "p99_us": 892.927,
    "p999_us": 1300.479,
    "nil_replies": 0,
    "err_replies": 0,
    "hit_ratio": 1,
    "value_ops_per_sec": 1103174.2767435971,
    "bytes_per_sec": 111187701.91251087,
    "resp_ver": 2,
    "used_memory": 127508784,
    "bytes_per_key": 127.508784,
    "distinct_keys_est": 999853,
    "key_draws": 8825838,
    "server_hits": 12113091,
    "maxmemory_policy": "noeviction"
  },
  "valkey": {
    "target": "valkey",
    "version": "valkey 9.1.0",
    "workload": "get",
    "skipped": false,
    "ops": 8419056,
    "errors": 0,
    "ops_per_sec": 1052325.4397438052,
    "min_us": 8.969,
    "p50_us": 475.647,
    "p99_us": 914.431,
    "p999_us": 1329.151,
    "nil_replies": 0,
    "err_replies": 0,
    "hit_ratio": 1,
    "value_ops_per_sec": 1052325.4397438052,
    "bytes_per_sec": 106062679.10638122,
    "resp_ver": 2,
    "used_memory": 115091344,
    "bytes_per_key": 115.091344,
    "distinct_keys_est": 999793,
    "key_draws": 8419056,
    "server_hits": 11453573,
    "maxmemory_policy": "noeviction"
  },
  "gate": {
    "pass": false,
    "reason": "aki is 0.95x Redis, below the 2.0x bar",
    "required_speedup": 2,
    "speedup_vs_redis": 0.950617891530981,
    "speedup_vs_valkey": 0.9965521742062272,
    "tail_regressed_vs_redis": true,
    "tail_regressed_vs_valkey": true
  },
  "generator_bound": false
}
