{
  "workload": "get",
  "cell": {
    "keyspace": 1000000,
    "value_size": 64,
    "dist": "uniform",
    "pipeline": 1,
    "connections": 512
  },
  "timestamp": "2026-07-11T06:13:08.220791542Z",
  "aki": {
    "target": "aki",
    "version": "unknown",
    "workload": "get",
    "skipped": false,
    "ops": 5661619,
    "errors": 0,
    "ops_per_sec": 707659.4880928411,
    "min_us": 8.562,
    "p50_us": 596.991,
    "p99_us": 2914.303,
    "p999_us": 5586.943,
    "nil_replies": 0,
    "err_replies": 0,
    "hit_ratio": 1,
    "value_ops_per_sec": 707659.4880928411,
    "bytes_per_sec": 71324480.96007146,
    "resp_ver": 2,
    "used_memory": 113449984,
    "bytes_per_key": 113.449984,
    "distinct_keys_est": 996493,
    "key_draws": 5661619
  },
  "redis": {
    "target": "redis",
    "version": "redis 8.8.0",
    "workload": "get",
    "skipped": false,
    "ops": 8830740,
    "errors": 0,
    "ops_per_sec": 1103788.751696604,
    "min_us": 33.058,
    "p50_us": 447.999,
    "p99_us": 892.927,
    "p999_us": 1270.783,
    "nil_replies": 0,
    "err_replies": 0,
    "hit_ratio": 1,
    "value_ops_per_sec": 1103788.751696604,
    "bytes_per_sec": 111249634.64357205,
    "resp_ver": 2,
    "used_memory": 127509544,
    "bytes_per_key": 127.509544,
    "distinct_keys_est": 999853,
    "key_draws": 8830740,
    "server_hits": 12111040,
    "maxmemory_policy": "noeviction"
  },
  "valkey": {
    "target": "valkey",
    "version": "valkey 9.1.0",
    "workload": "get",
    "skipped": false,
    "ops": 8566473,
    "errors": 0,
    "ops_per_sec": 1070736.688324614,
    "min_us": 11.206,
    "p50_us": 466.943,
    "p99_us": 901.631,
    "p999_us": 1363.967,
    "nil_replies": 0,
    "err_replies": 0,
    "hit_ratio": 1,
    "value_ops_per_sec": 1070736.688324614,
    "bytes_per_sec": 107918302.81691656,
    "resp_ver": 2,
    "used_memory": 115091344,
    "bytes_per_key": 115.091344,
    "distinct_keys_est": 999823,
    "key_draws": 8566473,
    "server_hits": 11608629,
    "maxmemory_policy": "noeviction"
  },
  "gate": {
    "pass": false,
    "reason": "aki is 0.64x Redis, below the 2.0x bar",
    "required_speedup": 2,
    "speedup_vs_redis": 0.6411185899522138,
    "speedup_vs_valkey": 0.6609089758567241,
    "tail_regressed_vs_redis": true,
    "tail_regressed_vs_valkey": true
  },
  "generator_bound": false
}
