{
  "workload": "get",
  "cell": {
    "keyspace": 1000000,
    "value_size": 1024,
    "dist": "uniform",
    "pipeline": 16,
    "connections": 512
  },
  "timestamp": "2026-07-11T06:30:04.292572019Z",
  "aki": {
    "target": "aki",
    "version": "unknown",
    "workload": "get",
    "skipped": false,
    "ops": 32726592,
    "errors": 0,
    "ops_per_sec": 4089578.3711710414,
    "min_us": 47.365,
    "p50_us": 1798.143,
    "p99_us": 4263.935,
    "p999_us": 6578.175,
    "nil_replies": 0,
    "err_replies": 0,
    "hit_ratio": 1,
    "value_ops_per_sec": 4089578.3711710414,
    "bytes_per_sec": 4346358163.983971,
    "resp_ver": 2,
    "used_memory": 1073449984,
    "bytes_per_key": 1073.449984,
    "distinct_keys_est": 1000000,
    "key_draws": 32726592
  },
  "redis": {
    "target": "redis",
    "version": "redis 8.8.0",
    "workload": "get",
    "skipped": false,
    "ops": 16757104,
    "errors": 0,
    "ops_per_sec": 2093568.176978811,
    "min_us": 202.032,
    "p50_us": 3883.007,
    "p99_us": 5001.215,
    "p999_us": 9330.687,
    "nil_replies": 0,
    "err_replies": 0,
    "hit_ratio": 1,
    "value_ops_per_sec": 2093568.176978811,
    "bytes_per_sec": 2225020625.0448813,
    "resp_ver": 2,
    "used_memory": 1327510704,
    "bytes_per_key": 1327.510704,
    "distinct_keys_est": 1000000,
    "key_draws": 16757104,
    "server_hits": 23056320,
    "maxmemory_policy": "noeviction"
  },
  "valkey": {
    "target": "valkey",
    "version": "valkey 9.1.0",
    "workload": "get",
    "skipped": false,
    "ops": 15494912,
    "errors": 0,
    "ops_per_sec": 1935843.9082624435,
    "min_us": 77.023,
    "p50_us": 4188.159,
    "p99_us": 5443.583,
    "p999_us": 8552.447,
    "nil_replies": 0,
    "err_replies": 0,
    "hit_ratio": 1,
    "value_ops_per_sec": 1935843.9082624435,
    "bytes_per_sec": 2057393097.3682125,
    "resp_ver": 2,
    "used_memory": 1331090240,
    "bytes_per_key": 1331.09024,
    "distinct_keys_est": 1000000,
    "key_draws": 15494912,
    "server_hits": 21334064,
    "maxmemory_policy": "noeviction"
  },
  "gate": {
    "pass": false,
    "reason": "aki is 1.95x Redis, below the 2.0x bar",
    "required_speedup": 2,
    "speedup_vs_redis": 1.9534010958614376,
    "speedup_vs_valkey": 2.112555849010433,
    "tail_regressed_vs_redis": false,
    "tail_regressed_vs_valkey": false
  },
  "generator_bound": false
}
