{
  "workload": "get",
  "cell": {
    "keyspace": 1000000,
    "value_size": 1024,
    "dist": "uniform",
    "pipeline": 16,
    "connections": 512
  },
  "timestamp": "2026-07-11T06:34:05.8362115Z",
  "aki": {
    "target": "aki",
    "version": "unknown",
    "workload": "get",
    "skipped": false,
    "ops": 32886448,
    "errors": 0,
    "ops_per_sec": 4109472.094124552,
    "min_us": 53.159,
    "p50_us": 1808.383,
    "p99_us": 4169.727,
    "p999_us": 6152.191,
    "nil_replies": 0,
    "err_replies": 0,
    "hit_ratio": 1,
    "value_ops_per_sec": 4109472.094124552,
    "bytes_per_sec": 4367501009.619784,
    "resp_ver": 2,
    "used_memory": 1073449984,
    "bytes_per_key": 1073.449984,
    "distinct_keys_est": 1000000,
    "key_draws": 32886448
  },
  "redis": {
    "target": "redis",
    "version": "redis 8.8.0",
    "workload": "get",
    "skipped": false,
    "ops": 16586192,
    "errors": 0,
    "ops_per_sec": 2072223.0746579661,
    "min_us": 81.545,
    "p50_us": 3926.015,
    "p99_us": 4829.183,
    "p999_us": 10166.271,
    "nil_replies": 0,
    "err_replies": 0,
    "hit_ratio": 1,
    "value_ops_per_sec": 2072223.0746579661,
    "bytes_per_sec": 2202335323.6435337,
    "resp_ver": 2,
    "used_memory": 1327511616,
    "bytes_per_key": 1327.511616,
    "distinct_keys_est": 1000000,
    "key_draws": 16586192,
    "server_hits": 22831840,
    "maxmemory_policy": "noeviction"
  },
  "valkey": {
    "target": "valkey",
    "version": "valkey 9.1.0",
    "workload": "get",
    "skipped": false,
    "ops": 14534592,
    "errors": 0,
    "ops_per_sec": 1815763.3615521726,
    "min_us": 55.074,
    "p50_us": 4530.175,
    "p99_us": 5558.271,
    "p999_us": 8396.799,
    "nil_replies": 0,
    "err_replies": 0,
    "hit_ratio": 1,
    "value_ops_per_sec": 1815763.3615521726,
    "bytes_per_sec": 1929772934.8538878,
    "resp_ver": 2,
    "used_memory": 1331090240,
    "bytes_per_key": 1331.09024,
    "distinct_keys_est": 1000000,
    "key_draws": 14534592,
    "server_hits": 19807520,
    "maxmemory_policy": "noeviction"
  },
  "gate": {
    "pass": false,
    "reason": "aki is 1.98x Redis, below the 2.0x bar",
    "required_speedup": 2,
    "speedup_vs_redis": 1.983122446796828,
    "speedup_vs_valkey": 2.263220076547664,
    "tail_regressed_vs_redis": false,
    "tail_regressed_vs_valkey": false
  },
  "generator_bound": false
}
