{
  "workload": "get",
  "cell": {
    "keyspace": 1000000,
    "value_size": 64,
    "dist": "uniform",
    "pipeline": 1,
    "connections": 512
  },
  "timestamp": "2026-07-11T06:14:21.701353997Z",
  "aki": {
    "target": "aki",
    "version": "unknown",
    "workload": "get",
    "skipped": false,
    "ops": 8292568,
    "errors": 0,
    "ops_per_sec": 1036520.3221892775,
    "min_us": 22.71,
    "p50_us": 465.919,
    "p99_us": 1040.895,
    "p999_us": 1618.943,
    "nil_replies": 0,
    "err_replies": 0,
    "hit_ratio": 1,
    "value_ops_per_sec": 1036520.3221892775,
    "bytes_per_sec": 104469691.99170172,
    "resp_ver": 2,
    "used_memory": 113449984,
    "bytes_per_key": 113.449984,
    "distinct_keys_est": 999760,
    "key_draws": 8292568
  },
  "redis": {
    "target": "redis",
    "version": "redis 8.8.0",
    "workload": "get",
    "skipped": false,
    "ops": 8864712,
    "errors": 0,
    "ops_per_sec": 1108031.8528416778,
    "min_us": 41.718,
    "p50_us": 446.719,
    "p99_us": 884.735,
    "p999_us": 1265.663,
    "nil_replies": 0,
    "err_replies": 0,
    "hit_ratio": 1,
    "value_ops_per_sec": 1108031.8528416778,
    "bytes_per_sec": 111677261.07838093,
    "resp_ver": 2,
    "used_memory": 127509848,
    "bytes_per_key": 127.509848,
    "distinct_keys_est": 999859,
    "key_draws": 8864712,
    "server_hits": 12118612,
    "maxmemory_policy": "noeviction"
  },
  "valkey": {
    "target": "valkey",
    "version": "valkey 9.1.0",
    "workload": "get",
    "skipped": false,
    "ops": 8404261,
    "errors": 0,
    "ops_per_sec": 1050463.6942289246,
    "min_us": 9.449,
    "p50_us": 475.647,
    "p99_us": 921.087,
    "p999_us": 1328.127,
    "nil_replies": 0,
    "err_replies": 0,
    "hit_ratio": 1,
    "value_ops_per_sec": 1050463.6942289246,
    "bytes_per_sec": 105875028.29681507,
    "resp_ver": 2,
    "used_memory": 115091344,
    "bytes_per_key": 115.091344,
    "distinct_keys_est": 999790,
    "key_draws": 8404261,
    "server_hits": 11470188,
    "maxmemory_policy": "noeviction"
  },
  "gate": {
    "pass": false,
    "reason": "aki is 0.94x Redis, below the 2.0x bar",
    "required_speedup": 2,
    "speedup_vs_redis": 0.9354607627307819,
    "speedup_vs_valkey": 0.9867264598326914,
    "tail_regressed_vs_redis": true,
    "tail_regressed_vs_valkey": true
  },
  "generator_bound": false
}
