{
  "workload": "get",
  "cell": {
    "keyspace": 1000000,
    "value_size": 64,
    "dist": "uniform",
    "pipeline": 16,
    "connections": 512
  },
  "timestamp": "2026-07-11T06:23:04.756348978Z",
  "aki": {
    "target": "aki",
    "version": "unknown",
    "workload": "get",
    "skipped": false,
    "ops": 57249040,
    "errors": 0,
    "ops_per_sec": 7155171.981501846,
    "min_us": 30.811,
    "p50_us": 1031.679,
    "p99_us": 2668.543,
    "p999_us": 4292.607,
    "nil_replies": 0,
    "err_replies": 0,
    "hit_ratio": 1,
    "value_ops_per_sec": 7155171.981501846,
    "bytes_per_sec": 721161673.4015154,
    "resp_ver": 2,
    "used_memory": 113449984,
    "bytes_per_key": 113.449984,
    "distinct_keys_est": 1000000,
    "key_draws": 57249040
  },
  "redis": {
    "target": "redis",
    "version": "redis 8.8.0",
    "workload": "get",
    "skipped": false,
    "ops": 37700000,
    "errors": 0,
    "ops_per_sec": 4711442.590326891,
    "min_us": 80.036,
    "p50_us": 1725.439,
    "p99_us": 2197.503,
    "p999_us": 3459.071,
    "nil_replies": 0,
    "err_replies": 0,
    "hit_ratio": 1,
    "value_ops_per_sec": 4711442.590326891,
    "bytes_per_sec": 474860977.9981911,
    "resp_ver": 2,
    "used_memory": 127512176,
    "bytes_per_key": 127.512176,
    "distinct_keys_est": 1000000,
    "key_draws": 37700000,
    "server_hits": 51840096,
    "maxmemory_policy": "noeviction"
  },
  "valkey": {
    "target": "valkey",
    "version": "valkey 9.1.0",
    "workload": "get",
    "skipped": false,
    "ops": 31571552,
    "errors": 0,
    "ops_per_sec": 3945357.345021551,
    "min_us": 51.38,
    "p50_us": 2049.023,
    "p99_us": 2582.527,
    "p999_us": 3301.375,
    "nil_replies": 0,
    "err_replies": 0,
    "hit_ratio": 1,
    "value_ops_per_sec": 3945357.345021551,
    "bytes_per_sec": 397647858.59148765,
    "resp_ver": 2,
    "used_memory": 115075088,
    "bytes_per_key": 115.075088,
    "distinct_keys_est": 1000000,
    "key_draws": 31571552,
    "server_hits": 43483360,
    "maxmemory_policy": "noeviction"
  },
  "gate": {
    "pass": false,
    "reason": "aki is 1.52x Redis, below the 2.0x bar",
    "required_speedup": 2,
    "speedup_vs_redis": 1.5186796494543304,
    "speedup_vs_valkey": 1.8135675316028341,
    "tail_regressed_vs_redis": true,
    "tail_regressed_vs_valkey": true
  },
  "generator_bound": false
}
