{
  "workload": "get",
  "cell": {
    "keyspace": 1000000,
    "value_size": 64,
    "dist": "uniform",
    "pipeline": 16,
    "connections": 512
  },
  "timestamp": "2026-07-11T06:26:08.353935011Z",
  "aki": {
    "target": "aki",
    "version": "unknown",
    "workload": "get",
    "skipped": false,
    "ops": 36096160,
    "errors": 0,
    "ops_per_sec": 4511280.116226338,
    "min_us": 34.604,
    "p50_us": 1756.159,
    "p99_us": 4012.031,
    "p999_us": 6733.823,
    "nil_replies": 0,
    "err_replies": 0,
    "hit_ratio": 1,
    "value_ops_per_sec": 4511280.116226338,
    "bytes_per_sec": 454686675.10013354,
    "resp_ver": 2,
    "used_memory": 113449984,
    "bytes_per_key": 113.449984,
    "distinct_keys_est": 1000000,
    "key_draws": 36096160
  },
  "redis": {
    "target": "redis",
    "version": "redis 8.8.0",
    "workload": "get",
    "skipped": false,
    "ops": 37327616,
    "errors": 0,
    "ops_per_sec": 4664935.701772948,
    "min_us": 70.074,
    "p50_us": 1742.847,
    "p99_us": 2191.359,
    "p999_us": 3500.031,
    "nil_replies": 0,
    "err_replies": 0,
    "hit_ratio": 1,
    "value_ops_per_sec": 4664935.701772948,
    "bytes_per_sec": 470173603.82384455,
    "resp_ver": 2,
    "used_memory": 127512936,
    "bytes_per_key": 127.512936,
    "distinct_keys_est": 1000000,
    "key_draws": 37327616,
    "server_hits": 51302096,
    "maxmemory_policy": "noeviction"
  },
  "valkey": {
    "target": "valkey",
    "version": "valkey 9.1.0",
    "workload": "get",
    "skipped": false,
    "ops": 31339680,
    "errors": 0,
    "ops_per_sec": 3916424.436184941,
    "min_us": 28.237,
    "p50_us": 2064.383,
    "p99_us": 2586.623,
    "p999_us": 3559.423,
    "nil_replies": 0,
    "err_replies": 0,
    "hit_ratio": 1,
    "value_ops_per_sec": 3916424.436184941,
    "bytes_per_sec": 394731721.7650822,
    "resp_ver": 2,
    "used_memory": 115075088,
    "bytes_per_key": 115.075088,
    "distinct_keys_est": 1000000,
    "key_draws": 31339680,
    "server_hits": 43103648,
    "maxmemory_policy": "noeviction"
  },
  "gate": {
    "pass": false,
    "reason": "aki is 0.97x Redis, below the 2.0x bar",
    "required_speedup": 2,
    "speedup_vs_redis": 0.9670615855459247,
    "speedup_vs_valkey": 1.1518874396108243,
    "tail_regressed_vs_redis": true,
    "tail_regressed_vs_valkey": true
  },
  "generator_bound": false
}
