{
  "workload": "set",
  "cell": {
    "keyspace": 1000000,
    "value_size": 64,
    "dist": "uniform",
    "pipeline": 1,
    "connections": 512
  },
  "timestamp": "2026-07-11T06:19:33.341618894Z",
  "aki": {
    "target": "aki",
    "version": "unknown",
    "workload": "set",
    "skipped": false,
    "ops": 5422148,
    "errors": 0,
    "ops_per_sec": 677711.5479170731,
    "min_us": 8.613,
    "p50_us": 620.543,
    "p99_us": 3100.671,
    "p999_us": 5943.295,
    "nil_replies": 0,
    "err_replies": 0,
    "hit_ratio": 1,
    "value_ops_per_sec": 677711.5479170731,
    "bytes_per_sec": 71694584.20788333,
    "resp_ver": 2,
    "used_memory": 113010920,
    "bytes_per_key": 113.01092,
    "distinct_keys_est": 995568,
    "key_draws": 5422148
  },
  "redis": {
    "target": "redis",
    "version": "redis 8.8.0",
    "workload": "set",
    "skipped": false,
    "ops": 8388328,
    "errors": 0,
    "ops_per_sec": 1048473.4806669105,
    "min_us": 32.235,
    "p50_us": 468.991,
    "p99_us": 984.575,
    "p999_us": 1506.303,
    "nil_replies": 0,
    "err_replies": 0,
    "hit_ratio": 1,
    "value_ops_per_sec": 1048473.4806669105,
    "bytes_per_sec": 110916814.95667964,
    "resp_ver": 2,
    "used_memory": 127458600,
    "bytes_per_key": 127.4586,
    "distinct_keys_est": 999779,
    "key_draws": 8388328,
    "maxmemory_policy": "noeviction"
  },
  "valkey": {
    "target": "valkey",
    "version": "valkey 9.1.0",
    "workload": "set",
    "skipped": false,
    "ops": 7998234,
    "errors": 0,
    "ops_per_sec": 999728.9842515026,
    "min_us": 10.099,
    "p50_us": 499.455,
    "p99_us": 926.719,
    "p999_us": 1284.095,
    "nil_replies": 0,
    "err_replies": 0,
    "hit_ratio": 1,
    "value_ops_per_sec": 999728.9842515026,
    "bytes_per_sec": 105760290.9386718,
    "resp_ver": 2,
    "used_memory": 115032800,
    "bytes_per_key": 115.0328,
    "distinct_keys_est": 999668,
    "key_draws": 7998234,
    "maxmemory_policy": "noeviction"
  },
  "gate": {
    "pass": false,
    "reason": "aki is 0.65x Redis, below the 2.0x bar",
    "required_speedup": 2,
    "speedup_vs_redis": 0.6463792937194711,
    "speedup_vs_valkey": 0.6778952682105901,
    "tail_regressed_vs_redis": true,
    "tail_regressed_vs_valkey": true
  },
  "generator_bound": false
}
