{
  "workload": "set",
  "cell": {
    "keyspace": 1000000,
    "value_size": 64,
    "dist": "uniform",
    "pipeline": 1,
    "connections": 512
  },
  "timestamp": "2026-07-11T06:16:09.94070506Z",
  "aki": {
    "target": "aki",
    "version": "unknown",
    "workload": "set",
    "skipped": false,
    "ops": 6413398,
    "errors": 0,
    "ops_per_sec": 801609.9496552923,
    "min_us": 8.067,
    "p50_us": 566.783,
    "p99_us": 1866.751,
    "p999_us": 2684.927,
    "nil_replies": 0,
    "err_replies": 0,
    "hit_ratio": 1,
    "value_ops_per_sec": 801609.9496552923,
    "bytes_per_sec": 84801663.8243002,
    "resp_ver": 2,
    "used_memory": 113287376,
    "bytes_per_key": 113.287376,
    "distinct_keys_est": 998353,
    "key_draws": 6413398
  },
  "redis": {
    "target": "redis",
    "version": "redis 8.8.0",
    "workload": "set",
    "skipped": false,
    "ops": 8378120,
    "errors": 0,
    "ops_per_sec": 1047136.9611971774,
    "min_us": 31.556,
    "p50_us": 473.343,
    "p99_us": 913.407,
    "p999_us": 1274.879,
    "nil_replies": 0,
    "err_replies": 0,
    "hit_ratio": 1,
    "value_ops_per_sec": 1047136.9611971774,
    "bytes_per_sec": 110775398.9242496,
    "resp_ver": 2,
    "used_memory": 127457656,
    "bytes_per_key": 127.457656,
    "distinct_keys_est": 999779,
    "key_draws": 8378120,
    "maxmemory_policy": "noeviction"
  },
  "valkey": {
    "target": "valkey",
    "version": "valkey 9.1.0",
    "workload": "set",
    "skipped": false,
    "ops": 8252719,
    "errors": 0,
    "ops_per_sec": 1031564.9291811001,
    "min_us": 12.923,
    "p50_us": 484.607,
    "p99_us": 936.447,
    "p999_us": 1383.423,
    "nil_replies": 0,
    "err_replies": 0,
    "hit_ratio": 1,
    "value_ops_per_sec": 1031564.9291811001,
    "bytes_per_sec": 109128103.25964291,
    "resp_ver": 2,
    "used_memory": 115041376,
    "bytes_per_key": 115.041376,
    "distinct_keys_est": 999754,
    "key_draws": 8252719,
    "maxmemory_policy": "noeviction"
  },
  "gate": {
    "pass": false,
    "reason": "aki is 0.77x Redis, below the 2.0x bar",
    "required_speedup": 2,
    "speedup_vs_redis": 0.7655254081938074,
    "speedup_vs_valkey": 0.7770814293693022,
    "tail_regressed_vs_redis": true,
    "tail_regressed_vs_valkey": true
  },
  "generator_bound": false
}
