{
  "workload": "set",
  "cell": {
    "keyspace": 1000000,
    "value_size": 64,
    "dist": "uniform",
    "pipeline": 1,
    "connections": 512
  },
  "timestamp": "2026-07-11T06:18:25.509005998Z",
  "aki": {
    "target": "aki",
    "version": "unknown",
    "workload": "set",
    "skipped": false,
    "ops": 8277423,
    "errors": 0,
    "ops_per_sec": 1034621.0238680148,
    "min_us": 27.193,
    "p50_us": 468.735,
    "p99_us": 997.375,
    "p999_us": 1390.591,
    "nil_replies": 0,
    "err_replies": 0,
    "hit_ratio": 1,
    "value_ops_per_sec": 1034621.0238680148,
    "bytes_per_sec": 109451399.78239621,
    "resp_ver": 2,
    "used_memory": 113427024,
    "bytes_per_key": 113.427024,
    "distinct_keys_est": 999764,
    "key_draws": 8277423
  },
  "redis": {
    "target": "redis",
    "version": "redis 8.8.0",
    "workload": "set",
    "skipped": false,
    "ops": 8329172,
    "errors": 0,
    "ops_per_sec": 1041093.336178378,
    "min_us": 20.705,
    "p50_us": 474.879,
    "p99_us": 941.055,
    "p999_us": 1379.327,
    "nil_replies": 0,
    "err_replies": 0,
    "hit_ratio": 1,
    "value_ops_per_sec": 1041093.336178378,
    "bytes_per_sec": 110136062.73565537,
    "resp_ver": 2,
    "used_memory": 127457080,
    "bytes_per_key": 127.45708,
    "distinct_keys_est": 999769,
    "key_draws": 8329172,
    "maxmemory_policy": "noeviction"
  },
  "valkey": {
    "target": "valkey",
    "version": "valkey 9.1.0",
    "workload": "set",
    "skipped": false,
    "ops": 8003955,
    "errors": 0,
    "ops_per_sec": 1000386.6716202567,
    "min_us": 8.509,
    "p50_us": 498.431,
    "p99_us": 938.495,
    "p999_us": 1394.687,
    "nil_replies": 0,
    "err_replies": 0,
    "hit_ratio": 1,
    "value_ops_per_sec": 1000386.6716202567,
    "bytes_per_sec": 105829846.92347799,
    "resp_ver": 2,
    "used_memory": 115032960,
    "bytes_per_key": 115.03296,
    "distinct_keys_est": 999669,
    "key_draws": 8003955,
    "maxmemory_policy": "noeviction"
  },
  "gate": {
    "pass": false,
    "reason": "aki is 0.99x Redis, below the 2.0x bar",
    "required_speedup": 2,
    "speedup_vs_redis": 0.9937831584494417,
    "speedup_vs_valkey": 1.0342211199118747,
    "tail_regressed_vs_redis": true,
    "tail_regressed_vs_valkey": true
  },
  "generator_bound": false
}
