{
  "workload": "set",
  "cell": {
    "keyspace": 1000000,
    "value_size": 64,
    "dist": "uniform",
    "pipeline": 1,
    "connections": 512
  },
  "timestamp": "2026-07-11T06:17:51.609106296Z",
  "aki": {
    "target": "aki",
    "version": "unknown",
    "workload": "set",
    "skipped": false,
    "ops": 5424479,
    "errors": 0,
    "ops_per_sec": 678010.3535475334,
    "min_us": 7.015,
    "p50_us": 622.591,
    "p99_us": 3088.383,
    "p999_us": 5832.703,
    "nil_replies": 0,
    "err_replies": 0,
    "hit_ratio": 1,
    "value_ops_per_sec": 678010.3535475334,
    "bytes_per_sec": 71726195.03854327,
    "resp_ver": 2,
    "used_memory": 113011240,
    "bytes_per_key": 113.01124,
    "distinct_keys_est": 995572,
    "key_draws": 5424479
  },
  "redis": {
    "target": "redis",
    "version": "redis 8.8.0",
    "workload": "set",
    "skipped": false,
    "ops": 8319235,
    "errors": 0,
    "ops_per_sec": 1039843.783172774,
    "min_us": 20.713,
    "p50_us": 474.623,
    "p99_us": 952.831,
    "p999_us": 1425.407,
    "nil_replies": 0,
    "err_replies": 0,
    "hit_ratio": 1,
    "value_ops_per_sec": 1039843.783172774,
    "bytes_per_sec": 110003938.05677894,
    "resp_ver": 2,
    "used_memory": 127457680,
    "bytes_per_key": 127.45768,
    "distinct_keys_est": 999776,
    "key_draws": 8319235,
    "maxmemory_policy": "noeviction"
  },
  "valkey": {
    "target": "valkey",
    "version": "valkey 9.1.0",
    "workload": "set",
    "skipped": false,
    "ops": 8009596,
    "errors": 0,
    "ops_per_sec": 1001149.8169391846,
    "min_us": 10.392,
    "p50_us": 498.431,
    "p99_us": 940.031,
    "p999_us": 1338.367,
    "nil_replies": 0,
    "err_replies": 0,
    "hit_ratio": 1,
    "value_ops_per_sec": 1001149.8169391846,
    "bytes_per_sec": 105910589.33109385,
    "resp_ver": 2,
    "used_memory": 115033184,
    "bytes_per_key": 115.033184,
    "distinct_keys_est": 999672,
    "key_draws": 8009596,
    "maxmemory_policy": "noeviction"
  },
  "gate": {
    "pass": false,
    "reason": "aki is 0.65x Redis, below the 2.0x bar",
    "required_speedup": 2,
    "speedup_vs_redis": 0.6520309728436193,
    "speedup_vs_valkey": 0.6772316611118349,
    "tail_regressed_vs_redis": true,
    "tail_regressed_vs_valkey": true
  },
  "generator_bound": false
}
