{
  "workload": "set",
  "cell": {
    "keyspace": 1000000,
    "value_size": 64,
    "dist": "uniform",
    "pipeline": 1,
    "connections": 512
  },
  "timestamp": "2026-07-11T06:20:41.177506783Z",
  "aki": {
    "target": "aki",
    "version": "unknown",
    "workload": "set",
    "skipped": false,
    "ops": 8163505,
    "errors": 0,
    "ops_per_sec": 1020386.4735469022,
    "min_us": 33.083,
    "p50_us": 475.391,
    "p99_us": 1040.383,
    "p999_us": 1430.527,
    "nil_replies": 0,
    "err_replies": 0,
    "hit_ratio": 1,
    "value_ops_per_sec": 1020386.4735469022,
    "bytes_per_sec": 107945579.84872083,
    "resp_ver": 2,
    "used_memory": 113423568,
    "bytes_per_key": 113.423568,
    "distinct_keys_est": 999728,
    "key_draws": 8163505
  },
  "redis": {
    "target": "redis",
    "version": "redis 8.8.0",
    "workload": "set",
    "skipped": false,
    "ops": 8428830,
    "errors": 0,
    "ops_per_sec": 1053544.9818122901,
    "min_us": 21.666,
    "p50_us": 469.247,
    "p99_us": 946.175,
    "p999_us": 1369.087,
    "nil_replies": 0,
    "err_replies": 0,
    "hit_ratio": 1,
    "value_ops_per_sec": 1053544.9818122901,
    "bytes_per_sec": 111453282.10767578,
    "resp_ver": 2,
    "used_memory": 127460248,
    "bytes_per_key": 127.460248,
    "distinct_keys_est": 999790,
    "key_draws": 8428830,
    "maxmemory_policy": "noeviction"
  },
  "valkey": {
    "target": "valkey",
    "version": "valkey 9.1.0",
    "workload": "set",
    "skipped": false,
    "ops": 8152340,
    "errors": 0,
    "ops_per_sec": 1018890.2234173558,
    "min_us": 10.198,
    "p50_us": 489.727,
    "p99_us": 947.711,
    "p999_us": 1468.415,
    "nil_replies": 0,
    "err_replies": 0,
    "hit_ratio": 1,
    "value_ops_per_sec": 1018890.2234173558,
    "bytes_per_sec": 107787301.57399763,
    "resp_ver": 2,
    "used_memory": 115038432,
    "bytes_per_key": 115.038432,
    "distinct_keys_est": 999724,
    "key_draws": 8152340,
    "maxmemory_policy": "noeviction"
  },
  "gate": {
    "pass": false,
    "reason": "aki is 0.97x Redis, below the 2.0x bar",
    "required_speedup": 2,
    "speedup_vs_redis": 0.9685267275362565,
    "speedup_vs_valkey": 1.00146850965409,
    "tail_regressed_vs_redis": true,
    "tail_regressed_vs_valkey": true
  },
  "generator_bound": false
}
