{
  "workload": "set",
  "cell": {
    "keyspace": 1000000,
    "value_size": 64,
    "dist": "uniform",
    "pipeline": 1,
    "connections": 512
  },
  "timestamp": "2026-07-11T06:20:07.266291449Z",
  "aki": {
    "target": "aki",
    "version": "unknown",
    "workload": "set",
    "skipped": false,
    "ops": 8370085,
    "errors": 0,
    "ops_per_sec": 1046204.0728311696,
    "min_us": 39.355,
    "p50_us": 463.871,
    "p99_us": 996.351,
    "p999_us": 1421.311,
    "nil_replies": 0,
    "err_replies": 0,
    "hit_ratio": 1,
    "value_ops_per_sec": 1046204.0728311696,
    "bytes_per_sec": 110676728.53594275,
    "resp_ver": 2,
    "used_memory": 113429136,
    "bytes_per_key": 113.429136,
    "distinct_keys_est": 999786,
    "key_draws": 8370085
  },
  "redis": {
    "target": "redis",
    "version": "redis 8.8.0",
    "workload": "set",
    "skipped": false,
    "ops": 8343706,
    "errors": 0,
    "ops_per_sec": 1042893.4121212105,
    "min_us": 30.546,
    "p50_us": 473.599,
    "p99_us": 949.247,
    "p999_us": 1366.015,
    "nil_replies": 0,
    "err_replies": 0,
    "hit_ratio": 1,
    "value_ops_per_sec": 1042893.4121212105,
    "bytes_per_sec": 110326484.5567984,
    "resp_ver": 2,
    "used_memory": 127458000,
    "bytes_per_key": 127.458,
    "distinct_keys_est": 999773,
    "key_draws": 8343706,
    "maxmemory_policy": "noeviction"
  },
  "valkey": {
    "target": "valkey",
    "version": "valkey 9.1.0",
    "workload": "set",
    "skipped": false,
    "ops": 7998080,
    "errors": 0,
    "ops_per_sec": 999691.7164321934,
    "min_us": 9.404,
    "p50_us": 498.431,
    "p99_us": 947.199,
    "p999_us": 1443.839,
    "nil_replies": 0,
    "err_replies": 0,
    "hit_ratio": 1,
    "value_ops_per_sec": 999691.7164321934,
    "bytes_per_sec": 105756346.35242102,
    "resp_ver": 2,
    "used_memory": 115032768,
    "bytes_per_key": 115.032768,
    "distinct_keys_est": 999667,
    "key_draws": 7998080,
    "maxmemory_policy": "noeviction"
  },
  "gate": {
    "pass": false,
    "reason": "aki is 1.00x Redis, below the 2.0x bar",
    "required_speedup": 2,
    "speedup_vs_redis": 1.003174495755252,
    "speedup_vs_valkey": 1.0465266998159937,
    "tail_regressed_vs_redis": true,
    "tail_regressed_vs_valkey": true
  },
  "generator_bound": false
}
