{
  "workload": "set",
  "cell": {
    "keyspace": 1000000,
    "value_size": 64,
    "dist": "uniform",
    "pipeline": 1,
    "connections": 512
  },
  "timestamp": "2026-07-11T06:18:59.439560221Z",
  "aki": {
    "target": "aki",
    "version": "unknown",
    "workload": "set",
    "skipped": false,
    "ops": 8236615,
    "errors": 0,
    "ops_per_sec": 1029526.5196997043,
    "min_us": 23.147,
    "p50_us": 468.223,
    "p99_us": 1050.623,
    "p999_us": 1630.207,
    "nil_replies": 0,
    "err_replies": 0,
    "hit_ratio": 1,
    "value_ops_per_sec": 1029526.5196997043,
    "bytes_per_sec": 108912448.46961886,
    "resp_ver": 2,
    "used_memory": 113425680,
    "bytes_per_key": 113.42568,
    "distinct_keys_est": 999750,
    "key_draws": 8236615
  },
  "redis": {
    "target": "redis",
    "version": "redis 8.8.0",
    "workload": "set",
    "skipped": false,
    "ops": 8329376,
    "errors": 0,
    "ops_per_sec": 1041119.5021998014,
    "min_us": 32.844,
    "p50_us": 474.879,
    "p99_us": 933.887,
    "p999_us": 1350.655,
    "nil_replies": 0,
    "err_replies": 0,
    "hit_ratio": 1,
    "value_ops_per_sec": 1041119.5021998014,
    "bytes_per_sec": 110138872.81617504,
    "resp_ver": 2,
    "used_memory": 127457120,
    "bytes_per_key": 127.45712,
    "distinct_keys_est": 999768,
    "key_draws": 8329376,
    "maxmemory_policy": "noeviction"
  },
  "valkey": {
    "target": "valkey",
    "version": "valkey 9.1.0",
    "workload": "set",
    "skipped": false,
    "ops": 8009335,
    "errors": 0,
    "ops_per_sec": 1001090.5658705259,
    "min_us": 10.075,
    "p50_us": 498.431,
    "p99_us": 944.639,
    "p999_us": 1353.727,
    "nil_replies": 0,
    "err_replies": 0,
    "hit_ratio": 1,
    "value_ops_per_sec": 1001090.5658705259,
    "bytes_per_sec": 105904330.33651577,
    "resp_ver": 2,
    "used_memory": 115033056,
    "bytes_per_key": 115.033056,
    "distinct_keys_est": 999670,
    "key_draws": 8009335,
    "maxmemory_policy": "noeviction"
  },
  "gate": {
    "pass": false,
    "reason": "aki is 0.99x Redis, below the 2.0x bar",
    "required_speedup": 2,
    "speedup_vs_redis": 0.9888648877716707,
    "speedup_vs_valkey": 1.0284049763314382,
    "tail_regressed_vs_redis": true,
    "tail_regressed_vs_valkey": true
  },
  "generator_bound": false
}
