{
  "workload": "set",
  "cell": {
    "keyspace": 1000000,
    "value_size": 64,
    "dist": "uniform",
    "pipeline": 1,
    "connections": 512
  },
  "timestamp": "2026-07-11T06:17:17.730353041Z",
  "aki": {
    "target": "aki",
    "version": "unknown",
    "workload": "set",
    "skipped": false,
    "ops": 8282867,
    "errors": 0,
    "ops_per_sec": 1035296.5039985642,
    "min_us": 21.694,
    "p50_us": 467.455,
    "p99_us": 1032.191,
    "p999_us": 1499.135,
    "nil_replies": 0,
    "err_replies": 0,
    "hit_ratio": 1,
    "value_ops_per_sec": 1035296.5039985642,
    "bytes_per_sec": 109522867.48546441,
    "resp_ver": 2,
    "used_memory": 113426640,
    "bytes_per_key": 113.42664,
    "distinct_keys_est": 999760,
    "key_draws": 8282867
  },
  "redis": {
    "target": "redis",
    "version": "redis 8.8.0",
    "workload": "set",
    "skipped": false,
    "ops": 8424724,
    "errors": 0,
    "ops_per_sec": 1053035.7845238952,
    "min_us": 25.124,
    "p50_us": 469.247,
    "p99_us": 937.983,
    "p999_us": 1343.487,
    "nil_replies": 0,
    "err_replies": 0,
    "hit_ratio": 1,
    "value_ops_per_sec": 1053035.7845238952,
    "bytes_per_sec": 111399459.08695571,
    "resp_ver": 2,
    "used_memory": 127460120,
    "bytes_per_key": 127.46012,
    "distinct_keys_est": 999797,
    "key_draws": 8424724,
    "maxmemory_policy": "noeviction"
  },
  "valkey": {
    "target": "valkey",
    "version": "valkey 9.1.0",
    "workload": "set",
    "skipped": false,
    "ops": 8003570,
    "errors": 0,
    "ops_per_sec": 1000377.1659536735,
    "min_us": 9.906,
    "p50_us": 498.175,
    "p99_us": 936.447,
    "p999_us": 1374.207,
    "nil_replies": 0,
    "err_replies": 0,
    "hit_ratio": 1,
    "value_ops_per_sec": 1000377.1659536735,
    "bytes_per_sec": 105828860.29556571,
    "resp_ver": 2,
    "used_memory": 115032512,
    "bytes_per_key": 115.032512,
    "distinct_keys_est": 999665,
    "key_draws": 8003570,
    "maxmemory_policy": "noeviction"
  },
  "gate": {
    "pass": false,
    "reason": "aki is 0.98x Redis, below the 2.0x bar",
    "required_speedup": 2,
    "speedup_vs_redis": 0.983154152227266,
    "speedup_vs_valkey": 1.0349061726250035,
    "tail_regressed_vs_redis": true,
    "tail_regressed_vs_valkey": true
  },
  "generator_bound": false
}
