{
  "workload": "set",
  "cell": {
    "keyspace": 1000000,
    "value_size": 64,
    "dist": "uniform",
    "pipeline": 1,
    "connections": 512
  },
  "timestamp": "2026-07-11T06:16:43.833256311Z",
  "aki": {
    "target": "aki",
    "version": "unknown",
    "workload": "set",
    "skipped": false,
    "ops": 8331847,
    "errors": 0,
    "ops_per_sec": 1041412.8089096927,
    "min_us": 34.243,
    "p50_us": 465.663,
    "p99_us": 1007.615,
    "p999_us": 1427.455,
    "nil_replies": 0,
    "err_replies": 0,
    "hit_ratio": 1,
    "value_ops_per_sec": 1041412.8089096927,
    "bytes_per_sec": 110169881.99036929,
    "resp_ver": 2,
    "used_memory": 113428080,
    "bytes_per_key": 113.42808,
    "distinct_keys_est": 999775,
    "key_draws": 8331847
  },
  "redis": {
    "target": "redis",
    "version": "redis 8.8.0",
    "workload": "set",
    "skipped": false,
    "ops": 8330687,
    "errors": 0,
    "ops_per_sec": 1041269.6378859535,
    "min_us": 24.168,
    "p50_us": 474.623,
    "p99_us": 955.391,
    "p999_us": 1411.071,
    "nil_replies": 0,
    "err_replies": 0,
    "hit_ratio": 1,
    "value_ops_per_sec": 1041269.6378859535,
    "bytes_per_sec": 110154743.7252115,
    "resp_ver": 2,
    "used_memory": 127456128,
    "bytes_per_key": 127.456128,
    "distinct_keys_est": 999765,
    "key_draws": 8330687,
    "maxmemory_policy": "noeviction"
  },
  "valkey": {
    "target": "valkey",
    "version": "valkey 9.1.0",
    "workload": "set",
    "skipped": false,
    "ops": 8196143,
    "errors": 0,
    "ops_per_sec": 1024469.9260937553,
    "min_us": 9.277,
    "p50_us": 487.679,
    "p99_us": 933.887,
    "p999_us": 1455.103,
    "nil_replies": 0,
    "err_replies": 0,
    "hit_ratio": 1,
    "value_ops_per_sec": 1024469.9260937553,
    "bytes_per_sec": 108377549.91279545,
    "resp_ver": 2,
    "used_memory": 115039392,
    "bytes_per_key": 115.039392,
    "distinct_keys_est": 999734,
    "key_draws": 8196143,
    "maxmemory_policy": "noeviction"
  },
  "gate": {
    "pass": false,
    "reason": "aki is 1.00x Redis, below the 2.0x bar",
    "required_speedup": 2,
    "speedup_vs_redis": 1.0001374965892886,
    "speedup_vs_valkey": 1.016538194420738,
    "tail_regressed_vs_redis": true,
    "tail_regressed_vs_valkey": true
  },
  "generator_bound": false
}
