{
  "workload": "mixed",
  "cell": {
    "keyspace": 18512790,
    "value_size": 16,
    "dist": "zipfian",
    "zipf_s": 0.99,
    "pipeline": 16,
    "connections": 64
  },
  "timestamp": "2026-07-15T20:32:23.955089184Z",
  "aki": {
    "target": "aki",
    "version": "unknown",
    "workload": "mixed",
    "skipped": false,
    "ops": 4733616,
    "errors": 0,
    "ops_per_sec": 473262.7074979039,
    "min_us": 341.6,
    "p50_us": 2109.439,
    "p99_us": 3508.223,
    "p999_us": 4020.223,
    "nil_replies": 0,
    "err_replies": 0,
    "hit_ratio": 1,
    "value_ops_per_sec": 473262.7074979039,
    "bytes_per_sec": 25066289.07330153,
    "resp_ver": 2,
    "used_memory": 1179571360,
    "bytes_per_key": 63.716563521759824,
    "coverage_sampled": 2000,
    "coverage_retrievable": 2000,
    "coverage_fraction": 1,
    "coverage_keyspace": 18512790,
    "distinct_keys_est": 1336646,
    "key_draws": 4733616
  },
  "redis": {
    "target": "redis",
    "version": "redis 8.8.0",
    "workload": "mixed",
    "skipped": false,
    "ops": 20269248,
    "errors": 0,
    "ops_per_sec": 2026753.276072921,
    "min_us": 24.252,
    "p50_us": 332.287,
    "p99_us": 2936.831,
    "p999_us": 4886.527,
    "nil_replies": 2222100,
    "err_replies": 0,
    "hit_ratio": 0.8903708711837756,
    "value_ops_per_sec": 1804562.080091618,
    "bytes_per_sec": 103347988.67005365,
    "resp_ver": 2,
    "used_memory": 133798688,
    "bytes_per_key": 7.227364865047353,
    "coverage_sampled": 2000,
    "coverage_retrievable": 195,
    "coverage_missing": 1805,
    "coverage_fraction": 0.0975,
    "coverage_keyspace": 18512790,
    "distinct_keys_est": 3954737,
    "key_draws": 20269248,
    "server_hits": 11239404,
    "server_misses": 3586536,
    "evicted_keys": 3068720,
    "maxmemory": 134217728,
    "maxmemory_policy": "allkeys-lfu"
  },
  "valkey": {
    "target": "valkey",
    "version": "valkey 9.1.0",
    "workload": "mixed",
    "skipped": false,
    "ops": 21516768,
    "errors": 0,
    "ops_per_sec": 2151571.7206796766,
    "min_us": 16.233,
    "p50_us": 340.991,
    "p99_us": 3518.463,
    "p999_us": 6143.999,
    "nil_replies": 2325394,
    "err_replies": 0,
    "hit_ratio": 0.8919264268685706,
    "value_ops_per_sec": 1919043.676977286,
    "bytes_per_sec": 109772893.36752455,
    "resp_ver": 2,
    "used_memory": 134024800,
    "bytes_per_key": 7.239578691272358,
    "coverage_sampled": 2000,
    "coverage_retrievable": 235,
    "coverage_missing": 1765,
    "coverage_fraction": 0.1175,
    "coverage_keyspace": 18512790,
    "distinct_keys_est": 4121723,
    "key_draws": 21516768,
    "server_hits": 11919678,
    "server_misses": 3730500,
    "evicted_keys": 3157051,
    "maxmemory": 134217728,
    "maxmemory_policy": "allkeys-lfu"
  },
  "gate": {
    "pass": false,
    "reason": "aki is 0.26x Redis, below the 2.0x bar",
    "required_speedup": 2,
    "speedup_vs_redis": 0.26225903376728177,
    "speedup_vs_valkey": 0.24661382811429647,
    "tail_regressed_vs_redis": true,
    "tail_regressed_vs_valkey": false
  },
  "generator_bound": false
}
