{
  "workload": "mixed",
  "cell": {
    "keyspace": 2354696,
    "value_size": 128,
    "dist": "uniform",
    "pipeline": 16,
    "connections": 64
  },
  "timestamp": "2026-07-15T20:34:57.818994123Z",
  "aki": {
    "target": "aki",
    "version": "unknown",
    "workload": "mixed",
    "skipped": false,
    "ops": 5086640,
    "errors": 0,
    "ops_per_sec": 508556.4656844754,
    "min_us": 313.454,
    "p50_us": 1956.863,
    "p99_us": 3274.751,
    "p999_us": 3731.455,
    "nil_replies": 0,
    "err_replies": 0,
    "hit_ratio": 1,
    "value_ops_per_sec": 508556.4656844754,
    "bytes_per_sec": 85938575.1796844,
    "resp_ver": 2,
    "used_memory": 413242944,
    "bytes_per_key": 175.49736526498538,
    "coverage_sampled": 2000,
    "coverage_retrievable": 2000,
    "coverage_fraction": 1,
    "coverage_keyspace": 2354696,
    "distinct_keys_est": 2083806,
    "key_draws": 5086640
  },
  "redis": {
    "target": "redis",
    "version": "redis 8.8.0",
    "workload": "mixed",
    "skipped": false,
    "ops": 14230512,
    "errors": 0,
    "ops_per_sec": 1422998.5392353584,
    "min_us": 24.097,
    "p50_us": 663.039,
    "p99_us": 2168.831,
    "p999_us": 3086.335,
    "nil_replies": 5122708,
    "err_replies": 0,
    "hit_ratio": 0.6400194174320643,
    "value_ops_per_sec": 910746.6960880925,
    "bytes_per_sec": 173361171.44046462,
    "resp_ver": 2,
    "used_memory": 133715640,
    "bytes_per_key": 56.78679540798473,
    "coverage_sampled": 2000,
    "coverage_retrievable": 517,
    "coverage_missing": 1483,
    "coverage_fraction": 0.2585,
    "coverage_keyspace": 2354696,
    "distinct_keys_est": 2349037,
    "key_draws": 14230512,
    "server_hits": 2933268,
    "server_misses": 7731662,
    "evicted_keys": 7533713,
    "maxmemory": 134217728,
    "maxmemory_policy": "allkeys-lfu"
  },
  "valkey": {
    "target": "valkey",
    "version": "valkey 9.1.0",
    "workload": "mixed",
    "skipped": false,
    "ops": 14770096,
    "errors": 0,
    "ops_per_sec": 1476789.246652039,
    "min_us": 17.32,
    "p50_us": 610.303,
    "p99_us": 2768.895,
    "p999_us": 4681.727,
    "nil_replies": 5289340,
    "err_replies": 0,
    "hit_ratio": 0.6418885835271484,
    "value_ops_per_sec": 947934.1577016019,
    "bytes_per_sec": 180276041.6135272,
    "resp_ver": 2,
    "used_memory": 133942152,
    "bytes_per_key": 56.88299126511448,
    "coverage_sampled": 2000,
    "coverage_retrievable": 544,
    "coverage_missing": 1456,
    "coverage_fraction": 0.272,
    "coverage_keyspace": 2354696,
    "distinct_keys_est": 2350234,
    "key_draws": 14770096,
    "server_hits": 3089919,
    "server_misses": 7992813,
    "evicted_keys": 7800654,
    "maxmemory": 134217728,
    "maxmemory_policy": "allkeys-lfu"
  },
  "gate": {
    "pass": false,
    "reason": "aki is 0.56x Redis, below the 2.0x bar",
    "required_speedup": 2,
    "speedup_vs_redis": 0.5583950706259657,
    "speedup_vs_valkey": 0.5364892292915588,
    "tail_regressed_vs_redis": true,
    "tail_regressed_vs_valkey": true
  },
  "generator_bound": false
}
