{
  "workload": "mixed",
  "cell": {
    "keyspace": 4628197,
    "value_size": 16,
    "dist": "uniform",
    "pipeline": 16,
    "connections": 64
  },
  "timestamp": "2026-07-15T20:17:38.534136855Z",
  "aki": {
    "target": "aki",
    "version": "unknown",
    "workload": "mixed",
    "skipped": false,
    "ops": 5123952,
    "errors": 0,
    "ops_per_sec": 512312.243276464,
    "min_us": 356.045,
    "p50_us": 1944.575,
    "p99_us": 3256.319,
    "p999_us": 3758.079,
    "nil_replies": 0,
    "err_replies": 0,
    "hit_ratio": 1,
    "value_ops_per_sec": 512312.243276464,
    "bytes_per_sec": 28811274.0027647,
    "resp_ver": 2,
    "used_memory": 294814896,
    "bytes_per_key": 63.69972928982928,
    "coverage_sampled": 2000,
    "coverage_retrievable": 2000,
    "coverage_fraction": 1,
    "coverage_keyspace": 4628197,
    "distinct_keys_est": 3098605,
    "key_draws": 5123952
  },
  "redis": {
    "target": "redis",
    "version": "redis 8.8.0",
    "workload": "mixed",
    "skipped": false,
    "ops": 16366256,
    "errors": 0,
    "ops_per_sec": 1636499.0896196275,
    "min_us": 22.37,
    "p50_us": 381.695,
    "p99_us": 2899.967,
    "p999_us": 4644.863,
    "nil_replies": 4721272,
    "err_replies": 0,
    "hit_ratio": 0.7115240040238892,
    "value_ops_per_sec": 1164408.3848276068,
    "bytes_per_sec": 83536028.4055561,
    "resp_ver": 2,
    "used_memory": 133855008,
    "bytes_per_key": 28.921631469014823,
    "coverage_sampled": 2000,
    "coverage_retrievable": 761,
    "coverage_missing": 1239,
    "coverage_fraction": 0.3805,
    "coverage_keyspace": 4628197,
    "distinct_keys_est": 4493815,
    "key_draws": 16366256,
    "server_hits": 4945511,
    "server_misses": 7031741,
    "evicted_keys": 6466004,
    "maxmemory": 134217728,
    "maxmemory_policy": "allkeys-lfu"
  },
  "valkey": {
    "target": "valkey",
    "version": "valkey 9.1.0",
    "workload": "mixed",
    "skipped": false,
    "ops": 17888512,
    "errors": 0,
    "ops_per_sec": 1788666.067517147,
    "min_us": 16.145,
    "p50_us": 456.959,
    "p99_us": 3053.567,
    "p999_us": 5238.783,
    "nil_replies": 4439547,
    "err_replies": 0,
    "hit_ratio": 0.7518213365091518,
    "value_ops_per_sec": 1344757.3134493101,
    "bytes_per_sec": 92600947.91482787,
    "resp_ver": 2,
    "used_memory": 134024744,
    "bytes_per_key": 28.958305793811284,
    "coverage_sampled": 2000,
    "coverage_retrievable": 929,
    "coverage_missing": 1071,
    "coverage_fraction": 0.4645,
    "coverage_keyspace": 4628197,
    "distinct_keys_est": 4531438,
    "key_draws": 17888512,
    "server_hits": 6499362,
    "server_misses": 6700612,
    "evicted_keys": 6216906,
    "maxmemory": 134217728,
    "maxmemory_policy": "allkeys-lfu"
  },
  "gate": {
    "pass": false,
    "reason": "aki is 0.44x Redis, below the 2.0x bar",
    "required_speedup": 2,
    "speedup_vs_redis": 0.4399764291909603,
    "speedup_vs_valkey": 0.3809700368629193,
    "tail_regressed_vs_redis": true,
    "tail_regressed_vs_valkey": true
  },
  "generator_bound": false
}
