{
  "workload": "mixed",
  "cell": {
    "keyspace": 31987,
    "value_size": 4096,
    "dist": "zipfian",
    "zipf_s": 0.99,
    "pipeline": 16,
    "connections": 64
  },
  "timestamp": "2026-07-15T23:10:57.456831366Z",
  "aki": {
    "target": "aki",
    "version": "unknown",
    "workload": "mixed",
    "skipped": false,
    "ops": 13453424,
    "errors": 0,
    "ops_per_sec": 1345181.6012959622,
    "min_us": 27.915,
    "p50_us": 519.423,
    "p99_us": 3809.279,
    "p999_us": 5832.703,
    "nil_replies": 0,
    "err_replies": 0,
    "hit_ratio": 1,
    "value_ops_per_sec": 1345181.6012959622,
    "bytes_per_sec": 5559934665.001937,
    "resp_ver": 2,
    "used_memory": 138776208,
    "bytes_per_key": 4338.519023353238,
    "coverage_sampled": 2000,
    "coverage_retrievable": 2000,
    "coverage_fraction": 1,
    "coverage_keyspace": 31987,
    "distinct_keys_est": 31987,
    "key_draws": 13453424
  },
  "redis": {
    "target": "redis",
    "version": "redis 8.8.0",
    "workload": "mixed",
    "skipped": false,
    "ops": 13478528,
    "errors": 0,
    "ops_per_sec": 1347715.4803263086,
    "min_us": 20.715,
    "p50_us": 372.479,
    "p99_us": 4296.703,
    "p999_us": 7860.223,
    "nil_replies": 204312,
    "err_replies": 0,
    "hit_ratio": 0.9848416681702927,
    "value_ops_per_sec": 1327286.3618634893,
    "bytes_per_sec": 5486648425.151307,
    "resp_ver": 2,
    "used_memory": 130486568,
    "bytes_per_key": 4079.362491011974,
    "coverage_sampled": 2000,
    "coverage_retrievable": 1551,
    "coverage_missing": 449,
    "coverage_fraction": 0.7755,
    "coverage_keyspace": 31987,
    "distinct_keys_est": 31987,
    "key_draws": 13478528,
    "server_hits": 9724856,
    "server_misses": 314748,
    "evicted_keys": 314006,
    "maxmemory": 134217728,
    "maxmemory_policy": "allkeys-lfu"
  },
  "valkey": {
    "target": "valkey",
    "version": "valkey 9.1.0",
    "workload": "mixed",
    "skipped": false,
    "ops": 15199456,
    "errors": 0,
    "ops_per_sec": 1519793.1869323314,
    "min_us": 17.539,
    "p50_us": 320.511,
    "p99_us": 5025.791,
    "p999_us": 9420.799,
    "nil_replies": 228146,
    "err_replies": 0,
    "hit_ratio": 0.9849898575317433,
    "value_ops_per_sec": 1496980.874674191,
    "bytes_per_sec": 6188112637.448909,
    "resp_ver": 2,
    "used_memory": 130898384,
    "bytes_per_key": 4092.236971269578,
    "coverage_sampled": 2000,
    "coverage_retrievable": 1529,
    "coverage_missing": 471,
    "coverage_fraction": 0.7645,
    "coverage_keyspace": 31987,
    "distinct_keys_est": 31987,
    "key_draws": 15199456,
    "server_hits": 10878224,
    "server_misses": 349716,
    "evicted_keys": 349050,
    "maxmemory": 134217728,
    "maxmemory_policy": "allkeys-lfu"
  },
  "gate": {
    "pass": false,
    "reason": "aki is 1.01x Redis, below the 2.0x bar",
    "required_speedup": 2,
    "speedup_vs_redis": 1.0134825761392954,
    "speedup_vs_valkey": 0.898596384264918,
    "tail_regressed_vs_redis": false,
    "tail_regressed_vs_valkey": false
  },
  "generator_bound": false
}
