{
  "workload": "mixed",
  "cell": {
    "keyspace": 4628197,
    "value_size": 16,
    "dist": "zipfian",
    "zipf_s": 0.99,
    "pipeline": 16,
    "connections": 64
  },
  "timestamp": "2026-07-15T20:26:56.286262323Z",
  "aki": {
    "target": "aki",
    "version": "unknown",
    "workload": "mixed",
    "skipped": false,
    "ops": 5230112,
    "errors": 0,
    "ops_per_sec": 522933.1843826217,
    "min_us": 385.978,
    "p50_us": 1909.759,
    "p99_us": 3123.199,
    "p999_us": 3663.871,
    "nil_replies": 0,
    "err_replies": 0,
    "hit_ratio": 1,
    "value_ops_per_sec": 522933.1843826217,
    "bytes_per_sec": 27500013.51423383,
    "resp_ver": 2,
    "used_memory": 294814896,
    "bytes_per_key": 63.69972928982928,
    "coverage_sampled": 2000,
    "coverage_retrievable": 2000,
    "coverage_fraction": 1,
    "coverage_keyspace": 4628197,
    "distinct_keys_est": 1066936,
    "key_draws": 5230112
  },
  "redis": {
    "target": "redis",
    "version": "redis 8.8.0",
    "workload": "mixed",
    "skipped": false,
    "ops": 22052288,
    "errors": 0,
    "ops_per_sec": 2205005.855165493,
    "min_us": 28.008,
    "p50_us": 322.559,
    "p99_us": 2969.599,
    "p999_us": 5193.727,
    "nil_replies": 1159533,
    "err_replies": 0,
    "hit_ratio": 0.9474189254194395,
    "value_ops_per_sec": 2089064.2778444635,
    "bytes_per_sec": 113868628.81374359,
    "resp_ver": 2,
    "used_memory": 133771248,
    "bytes_per_key": 28.90353370869909,
    "coverage_sampled": 2000,
    "coverage_retrievable": 815,
    "coverage_missing": 1185,
    "coverage_fraction": 0.4075,
    "coverage_keyspace": 4628197,
    "distinct_keys_est": 2543324,
    "key_draws": 22052288,
    "server_hits": 14221944,
    "server_misses": 1950470,
    "evicted_keys": 1586380,
    "maxmemory": 134217728,
    "maxmemory_policy": "allkeys-lfu"
  },
  "valkey": {
    "target": "valkey",
    "version": "valkey 9.1.0",
    "workload": "mixed",
    "skipped": false,
    "ops": 24194608,
    "errors": 0,
    "ops_per_sec": 2419327.0615355,
    "min_us": 16.138,
    "p50_us": 294.399,
    "p99_us": 3657.727,
    "p999_us": 6623.231,
    "nil_replies": 982597,
    "err_replies": 0,
    "hit_ratio": 0.9593877693740688,
    "value_ops_per_sec": 2321072.7929528635,
    "bytes_per_sec": 125457742.99633335,
    "resp_ver": 2,
    "used_memory": 134012600,
    "bytes_per_key": 28.955681877845734,
    "coverage_sampled": 2000,
    "coverage_retrievable": 940,
    "coverage_missing": 1060,
    "coverage_fraction": 0.47,
    "coverage_keyspace": 4628197,
    "distinct_keys_est": 2661936,
    "key_draws": 24194608,
    "server_hits": 16054989,
    "server_misses": 1677763,
    "evicted_keys": 1329894,
    "maxmemory": 134217728,
    "maxmemory_policy": "allkeys-lfu"
  },
  "gate": {
    "pass": false,
    "reason": "aki is 0.25x Redis, below the 2.0x bar",
    "required_speedup": 2,
    "speedup_vs_redis": 0.2503193367138488,
    "speedup_vs_valkey": 0.22529805440412204,
    "tail_regressed_vs_redis": true,
    "tail_regressed_vs_valkey": false
  },
  "generator_bound": false
}
