{
  "workload": "mixed",
  "cell": {
    "keyspace": 31987,
    "value_size": 4096,
    "dist": "uniform",
    "pipeline": 16,
    "connections": 64
  },
  "timestamp": "2026-07-15T23:05:52.82962223Z",
  "aki": {
    "target": "aki",
    "version": "unknown",
    "workload": "mixed",
    "skipped": false,
    "ops": 8854176,
    "errors": 0,
    "ops_per_sec": 885372.8184626031,
    "min_us": 26.181,
    "p50_us": 697.343,
    "p99_us": 4501.503,
    "p999_us": 6635.519,
    "nil_replies": 0,
    "err_replies": 0,
    "hit_ratio": 1,
    "value_ops_per_sec": 885372.8184626031,
    "bytes_per_sec": 3661151329.728548,
    "resp_ver": 2,
    "used_memory": 137522832,
    "bytes_per_key": 4299.33510488636,
    "coverage_sampled": 2000,
    "coverage_retrievable": 2000,
    "coverage_fraction": 1,
    "coverage_keyspace": 31987,
    "distinct_keys_est": 31987,
    "key_draws": 8854176
  },
  "redis": {
    "target": "redis",
    "version": "redis 8.8.0",
    "workload": "mixed",
    "skipped": false,
    "ops": 12667360,
    "errors": 0,
    "ops_per_sec": 1266607.247726679,
    "min_us": 23.203,
    "p50_us": 410.623,
    "p99_us": 4120.575,
    "p999_us": 7024.639,
    "nil_replies": 1370288,
    "err_replies": 0,
    "hit_ratio": 0.8918252895630976,
    "value_ops_per_sec": 1129592.3754665637,
    "bytes_per_sec": 4675852921.171954,
    "resp_ver": 2,
    "used_memory": 131437408,
    "bytes_per_key": 4109.088317128833,
    "coverage_sampled": 2000,
    "coverage_retrievable": 1588,
    "coverage_missing": 412,
    "coverage_fraction": 0.794,
    "coverage_keyspace": 31987,
    "distinct_keys_est": 31987,
    "key_draws": 12667360,
    "server_hits": 7417580,
    "server_misses": 2050878,
    "evicted_keys": 2045558,
    "maxmemory": 134217728,
    "maxmemory_policy": "allkeys-lfu"
  },
  "valkey": {
    "target": "valkey",
    "version": "valkey 9.1.0",
    "workload": "mixed",
    "skipped": false,
    "ops": 13806816,
    "errors": 0,
    "ops_per_sec": 1380567.951508175,
    "min_us": 17.288,
    "p50_us": 360.703,
    "p99_us": 5124.095,
    "p999_us": 9265.151,
    "nil_replies": 1483619,
    "err_replies": 0,
    "hit_ratio": 0.8925444505090819,
    "value_ops_per_sec": 1232218.263669313,
    "bytes_per_sec": 5100625154.12725,
    "resp_ver": 2,
    "used_memory": 131347264,
    "bytes_per_key": 4106.270172257479,
    "coverage_sampled": 2000,
    "coverage_retrievable": 1578,
    "coverage_missing": 422,
    "coverage_fraction": 0.789,
    "coverage_keyspace": 31987,
    "distinct_keys_est": 31987,
    "key_draws": 13806816,
    "server_hits": 8034391,
    "server_misses": 2202061,
    "evicted_keys": 2196988,
    "maxmemory": 134217728,
    "maxmemory_policy": "allkeys-lfu"
  },
  "gate": {
    "pass": false,
    "reason": "aki is 0.78x Redis, below the 2.0x bar",
    "required_speedup": 2,
    "speedup_vs_redis": 0.7837985079324842,
    "speedup_vs_valkey": 0.718519473835853,
    "tail_regressed_vs_redis": true,
    "tail_regressed_vs_valkey": false
  },
  "generator_bound": false
}
