{
  "workload": "mixed",
  "cell": {
    "keyspace": 511793,
    "value_size": 4096,
    "dist": "uniform",
    "pipeline": 16,
    "connections": 64
  },
  "timestamp": "2026-07-15T23:09:13.49715003Z",
  "aki": {
    "target": "aki",
    "version": "unknown",
    "workload": "mixed",
    "skipped": false,
    "ops": 3992336,
    "errors": 0,
    "ops_per_sec": 395960.12966133154,
    "min_us": 53.573,
    "p50_us": 982.527,
    "p99_us": 6029.311,
    "p999_us": 224133.119,
    "nil_replies": 0,
    "err_replies": 0,
    "hit_ratio": 1,
    "value_ops_per_sec": 395960.12966133154,
    "bytes_per_sec": 1638121637.124221,
    "resp_ver": 2,
    "used_memory": 146300336,
    "bytes_per_key": 285.8584154140444,
    "coverage_sampled": 2000,
    "coverage_retrievable": 2000,
    "coverage_fraction": 1,
    "coverage_keyspace": 511793,
    "distinct_keys_est": 511590,
    "key_draws": 3992336
  },
  "redis": {
    "target": "redis",
    "version": "redis 8.8.0",
    "workload": "mixed",
    "skipped": false,
    "ops": 13803456,
    "errors": 0,
    "ops_per_sec": 1380244.4178703616,
    "min_us": 18.925,
    "p50_us": 331.775,
    "p99_us": 4698.111,
    "p999_us": 7806.975,
    "nil_replies": 6553803,
    "err_replies": 0,
    "hit_ratio": 0.5252056441517254,
    "value_ops_per_sec": 724912.1585744265,
    "bytes_per_sec": 3023329441.5792947,
    "resp_ver": 2,
    "used_memory": 131747968,
    "bytes_per_key": 257.42432585049033,
    "coverage_sampled": 2000,
    "coverage_retrievable": 93,
    "coverage_missing": 1907,
    "coverage_fraction": 0.0465,
    "coverage_keyspace": 511793,
    "distinct_keys_est": 511793,
    "key_draws": 13803456,
    "server_hits": 519298,
    "server_misses": 9860928,
    "evicted_keys": 9844629,
    "maxmemory": 134217728,
    "maxmemory_policy": "allkeys-lfu"
  },
  "valkey": {
    "target": "valkey",
    "version": "valkey 9.1.0",
    "workload": "mixed",
    "skipped": false,
    "ops": 14031120,
    "errors": 0,
    "ops_per_sec": 1402968.010446855,
    "min_us": 15.719,
    "p50_us": 326.143,
    "p99_us": 5267.455,
    "p999_us": 8839.167,
    "nil_replies": 6662082,
    "err_replies": 0,
    "hit_ratio": 0.5251924293997913,
    "value_ops_per_sec": 736828.1777767757,
    "bytes_per_sec": 3073027852.798109,
    "resp_ver": 2,
    "used_memory": 131772960,
    "bytes_per_key": 257.47315809321344,
    "coverage_sampled": 2000,
    "coverage_retrievable": 97,
    "coverage_missing": 1903,
    "coverage_fraction": 0.0485,
    "coverage_keyspace": 511793,
    "distinct_keys_est": 511793,
    "key_draws": 14031120,
    "server_hits": 526357,
    "server_misses": 9994575,
    "evicted_keys": 9980188,
    "maxmemory": 134217728,
    "maxmemory_policy": "allkeys-lfu"
  },
  "gate": {
    "pass": false,
    "reason": "aki is 0.55x Redis, below the 2.0x bar",
    "required_speedup": 2,
    "speedup_vs_redis": 0.5462180830847223,
    "speedup_vs_valkey": 0.5373846191062591,
    "tail_regressed_vs_redis": true,
    "tail_regressed_vs_valkey": true
  },
  "generator_bound": false
}
