{
  "workload": "mixed",
  "cell": {
    "keyspace": 18512790,
    "value_size": 16,
    "dist": "zipfian",
    "zipf_s": 0.99,
    "pipeline": 16,
    "connections": 64
  },
  "timestamp": "2026-07-15T20:29:39.040344375Z",
  "aki": {
    "target": "aki",
    "version": "unknown",
    "workload": "mixed",
    "skipped": false,
    "ops": 4698736,
    "errors": 0,
    "ops_per_sec": 469776.5546867965,
    "min_us": 333.47,
    "p50_us": 2123.775,
    "p99_us": 3563.519,
    "p999_us": 4112.383,
    "nil_replies": 0,
    "err_replies": 0,
    "hit_ratio": 1,
    "value_ops_per_sec": 469776.5546867965,
    "bytes_per_sec": 24881682.501744825,
    "resp_ver": 2,
    "used_memory": 1179571360,
    "bytes_per_key": 63.716563521759824,
    "coverage_sampled": 2000,
    "coverage_retrievable": 2000,
    "coverage_fraction": 1,
    "coverage_keyspace": 18512790,
    "distinct_keys_est": 1328947,
    "key_draws": 4698736
  },
  "redis": {
    "target": "redis",
    "version": "redis 8.8.0",
    "workload": "mixed",
    "skipped": false,
    "ops": 20460096,
    "errors": 0,
    "ops_per_sec": 2045753.2568881456,
    "min_us": 21.672,
    "p50_us": 329.983,
    "p99_us": 2955.263,
    "p999_us": 4935.679,
    "nil_replies": 2267524,
    "err_replies": 0,
    "hit_ratio": 0.8891733450322031,
    "value_ops_per_sec": 1819029.2665377564,
    "bytes_per_sec": 104272591.32294427,
    "resp_ver": 2,
    "used_memory": 133791104,
    "bytes_per_key": 7.226955202322286,
    "coverage_sampled": 2000,
    "coverage_retrievable": 188,
    "coverage_missing": 1812,
    "coverage_fraction": 0.094,
    "coverage_keyspace": 18512790,
    "distinct_keys_est": 3980438,
    "key_draws": 20460096,
    "server_hits": 11320732,
    "server_misses": 3641284,
    "evicted_keys": 3124554,
    "maxmemory": 134217728,
    "maxmemory_policy": "allkeys-lfu"
  },
  "valkey": {
    "target": "valkey",
    "version": "valkey 9.1.0",
    "workload": "mixed",
    "skipped": false,
    "ops": 21688128,
    "errors": 0,
    "ops_per_sec": 2168674.5021089287,
    "min_us": 14.935,
    "p50_us": 342.783,
    "p99_us": 3407.871,
    "p999_us": 5980.159,
    "nil_replies": 2332320,
    "err_replies": 0,
    "hit_ratio": 0.8924609814180366,
    "value_ops_per_sec": 1935457.3745284064,
    "bytes_per_sec": 110666397.52636327,
    "resp_ver": 2,
    "used_memory": 134028240,
    "bytes_per_key": 7.2397645087531375,
    "coverage_sampled": 2000,
    "coverage_retrievable": 219,
    "coverage_missing": 1781,
    "coverage_fraction": 0.1095,
    "coverage_keyspace": 18512790,
    "distinct_keys_est": 4144325,
    "key_draws": 21688128,
    "server_hits": 12006787,
    "server_misses": 3728729,
    "evicted_keys": 3180744,
    "maxmemory": 134217728,
    "maxmemory_policy": "allkeys-lfu"
  },
  "gate": {
    "pass": false,
    "reason": "aki is 0.26x Redis, below the 2.0x bar",
    "required_speedup": 2,
    "speedup_vs_redis": 0.25825673249388903,
    "speedup_vs_valkey": 0.24272120939954167,
    "tail_regressed_vs_redis": true,
    "tail_regressed_vs_valkey": true
  },
  "generator_bound": false
}
