{
  "workload": "mixed",
  "cell": {
    "keyspace": 511793,
    "value_size": 4096,
    "dist": "zipfian",
    "zipf_s": 0.99,
    "pipeline": 16,
    "connections": 64
  },
  "timestamp": "2026-07-15T23:14:18.076347517Z",
  "aki": {
    "target": "aki",
    "version": "unknown",
    "workload": "mixed",
    "skipped": false,
    "ops": 8247008,
    "errors": 0,
    "ops_per_sec": 824607.2930787762,
    "min_us": 38.422,
    "p50_us": 708.607,
    "p99_us": 4935.679,
    "p999_us": 12566.527,
    "nil_replies": 0,
    "err_replies": 0,
    "hit_ratio": 1,
    "value_ops_per_sec": 824607.2930787762,
    "bytes_per_sec": 3408893746.6073775,
    "resp_ver": 2,
    "used_memory": 146296240,
    "bytes_per_key": 285.8504121783612,
    "coverage_sampled": 2000,
    "coverage_retrievable": 2000,
    "coverage_fraction": 1,
    "coverage_keyspace": 511793,
    "distinct_keys_est": 458945,
    "key_draws": 8247008
  },
  "redis": {
    "target": "redis",
    "version": "redis 8.8.0",
    "workload": "mixed",
    "skipped": false,
    "ops": 12596192,
    "errors": 0,
    "ops_per_sec": 1259449.930810914,
    "min_us": 23.119,
    "p50_us": 414.463,
    "p99_us": 4239.359,
    "p999_us": 7647.231,
    "nil_replies": 1625842,
    "err_replies": 0,
    "hit_ratio": 0.8709259115770862,
    "value_ops_per_sec": 1096887.5790771933,
    "bytes_per_sec": 4540010824.423204,
    "resp_ver": 2,
    "used_memory": 131199944,
    "bytes_per_key": 256.3535335575125,
    "coverage_sampled": 2000,
    "coverage_retrievable": 94,
    "coverage_missing": 1906,
    "coverage_fraction": 0.047,
    "coverage_keyspace": 511793,
    "distinct_keys_est": 490288,
    "key_draws": 12596192,
    "server_hits": 6952067,
    "server_misses": 2482867,
    "evicted_keys": 2474288,
    "maxmemory": 134217728,
    "maxmemory_policy": "allkeys-lfu"
  },
  "valkey": {
    "target": "valkey",
    "version": "valkey 9.1.0",
    "workload": "mixed",
    "skipped": false,
    "ops": 14354720,
    "errors": 0,
    "ops_per_sec": 1435334.8441388991,
    "min_us": 17.692,
    "p50_us": 348.159,
    "p99_us": 5021.695,
    "p999_us": 8904.703,
    "nil_replies": 1847855,
    "err_replies": 0,
    "hit_ratio": 0.8712719579343937,
    "value_ops_per_sec": 1250566.9999443565,
    "bytes_per_sec": 5176069591.370878,
    "resp_ver": 2,
    "used_memory": 131304688,
    "bytes_per_key": 256.55819442626216,
    "coverage_sampled": 2000,
    "coverage_retrievable": 91,
    "coverage_missing": 1909,
    "coverage_fraction": 0.0455,
    "coverage_keyspace": 511793,
    "distinct_keys_est": 496594,
    "key_draws": 14354720,
    "server_hits": 7918976,
    "server_misses": 2818222,
    "evicted_keys": 2810405,
    "maxmemory": 134217728,
    "maxmemory_policy": "allkeys-lfu"
  },
  "gate": {
    "pass": false,
    "reason": "aki is 0.75x Redis, below the 2.0x bar",
    "required_speedup": 2,
    "speedup_vs_redis": 0.7517701073545885,
    "speedup_vs_valkey": 0.6593867366686206,
    "tail_regressed_vs_redis": true,
    "tail_regressed_vs_valkey": false
  },
  "generator_bound": false
}
