{
  "workload": "mixed",
  "cell": {
    "keyspace": 1157049,
    "value_size": 16,
    "dist": "uniform",
    "pipeline": 16,
    "connections": 64
  },
  "timestamp": "2026-07-15T20:15:24.57708974Z",
  "aki": {
    "target": "aki",
    "version": "unknown",
    "workload": "mixed",
    "skipped": false,
    "ops": 17586688,
    "errors": 0,
    "ops_per_sec": 1758567.7185826765,
    "min_us": 18.44,
    "p50_us": 389.887,
    "p99_us": 3500.031,
    "p999_us": 6352.895,
    "nil_replies": 0,
    "err_replies": 0,
    "hit_ratio": 1,
    "value_ops_per_sec": 1758567.7185826765,
    "bytes_per_sec": 97518202.31224202,
    "resp_ver": 2,
    "used_memory": 73639088,
    "bytes_per_key": 63.643880250533904,
    "coverage_sampled": 2000,
    "coverage_retrievable": 2000,
    "coverage_fraction": 1,
    "coverage_keyspace": 1157049,
    "distinct_keys_est": 1157049,
    "key_draws": 17586688
  },
  "redis": {
    "target": "redis",
    "version": "redis 8.8.0",
    "workload": "mixed",
    "skipped": false,
    "ops": 24431920,
    "errors": 0,
    "ops_per_sec": 2442950.8748855665,
    "min_us": 22.739,
    "p50_us": 305.919,
    "p99_us": 2988.031,
    "p999_us": 5386.239,
    "nil_replies": 0,
    "err_replies": 0,
    "hit_ratio": 1,
    "value_ops_per_sec": 2442950.8748855665,
    "bytes_per_sec": 135469252.05969548,
    "resp_ver": 2,
    "used_memory": 86487200,
    "bytes_per_key": 74.74808759179602,
    "coverage_sampled": 2000,
    "coverage_retrievable": 2000,
    "coverage_fraction": 1,
    "coverage_keyspace": 1157049,
    "distinct_keys_est": 1157049,
    "key_draws": 24431920,
    "server_hits": 18230268,
    "maxmemory": 134217728,
    "maxmemory_policy": "allkeys-lfu"
  },
  "valkey": {
    "target": "valkey",
    "version": "valkey 9.1.0",
    "workload": "mixed",
    "skipped": false,
    "ops": 27652128,
    "errors": 0,
    "ops_per_sec": 2764884.242169781,
    "min_us": 14.897,
    "p50_us": 247.295,
    "p99_us": 3825.663,
    "p999_us": 7041.023,
    "nil_replies": 0,
    "err_replies": 0,
    "hit_ratio": 1,
    "value_ops_per_sec": 2764884.242169781,
    "bytes_per_sec": 153321496.63858286,
    "resp_ver": 2,
    "used_memory": 74481104,
    "bytes_per_key": 64.3716074254418,
    "coverage_sampled": 2000,
    "coverage_retrievable": 2000,
    "coverage_fraction": 1,
    "coverage_keyspace": 1157049,
    "distinct_keys_est": 1157049,
    "key_draws": 27652128,
    "server_hits": 20770758,
    "maxmemory": 134217728,
    "maxmemory_policy": "allkeys-lfu"
  },
  "gate": {
    "pass": false,
    "reason": "aki is 0.72x Redis, below the 2.0x bar",
    "required_speedup": 2,
    "speedup_vs_redis": 0.7198539015505385,
    "speedup_vs_valkey": 0.6360366527325629,
    "tail_regressed_vs_redis": true,
    "tail_regressed_vs_valkey": false
  },
  "generator_bound": false
}
