{
  "workload": "mixed",
  "cell": {
    "keyspace": 1157049,
    "value_size": 16,
    "dist": "zipfian",
    "zipf_s": 0.99,
    "pipeline": 16,
    "connections": 64
  },
  "timestamp": "2026-07-15T20:24:41.234407714Z",
  "aki": {
    "target": "aki",
    "version": "unknown",
    "workload": "mixed",
    "skipped": false,
    "ops": 17703760,
    "errors": 0,
    "ops_per_sec": 1770246.2531643421,
    "min_us": 19.472,
    "p50_us": 384.255,
    "p99_us": 3424.255,
    "p999_us": 6270.975,
    "nil_replies": 0,
    "err_replies": 0,
    "hit_ratio": 1,
    "value_ops_per_sec": 1770246.2531643421,
    "bytes_per_sec": 92378807.97078952,
    "resp_ver": 2,
    "used_memory": 73639088,
    "bytes_per_key": 63.643880250533904,
    "coverage_sampled": 2000,
    "coverage_retrievable": 2000,
    "coverage_fraction": 1,
    "coverage_keyspace": 1157049,
    "distinct_keys_est": 1014447,
    "key_draws": 17703760
  },
  "redis": {
    "target": "redis",
    "version": "redis 8.8.0",
    "workload": "mixed",
    "skipped": false,
    "ops": 24105136,
    "errors": 0,
    "ops_per_sec": 2410341.511739496,
    "min_us": 21.235,
    "p50_us": 306.175,
    "p99_us": 2938.879,
    "p999_us": 5324.799,
    "nil_replies": 0,
    "err_replies": 0,
    "hit_ratio": 1,
    "value_ops_per_sec": 2410341.511739496,
    "bytes_per_sec": 125781529.12710275,
    "resp_ver": 2,
    "used_memory": 86497408,
    "bytes_per_key": 74.75691003578932,
    "coverage_sampled": 2000,
    "coverage_retrievable": 2000,
    "coverage_fraction": 1,
    "coverage_keyspace": 1157049,
    "distinct_keys_est": 1076387,
    "key_draws": 24105136,
    "server_hits": 17951030,
    "maxmemory": 134217728,
    "maxmemory_policy": "allkeys-lfu"
  },
  "valkey": {
    "target": "valkey",
    "version": "valkey 9.1.0",
    "workload": "mixed",
    "skipped": false,
    "ops": 27228208,
    "errors": 0,
    "ops_per_sec": 2722535.1249338477,
    "min_us": 14.082,
    "p50_us": 245.503,
    "p99_us": 3885.055,
    "p999_us": 6979.583,
    "nil_replies": 0,
    "err_replies": 0,
    "hit_ratio": 1,
    "value_ops_per_sec": 2722535.1249338477,
    "bytes_per_sec": 142072645.2457489,
    "resp_ver": 2,
    "used_memory": 74481296,
    "bytes_per_key": 64.37177336482725,
    "coverage_sampled": 2000,
    "coverage_retrievable": 2000,
    "coverage_fraction": 1,
    "coverage_keyspace": 1157049,
    "distinct_keys_est": 1095509,
    "key_draws": 27228208,
    "server_hits": 20445278,
    "maxmemory": 134217728,
    "maxmemory_policy": "allkeys-lfu"
  },
  "gate": {
    "pass": false,
    "reason": "aki is 0.73x Redis, below the 2.0x bar",
    "required_speedup": 2,
    "speedup_vs_redis": 0.7344379394133199,
    "speedup_vs_valkey": 0.6502198032090976,
    "tail_regressed_vs_redis": true,
    "tail_regressed_vs_valkey": false
  },
  "generator_bound": false
}
