{
  "workload": "mixed",
  "cell": {
    "keyspace": 3508960,
    "value_size": 512,
    "dist": "zipfian",
    "zipf_s": 0.99,
    "pipeline": 16,
    "connections": 64
  },
  "timestamp": "2026-07-15T23:05:06.664661503Z",
  "aki": {
    "target": "aki",
    "version": "unknown",
    "workload": "mixed",
    "skipped": false,
    "ops": 703568,
    "errors": 0,
    "ops_per_sec": 70100.55005402802,
    "min_us": 220.823,
    "p50_us": 1437.695,
    "p99_us": 65503.231,
    "p999_us": 67076.095,
    "nil_replies": 14863,
    "err_replies": 14650,
    "hit_ratio": 0.9580523844177109,
    "value_ops_per_sec": 67159.99912825464,
    "bytes_per_sec": 37828349.977654144,
    "resp_ver": 2,
    "used_memory": 1074965504,
    "bytes_per_key": 306.3487483470886,
    "coverage_sampled": 2000,
    "coverage_retrievable": 1052,
    "coverage_missing": 948,
    "coverage_fraction": 0.526,
    "coverage_keyspace": 3508960,
    "distinct_keys_est": 225429,
    "key_draws": 703568
  },
  "redis": {
    "target": "redis",
    "version": "redis 8.8.0",
    "workload": "mixed",
    "skipped": false,
    "ops": 18771024,
    "errors": 0,
    "ops_per_sec": 1876962.3909935837,
    "min_us": 27.745,
    "p50_us": 431.103,
    "p99_us": 2496.511,
    "p999_us": 4030.463,
    "nil_replies": 2149585,
    "err_replies": 0,
    "hit_ratio": 0.8854838713114426,
    "value_ops_per_sec": 1662019.9242829802,
    "bytes_per_sec": 920719740.4841102,
    "resp_ver": 2,
    "used_memory": 132678072,
    "bytes_per_key": 37.81122383840226,
    "coverage_sampled": 2000,
    "coverage_retrievable": 92,
    "coverage_missing": 1908,
    "coverage_fraction": 0.046,
    "coverage_keyspace": 3508960,
    "distinct_keys_est": 2057501,
    "key_draws": 18771024,
    "server_hits": 10558903,
    "server_misses": 3338081,
    "evicted_keys": 3285149,
    "maxmemory": 134217728,
    "maxmemory_policy": "allkeys-lfu"
  },
  "valkey": {
    "target": "valkey",
    "version": "valkey 9.1.0",
    "workload": "mixed",
    "skipped": false,
    "ops": 19278784,
    "errors": 0,
    "ops_per_sec": 1927760.088543966,
    "min_us": 16.036,
    "p50_us": 422.655,
    "p99_us": 3305.471,
    "p999_us": 5631.999,
    "nil_replies": 2225502,
    "err_replies": 0,
    "hit_ratio": 0.8845621176107372,
    "value_ops_per_sec": 1705223.546167913,
    "bytes_per_sec": 944722704.8057994,
    "resp_ver": 2,
    "used_memory": 132974704,
    "bytes_per_key": 37.8957594272947,
    "coverage_sampled": 2000,
    "coverage_retrievable": 98,
    "coverage_missing": 1902,
    "coverage_fraction": 0.049,
    "coverage_keyspace": 3508960,
    "distinct_keys_est": 2083508,
    "key_draws": 19278784,
    "server_hits": 10867029,
    "server_misses": 3471197,
    "evicted_keys": 3414172,
    "maxmemory": 134217728,
    "maxmemory_policy": "allkeys-lfu"
  },
  "gate": {
    "pass": false,
    "reason": "aki is 0.04x Redis, below the 2.0x bar",
    "required_speedup": 2,
    "speedup_vs_redis": 0.0404086606586431,
    "speedup_vs_valkey": 0.0393848649810055,
    "tail_regressed_vs_redis": true,
    "tail_regressed_vs_valkey": true
  },
  "generator_bound": false
}
