{
  "workload": "mixed",
  "cell": {
    "keyspace": 127948,
    "value_size": 4096,
    "dist": "uniform",
    "pipeline": 16,
    "connections": 64
  },
  "timestamp": "2026-07-15T23:08:15.797016762Z",
  "aki": {
    "target": "aki",
    "version": "unknown",
    "workload": "mixed",
    "skipped": false,
    "ops": 3977280,
    "errors": 0,
    "ops_per_sec": 396086.50065615453,
    "min_us": 54.657,
    "p50_us": 1180.671,
    "p99_us": 40599.551,
    "p999_us": 49315.839,
    "nil_replies": 0,
    "err_replies": 0,
    "hit_ratio": 1,
    "value_ops_per_sec": 396086.50065615453,
    "bytes_per_sec": 1638154144.705054,
    "resp_ver": 2,
    "used_memory": 135209920,
    "bytes_per_key": 1056.7568074530277,
    "coverage_sampled": 2000,
    "coverage_retrievable": 2000,
    "coverage_fraction": 1,
    "coverage_keyspace": 127948,
    "distinct_keys_est": 127948,
    "key_draws": 3977280
  },
  "redis": {
    "target": "redis",
    "version": "redis 8.8.0",
    "workload": "mixed",
    "skipped": false,
    "ops": 12590448,
    "errors": 0,
    "ops_per_sec": 1258899.7961447807,
    "min_us": 23.289,
    "p50_us": 383.743,
    "p99_us": 4718.591,
    "p999_us": 8163.327,
    "nil_replies": 5049687,
    "err_replies": 0,
    "hit_ratio": 0.5989271390501751,
    "value_ops_per_sec": 753989.2532558423,
    "bytes_per_sec": 3136487011.1165986,
    "resp_ver": 2,
    "used_memory": 131706176,
    "bytes_per_key": 1029.3726826523275,
    "coverage_sampled": 2000,
    "coverage_retrievable": 403,
    "coverage_missing": 1597,
    "coverage_fraction": 0.2015,
    "coverage_keyspace": 127948,
    "distinct_keys_est": 127948,
    "key_draws": 12590448,
    "server_hits": 1863750,
    "server_misses": 7582520,
    "evicted_keys": 7564489,
    "maxmemory": 134217728,
    "maxmemory_policy": "allkeys-lfu"
  },
  "valkey": {
    "target": "valkey",
    "version": "valkey 9.1.0",
    "workload": "mixed",
    "skipped": false,
    "ops": 13700944,
    "errors": 0,
    "ops_per_sec": 1369926.7616511986,
    "min_us": 16.277,
    "p50_us": 352.511,
    "p99_us": 5046.271,
    "p999_us": 8560.639,
    "nil_replies": 5493984,
    "err_replies": 0,
    "hit_ratio": 0.5990069005464149,
    "value_ops_per_sec": 820595.5834722718,
    "bytes_per_sec": 3413553248.86487,
    "resp_ver": 2,
    "used_memory": 131768104,
    "bytes_per_key": 1029.856691781036,
    "coverage_sampled": 2000,
    "coverage_retrievable": 406,
    "coverage_missing": 1594,
    "coverage_fraction": 0.203,
    "coverage_keyspace": 127948,
    "distinct_keys_est": 127948,
    "key_draws": 13700944,
    "server_hits": 2032303,
    "server_misses": 8254903,
    "evicted_keys": 8242410,
    "maxmemory": 134217728,
    "maxmemory_policy": "allkeys-lfu"
  },
  "gate": {
    "pass": false,
    "reason": "aki is 0.53x Redis, below the 2.0x bar",
    "required_speedup": 2,
    "speedup_vs_redis": 0.5253211487375871,
    "speedup_vs_valkey": 0.48268173584380303,
    "tail_regressed_vs_redis": true,
    "tail_regressed_vs_valkey": true
  },
  "generator_bound": false
}
