{
  "workload": "mixed",
  "cell": {
    "keyspace": 511793,
    "value_size": 4096,
    "dist": "zipfian",
    "zipf_s": 0.99,
    "pipeline": 16,
    "connections": 64
  },
  "timestamp": "2026-07-15T23:15:15.827666516Z",
  "aki": {
    "target": "aki",
    "version": "unknown",
    "workload": "mixed",
    "skipped": false,
    "ops": 8212672,
    "errors": 0,
    "ops_per_sec": 821179.1266499548,
    "min_us": 33.943,
    "p50_us": 704.511,
    "p99_us": 5218.303,
    "p999_us": 10100.735,
    "nil_replies": 0,
    "err_replies": 0,
    "hit_ratio": 1,
    "value_ops_per_sec": 821179.1266499548,
    "bytes_per_sec": 3394721846.574095,
    "resp_ver": 2,
    "used_memory": 148143536,
    "bytes_per_key": 289.45987147147383,
    "coverage_sampled": 2000,
    "coverage_retrievable": 2000,
    "coverage_fraction": 1,
    "coverage_keyspace": 511793,
    "distinct_keys_est": 458559,
    "key_draws": 8212672
  },
  "redis": {
    "target": "redis",
    "version": "redis 8.8.0",
    "workload": "mixed",
    "skipped": false,
    "ops": 12115184,
    "errors": 0,
    "ops_per_sec": 1211416.5407052913,
    "min_us": 22.822,
    "p50_us": 444.927,
    "p99_us": 4272.127,
    "p999_us": 7315.455,
    "nil_replies": 1564181,
    "err_replies": 0,
    "hit_ratio": 0.870890858941969,
    "value_ops_per_sec": 1055011.59167134,
    "bytes_per_sec": 4366688037.843052,
    "resp_ver": 2,
    "used_memory": 131132840,
    "bytes_per_key": 256.22241804792174,
    "coverage_sampled": 2000,
    "coverage_retrievable": 94,
    "coverage_missing": 1906,
    "coverage_fraction": 0.047,
    "coverage_keyspace": 511793,
    "distinct_keys_est": 488113,
    "key_draws": 12115184,
    "server_hits": 6656056,
    "server_misses": 2380058,
    "evicted_keys": 2372416,
    "maxmemory": 134217728,
    "maxmemory_policy": "allkeys-lfu"
  },
  "valkey": {
    "target": "valkey",
    "version": "valkey 9.1.0",
    "workload": "mixed",
    "skipped": false,
    "ops": 13756352,
    "errors": 0,
    "ops_per_sec": 1375515.1940022083,
    "min_us": 18.308,
    "p50_us": 368.383,
    "p99_us": 5222.399,
    "p999_us": 9633.791,
    "nil_replies": 1773144,
    "err_replies": 0,
    "hit_ratio": 0.8711036181685377,
    "value_ops_per_sec": 1198216.2623411217,
    "bytes_per_sec": 4959400156.408994,
    "resp_ver": 2,
    "used_memory": 131553008,
    "bytes_per_key": 257.04339058955475,
    "coverage_sampled": 2000,
    "coverage_retrievable": 108,
    "coverage_missing": 1892,
    "coverage_fraction": 0.054,
    "coverage_keyspace": 511793,
    "distinct_keys_est": 494740,
    "key_draws": 13756352,
    "server_hits": 7661456,
    "server_misses": 2733968,
    "evicted_keys": 2726441,
    "maxmemory": 134217728,
    "maxmemory_policy": "allkeys-lfu"
  },
  "gate": {
    "pass": false,
    "reason": "aki is 0.78x Redis, below the 2.0x bar",
    "required_speedup": 2,
    "speedup_vs_redis": 0.7783602882969752,
    "speedup_vs_valkey": 0.6853346532332177,
    "tail_regressed_vs_redis": true,
    "tail_regressed_vs_valkey": false
  },
  "generator_bound": false
}
