{
  "workload": "mixed",
  "cell": {
    "keyspace": 31987,
    "value_size": 4096,
    "dist": "uniform",
    "pipeline": 16,
    "connections": 64
  },
  "timestamp": "2026-07-15T23:06:38.997242227Z",
  "aki": {
    "target": "aki",
    "version": "unknown",
    "workload": "mixed",
    "skipped": false,
    "ops": 8790400,
    "errors": 0,
    "ops_per_sec": 878720.9614624404,
    "min_us": 35.97,
    "p50_us": 695.295,
    "p99_us": 4538.367,
    "p999_us": 6225.919,
    "nil_replies": 0,
    "err_replies": 0,
    "hit_ratio": 1,
    "value_ops_per_sec": 878720.9614624404,
    "bytes_per_sec": 3633644926.286146,
    "resp_ver": 2,
    "used_memory": 138296976,
    "bytes_per_key": 4323.536936880608,
    "coverage_sampled": 2000,
    "coverage_retrievable": 2000,
    "coverage_fraction": 1,
    "coverage_keyspace": 31987,
    "distinct_keys_est": 31987,
    "key_draws": 8790400
  },
  "redis": {
    "target": "redis",
    "version": "redis 8.8.0",
    "workload": "mixed",
    "skipped": false,
    "ops": 12058016,
    "errors": 0,
    "ops_per_sec": 1205613.8190168121,
    "min_us": 21.539,
    "p50_us": 435.455,
    "p99_us": 4378.623,
    "p999_us": 7450.623,
    "nil_replies": 1303237,
    "err_replies": 0,
    "hit_ratio": 0.89191945009859,
    "value_ops_per_sec": 1075310.414488736,
    "bytes_per_sec": 4451152847.162714,
    "resp_ver": 2,
    "used_memory": 131194328,
    "bytes_per_key": 4101.488979898084,
    "coverage_sampled": 2000,
    "coverage_retrievable": 1592,
    "coverage_missing": 408,
    "coverage_fraction": 0.796,
    "coverage_keyspace": 31987,
    "distinct_keys_est": 31987,
    "key_draws": 12058016,
    "server_hits": 7023868,
    "server_misses": 1939054,
    "evicted_keys": 1935627,
    "maxmemory": 134217728,
    "maxmemory_policy": "allkeys-lfu"
  },
  "valkey": {
    "target": "valkey",
    "version": "valkey 9.1.0",
    "workload": "mixed",
    "skipped": false,
    "ops": 13728640,
    "errors": 0,
    "ops_per_sec": 1372745.046425296,
    "min_us": 17.521,
    "p50_us": 355.583,
    "p99_us": 5185.535,
    "p999_us": 9125.887,
    "nil_replies": 1474171,
    "err_replies": 0,
    "hit_ratio": 0.8926207548599133,
    "value_ops_per_sec": 1225340.7195703546,
    "bytes_per_sec": 5072152268.631744,
    "resp_ver": 2,
    "used_memory": 131547664,
    "bytes_per_key": 4112.5352174320815,
    "coverage_sampled": 2000,
    "coverage_retrievable": 1596,
    "coverage_missing": 404,
    "coverage_fraction": 0.798,
    "coverage_keyspace": 31987,
    "distinct_keys_est": 31987,
    "key_draws": 13728640,
    "server_hits": 8004022,
    "server_misses": 2191374,
    "evicted_keys": 2190767,
    "maxmemory": 134217728,
    "maxmemory_policy": "allkeys-lfu"
  },
  "gate": {
    "pass": false,
    "reason": "aki is 0.82x Redis, below the 2.0x bar",
    "required_speedup": 2,
    "speedup_vs_redis": 0.8171788812072787,
    "speedup_vs_valkey": 0.7171237741699708,
    "tail_regressed_vs_redis": true,
    "tail_regressed_vs_valkey": false
  },
  "generator_bound": false
}
