{
  "workload": "mixed",
  "cell": {
    "keyspace": 219310,
    "value_size": 512,
    "dist": "uniform",
    "pipeline": 16,
    "connections": 64
  },
  "timestamp": "2026-07-15T21:36:32.488590619Z",
  "aki": {
    "target": "aki",
    "version": "unknown",
    "workload": "mixed",
    "skipped": false,
    "ops": 9868688,
    "errors": 0,
    "ops_per_sec": 986759.4879680342,
    "min_us": 101.591,
    "p50_us": 906.239,
    "p99_us": 3655.679,
    "p999_us": 6594.559,
    "nil_replies": 0,
    "err_replies": 0,
    "hit_ratio": 1,
    "value_ops_per_sec": 986759.4879680342,
    "bytes_per_sec": 544234092.4003248,
    "resp_ver": 2,
    "used_memory": 123514656,
    "bytes_per_key": 563.1966440198805,
    "coverage_sampled": 2000,
    "coverage_retrievable": 2000,
    "coverage_fraction": 1,
    "coverage_keyspace": 219310,
    "distinct_keys_est": 219310,
    "key_draws": 9868688
  },
  "redis": {
    "target": "redis",
    "version": "redis 8.8.0",
    "workload": "mixed",
    "skipped": false,
    "ops": 20848048,
    "errors": 0,
    "ops_per_sec": 2084704.442119686,
    "min_us": 26.682,
    "p50_us": 383.231,
    "p99_us": 2549.759,
    "p999_us": 4345.855,
    "nil_replies": 1363703,
    "err_replies": 0,
    "hit_ratio": 0.9345884564348662,
    "value_ops_per_sec": 1948340.706683546,
    "bytes_per_sec": 1079564978.2339914,
    "resp_ver": 2,
    "used_memory": 132655424,
    "bytes_per_key": 604.8763120696731,
    "coverage_sampled": 2000,
    "coverage_retrievable": 1733,
    "coverage_missing": 267,
    "coverage_fraction": 0.8665,
    "coverage_keyspace": 219310,
    "distinct_keys_est": 219310,
    "key_draws": 20848048,
    "server_hits": 13596164,
    "server_misses": 2055094,
    "evicted_keys": 2051662,
    "maxmemory": 134217728,
    "maxmemory_policy": "allkeys-lfu"
  },
  "valkey": {
    "target": "valkey",
    "version": "valkey 9.1.0",
    "workload": "mixed",
    "skipped": false,
    "ops": 20293616,
    "errors": 0,
    "ops_per_sec": 2029082.961660814,
    "min_us": 17.71,
    "p50_us": 393.983,
    "p99_us": 3461.119,
    "p999_us": 6057.983,
    "nil_replies": 1279208,
    "err_replies": 0,
    "hit_ratio": 0.9369650041668276,
    "value_ops_per_sec": 1901179.7256273634,
    "bytes_per_sec": 1053244841.3959163,
    "resp_ver": 2,
    "used_memory": 133013712,
    "bytes_per_key": 606.5100177830468,
    "coverage_sampled": 2000,
    "coverage_retrievable": 1709,
    "coverage_missing": 291,
    "coverage_fraction": 0.8545,
    "coverage_keyspace": 219310,
    "distinct_keys_est": 219310,
    "key_draws": 20293616,
    "server_hits": 13286100,
    "server_misses": 1925356,
    "evicted_keys": 1922387,
    "maxmemory": 134217728,
    "maxmemory_policy": "allkeys-lfu"
  },
  "gate": {
    "pass": false,
    "reason": "aki is 0.51x Redis, below the 2.0x bar",
    "required_speedup": 2,
    "speedup_vs_redis": 0.5064614646622512,
    "speedup_vs_valkey": 0.5190248321433246,
    "tail_regressed_vs_redis": true,
    "tail_regressed_vs_valkey": true
  },
  "generator_bound": false
}
