{
  "workload": "mixed",
  "cell": {
    "keyspace": 9418787,
    "value_size": 128,
    "dist": "zipfian",
    "zipf_s": 0.99,
    "pipeline": 16,
    "connections": 64
  },
  "timestamp": "2026-07-15T21:35:45.903036238Z",
  "aki": {
    "target": "aki",
    "version": "unknown",
    "workload": "mixed",
    "skipped": false,
    "ops": 1115296,
    "errors": 0,
    "ops_per_sec": 111080.62726709203,
    "min_us": 321.285,
    "p50_us": 1261.567,
    "p99_us": 67174.399,
    "p999_us": 69730.303,
    "nil_replies": 13577,
    "err_replies": 13452,
    "hit_ratio": 0.9757651780334547,
    "value_ops_per_sec": 108388.6080413419,
    "bytes_per_sec": 18300753.353000008,
    "resp_ver": 2,
    "used_memory": 1160704672,
    "bytes_per_key": 123.23292500403714,
    "coverage_sampled": 2000,
    "coverage_retrievable": 1449,
    "coverage_missing": 551,
    "coverage_fraction": 0.7245,
    "coverage_keyspace": 9418787,
    "distinct_keys_est": 378082,
    "key_draws": 1115296
  },
  "redis": {
    "target": "redis",
    "version": "redis 8.8.0",
    "workload": "mixed",
    "skipped": false,
    "ops": 18700928,
    "errors": 0,
    "ops_per_sec": 1870000.9223666817,
    "min_us": 29.771,
    "p50_us": 413.183,
    "p99_us": 2492.415,
    "p999_us": 4026.367,
    "nil_replies": 2064790,
    "err_replies": 0,
    "hit_ratio": 0.8895889016844511,
    "value_ops_per_sec": 1663532.0666770872,
    "bytes_per_sec": 282940160.9708351,
    "resp_ver": 2,
    "used_memory": 133579256,
    "bytes_per_key": 14.182214333968908,
    "coverage_sampled": 2000,
    "coverage_retrievable": 157,
    "coverage_missing": 1843,
    "coverage_fraction": 0.0785,
    "coverage_keyspace": 9418787,
    "distinct_keys_est": 3065275,
    "key_draws": 18700928,
    "server_hits": 10501906,
    "server_misses": 3309688,
    "evicted_keys": 3119834,
    "maxmemory": 134217728,
    "maxmemory_policy": "allkeys-lfu"
  },
  "valkey": {
    "target": "valkey",
    "version": "valkey 9.1.0",
    "workload": "mixed",
    "skipped": false,
    "ops": 20215760,
    "errors": 0,
    "ops_per_sec": 2021417.3088363118,
    "min_us": 16.762,
    "p50_us": 388.095,
    "p99_us": 3407.871,
    "p999_us": 5951.487,
    "nil_replies": 2180143,
    "err_replies": 0,
    "hit_ratio": 0.8921562681788862,
    "value_ops_per_sec": 1803420.1226836108,
    "bytes_per_sec": 306530064.887909,
    "resp_ver": 2,
    "used_memory": 133910160,
    "bytes_per_key": 14.217346671073463,
    "coverage_sampled": 2000,
    "coverage_retrievable": 143,
    "coverage_missing": 1857,
    "coverage_fraction": 0.0715,
    "coverage_keyspace": 9418787,
    "distinct_keys_est": 3218630,
    "key_draws": 20215760,
    "server_hits": 11377196,
    "server_misses": 3479662,
    "evicted_keys": 3271653,
    "maxmemory": 134217728,
    "maxmemory_policy": "allkeys-lfu"
  },
  "gate": {
    "pass": false,
    "reason": "aki is 0.07x Redis, below the 2.0x bar",
    "required_speedup": 2,
    "speedup_vs_redis": 0.06515570707203056,
    "speedup_vs_valkey": 0.06010169603744486,
    "tail_regressed_vs_redis": true,
    "tail_regressed_vs_valkey": true
  },
  "generator_bound": false
}
