{
  "workload": "mixed",
  "cell": {
    "keyspace": 18512790,
    "value_size": 16,
    "dist": "uniform",
    "pipeline": 16,
    "connections": 64
  },
  "timestamp": "2026-07-15T20:20:21.085572725Z",
  "aki": {
    "target": "aki",
    "version": "unknown",
    "workload": "mixed",
    "skipped": false,
    "ops": 4658736,
    "errors": 0,
    "ops_per_sec": 465789.428077452,
    "min_us": 379.128,
    "p50_us": 2144.255,
    "p99_us": 3530.751,
    "p999_us": 4061.183,
    "nil_replies": 0,
    "err_replies": 0,
    "hit_ratio": 1,
    "value_ops_per_sec": 465789.428077452,
    "bytes_per_sec": 26500340.07389589,
    "resp_ver": 2,
    "used_memory": 1179571360,
    "bytes_per_key": 63.716563521759824,
    "coverage_sampled": 2000,
    "coverage_retrievable": 2000,
    "coverage_fraction": 1,
    "coverage_keyspace": 18512790,
    "distinct_keys_est": 4118969,
    "key_draws": 4658736
  },
  "redis": {
    "target": "redis",
    "version": "redis 8.8.0",
    "workload": "mixed",
    "skipped": false,
    "ops": 14003456,
    "errors": 0,
    "ops_per_sec": 1400221.7827284408,
    "min_us": 22.941,
    "p50_us": 426.751,
    "p99_us": 2918.399,
    "p999_us": 4210.687,
    "nil_replies": 6201565,
    "err_replies": 0,
    "hit_ratio": 0.5571403944854756,
    "value_ops_per_sec": 780120.1163964794,
    "bytes_per_sec": 68502501.73612922,
    "resp_ver": 2,
    "used_memory": 133832800,
    "bytes_per_key": 7.229207483042805,
    "coverage_sampled": 2000,
    "coverage_retrievable": 176,
    "coverage_missing": 1824,
    "coverage_fraction": 0.088,
    "coverage_keyspace": 18512790,
    "distinct_keys_est": 9823689,
    "key_draws": 14003456,
    "server_hits": 1123299,
    "server_misses": 9221315,
    "evicted_keys": 8678740,
    "maxmemory": 134217728,
    "maxmemory_policy": "allkeys-lfu"
  },
  "valkey": {
    "target": "valkey",
    "version": "valkey 9.1.0",
    "workload": "mixed",
    "skipped": false,
    "ops": 14635392,
    "errors": 0,
    "ops_per_sec": 1463413.6500844252,
    "min_us": 16.492,
    "p50_us": 629.247,
    "p99_us": 2582.527,
    "p999_us": 4304.895,
    "nil_replies": 6322398,
    "err_replies": 0,
    "hit_ratio": 0.5680062413087398,
    "value_ops_per_sec": 831228.0868643577,
    "bytes_per_sec": 71880306.20882958,
    "resp_ver": 2,
    "used_memory": 134035360,
    "bytes_per_key": 7.240149107724983,
    "coverage_sampled": 2000,
    "coverage_retrievable": 225,
    "coverage_missing": 1775,
    "coverage_fraction": 0.1125,
    "coverage_keyspace": 18512790,
    "distinct_keys_est": 10115748,
    "key_draws": 14635392,
    "server_hits": 1402930,
    "server_misses": 9394436,
    "evicted_keys": 8776325,
    "maxmemory": 134217728,
    "maxmemory_policy": "allkeys-lfu"
  },
  "gate": {
    "pass": false,
    "reason": "aki is 0.60x Redis, below the 2.0x bar",
    "required_speedup": 2,
    "speedup_vs_redis": 0.597073986797085,
    "speedup_vs_valkey": 0.5603629562549429,
    "tail_regressed_vs_redis": true,
    "tail_regressed_vs_valkey": true
  },
  "generator_bound": false
}
