{
  "workload": "mixed",
  "cell": {
    "keyspace": 9418787,
    "value_size": 128,
    "dist": "uniform",
    "pipeline": 16,
    "connections": 64
  },
  "timestamp": "2026-07-15T20:49:58.985263941Z",
  "aki": {
    "target": "aki",
    "version": "unknown",
    "workload": "mixed",
    "skipped": false,
    "ops": 270480,
    "errors": 0,
    "ops_per_sec": 27012.691786201794,
    "min_us": 253.1,
    "p50_us": 61865.983,
    "p99_us": 68026.367,
    "p999_us": 83492.863,
    "nil_replies": 42211,
    "err_replies": 41596,
    "hit_ratio": 0.6901545400769004,
    "value_ops_per_sec": 18642.931875945163,
    "bytes_per_sec": 4221999.536227795,
    "resp_ver": 2,
    "used_memory": 1160704672,
    "bytes_per_key": 123.23292500403714,
    "coverage_sampled": 2000,
    "coverage_retrievable": 1449,
    "coverage_missing": 551,
    "coverage_fraction": 0.7245,
    "coverage_keyspace": 9418787,
    "distinct_keys_est": 266664,
    "key_draws": 270480
  },
  "redis": {
    "target": "redis",
    "version": "redis 8.8.0",
    "workload": "mixed",
    "skipped": false,
    "ops": 13174192,
    "errors": 0,
    "ops_per_sec": 1317351.8654036925,
    "min_us": 24.294,
    "p50_us": 764.415,
    "p99_us": 2191.359,
    "p999_us": 3028.991,
    "nil_replies": 6058846,
    "err_replies": 0,
    "hit_ratio": 0.5400973357607055,
    "value_ops_per_sec": 711498.2327639298,
    "bytes_per_sec": 143754614.584132,
    "resp_ver": 2,
    "used_memory": 133824616,
    "bytes_per_key": 14.208264397528048,
    "coverage_sampled": 2000,
    "coverage_retrievable": 122,
    "coverage_missing": 1878,
    "coverage_fraction": 0.061,
    "coverage_keyspace": 9418787,
    "distinct_keys_est": 7093170,
    "key_draws": 13174192,
    "server_hits": 745259,
    "server_misses": 9105223,
    "evicted_keys": 8872413,
    "maxmemory": 134217728,
    "maxmemory_policy": "allkeys-lfu"
  },
  "valkey": {
    "target": "valkey",
    "version": "valkey 9.1.0",
    "workload": "mixed",
    "skipped": false,
    "ops": 13957456,
    "errors": 0,
    "ops_per_sec": 1395601.6471790976,
    "min_us": 14.922,
    "p50_us": 652.799,
    "p99_us": 2764.799,
    "p999_us": 4534.271,
    "nil_replies": 6413282,
    "err_replies": 0,
    "hit_ratio": 0.540512110516415,
    "value_ops_per_sec": 754339.5917569593,
    "bytes_per_sec": 152369342.38325652,
    "resp_ver": 2,
    "used_memory": 134051992,
    "bytes_per_key": 14.232405085707958,
    "coverage_sampled": 2000,
    "coverage_retrievable": 144,
    "coverage_missing": 1856,
    "coverage_fraction": 0.072,
    "coverage_keyspace": 9418787,
    "distinct_keys_est": 7278559,
    "key_draws": 13957456,
    "server_hits": 795894,
    "server_misses": 9604790,
    "evicted_keys": 9376503,
    "maxmemory": 134217728,
    "maxmemory_policy": "allkeys-lfu"
  },
  "gate": {
    "pass": false,
    "reason": "aki is 0.03x Redis, below the 2.0x bar",
    "required_speedup": 2,
    "speedup_vs_redis": 0.026202358653125087,
    "speedup_vs_valkey": 0.02471424286841851,
    "tail_regressed_vs_redis": true,
    "tail_regressed_vs_valkey": true
  },
  "generator_bound": false
}
