{
  "workload": "mixed",
  "cell": {
    "keyspace": 4628197,
    "value_size": 16,
    "dist": "zipfian",
    "zipf_s": 0.99,
    "pipeline": 16,
    "connections": 64
  },
  "timestamp": "2026-07-15T20:25:48.846308514Z",
  "aki": {
    "target": "aki",
    "version": "unknown",
    "workload": "mixed",
    "skipped": false,
    "ops": 5209568,
    "errors": 0,
    "ops_per_sec": 520845.65164210874,
    "min_us": 323.985,
    "p50_us": 1917.951,
    "p99_us": 3145.727,
    "p999_us": 3678.207,
    "nil_replies": 0,
    "err_replies": 0,
    "hit_ratio": 1,
    "value_ops_per_sec": 520845.65164210874,
    "bytes_per_sec": 27390254.025269058,
    "resp_ver": 2,
    "used_memory": 294814896,
    "bytes_per_key": 63.69972928982928,
    "coverage_sampled": 2000,
    "coverage_retrievable": 2000,
    "coverage_fraction": 1,
    "coverage_keyspace": 4628197,
    "distinct_keys_est": 1064039,
    "key_draws": 5209568
  },
  "redis": {
    "target": "redis",
    "version": "redis 8.8.0",
    "workload": "mixed",
    "skipped": false,
    "ops": 22545472,
    "errors": 0,
    "ops_per_sec": 2254358.0433542207,
    "min_us": 24.872,
    "p50_us": 316.159,
    "p99_us": 2910.207,
    "p999_us": 5046.271,
    "nil_replies": 1176181,
    "err_replies": 0,
    "hit_ratio": 0.9478307218407315,
    "value_ops_per_sec": 2136749.81151989,
    "bytes_per_sec": 116433758.18100893,
    "resp_ver": 2,
    "used_memory": 133840424,
    "bytes_per_key": 28.91848034990732,
    "coverage_sampled": 2000,
    "coverage_retrievable": 775,
    "coverage_missing": 1225,
    "coverage_fraction": 0.3875,
    "coverage_keyspace": 4628197,
    "distinct_keys_est": 2571188,
    "key_draws": 22545472,
    "server_hits": 14591697,
    "server_misses": 1986147,
    "evicted_keys": 1618931,
    "maxmemory": 134217728,
    "maxmemory_policy": "allkeys-lfu"
  },
  "valkey": {
    "target": "valkey",
    "version": "valkey 9.1.0",
    "workload": "mixed",
    "skipped": false,
    "ops": 23806720,
    "errors": 0,
    "ops_per_sec": 2380461.9523221585,
    "min_us": 15.983,
    "p50_us": 303.103,
    "p99_us": 3641.343,
    "p999_us": 6459.391,
    "nil_replies": 981008,
    "err_replies": 0,
    "hit_ratio": 0.9587928114414753,
    "value_ops_per_sec": 2282369.8077964257,
    "bytes_per_sec": 123416494.15070583,
    "resp_ver": 2,
    "used_memory": 134027152,
    "bytes_per_key": 28.958826082813676,
    "coverage_sampled": 2000,
    "coverage_retrievable": 965,
    "coverage_missing": 1035,
    "coverage_fraction": 0.4825,
    "coverage_keyspace": 4628197,
    "distinct_keys_est": 2640997,
    "key_draws": 23806720,
    "server_hits": 15804913,
    "server_misses": 1670809,
    "evicted_keys": 1328176,
    "maxmemory": 134217728,
    "maxmemory_policy": "allkeys-lfu"
  },
  "gate": {
    "pass": false,
    "reason": "aki is 0.24x Redis, below the 2.0x bar",
    "required_speedup": 2,
    "speedup_vs_redis": 0.2437560302259376,
    "speedup_vs_valkey": 0.22820388258858584,
    "tail_regressed_vs_redis": true,
    "tail_regressed_vs_valkey": false
  },
  "generator_bound": false
}
