{
  "workload": "mixed",
  "cell": {
    "keyspace": 877240,
    "value_size": 512,
    "dist": "zipfian",
    "zipf_s": 0.99,
    "pipeline": 16,
    "connections": 64
  },
  "timestamp": "2026-07-15T22:22:53.784174387Z",
  "aki": {
    "target": "aki",
    "version": "unknown",
    "workload": "mixed",
    "skipped": false,
    "ops": 4621024,
    "errors": 0,
    "ops_per_sec": 461999.7699850962,
    "min_us": 464.971,
    "p50_us": 2142.207,
    "p99_us": 3524.607,
    "p999_us": 4272.127,
    "nil_replies": 0,
    "err_replies": 0,
    "hit_ratio": 1,
    "value_ops_per_sec": 461999.7699850962,
    "bytes_per_sec": 253685798.87558037,
    "resp_ver": 2,
    "used_memory": 494308608,
    "bytes_per_key": 563.4816105056769,
    "coverage_sampled": 2000,
    "coverage_retrievable": 2000,
    "coverage_fraction": 1,
    "coverage_keyspace": 877240,
    "distinct_keys_est": 531989,
    "key_draws": 4621024
  },
  "redis": {
    "target": "redis",
    "version": "redis 8.8.0",
    "workload": "mixed",
    "skipped": false,
    "ops": 20654464,
    "errors": 0,
    "ops_per_sec": 2065290.8164795677,
    "min_us": 25.688,
    "p50_us": 383.487,
    "p99_us": 2525.183,
    "p999_us": 4304.895,
    "nil_replies": 1472293,
    "err_replies": 0,
    "hit_ratio": 0.928717927514362,
    "value_ops_per_sec": 1918072.6067953487,
    "bytes_per_sec": 1058241816.6983436,
    "resp_ver": 2,
    "used_memory": 132641928,
    "bytes_per_key": 151.20369340203365,
    "coverage_sampled": 2000,
    "coverage_retrievable": 423,
    "coverage_missing": 1577,
    "coverage_fraction": 0.2115,
    "coverage_keyspace": 877240,
    "distinct_keys_est": 832655,
    "key_draws": 20654464,
    "server_hits": 13081110,
    "server_misses": 2323488,
    "evicted_keys": 2285881,
    "maxmemory": 134217728,
    "maxmemory_policy": "allkeys-lfu"
  },
  "valkey": {
    "target": "valkey",
    "version": "valkey 9.1.0",
    "workload": "mixed",
    "skipped": false,
    "ops": 20695264,
    "errors": 0,
    "ops_per_sec": 2069333.134631891,
    "min_us": 18.006,
    "p50_us": 377.599,
    "p99_us": 3518.463,
    "p999_us": 6225.919,
    "nil_replies": 1467397,
    "err_replies": 0,
    "hit_ratio": 0.9290950335303768,
    "value_ops_per_sec": 1922607.1381063366,
    "bytes_per_sec": 1060714948.1274196,
    "resp_ver": 2,
    "used_memory": 132906704,
    "bytes_per_key": 151.50552186402808,
    "coverage_sampled": 2000,
    "coverage_retrievable": 435,
    "coverage_missing": 1565,
    "coverage_fraction": 0.2175,
    "coverage_keyspace": 877240,
    "distinct_keys_est": 832848,
    "key_draws": 20695264,
    "server_hits": 13110470,
    "server_misses": 2303532,
    "evicted_keys": 2269684,
    "maxmemory": 134217728,
    "maxmemory_policy": "allkeys-lfu"
  },
  "gate": {
    "pass": false,
    "reason": "aki is 0.24x Redis, below the 2.0x bar",
    "required_speedup": 2,
    "speedup_vs_redis": 0.24086667436275516,
    "speedup_vs_valkey": 0.24029858249675531,
    "tail_regressed_vs_redis": true,
    "tail_regressed_vs_valkey": true
  },
  "generator_bound": false
}
