{
  "workload": "mixed",
  "cell": {
    "keyspace": 219310,
    "value_size": 512,
    "dist": "uniform",
    "pipeline": 16,
    "connections": 64
  },
  "timestamp": "2026-07-15T21:37:19.03758891Z",
  "aki": {
    "target": "aki",
    "version": "unknown",
    "workload": "mixed",
    "skipped": false,
    "ops": 9704480,
    "errors": 0,
    "ops_per_sec": 970313.7240085853,
    "min_us": 89.022,
    "p50_us": 925.183,
    "p99_us": 3600.383,
    "p999_us": 6569.983,
    "nil_replies": 0,
    "err_replies": 0,
    "hit_ratio": 1,
    "value_ops_per_sec": 970313.7240085853,
    "bytes_per_sec": 535163635.2619815,
    "resp_ver": 2,
    "used_memory": 123514656,
    "bytes_per_key": 563.1966440198805,
    "coverage_sampled": 2000,
    "coverage_retrievable": 2000,
    "coverage_fraction": 1,
    "coverage_keyspace": 219310,
    "distinct_keys_est": 219310,
    "key_draws": 9704480
  },
  "redis": {
    "target": "redis",
    "version": "redis 8.8.0",
    "workload": "mixed",
    "skipped": false,
    "ops": 20095040,
    "errors": 0,
    "ops_per_sec": 2009356.599828842,
    "min_us": 28.884,
    "p50_us": 397.823,
    "p99_us": 2658.303,
    "p999_us": 4607.999,
    "nil_replies": 1313666,
    "err_replies": 0,
    "hit_ratio": 0.9346273508288613,
    "value_ops_per_sec": 1877999.635768519,
    "bytes_per_sec": 1040586319.5134182,
    "resp_ver": 2,
    "used_memory": 132671312,
    "bytes_per_key": 604.9487574665998,
    "coverage_sampled": 2000,
    "coverage_retrievable": 1743,
    "coverage_missing": 257,
    "coverage_fraction": 0.8715,
    "coverage_keyspace": 219310,
    "distinct_keys_est": 219310,
    "key_draws": 20095040,
    "server_hits": 13107882,
    "server_misses": 1981040,
    "evicted_keys": 1973380,
    "maxmemory": 134217728,
    "maxmemory_policy": "allkeys-lfu"
  },
  "valkey": {
    "target": "valkey",
    "version": "valkey 9.1.0",
    "workload": "mixed",
    "skipped": false,
    "ops": 20272608,
    "errors": 0,
    "ops_per_sec": 2027068.8623225125,
    "min_us": 18.473,
    "p50_us": 394.751,
    "p99_us": 3409.919,
    "p999_us": 6107.135,
    "nil_replies": 1279202,
    "err_replies": 0,
    "hit_ratio": 0.9368999785326091,
    "value_ops_per_sec": 1899160.7735940823,
    "bytes_per_sec": 1052131521.007031,
    "resp_ver": 2,
    "used_memory": 132960600,
    "bytes_per_key": 606.2678400437736,
    "coverage_sampled": 2000,
    "coverage_retrievable": 1745,
    "coverage_missing": 255,
    "coverage_fraction": 0.8725,
    "coverage_keyspace": 219310,
    "distinct_keys_est": 219310,
    "key_draws": 20272608,
    "server_hits": 13232425,
    "server_misses": 1921015,
    "evicted_keys": 1915631,
    "maxmemory": 134217728,
    "maxmemory_policy": "allkeys-lfu"
  },
  "gate": {
    "pass": false,
    "reason": "aki is 0.52x Redis, below the 2.0x bar",
    "required_speedup": 2,
    "speedup_vs_redis": 0.5166740746525819,
    "speedup_vs_valkey": 0.5109171048074604,
    "tail_regressed_vs_redis": true,
    "tail_regressed_vs_valkey": true
  },
  "generator_bound": false
}
