{
  "workload": "mixed",
  "cell": {
    "keyspace": 2354696,
    "value_size": 128,
    "dist": "zipfian",
    "zipf_s": 0.99,
    "pipeline": 16,
    "connections": 64
  },
  "timestamp": "2026-07-15T21:06:38.885251947Z",
  "aki": {
    "target": "aki",
    "version": "unknown",
    "workload": "mixed",
    "skipped": false,
    "ops": 5144256,
    "errors": 0,
    "ops_per_sec": 514309.70200587506,
    "min_us": 408.34,
    "p50_us": 1938.431,
    "p99_us": 3211.263,
    "p999_us": 3717.119,
    "nil_replies": 0,
    "err_replies": 0,
    "hit_ratio": 1,
    "value_ops_per_sec": 514309.70200587506,
    "bytes_per_sec": 85067212.08447857,
    "resp_ver": 2,
    "used_memory": 413242944,
    "bytes_per_key": 175.49736526498538,
    "coverage_sampled": 2000,
    "coverage_retrievable": 2000,
    "coverage_fraction": 1,
    "coverage_keyspace": 2354696,
    "distinct_keys_est": 855824,
    "key_draws": 5144256
  },
  "redis": {
    "target": "redis",
    "version": "redis 8.8.0",
    "workload": "mixed",
    "skipped": false,
    "ops": 20646000,
    "errors": 0,
    "ops_per_sec": 2064429.9056332284,
    "min_us": 26.878,
    "p50_us": 373.503,
    "p99_us": 2598.911,
    "p999_us": 4489.215,
    "nil_replies": 1288334,
    "err_replies": 0,
    "hit_ratio": 0.9375988569214375,
    "value_ops_per_sec": 1935607.119716146,
    "bytes_per_sec": 324581052.52579737,
    "resp_ver": 2,
    "used_memory": 133610984,
    "bytes_per_key": 56.74234975555231,
    "coverage_sampled": 2000,
    "coverage_retrievable": 526,
    "coverage_missing": 1474,
    "coverage_fraction": 0.263,
    "coverage_keyspace": 2354696,
    "distinct_keys_est": 1721554,
    "key_draws": 20646000,
    "server_hits": 13113561,
    "server_misses": 2143533,
    "evicted_keys": 1981568,
    "maxmemory": 134217728,
    "maxmemory_policy": "allkeys-lfu"
  },
  "valkey": {
    "target": "valkey",
    "version": "valkey 9.1.0",
    "workload": "mixed",
    "skipped": false,
    "ops": 22226400,
    "errors": 0,
    "ops_per_sec": 2222442.538869597,
    "min_us": 15.741,
    "p50_us": 337.919,
    "p99_us": 3588.095,
    "p999_us": 6123.519,
    "nil_replies": 1351623,
    "err_replies": 0,
    "hit_ratio": 0.9391883975812547,
    "value_ops_per_sec": 2087292.246797352,
    "bytes_per_sec": 349887125.0837896,
    "resp_ver": 2,
    "used_memory": 133880400,
    "bytes_per_key": 56.85676622375033,
    "coverage_sampled": 2000,
    "coverage_retrievable": 517,
    "coverage_missing": 1483,
    "coverage_fraction": 0.2585,
    "coverage_keyspace": 2354696,
    "distinct_keys_est": 1768516,
    "key_draws": 22226400,
    "server_hits": 14156928,
    "server_misses": 2232234,
    "evicted_keys": 2078328,
    "maxmemory": 134217728,
    "maxmemory_policy": "allkeys-lfu"
  },
  "gate": {
    "pass": false,
    "reason": "aki is 0.27x Redis, below the 2.0x bar",
    "required_speedup": 2,
    "speedup_vs_redis": 0.2657097593654738,
    "speedup_vs_valkey": 0.24640042753716393,
    "tail_regressed_vs_redis": true,
    "tail_regressed_vs_valkey": false
  },
  "generator_bound": false
}
