{
  "workload": "mixed",
  "cell": {
    "keyspace": 877240,
    "value_size": 512,
    "dist": "uniform",
    "pipeline": 16,
    "connections": 64
  },
  "timestamp": "2026-07-15T21:38:13.723481108Z",
  "aki": {
    "target": "aki",
    "version": "unknown",
    "workload": "mixed",
    "skipped": false,
    "ops": 4721520,
    "errors": 0,
    "ops_per_sec": 472044.2845451407,
    "min_us": 386.555,
    "p50_us": 2107.391,
    "p99_us": 3502.079,
    "p999_us": 4079.615,
    "nil_replies": 0,
    "err_replies": 0,
    "hit_ratio": 1,
    "value_ops_per_sec": 472044.2845451407,
    "bytes_per_sec": 260690740.86232617,
    "resp_ver": 2,
    "used_memory": 494308608,
    "bytes_per_key": 563.4816105056769,
    "coverage_sampled": 2000,
    "coverage_retrievable": 2000,
    "coverage_fraction": 1,
    "coverage_keyspace": 877240,
    "distinct_keys_est": 873123,
    "key_draws": 4721520
  },
  "redis": {
    "target": "redis",
    "version": "redis 8.8.0",
    "workload": "mixed",
    "skipped": false,
    "ops": 15471824,
    "errors": 0,
    "ops_per_sec": 1547059.390368459,
    "min_us": 21.559,
    "p50_us": 608.255,
    "p99_us": 2081.791,
    "p999_us": 3221.503,
    "nil_replies": 6010469,
    "err_replies": 0,
    "hit_ratio": 0.6115216279606076,
    "value_ops_per_sec": 946060.2769498653,
    "bytes_per_sec": 544863534.365142,
    "resp_ver": 2,
    "used_memory": 133417624,
    "bytes_per_key": 152.08793944644566,
    "coverage_sampled": 2000,
    "coverage_retrievable": 429,
    "coverage_missing": 1571,
    "coverage_fraction": 0.2145,
    "coverage_keyspace": 877240,
    "distinct_keys_est": 877240,
    "key_draws": 15471824,
    "server_hits": 2570830,
    "server_misses": 9051416,
    "evicted_keys": 8998432,
    "maxmemory": 134217728,
    "maxmemory_policy": "allkeys-lfu"
  },
  "valkey": {
    "target": "valkey",
    "version": "valkey 9.1.0",
    "workload": "mixed",
    "skipped": false,
    "ops": 15356976,
    "errors": 0,
    "ops_per_sec": 1535550.4489682505,
    "min_us": 18.139,
    "p50_us": 578.559,
    "p99_us": 2836.479,
    "p999_us": 4931.583,
    "nil_replies": 5956589,
    "err_replies": 0,
    "hit_ratio": 0.6121248740637479,
    "value_ops_per_sec": 939948.6251932221,
    "bytes_per_sec": 541287147.2233251,
    "resp_ver": 2,
    "used_memory": 133600744,
    "bytes_per_key": 152.29668505768092,
    "coverage_sampled": 2000,
    "coverage_retrievable": 414,
    "coverage_missing": 1586,
    "coverage_fraction": 0.207,
    "coverage_keyspace": 877240,
    "distinct_keys_est": 877240,
    "key_draws": 15356976,
    "server_hits": 2574015,
    "server_misses": 9005089,
    "evicted_keys": 8951155,
    "maxmemory": 134217728,
    "maxmemory_policy": "allkeys-lfu"
  },
  "gate": {
    "pass": false,
    "reason": "aki is 0.50x Redis, below the 2.0x bar",
    "required_speedup": 2,
    "speedup_vs_redis": 0.498957937507988,
    "speedup_vs_valkey": 0.5022022181777266,
    "tail_regressed_vs_redis": true,
    "tail_regressed_vs_valkey": true
  },
  "generator_bound": false
}
