{
  "workload": "mixed",
  "cell": {
    "keyspace": 877240,
    "value_size": 512,
    "dist": "zipfian",
    "zipf_s": 0.99,
    "pipeline": 16,
    "connections": 64
  },
  "timestamp": "2026-07-15T22:23:48.334872865Z",
  "aki": {
    "target": "aki",
    "version": "unknown",
    "workload": "mixed",
    "skipped": false,
    "ops": 4632080,
    "errors": 0,
    "ops_per_sec": 463092.67885505006,
    "min_us": 247.593,
    "p50_us": 2129.919,
    "p99_us": 3573.759,
    "p999_us": 4325.375,
    "nil_replies": 0,
    "err_replies": 0,
    "hit_ratio": 1,
    "value_ops_per_sec": 463092.67885505006,
    "bytes_per_sec": 254285887.836496,
    "resp_ver": 2,
    "used_memory": 494308608,
    "bytes_per_key": 563.4816105056769,
    "coverage_sampled": 2000,
    "coverage_retrievable": 2000,
    "coverage_fraction": 1,
    "coverage_keyspace": 877240,
    "distinct_keys_est": 532567,
    "key_draws": 4632080
  },
  "redis": {
    "target": "redis",
    "version": "redis 8.8.0",
    "workload": "mixed",
    "skipped": false,
    "ops": 19817648,
    "errors": 0,
    "ops_per_sec": 1981609.2442688076,
    "min_us": 28.112,
    "p50_us": 396.799,
    "p99_us": 2629.631,
    "p999_us": 4366.335,
    "nil_replies": 1415859,
    "err_replies": 0,
    "hit_ratio": 0.9285556489851874,
    "value_ops_per_sec": 1840034.4578470693,
    "bytes_per_sec": 1015198455.2258242,
    "resp_ver": 2,
    "used_memory": 132602728,
    "bytes_per_key": 151.15900779718208,
    "coverage_sampled": 2000,
    "coverage_retrievable": 436,
    "coverage_missing": 1564,
    "coverage_fraction": 0.218,
    "coverage_keyspace": 877240,
    "distinct_keys_est": 828276,
    "key_draws": 19817648,
    "server_hits": 12545632,
    "server_misses": 2237008,
    "evicted_keys": 2198535,
    "maxmemory": 134217728,
    "maxmemory_policy": "allkeys-lfu"
  },
  "valkey": {
    "target": "valkey",
    "version": "valkey 9.1.0",
    "workload": "mixed",
    "skipped": false,
    "ops": 20570144,
    "errors": 0,
    "ops_per_sec": 2056804.232246982,
    "min_us": 17.898,
    "p50_us": 384.255,
    "p99_us": 3483.647,
    "p999_us": 6205.439,
    "nil_replies": 1451688,
    "err_replies": 0,
    "hit_ratio": 0.9294274264681861,
    "value_ops_per_sec": 1911650.2643261857,
    "bytes_per_sec": 1054644888.6923771,
    "resp_ver": 2,
    "used_memory": 132759856,
    "bytes_per_key": 151.33812411654736,
    "coverage_sampled": 2000,
    "coverage_retrievable": 448,
    "coverage_missing": 1552,
    "coverage_fraction": 0.224,
    "coverage_keyspace": 877240,
    "distinct_keys_est": 832209,
    "key_draws": 20570144,
    "server_hits": 13041990,
    "server_misses": 2283944,
    "evicted_keys": 2256946,
    "maxmemory": 134217728,
    "maxmemory_policy": "allkeys-lfu"
  },
  "gate": {
    "pass": false,
    "reason": "aki is 0.25x Redis, below the 2.0x bar",
    "required_speedup": 2,
    "speedup_vs_redis": 0.25167609056457085,
    "speedup_vs_valkey": 0.24224759491678252,
    "tail_regressed_vs_redis": true,
    "tail_regressed_vs_valkey": true
  },
  "generator_bound": false
}
