{
  "workload": "mixed",
  "cell": {
    "keyspace": 9418787,
    "value_size": 128,
    "dist": "uniform",
    "pipeline": 16,
    "connections": 64
  },
  "timestamp": "2026-07-15T21:04:04.793590869Z",
  "aki": {
    "target": "aki",
    "version": "unknown",
    "workload": "mixed",
    "skipped": false,
    "ops": 268368,
    "errors": 0,
    "ops_per_sec": 26720.288881752327,
    "min_us": 310.294,
    "p50_us": 62226.431,
    "p99_us": 68550.655,
    "p999_us": 89456.639,
    "nil_replies": 41868,
    "err_replies": 41313,
    "hit_ratio": 0.6900487390448936,
    "value_ops_per_sec": 18438.301649768484,
    "bytes_per_sec": 4176709.878838693,
    "resp_ver": 2,
    "used_memory": 1160704672,
    "bytes_per_key": 123.23292500403714,
    "coverage_sampled": 2000,
    "coverage_retrievable": 1449,
    "coverage_missing": 551,
    "coverage_fraction": 0.7245,
    "coverage_keyspace": 9418787,
    "distinct_keys_est": 264606,
    "key_draws": 268368
  },
  "redis": {
    "target": "redis",
    "version": "redis 8.8.0",
    "workload": "mixed",
    "skipped": false,
    "ops": 13088512,
    "errors": 0,
    "ops_per_sec": 1308629.7174301732,
    "min_us": 25.834,
    "p50_us": 769.535,
    "p99_us": 2191.359,
    "p999_us": 2979.839,
    "nil_replies": 6018824,
    "err_replies": 0,
    "hit_ratio": 0.5401445175738846,
    "value_ops_per_sec": 706849.1674041699,
    "bytes_per_sec": 142810883.08650264,
    "resp_ver": 2,
    "used_memory": 133871856,
    "bytes_per_key": 14.21327990536361,
    "coverage_sampled": 2000,
    "coverage_retrievable": 126,
    "coverage_missing": 1874,
    "coverage_fraction": 0.063,
    "coverage_keyspace": 9418787,
    "distinct_keys_est": 7071780,
    "key_draws": 13088512,
    "server_hits": 742310,
    "server_misses": 9066612,
    "evicted_keys": 8834788,
    "maxmemory": 134217728,
    "maxmemory_policy": "allkeys-lfu"
  },
  "valkey": {
    "target": "valkey",
    "version": "valkey 9.1.0",
    "workload": "mixed",
    "skipped": false,
    "ops": 13752464,
    "errors": 0,
    "ops_per_sec": 1375141.0005303312,
    "min_us": 16.818,
    "p50_us": 667.135,
    "p99_us": 2715.647,
    "p999_us": 4399.103,
    "nil_replies": 6318869,
    "err_replies": 0,
    "hit_ratio": 0.5405282282505884,
    "value_ops_per_sec": 743302.5286114013,
    "bytes_per_sec": 150138416.34589922,
    "resp_ver": 2,
    "used_memory": 134039112,
    "bytes_per_key": 14.2310376060102,
    "coverage_sampled": 2000,
    "coverage_retrievable": 128,
    "coverage_missing": 1872,
    "coverage_fraction": 0.064,
    "coverage_keyspace": 9418787,
    "distinct_keys_est": 7231627,
    "key_draws": 13752464,
    "server_hits": 784338,
    "server_misses": 9457228,
    "evicted_keys": 9231295,
    "maxmemory": 134217728,
    "maxmemory_policy": "allkeys-lfu"
  },
  "gate": {
    "pass": false,
    "reason": "aki is 0.03x Redis, below the 2.0x bar",
    "required_speedup": 2,
    "speedup_vs_redis": 0.026085199643767328,
    "speedup_vs_valkey": 0.024805918102033028,
    "tail_regressed_vs_redis": true,
    "tail_regressed_vs_valkey": true
  },
  "generator_bound": false
}
