{
  "workload": "mixed",
  "cell": {
    "keyspace": 18512790,
    "value_size": 16,
    "dist": "uniform",
    "pipeline": 16,
    "connections": 64
  },
  "timestamp": "2026-07-15T20:23:03.623304011Z",
  "aki": {
    "target": "aki",
    "version": "unknown",
    "workload": "mixed",
    "skipped": false,
    "ops": 4640752,
    "errors": 0,
    "ops_per_sec": 463965.64291120466,
    "min_us": 312.371,
    "p50_us": 2148.351,
    "p99_us": 3577.855,
    "p999_us": 4087.807,
    "nil_replies": 0,
    "err_replies": 0,
    "hit_ratio": 1,
    "value_ops_per_sec": 463965.64291120466,
    "bytes_per_sec": 26396589.623138767,
    "resp_ver": 2,
    "used_memory": 1179571360,
    "bytes_per_key": 63.716563521759824,
    "coverage_sampled": 2000,
    "coverage_retrievable": 2000,
    "coverage_fraction": 1,
    "coverage_keyspace": 18512790,
    "distinct_keys_est": 4104951,
    "key_draws": 4640752
  },
  "redis": {
    "target": "redis",
    "version": "redis 8.8.0",
    "workload": "mixed",
    "skipped": false,
    "ops": 13885760,
    "errors": 0,
    "ops_per_sec": 1388492.7808240305,
    "min_us": 22.785,
    "p50_us": 428.543,
    "p99_us": 2947.071,
    "p999_us": 4440.063,
    "nil_replies": 6150022,
    "err_replies": 0,
    "hit_ratio": 0.5570986391814348,
    "value_ops_per_sec": 773527.4387103136,
    "bytes_per_sec": 67927671.3618097,
    "resp_ver": 2,
    "used_memory": 133798296,
    "bytes_per_key": 7.227343690497219,
    "coverage_sampled": 2000,
    "coverage_retrievable": 174,
    "coverage_missing": 1826,
    "coverage_fraction": 0.087,
    "coverage_keyspace": 18512790,
    "distinct_keys_est": 9768174,
    "key_draws": 13885760,
    "server_hits": 1115496,
    "server_misses": 9171048,
    "evicted_keys": 8629639,
    "maxmemory": 134217728,
    "maxmemory_policy": "allkeys-lfu"
  },
  "valkey": {
    "target": "valkey",
    "version": "valkey 9.1.0",
    "workload": "mixed",
    "skipped": false,
    "ops": 14653712,
    "errors": 0,
    "ops_per_sec": 1465258.6772181937,
    "min_us": 16.075,
    "p50_us": 631.807,
    "p99_us": 2545.663,
    "p999_us": 4292.607,
    "nil_replies": 6339139,
    "err_replies": 0,
    "hit_ratio": 0.5674038769152826,
    "value_ops_per_sec": 831393.4541373617,
    "bytes_per_sec": 71955055.79783608,
    "resp_ver": 2,
    "used_memory": 134022208,
    "bytes_per_key": 7.23943867996126,
    "coverage_sampled": 2000,
    "coverage_retrievable": 191,
    "coverage_missing": 1809,
    "coverage_fraction": 0.0955,
    "coverage_keyspace": 18512790,
    "distinct_keys_est": 10123965,
    "key_draws": 14653712,
    "server_hits": 1384683,
    "server_misses": 9355755,
    "evicted_keys": 8731927,
    "maxmemory": 134217728,
    "maxmemory_policy": "allkeys-lfu"
  },
  "gate": {
    "pass": false,
    "reason": "aki is 0.60x Redis, below the 2.0x bar",
    "required_speedup": 2,
    "speedup_vs_redis": 0.5998050226696096,
    "speedup_vs_valkey": 0.5580578492677775,
    "tail_regressed_vs_redis": true,
    "tail_regressed_vs_valkey": true
  },
  "generator_bound": false
}
