{
  "workload": "mixed",
  "cell": {
    "keyspace": 219310,
    "value_size": 512,
    "dist": "zipfian",
    "zipf_s": 0.99,
    "pipeline": 16,
    "connections": 64
  },
  "timestamp": "2026-07-15T22:21:12.518770749Z",
  "aki": {
    "target": "aki",
    "version": "unknown",
    "workload": "mixed",
    "skipped": false,
    "ops": 9971024,
    "errors": 0,
    "ops_per_sec": 997005.9860316297,
    "min_us": 50.103,
    "p50_us": 893.439,
    "p99_us": 3520.511,
    "p999_us": 6463.487,
    "nil_replies": 0,
    "err_replies": 0,
    "hit_ratio": 1,
    "value_ops_per_sec": 997005.9860316297,
    "bytes_per_sec": 547068016.008114,
    "resp_ver": 2,
    "used_memory": 123514656,
    "bytes_per_key": 563.1966440198805,
    "coverage_sampled": 2000,
    "coverage_retrievable": 2000,
    "coverage_fraction": 1,
    "coverage_keyspace": 219310,
    "distinct_keys_est": 218347,
    "key_draws": 9971024
  },
  "redis": {
    "target": "redis",
    "version": "redis 8.8.0",
    "workload": "mixed",
    "skipped": false,
    "ops": 23319296,
    "errors": 0,
    "ops_per_sec": 2331732.1510200105,
    "min_us": 25.473,
    "p50_us": 331.519,
    "p99_us": 2697.215,
    "p999_us": 4796.415,
    "nil_replies": 184428,
    "err_replies": 0,
    "hit_ratio": 0.9920911849139871,
    "value_ops_per_sec": 2313290.912607482,
    "bytes_per_sec": 1269950913.4996006,
    "resp_ver": 2,
    "used_memory": 132544040,
    "bytes_per_key": 604.3684282522457,
    "coverage_sampled": 2000,
    "coverage_retrievable": 1746,
    "coverage_missing": 254,
    "coverage_fraction": 0.873,
    "coverage_keyspace": 219310,
    "distinct_keys_est": 219308,
    "key_draws": 23319296,
    "server_hits": 17192899,
    "server_misses": 296417,
    "evicted_keys": 291242,
    "maxmemory": 134217728,
    "maxmemory_policy": "allkeys-lfu"
  },
  "valkey": {
    "target": "valkey",
    "version": "valkey 9.1.0",
    "workload": "mixed",
    "skipped": false,
    "ops": 22607536,
    "errors": 0,
    "ops_per_sec": 2260483.7203965248,
    "min_us": 18.531,
    "p50_us": 320.511,
    "p99_us": 3930.111,
    "p999_us": 7180.287,
    "nil_replies": 176337,
    "err_replies": 0,
    "hit_ratio": 0.9922000787701941,
    "value_ops_per_sec": 2242852.1254361738,
    "bytes_per_sec": 1231273038.665659,
    "resp_ver": 2,
    "used_memory": 132874096,
    "bytes_per_key": 605.8734029456022,
    "coverage_sampled": 2000,
    "coverage_retrievable": 1735,
    "coverage_missing": 265,
    "coverage_fraction": 0.8675,
    "coverage_keyspace": 219310,
    "distinct_keys_est": 219306,
    "key_draws": 22607536,
    "server_hits": 16634860,
    "server_misses": 289898,
    "evicted_keys": 283868,
    "maxmemory": 134217728,
    "maxmemory_policy": "allkeys-lfu"
  },
  "gate": {
    "pass": false,
    "reason": "aki is 0.43x Redis, below the 2.0x bar",
    "required_speedup": 2,
    "speedup_vs_redis": 0.4309903179915362,
    "speedup_vs_valkey": 0.4445259563591332,
    "tail_regressed_vs_redis": true,
    "tail_regressed_vs_valkey": false
  },
  "generator_bound": false
}
