{
  "workload": "mixed",
  "cell": {
    "keyspace": 127948,
    "value_size": 4096,
    "dist": "uniform",
    "pipeline": 16,
    "connections": 64
  },
  "timestamp": "2026-07-15T23:07:27.3759259Z",
  "aki": {
    "target": "aki",
    "version": "unknown",
    "workload": "mixed",
    "skipped": false,
    "ops": 3992384,
    "errors": 0,
    "ops_per_sec": 399199.0554600526,
    "min_us": 44.186,
    "p50_us": 1184.767,
    "p99_us": 39944.191,
    "p999_us": 50298.879,
    "nil_replies": 0,
    "err_replies": 0,
    "hit_ratio": 1,
    "value_ops_per_sec": 399199.0554600526,
    "bytes_per_sec": 1651027190.0064883,
    "resp_ver": 2,
    "used_memory": 135992256,
    "bytes_per_key": 1062.8712914621565,
    "coverage_sampled": 2000,
    "coverage_retrievable": 2000,
    "coverage_fraction": 1,
    "coverage_keyspace": 127948,
    "distinct_keys_est": 127948,
    "key_draws": 3992384
  },
  "redis": {
    "target": "redis",
    "version": "redis 8.8.0",
    "workload": "mixed",
    "skipped": false,
    "ops": 13192608,
    "errors": 0,
    "ops_per_sec": 1319144.0177630803,
    "min_us": 23.413,
    "p50_us": 363.519,
    "p99_us": 4583.423,
    "p999_us": 7663.615,
    "nil_replies": 5290069,
    "err_replies": 0,
    "hit_ratio": 0.5990126440503651,
    "value_ops_per_sec": 790183.9459634847,
    "bytes_per_sec": 3287044957.1543975,
    "resp_ver": 2,
    "used_memory": 131704840,
    "bytes_per_key": 1029.3622409103698,
    "coverage_sampled": 2000,
    "coverage_retrievable": 396,
    "coverage_missing": 1604,
    "coverage_fraction": 0.198,
    "coverage_keyspace": 127948,
    "distinct_keys_est": 127948,
    "key_draws": 13192608,
    "server_hits": 1958220,
    "server_misses": 7957312,
    "evicted_keys": 7940380,
    "maxmemory": 134217728,
    "maxmemory_policy": "allkeys-lfu"
  },
  "valkey": {
    "target": "valkey",
    "version": "valkey 9.1.0",
    "workload": "mixed",
    "skipped": false,
    "ops": 13775696,
    "errors": 0,
    "ops_per_sec": 1377423.6042550802,
    "min_us": 12.091,
    "p50_us": 342.527,
    "p99_us": 5222.399,
    "p999_us": 9060.351,
    "nil_replies": 5521960,
    "err_replies": 0,
    "hit_ratio": 0.5991520138075056,
    "value_ops_per_sec": 825286.126355424,
    "bytes_per_sec": 3433053208.4676337,
    "resp_ver": 2,
    "used_memory": 131760280,
    "bytes_per_key": 1029.7955419389127,
    "coverage_sampled": 2000,
    "coverage_retrievable": 386,
    "coverage_missing": 1614,
    "coverage_fraction": 0.193,
    "coverage_keyspace": 127948,
    "distinct_keys_est": 127948,
    "key_draws": 13775696,
    "server_hits": 2045878,
    "server_misses": 8293276,
    "evicted_keys": 8283026,
    "maxmemory": 134217728,
    "maxmemory_policy": "allkeys-lfu"
  },
  "gate": {
    "pass": false,
    "reason": "aki is 0.51x Redis, below the 2.0x bar",
    "required_speedup": 2,
    "speedup_vs_redis": 0.5051976283488049,
    "speedup_vs_valkey": 0.4837098828050945,
    "tail_regressed_vs_redis": true,
    "tail_regressed_vs_valkey": true
  },
  "generator_bound": false
}
