{
  "workload": "mixed",
  "cell": {
    "keyspace": 511793,
    "value_size": 4096,
    "dist": "uniform",
    "pipeline": 16,
    "connections": 64
  },
  "timestamp": "2026-07-15T23:10:11.16227052Z",
  "aki": {
    "target": "aki",
    "version": "unknown",
    "workload": "mixed",
    "skipped": false,
    "ops": 4390304,
    "errors": 0,
    "ops_per_sec": 438990.9487175215,
    "min_us": 55.131,
    "p50_us": 969.727,
    "p99_us": 5988.351,
    "p999_us": 220200.959,
    "nil_replies": 0,
    "err_replies": 0,
    "hit_ratio": 1,
    "value_ops_per_sec": 438990.9487175215,
    "bytes_per_sec": 1816143805.0069172,
    "resp_ver": 2,
    "used_memory": 144854448,
    "bytes_per_key": 283.033273217883,
    "coverage_sampled": 2000,
    "coverage_retrievable": 2000,
    "coverage_fraction": 1,
    "coverage_keyspace": 511793,
    "distinct_keys_est": 511688,
    "key_draws": 4390304
  },
  "redis": {
    "target": "redis",
    "version": "redis 8.8.0",
    "workload": "mixed",
    "skipped": false,
    "ops": 13268464,
    "errors": 0,
    "ops_per_sec": 1326759.844708575,
    "min_us": 19.063,
    "p50_us": 352.767,
    "p99_us": 4833.279,
    "p999_us": 8044.543,
    "nil_replies": 6297966,
    "err_replies": 0,
    "hit_ratio": 0.5253432499798018,
    "value_ops_per_sec": 697004.3287618998,
    "bytes_per_sec": 2906923663.1233726,
    "resp_ver": 2,
    "used_memory": 131750528,
    "bytes_per_key": 257.4293278727923,
    "coverage_sampled": 2000,
    "coverage_retrievable": 110,
    "coverage_missing": 1890,
    "coverage_fraction": 0.055,
    "coverage_keyspace": 511793,
    "distinct_keys_est": 511793,
    "key_draws": 13268464,
    "server_hits": 500908,
    "server_misses": 9474768,
    "evicted_keys": 9459685,
    "maxmemory": 134217728,
    "maxmemory_policy": "allkeys-lfu"
  },
  "valkey": {
    "target": "valkey",
    "version": "valkey 9.1.0",
    "workload": "mixed",
    "skipped": false,
    "ops": 14017440,
    "errors": 0,
    "ops_per_sec": 1401593.352681833,
    "min_us": 15.808,
    "p50_us": 332.543,
    "p99_us": 5160.959,
    "p999_us": 8790.015,
    "nil_replies": 6655515,
    "err_replies": 0,
    "hit_ratio": 0.5251975396363388,
    "value_ops_per_sec": 736113.3803991459,
    "bytes_per_sec": 3070046296.5209155,
    "resp_ver": 2,
    "used_memory": 131773312,
    "bytes_per_key": 257.47384587128,
    "coverage_sampled": 2000,
    "coverage_retrievable": 91,
    "coverage_missing": 1909,
    "coverage_fraction": 0.0455,
    "coverage_keyspace": 511793,
    "distinct_keys_est": 511793,
    "key_draws": 14017440,
    "server_hits": 522578,
    "server_misses": 9926772,
    "evicted_keys": 9910468,
    "maxmemory": 134217728,
    "maxmemory_policy": "allkeys-lfu"
  },
  "gate": {
    "pass": false,
    "reason": "aki is 0.63x Redis, below the 2.0x bar",
    "required_speedup": 2,
    "speedup_vs_redis": 0.6298252831475355,
    "speedup_vs_valkey": 0.5963632239363528,
    "tail_regressed_vs_redis": true,
    "tail_regressed_vs_valkey": true
  },
  "generator_bound": false
}
