{
  "workload": "mixed",
  "cell": {
    "keyspace": 127948,
    "value_size": 4096,
    "dist": "zipfian",
    "zipf_s": 0.99,
    "pipeline": 16,
    "connections": 64
  },
  "timestamp": "2026-07-15T23:12:32.063914008Z",
  "aki": {
    "target": "aki",
    "version": "unknown",
    "workload": "mixed",
    "skipped": false,
    "ops": 8403728,
    "errors": 0,
    "ops_per_sec": 840293.2103681403,
    "min_us": 32.025,
    "p50_us": 661.503,
    "p99_us": 5267.455,
    "p999_us": 47153.151,
    "nil_replies": 0,
    "err_replies": 0,
    "hit_ratio": 1,
    "value_ops_per_sec": 840293.2103681403,
    "bytes_per_sec": 3473381024.406202,
    "resp_ver": 2,
    "used_memory": 137524160,
    "bytes_per_key": 1074.8441554381468,
    "coverage_sampled": 2000,
    "coverage_retrievable": 2000,
    "coverage_fraction": 1,
    "coverage_keyspace": 127948,
    "distinct_keys_est": 127887,
    "key_draws": 8403728
  },
  "redis": {
    "target": "redis",
    "version": "redis 8.8.0",
    "workload": "mixed",
    "skipped": false,
    "ops": 12926672,
    "errors": 0,
    "ops_per_sec": 1292511.923175351,
    "min_us": 21.479,
    "p50_us": 403.967,
    "p99_us": 4169.727,
    "p999_us": 7143.423,
    "nil_replies": 1055142,
    "err_replies": 0,
    "hit_ratio": 0.9183748144920827,
    "value_ops_per_sec": 1187010.397674968,
    "bytes_per_sec": 4910086916.7711935,
    "resp_ver": 2,
    "used_memory": 130945096,
    "bytes_per_key": 1023.4243286335073,
    "coverage_sampled": 2000,
    "coverage_retrievable": 377,
    "coverage_missing": 1623,
    "coverage_fraction": 0.1885,
    "coverage_keyspace": 127948,
    "distinct_keys_est": 127947,
    "key_draws": 12926672,
    "server_hits": 8014381,
    "server_misses": 1617221,
    "evicted_keys": 1607855,
    "maxmemory": 134217728,
    "maxmemory_policy": "allkeys-lfu"
  },
  "valkey": {
    "target": "valkey",
    "version": "valkey 9.1.0",
    "workload": "mixed",
    "skipped": false,
    "ops": 14448304,
    "errors": 0,
    "ops_per_sec": 1444689.3478999867,
    "min_us": 16.388,
    "p50_us": 345.855,
    "p99_us": 5029.887,
    "p999_us": 9240.575,
    "nil_replies": 1174146,
    "err_replies": 0,
    "hit_ratio": 0.9187346833233853,
    "value_ops_per_sec": 1327286.2105435622,
    "bytes_per_sec": 5490320894.768472,
    "resp_ver": 2,
    "used_memory": 131218960,
    "bytes_per_key": 1025.564760684028,
    "coverage_sampled": 2000,
    "coverage_retrievable": 389,
    "coverage_missing": 1611,
    "coverage_fraction": 0.1945,
    "coverage_keyspace": 127948,
    "distinct_keys_est": 127947,
    "key_draws": 14448304,
    "server_hits": 9007490,
    "server_misses": 1802336,
    "evicted_keys": 1795953,
    "maxmemory": 134217728,
    "maxmemory_policy": "allkeys-lfu"
  },
  "gate": {
    "pass": false,
    "reason": "aki is 0.71x Redis, below the 2.0x bar",
    "required_speedup": 2,
    "speedup_vs_redis": 0.7079072028467882,
    "speedup_vs_valkey": 0.6330911929115995,
    "tail_regressed_vs_redis": true,
    "tail_regressed_vs_valkey": true
  },
  "generator_bound": false
}
