{
  "workload": "mixed",
  "cell": {
    "keyspace": 31987,
    "value_size": 4096,
    "dist": "zipfian",
    "zipf_s": 0.99,
    "pipeline": 16,
    "connections": 64
  },
  "timestamp": "2026-07-15T23:11:43.658994066Z",
  "aki": {
    "target": "aki",
    "version": "unknown",
    "workload": "mixed",
    "skipped": false,
    "ops": 13379184,
    "errors": 0,
    "ops_per_sec": 1337736.903749547,
    "min_us": 28.083,
    "p50_us": 520.191,
    "p99_us": 3944.447,
    "p999_us": 6131.711,
    "nil_replies": 0,
    "err_replies": 0,
    "hit_ratio": 1,
    "value_ops_per_sec": 1337736.903749547,
    "bytes_per_sec": 5529164127.833203,
    "resp_ver": 2,
    "used_memory": 138092176,
    "bytes_per_key": 4317.134335823928,
    "coverage_sampled": 2000,
    "coverage_retrievable": 2000,
    "coverage_fraction": 1,
    "coverage_keyspace": 31987,
    "distinct_keys_est": 31987,
    "key_draws": 13379184
  },
  "redis": {
    "target": "redis",
    "version": "redis 8.8.0",
    "workload": "mixed",
    "skipped": false,
    "ops": 12768720,
    "errors": 0,
    "ops_per_sec": 1276754.9105946063,
    "min_us": 21.844,
    "p50_us": 395.263,
    "p99_us": 4534.271,
    "p999_us": 7929.855,
    "nil_replies": 195741,
    "err_replies": 0,
    "hit_ratio": 0.9846702723530628,
    "value_ops_per_sec": 1257182.6055433014,
    "bytes_per_sec": 5196865403.549453,
    "resp_ver": 2,
    "used_memory": 130544696,
    "bytes_per_key": 4081.179729265014,
    "coverage_sampled": 2000,
    "coverage_retrievable": 1567,
    "coverage_missing": 433,
    "coverage_fraction": 0.7835,
    "coverage_keyspace": 31987,
    "distinct_keys_est": 31987,
    "key_draws": 12768720,
    "server_hits": 9179580,
    "server_misses": 300174,
    "evicted_keys": 297897,
    "maxmemory": 134217728,
    "maxmemory_policy": "allkeys-lfu"
  },
  "valkey": {
    "target": "valkey",
    "version": "valkey 9.1.0",
    "workload": "mixed",
    "skipped": false,
    "ops": 15150144,
    "errors": 0,
    "ops_per_sec": 1514812.0241431985,
    "min_us": 17.323,
    "p50_us": 322.047,
    "p99_us": 4984.831,
    "p999_us": 9478.143,
    "nil_replies": 228863,
    "err_replies": 0,
    "hit_ratio": 0.9848936749380072,
    "value_ops_per_sec": 1491928.781298676,
    "bytes_per_sec": 6167233657.617809,
    "resp_ver": 2,
    "used_memory": 130816848,
    "bytes_per_key": 4089.6879357238877,
    "coverage_sampled": 2000,
    "coverage_retrievable": 1566,
    "coverage_missing": 434,
    "coverage_fraction": 0.783,
    "coverage_keyspace": 31987,
    "distinct_keys_est": 31987,
    "key_draws": 15150144,
    "server_hits": 10871659,
    "server_misses": 353125,
    "evicted_keys": 350407,
    "maxmemory": 134217728,
    "maxmemory_policy": "allkeys-lfu"
  },
  "gate": {
    "pass": false,
    "reason": "aki is 1.06x Redis, below the 2.0x bar",
    "required_speedup": 2,
    "speedup_vs_redis": 1.0640752567296565,
    "speedup_vs_valkey": 0.896649304255053,
    "tail_regressed_vs_redis": false,
    "tail_regressed_vs_valkey": false
  },
  "generator_bound": false
}
