{
  "workload": "mixed",
  "cell": {
    "keyspace": 2354696,
    "value_size": 128,
    "dist": "uniform",
    "pipeline": 16,
    "connections": 64
  },
  "timestamp": "2026-07-15T20:35:56.94045758Z",
  "aki": {
    "target": "aki",
    "version": "unknown",
    "workload": "mixed",
    "skipped": false,
    "ops": 5081472,
    "errors": 0,
    "ops_per_sec": 508046.326436598,
    "min_us": 309.911,
    "p50_us": 1961.983,
    "p99_us": 3264.511,
    "p999_us": 3737.599,
    "nil_replies": 0,
    "err_replies": 0,
    "hit_ratio": 1,
    "value_ops_per_sec": 508046.326436598,
    "bytes_per_sec": 85852371.0486088,
    "resp_ver": 2,
    "used_memory": 413242944,
    "bytes_per_key": 175.49736526498538,
    "coverage_sampled": 2000,
    "coverage_retrievable": 2000,
    "coverage_fraction": 1,
    "coverage_keyspace": 2354696,
    "distinct_keys_est": 2083228,
    "key_draws": 5081472
  },
  "redis": {
    "target": "redis",
    "version": "redis 8.8.0",
    "workload": "mixed",
    "skipped": false,
    "ops": 13959568,
    "errors": 0,
    "ops_per_sec": 1395790.4415995856,
    "min_us": 27.642,
    "p50_us": 665.087,
    "p99_us": 2297.855,
    "p999_us": 3239.935,
    "nil_replies": 5024437,
    "err_replies": 0,
    "hit_ratio": 0.6400721712878221,
    "value_ops_per_sec": 893406.6186174348,
    "bytes_per_sec": 170056072.53095055,
    "resp_ver": 2,
    "used_memory": 133703024,
    "bytes_per_key": 56.78143760383506,
    "coverage_sampled": 2000,
    "coverage_retrievable": 521,
    "coverage_missing": 1479,
    "coverage_fraction": 0.2605,
    "coverage_keyspace": 2354696,
    "distinct_keys_est": 2348379,
    "key_draws": 13959568,
    "server_hits": 2873681,
    "server_misses": 7576025,
    "evicted_keys": 7371935,
    "maxmemory": 134217728,
    "maxmemory_policy": "allkeys-lfu"
  },
  "valkey": {
    "target": "valkey",
    "version": "valkey 9.1.0",
    "workload": "mixed",
    "skipped": false,
    "ops": 14932352,
    "errors": 0,
    "ops_per_sec": 1493071.1723954575,
    "min_us": 15.586,
    "p50_us": 598.015,
    "p99_us": 2852.863,
    "p999_us": 4878.335,
    "nil_replies": 5346323,
    "err_replies": 0,
    "hit_ratio": 0.6419637710120951,
    "value_ops_per_sec": 958497.6002204379,
    "bytes_per_sec": 182278406.74005827,
    "resp_ver": 2,
    "used_memory": 133971096,
    "bytes_per_key": 56.89528329771656,
    "coverage_sampled": 2000,
    "coverage_retrievable": 550,
    "coverage_missing": 1450,
    "coverage_fraction": 0.275,
    "coverage_keyspace": 2354696,
    "distinct_keys_est": 2350514,
    "key_draws": 14932352,
    "server_hits": 3128508,
    "server_misses": 8082982,
    "evicted_keys": 7892200,
    "maxmemory": 134217728,
    "maxmemory_policy": "allkeys-lfu"
  },
  "gate": {
    "pass": false,
    "reason": "aki is 0.57x Redis, below the 2.0x bar",
    "required_speedup": 2,
    "speedup_vs_redis": 0.5686619237529382,
    "speedup_vs_valkey": 0.5300444428027323,
    "tail_regressed_vs_redis": true,
    "tail_regressed_vs_valkey": true
  },
  "generator_bound": false
}
