{
  "workload": "mixed",
  "cell": {
    "keyspace": 588674,
    "value_size": 128,
    "dist": "uniform",
    "pipeline": 16,
    "connections": 64
  },
  "timestamp": "2026-07-15T20:33:58.917634445Z",
  "aki": {
    "target": "aki",
    "version": "unknown",
    "workload": "mixed",
    "skipped": false,
    "ops": 17621632,
    "errors": 0,
    "ops_per_sec": 1762076.6221272484,
    "min_us": 19.04,
    "p50_us": 389.631,
    "p99_us": 3534.847,
    "p999_us": 6148.095,
    "nil_replies": 0,
    "err_replies": 0,
    "hit_ratio": 1,
    "value_ops_per_sec": 1762076.6221272484,
    "bytes_per_sec": 296278204.46670175,
    "resp_ver": 2,
    "used_memory": 103258560,
    "bytes_per_key": 175.40873216754943,
    "coverage_sampled": 2000,
    "coverage_retrievable": 2000,
    "coverage_fraction": 1,
    "coverage_keyspace": 588674,
    "distinct_keys_est": 588674,
    "key_draws": 17621632
  },
  "redis": {
    "target": "redis",
    "version": "redis 8.8.0",
    "workload": "mixed",
    "skipped": false,
    "ops": 23098144,
    "errors": 0,
    "ops_per_sec": 2309618.0020951154,
    "min_us": 21.706,
    "p50_us": 339.455,
    "p99_us": 2777.087,
    "p999_us": 4993.023,
    "nil_replies": 0,
    "err_replies": 0,
    "hit_ratio": 1,
    "value_ops_per_sec": 2309618.0020951154,
    "bytes_per_sec": 388342449.4774772,
    "resp_ver": 2,
    "used_memory": 125047944,
    "bytes_per_key": 212.42307966718423,
    "coverage_sampled": 2000,
    "coverage_retrievable": 2000,
    "coverage_fraction": 1,
    "coverage_keyspace": 588674,
    "distinct_keys_est": 588674,
    "key_draws": 23098144,
    "server_hits": 17171884,
    "maxmemory": 134217728,
    "maxmemory_policy": "allkeys-lfu"
  },
  "valkey": {
    "target": "valkey",
    "version": "valkey 9.1.0",
    "workload": "mixed",
    "skipped": false,
    "ops": 24844960,
    "errors": 0,
    "ops_per_sec": 2484323.622472699,
    "min_us": 14.704,
    "p50_us": 283.135,
    "p99_us": 3946.495,
    "p999_us": 7167.999,
    "nil_replies": 0,
    "err_replies": 0,
    "hit_ratio": 1,
    "value_ops_per_sec": 2484323.622472699,
    "bytes_per_sec": 417717639.70207983,
    "resp_ver": 2,
    "used_memory": 123753424,
    "bytes_per_key": 210.2240357141644,
    "coverage_sampled": 2000,
    "coverage_retrievable": 2000,
    "coverage_fraction": 1,
    "coverage_keyspace": 588674,
    "distinct_keys_est": 588674,
    "key_draws": 24844960,
    "server_hits": 18637142,
    "maxmemory": 134217728,
    "maxmemory_policy": "allkeys-lfu"
  },
  "gate": {
    "pass": false,
    "reason": "aki is 0.76x Redis, below the 2.0x bar",
    "required_speedup": 2,
    "speedup_vs_redis": 0.7629298959952782,
    "speedup_vs_valkey": 0.7092782140731798,
    "tail_regressed_vs_redis": true,
    "tail_regressed_vs_valkey": false
  },
  "generator_bound": false
}
