{
  "workload": "mixed",
  "cell": {
    "keyspace": 588674,
    "value_size": 128,
    "dist": "uniform",
    "pipeline": 16,
    "connections": 64
  },
  "timestamp": "2026-07-15T20:33:11.522727837Z",
  "aki": {
    "target": "aki",
    "version": "unknown",
    "workload": "mixed",
    "skipped": false,
    "ops": 17629280,
    "errors": 0,
    "ops_per_sec": 1762874.1766307887,
    "min_us": 19.522,
    "p50_us": 390.911,
    "p99_us": 3444.735,
    "p999_us": 6180.863,
    "nil_replies": 0,
    "err_replies": 0,
    "hit_ratio": 1,
    "value_ops_per_sec": 1762874.1766307887,
    "bytes_per_sec": 296412362.25632054,
    "resp_ver": 2,
    "used_memory": 103258560,
    "bytes_per_key": 175.40873216754943,
    "coverage_sampled": 2000,
    "coverage_retrievable": 2000,
    "coverage_fraction": 1,
    "coverage_keyspace": 588674,
    "distinct_keys_est": 588674,
    "key_draws": 17629280
  },
  "redis": {
    "target": "redis",
    "version": "redis 8.8.0",
    "workload": "mixed",
    "skipped": false,
    "ops": 23750864,
    "errors": 0,
    "ops_per_sec": 2374882.570003711,
    "min_us": 23.278,
    "p50_us": 333.055,
    "p99_us": 2643.967,
    "p999_us": 4833.279,
    "nil_replies": 0,
    "err_replies": 0,
    "hit_ratio": 1,
    "value_ops_per_sec": 2374882.570003711,
    "bytes_per_sec": 399316122.135459,
    "resp_ver": 2,
    "used_memory": 125056440,
    "bytes_per_key": 212.43751210347324,
    "coverage_sampled": 2000,
    "coverage_retrievable": 2000,
    "coverage_fraction": 1,
    "coverage_keyspace": 588674,
    "distinct_keys_est": 588674,
    "key_draws": 23750864,
    "server_hits": 17809586,
    "maxmemory": 134217728,
    "maxmemory_policy": "allkeys-lfu"
  },
  "valkey": {
    "target": "valkey",
    "version": "valkey 9.1.0",
    "workload": "mixed",
    "skipped": false,
    "ops": 25469040,
    "errors": 0,
    "ops_per_sec": 2546688.568737911,
    "min_us": 15.24,
    "p50_us": 273.663,
    "p99_us": 3932.159,
    "p999_us": 7237.631,
    "nil_replies": 0,
    "err_replies": 0,
    "hit_ratio": 1,
    "value_ops_per_sec": 2546688.568737911,
    "bytes_per_sec": 428203701.7927154,
    "resp_ver": 2,
    "used_memory": 123756368,
    "bytes_per_key": 210.22903678436623,
    "coverage_sampled": 2000,
    "coverage_retrievable": 2000,
    "coverage_fraction": 1,
    "coverage_keyspace": 588674,
    "distinct_keys_est": 588674,
    "key_draws": 25469040,
    "server_hits": 19114430,
    "maxmemory": 134217728,
    "maxmemory_policy": "allkeys-lfu"
  },
  "gate": {
    "pass": false,
    "reason": "aki is 0.74x Redis, below the 2.0x bar",
    "required_speedup": 2,
    "speedup_vs_redis": 0.7422995136252291,
    "speedup_vs_valkey": 0.6922221265179804,
    "tail_regressed_vs_redis": true,
    "tail_regressed_vs_valkey": false
  },
  "generator_bound": false
}
