{
  "workload": "mixed",
  "cell": {
    "keyspace": 1157049,
    "value_size": 16,
    "dist": "zipfian",
    "zipf_s": 0.99,
    "pipeline": 16,
    "connections": 64
  },
  "timestamp": "2026-07-15T20:23:52.413426439Z",
  "aki": {
    "target": "aki",
    "version": "unknown",
    "workload": "mixed",
    "skipped": false,
    "ops": 17764640,
    "errors": 0,
    "ops_per_sec": 1776314.9499454445,
    "min_us": 21.137,
    "p50_us": 382.207,
    "p99_us": 3471.359,
    "p999_us": 6074.367,
    "nil_replies": 0,
    "err_replies": 0,
    "hit_ratio": 1,
    "value_ops_per_sec": 1776314.9499454445,
    "bytes_per_sec": 92695323.86318323,
    "resp_ver": 2,
    "used_memory": 73639088,
    "bytes_per_key": 63.643880250533904,
    "coverage_sampled": 2000,
    "coverage_retrievable": 2000,
    "coverage_fraction": 1,
    "coverage_keyspace": 1157049,
    "distinct_keys_est": 1015261,
    "key_draws": 17764640
  },
  "redis": {
    "target": "redis",
    "version": "redis 8.8.0",
    "workload": "mixed",
    "skipped": false,
    "ops": 25053568,
    "errors": 0,
    "ops_per_sec": 2505114.091269733,
    "min_us": 20.48,
    "p50_us": 293.887,
    "p99_us": 2889.727,
    "p999_us": 5070.847,
    "nil_replies": 0,
    "err_replies": 0,
    "hit_ratio": 1,
    "value_ops_per_sec": 2505114.091269733,
    "bytes_per_sec": 130726815.89322415,
    "resp_ver": 2,
    "used_memory": 86481248,
    "bytes_per_key": 74.74294347084695,
    "coverage_sampled": 2000,
    "coverage_retrievable": 2000,
    "coverage_fraction": 1,
    "coverage_keyspace": 1157049,
    "distinct_keys_est": 1082770,
    "key_draws": 25053568,
    "server_hits": 18692906,
    "maxmemory": 134217728,
    "maxmemory_policy": "allkeys-lfu"
  },
  "valkey": {
    "target": "valkey",
    "version": "valkey 9.1.0",
    "workload": "mixed",
    "skipped": false,
    "ops": 27362912,
    "errors": 0,
    "ops_per_sec": 2736001.780806823,
    "min_us": 14.839,
    "p50_us": 245.759,
    "p99_us": 3862.527,
    "p999_us": 7208.959,
    "nil_replies": 0,
    "err_replies": 0,
    "hit_ratio": 1,
    "value_ops_per_sec": 2736001.780806823,
    "bytes_per_sec": 142775354.1660407,
    "resp_ver": 2,
    "used_memory": 74489040,
    "bytes_per_key": 64.37846625337389,
    "coverage_sampled": 2000,
    "coverage_retrievable": 2000,
    "coverage_fraction": 1,
    "coverage_keyspace": 1157049,
    "distinct_keys_est": 1096139,
    "key_draws": 27362912,
    "server_hits": 20506144,
    "maxmemory": 134217728,
    "maxmemory_policy": "allkeys-lfu"
  },
  "gate": {
    "pass": false,
    "reason": "aki is 0.71x Redis, below the 2.0x bar",
    "required_speedup": 2,
    "speedup_vs_redis": 0.709075469311303,
    "speedup_vs_valkey": 0.6492374977261983,
    "tail_regressed_vs_redis": true,
    "tail_regressed_vs_valkey": false
  },
  "generator_bound": false
}
