{
  "workload": "mixed",
  "cell": {
    "keyspace": 3508960,
    "value_size": 512,
    "dist": "zipfian",
    "zipf_s": 0.99,
    "pipeline": 16,
    "connections": 64
  },
  "timestamp": "2026-07-15T22:44:27.962742104Z",
  "aki": {
    "target": "aki",
    "version": "unknown",
    "workload": "mixed",
    "skipped": false,
    "ops": 688208,
    "errors": 0,
    "ops_per_sec": 68546.09198788792,
    "min_us": 305.128,
    "p50_us": 1481.727,
    "p99_us": 65535.999,
    "p999_us": 68288.511,
    "nil_replies": 14560,
    "err_replies": 14319,
    "hit_ratio": 0.9580373956710762,
    "value_ops_per_sec": 65669.71945150617,
    "bytes_per_sec": 36988336.787847385,
    "resp_ver": 2,
    "used_memory": 1074965504,
    "bytes_per_key": 306.3487483470886,
    "coverage_sampled": 2000,
    "coverage_retrievable": 1052,
    "coverage_missing": 948,
    "coverage_fraction": 0.526,
    "coverage_keyspace": 3508960,
    "distinct_keys_est": 221471,
    "key_draws": 688208
  },
  "redis": {
    "target": "redis",
    "version": "redis 8.8.0",
    "workload": "mixed",
    "skipped": false,
    "ops": 19165360,
    "errors": 0,
    "ops_per_sec": 1916364.1259008218,
    "min_us": 28.742,
    "p50_us": 423.167,
    "p99_us": 2443.263,
    "p999_us": 4001.791,
    "nil_replies": 2206720,
    "err_replies": 0,
    "hit_ratio": 0.8848589329916057,
    "value_ops_per_sec": 1695711.9156679923,
    "bytes_per_sec": 939430757.3100107,
    "resp_ver": 2,
    "used_memory": 132690088,
    "bytes_per_key": 37.81464821485569,
    "coverage_sampled": 2000,
    "coverage_retrievable": 103,
    "coverage_missing": 1897,
    "coverage_fraction": 0.0515,
    "coverage_keyspace": 3508960,
    "distinct_keys_est": 2077785,
    "key_draws": 19165360,
    "server_hits": 10821026,
    "server_misses": 3426786,
    "evicted_keys": 3372658,
    "maxmemory": 134217728,
    "maxmemory_policy": "allkeys-lfu"
  },
  "valkey": {
    "target": "valkey",
    "version": "valkey 9.1.0",
    "workload": "mixed",
    "skipped": false,
    "ops": 19480272,
    "errors": 0,
    "ops_per_sec": 1947843.046048819,
    "min_us": 15.947,
    "p50_us": 415.231,
    "p99_us": 3315.711,
    "p999_us": 5951.487,
    "nil_replies": 2250334,
    "err_replies": 0,
    "hit_ratio": 0.8844813871182086,
    "value_ops_per_sec": 1722830.9192578162,
    "bytes_per_sec": 954483735.5214345,
    "resp_ver": 2,
    "used_memory": 132949136,
    "bytes_per_key": 37.88847293785053,
    "coverage_sampled": 2000,
    "coverage_retrievable": 85,
    "coverage_missing": 1915,
    "coverage_fraction": 0.0425,
    "coverage_keyspace": 3508960,
    "distinct_keys_est": 2093901,
    "key_draws": 19480272,
    "server_hits": 10969169,
    "server_misses": 3502763,
    "evicted_keys": 3445149,
    "maxmemory": 134217728,
    "maxmemory_policy": "allkeys-lfu"
  },
  "gate": {
    "pass": false,
    "reason": "aki is 0.04x Redis, below the 2.0x bar",
    "required_speedup": 2,
    "speedup_vs_redis": 0.03872693164725264,
    "speedup_vs_valkey": 0.03811733276751049,
    "tail_regressed_vs_redis": true,
    "tail_regressed_vs_valkey": true
  },
  "generator_bound": false
}
