{
  "workload": "mixed",
  "cell": {
    "keyspace": 4628197,
    "value_size": 16,
    "dist": "uniform",
    "pipeline": 16,
    "connections": 64
  },
  "timestamp": "2026-07-15T20:16:31.359377888Z",
  "aki": {
    "target": "aki",
    "version": "unknown",
    "workload": "mixed",
    "skipped": false,
    "ops": 5153424,
    "errors": 0,
    "ops_per_sec": 515217.4701193672,
    "min_us": 274.249,
    "p50_us": 1939.455,
    "p99_us": 3209.215,
    "p999_us": 3735.551,
    "nil_replies": 0,
    "err_replies": 0,
    "hit_ratio": 1,
    "value_ops_per_sec": 515217.4701193672,
    "bytes_per_sec": 28974633.733709715,
    "resp_ver": 2,
    "used_memory": 294814896,
    "bytes_per_key": 63.69972928982928,
    "coverage_sampled": 2000,
    "coverage_retrievable": 2000,
    "coverage_fraction": 1,
    "coverage_keyspace": 4628197,
    "distinct_keys_est": 3108472,
    "key_draws": 5153424
  },
  "redis": {
    "target": "redis",
    "version": "redis 8.8.0",
    "workload": "mixed",
    "skipped": false,
    "ops": 16265440,
    "errors": 0,
    "ops_per_sec": 1626337.4369305305,
    "min_us": 21.147,
    "p50_us": 379.903,
    "p99_us": 2863.103,
    "p999_us": 4476.927,
    "nil_replies": 4735574,
    "err_replies": 0,
    "hit_ratio": 0.7088566924718913,
    "value_ops_per_sec": 1152840.176385789,
    "bytes_per_sec": 82939218.59031978,
    "resp_ver": 2,
    "used_memory": 133802024,
    "bytes_per_key": 28.910183382427327,
    "coverage_sampled": 2000,
    "coverage_retrievable": 780,
    "coverage_missing": 1220,
    "coverage_fraction": 0.39,
    "coverage_keyspace": 4628197,
    "distinct_keys_est": 4490875,
    "key_draws": 16265440,
    "server_hits": 4925374,
    "server_misses": 7107864,
    "evicted_keys": 6739784,
    "maxmemory": 134217728,
    "maxmemory_policy": "allkeys-lfu"
  },
  "valkey": {
    "target": "valkey",
    "version": "valkey 9.1.0",
    "workload": "mixed",
    "skipped": false,
    "ops": 17950960,
    "errors": 0,
    "ops_per_sec": 1794928.4664027456,
    "min_us": 15.133,
    "p50_us": 455.423,
    "p99_us": 3039.231,
    "p999_us": 5357.567,
    "nil_replies": 4457779,
    "err_replies": 0,
    "hit_ratio": 0.7516690472264436,
    "value_ops_per_sec": 1349192.1701805734,
    "bytes_per_sec": 92920195.48912959,
    "resp_ver": 2,
    "used_memory": 134019832,
    "bytes_per_key": 28.9572444733878,
    "coverage_sampled": 2000,
    "coverage_retrievable": 932,
    "coverage_missing": 1068,
    "coverage_fraction": 0.466,
    "coverage_keyspace": 4628197,
    "distinct_keys_est": 4532692,
    "key_draws": 17950960,
    "server_hits": 6518475,
    "server_misses": 6728027,
    "evicted_keys": 6243593,
    "maxmemory": 134217728,
    "maxmemory_policy": "allkeys-lfu"
  },
  "gate": {
    "pass": false,
    "reason": "aki is 0.45x Redis, below the 2.0x bar",
    "required_speedup": 2,
    "speedup_vs_redis": 0.4469114458992915,
    "speedup_vs_valkey": 0.38187107923285046,
    "tail_regressed_vs_redis": true,
    "tail_regressed_vs_valkey": true
  },
  "generator_bound": false
}
