{
  "workload": "mixed",
  "cell": {
    "keyspace": 127948,
    "value_size": 4096,
    "dist": "zipfian",
    "zipf_s": 0.99,
    "pipeline": 16,
    "connections": 64
  },
  "timestamp": "2026-07-15T23:13:20.282428556Z",
  "aki": {
    "target": "aki",
    "version": "unknown",
    "workload": "mixed",
    "skipped": false,
    "ops": 8395504,
    "errors": 0,
    "ops_per_sec": 839225.8008039392,
    "min_us": 32.881,
    "p50_us": 658.431,
    "p99_us": 5160.959,
    "p999_us": 44531.711,
    "nil_replies": 0,
    "err_replies": 0,
    "hit_ratio": 1,
    "value_ops_per_sec": 839225.8008039392,
    "bytes_per_sec": 3468968820.116983,
    "resp_ver": 2,
    "used_memory": 137343936,
    "bytes_per_key": 1073.4355832056774,
    "coverage_sampled": 2000,
    "coverage_retrievable": 2000,
    "coverage_fraction": 1,
    "coverage_keyspace": 127948,
    "distinct_keys_est": 127888,
    "key_draws": 8395504
  },
  "redis": {
    "target": "redis",
    "version": "redis 8.8.0",
    "workload": "mixed",
    "skipped": false,
    "ops": 12329872,
    "errors": 0,
    "ops_per_sec": 1232838.7249174225,
    "min_us": 21.893,
    "p50_us": 424.959,
    "p99_us": 4403.199,
    "p999_us": 7925.759,
    "nil_replies": 1005164,
    "err_replies": 0,
    "hit_ratio": 0.9184773369910085,
    "value_ops_per_sec": 1132334.4290015448,
    "bytes_per_sec": 4683914339.702369,
    "resp_ver": 2,
    "used_memory": 131025240,
    "bytes_per_key": 1024.0507081001656,
    "coverage_sampled": 2000,
    "coverage_retrievable": 368,
    "coverage_missing": 1632,
    "coverage_fraction": 0.184,
    "coverage_keyspace": 127948,
    "distinct_keys_est": 127946,
    "key_draws": 12329872,
    "server_hits": 7666023,
    "server_misses": 1546789,
    "evicted_keys": 1539262,
    "maxmemory": 134217728,
    "maxmemory_policy": "allkeys-lfu"
  },
  "valkey": {
    "target": "valkey",
    "version": "valkey 9.1.0",
    "workload": "mixed",
    "skipped": false,
    "ops": 14551392,
    "errors": 0,
    "ops_per_sec": 1454998.137785042,
    "min_us": 15.272,
    "p50_us": 342.015,
    "p99_us": 4980.735,
    "p999_us": 9019.391,
    "nil_replies": 1180975,
    "err_replies": 0,
    "hit_ratio": 0.9188410978138724,
    "value_ops_per_sec": 1336912.086239548,
    "bytes_per_sec": 5530132779.9739685,
    "resp_ver": 2,
    "used_memory": 131108976,
    "bytes_per_key": 1024.705161471848,
    "coverage_sampled": 2000,
    "coverage_retrievable": 367,
    "coverage_missing": 1633,
    "coverage_fraction": 0.1835,
    "coverage_keyspace": 127948,
    "distinct_keys_est": 127947,
    "key_draws": 14551392,
    "server_hits": 9039419,
    "server_misses": 1805453,
    "evicted_keys": 1799186,
    "maxmemory": 134217728,
    "maxmemory_policy": "allkeys-lfu"
  },
  "gate": {
    "pass": false,
    "reason": "aki is 0.74x Redis, below the 2.0x bar",
    "required_speedup": 2,
    "speedup_vs_redis": 0.7411465900086963,
    "speedup_vs_valkey": 0.6277344706819912,
    "tail_regressed_vs_redis": true,
    "tail_regressed_vs_valkey": true
  },
  "generator_bound": false
}
