{
  "workload": "mixed",
  "cell": {
    "keyspace": 219310,
    "value_size": 512,
    "dist": "zipfian",
    "zipf_s": 0.99,
    "pipeline": 16,
    "connections": 64
  },
  "timestamp": "2026-07-15T22:21:59.067645973Z",
  "aki": {
    "target": "aki",
    "version": "unknown",
    "workload": "mixed",
    "skipped": false,
    "ops": 9966000,
    "errors": 0,
    "ops_per_sec": 996514.3136205776,
    "min_us": 59.635,
    "p50_us": 894.975,
    "p99_us": 3606.527,
    "p999_us": 6488.063,
    "nil_replies": 0,
    "err_replies": 0,
    "hit_ratio": 1,
    "value_ops_per_sec": 996514.3136205776,
    "bytes_per_sec": 546798282.1482314,
    "resp_ver": 2,
    "used_memory": 123514656,
    "bytes_per_key": 563.1966440198805,
    "coverage_sampled": 2000,
    "coverage_retrievable": 2000,
    "coverage_fraction": 1,
    "coverage_keyspace": 219310,
    "distinct_keys_est": 218345,
    "key_draws": 9966000
  },
  "redis": {
    "target": "redis",
    "version": "redis 8.8.0",
    "workload": "mixed",
    "skipped": false,
    "ops": 22465248,
    "errors": 0,
    "ops_per_sec": 2246426.18638327,
    "min_us": 26.632,
    "p50_us": 347.135,
    "p99_us": 2734.079,
    "p999_us": 4894.719,
    "nil_replies": 177386,
    "err_replies": 0,
    "hit_ratio": 0.9921039821149538,
    "value_ops_per_sec": 2228688.3650381514,
    "bytes_per_sec": 1223504886.3824975,
    "resp_ver": 2,
    "used_memory": 132444984,
    "bytes_per_key": 603.9167571018194,
    "coverage_sampled": 2000,
    "coverage_retrievable": 1739,
    "coverage_missing": 261,
    "coverage_fraction": 0.8695,
    "coverage_keyspace": 219310,
    "distinct_keys_est": 219306,
    "key_draws": 22465248,
    "server_hits": 16438391,
    "server_misses": 283771,
    "evicted_keys": 278970,
    "maxmemory": 134217728,
    "maxmemory_policy": "allkeys-lfu"
  },
  "valkey": {
    "target": "valkey",
    "version": "valkey 9.1.0",
    "workload": "mixed",
    "skipped": false,
    "ops": 23145952,
    "errors": 0,
    "ops_per_sec": 2314400.4850898287,
    "min_us": 16.847,
    "p50_us": 313.855,
    "p99_us": 3848.191,
    "p999_us": 6901.759,
    "nil_replies": 178090,
    "err_replies": 0,
    "hit_ratio": 0.9923057820218413,
    "value_ops_per_sec": 2296592.9832687913,
    "bytes_per_sec": 1260767143.9647207,
    "resp_ver": 2,
    "used_memory": 132775504,
    "bytes_per_key": 605.4238475217728,
    "coverage_sampled": 2000,
    "coverage_retrievable": 1718,
    "coverage_missing": 282,
    "coverage_fraction": 0.859,
    "coverage_keyspace": 219310,
    "distinct_keys_est": 219307,
    "key_draws": 23145952,
    "server_hits": 17006795,
    "server_misses": 294753,
    "evicted_keys": 288999,
    "maxmemory": 134217728,
    "maxmemory_policy": "allkeys-lfu"
  },
  "gate": {
    "pass": false,
    "reason": "aki is 0.45x Redis, below the 2.0x bar",
    "required_speedup": 2,
    "speedup_vs_redis": 0.4471303970770803,
    "speedup_vs_valkey": 0.43390984858022896,
    "tail_regressed_vs_redis": true,
    "tail_regressed_vs_valkey": false
  },
  "generator_bound": false
}
