{
  "workload": "mixed",
  "cell": {
    "keyspace": 588674,
    "value_size": 128,
    "dist": "zipfian",
    "zipf_s": 0.99,
    "pipeline": 16,
    "connections": 64
  },
  "timestamp": "2026-07-15T21:05:39.692440479Z",
  "aki": {
    "target": "aki",
    "version": "unknown",
    "workload": "mixed",
    "skipped": false,
    "ops": 17672928,
    "errors": 0,
    "ops_per_sec": 1767137.0272244776,
    "min_us": 19.912,
    "p50_us": 383.487,
    "p99_us": 3479.551,
    "p999_us": 6344.703,
    "nil_replies": 0,
    "err_replies": 0,
    "hit_ratio": 1,
    "value_ops_per_sec": 1767137.0272244776,
    "bytes_per_sec": 291576197.7164865,
    "resp_ver": 2,
    "used_memory": 103258560,
    "bytes_per_key": 175.40873216754943,
    "coverage_sampled": 2000,
    "coverage_retrievable": 2000,
    "coverage_fraction": 1,
    "coverage_keyspace": 588674,
    "distinct_keys_est": 574172,
    "key_draws": 17672928
  },
  "redis": {
    "target": "redis",
    "version": "redis 8.8.0",
    "workload": "mixed",
    "skipped": false,
    "ops": 23131520,
    "errors": 0,
    "ops_per_sec": 2312999.1257922794,
    "min_us": 25.09,
    "p50_us": 332.799,
    "p99_us": 2828.287,
    "p999_us": 5111.807,
    "nil_replies": 0,
    "err_replies": 0,
    "hit_ratio": 1,
    "value_ops_per_sec": 2312999.1257922794,
    "bytes_per_sec": 381642476.3129918,
    "resp_ver": 2,
    "used_memory": 125054888,
    "bytes_per_key": 212.43487566972553,
    "coverage_sampled": 2000,
    "coverage_retrievable": 2000,
    "coverage_fraction": 1,
    "coverage_keyspace": 588674,
    "distinct_keys_est": 582708,
    "key_draws": 23131520,
    "server_hits": 17302794,
    "maxmemory": 134217728,
    "maxmemory_policy": "allkeys-lfu"
  },
  "valkey": {
    "target": "valkey",
    "version": "valkey 9.1.0",
    "workload": "mixed",
    "skipped": false,
    "ops": 25552720,
    "errors": 0,
    "ops_per_sec": 2555024.9224469345,
    "min_us": 16.02,
    "p50_us": 268.031,
    "p99_us": 3964.927,
    "p999_us": 7147.519,
    "nil_replies": 0,
    "err_replies": 0,
    "hit_ratio": 1,
    "value_ops_per_sec": 2555024.9224469345,
    "bytes_per_sec": 421576446.0615671,
    "resp_ver": 2,
    "used_memory": 123764560,
    "bytes_per_key": 210.24295280579744,
    "coverage_sampled": 2000,
    "coverage_retrievable": 2000,
    "coverage_fraction": 1,
    "coverage_keyspace": 588674,
    "distinct_keys_est": 584632,
    "key_draws": 25552720,
    "server_hits": 19148572,
    "maxmemory": 134217728,
    "maxmemory_policy": "allkeys-lfu"
  },
  "gate": {
    "pass": false,
    "reason": "aki is 0.76x Redis, below the 2.0x bar",
    "required_speedup": 2,
    "speedup_vs_redis": 0.7640024622227967,
    "speedup_vs_valkey": 0.6916320117660925,
    "tail_regressed_vs_redis": true,
    "tail_regressed_vs_valkey": false
  },
  "generator_bound": false
}
