{
  "workload": "mixed",
  "cell": {
    "keyspace": 1157049,
    "value_size": 16,
    "dist": "uniform",
    "pipeline": 16,
    "connections": 64
  },
  "timestamp": "2026-07-15T20:14:35.887665593Z",
  "aki": {
    "target": "aki",
    "version": "unknown",
    "workload": "mixed",
    "skipped": false,
    "ops": 17606544,
    "errors": 0,
    "ops_per_sec": 1760524.2366968745,
    "min_us": 21.666,
    "p50_us": 389.631,
    "p99_us": 3500.031,
    "p999_us": 5902.335,
    "nil_replies": 0,
    "err_replies": 0,
    "hit_ratio": 1,
    "value_ops_per_sec": 1760524.2366968745,
    "bytes_per_sec": 97626681.12990667,
    "resp_ver": 2,
    "used_memory": 73639088,
    "bytes_per_key": 63.643880250533904,
    "coverage_sampled": 2000,
    "coverage_retrievable": 2000,
    "coverage_fraction": 1,
    "coverage_keyspace": 1157049,
    "distinct_keys_est": 1157049,
    "key_draws": 17606544
  },
  "redis": {
    "target": "redis",
    "version": "redis 8.8.0",
    "workload": "mixed",
    "skipped": false,
    "ops": 25326112,
    "errors": 0,
    "ops_per_sec": 2532366.26117841,
    "min_us": 21.512,
    "p50_us": 294.655,
    "p99_us": 2846.719,
    "p999_us": 5091.327,
    "nil_replies": 0,
    "err_replies": 0,
    "hit_ratio": 1,
    "value_ops_per_sec": 2532366.26117841,
    "bytes_per_sec": 140427690.67034698,
    "resp_ver": 2,
    "used_memory": 86488144,
    "bytes_per_key": 74.74890346044117,
    "coverage_sampled": 2000,
    "coverage_retrievable": 2000,
    "coverage_fraction": 1,
    "coverage_keyspace": 1157049,
    "distinct_keys_est": 1157049,
    "key_draws": 25326112,
    "server_hits": 18864164,
    "maxmemory": 134217728,
    "maxmemory_policy": "allkeys-lfu"
  },
  "valkey": {
    "target": "valkey",
    "version": "valkey 9.1.0",
    "workload": "mixed",
    "skipped": false,
    "ops": 27578528,
    "errors": 0,
    "ops_per_sec": 2757674.8130491464,
    "min_us": 14.336,
    "p50_us": 247.423,
    "p99_us": 3815.423,
    "p999_us": 7036.927,
    "nil_replies": 0,
    "err_replies": 0,
    "hit_ratio": 1,
    "value_ops_per_sec": 2757674.8130491464,
    "bytes_per_sec": 152921653.269486,
    "resp_ver": 2,
    "used_memory": 74483856,
    "bytes_per_key": 64.37398588996663,
    "coverage_sampled": 2000,
    "coverage_retrievable": 2000,
    "coverage_fraction": 1,
    "coverage_keyspace": 1157049,
    "distinct_keys_est": 1157049,
    "key_draws": 27578528,
    "server_hits": 20753642,
    "maxmemory": 134217728,
    "maxmemory_policy": "allkeys-lfu"
  },
  "gate": {
    "pass": false,
    "reason": "aki is 0.70x Redis, below the 2.0x bar",
    "required_speedup": 2,
    "speedup_vs_redis": 0.6952091661012862,
    "speedup_vs_valkey": 0.638408933629949,
    "tail_regressed_vs_redis": true,
    "tail_regressed_vs_valkey": false
  },
  "generator_bound": false
}
