{
  "workload": "mixed",
  "cell": {
    "keyspace": 2354696,
    "value_size": 128,
    "dist": "zipfian",
    "zipf_s": 0.99,
    "pipeline": 16,
    "connections": 64
  },
  "timestamp": "2026-07-15T21:07:38.265640469Z",
  "aki": {
    "target": "aki",
    "version": "unknown",
    "workload": "mixed",
    "skipped": false,
    "ops": 5138400,
    "errors": 0,
    "ops_per_sec": 513726.18026593357,
    "min_us": 359.482,
    "p50_us": 1934.335,
    "p99_us": 3295.231,
    "p999_us": 3764.223,
    "nil_replies": 0,
    "err_replies": 0,
    "hit_ratio": 1,
    "value_ops_per_sec": 513726.18026593357,
    "bytes_per_sec": 84970725.92388234,
    "resp_ver": 2,
    "used_memory": 413242944,
    "bytes_per_key": 175.49736526498538,
    "coverage_sampled": 2000,
    "coverage_retrievable": 2000,
    "coverage_fraction": 1,
    "coverage_keyspace": 2354696,
    "distinct_keys_est": 855210,
    "key_draws": 5138400
  },
  "redis": {
    "target": "redis",
    "version": "redis 8.8.0",
    "workload": "mixed",
    "skipped": false,
    "ops": 20007392,
    "errors": 0,
    "ops_per_sec": 2000576.4551059534,
    "min_us": 23.401,
    "p50_us": 384.255,
    "p99_us": 2680.831,
    "p999_us": 4734.975,
    "nil_replies": 1278120,
    "err_replies": 0,
    "hit_ratio": 0.9361176109309999,
    "value_ops_per_sec": 1872774.851638594,
    "bytes_per_sec": 314153537.92384344,
    "resp_ver": 2,
    "used_memory": 133620920,
    "bytes_per_key": 56.746569408535116,
    "coverage_sampled": 2000,
    "coverage_retrievable": 494,
    "coverage_missing": 1506,
    "coverage_fraction": 0.247,
    "coverage_keyspace": 2354696,
    "distinct_keys_est": 1701685,
    "key_draws": 20007392,
    "server_hits": 12608020,
    "server_misses": 2152860,
    "evicted_keys": 1977405,
    "maxmemory": 134217728,
    "maxmemory_policy": "allkeys-lfu"
  },
  "valkey": {
    "target": "valkey",
    "version": "valkey 9.1.0",
    "workload": "mixed",
    "skipped": false,
    "ops": 22134816,
    "errors": 0,
    "ops_per_sec": 2213297.8263402022,
    "min_us": 15.721,
    "p50_us": 339.199,
    "p99_us": 3579.903,
    "p999_us": 6414.335,
    "nil_replies": 1346355,
    "err_replies": 0,
    "hit_ratio": 0.9391747823880714,
    "value_ops_per_sec": 2078673.504413051,
    "bytes_per_sec": 348443698.96216524,
    "resp_ver": 2,
    "used_memory": 133875088,
    "bytes_per_key": 56.854510306213626,
    "coverage_sampled": 2000,
    "coverage_retrievable": 539,
    "coverage_missing": 1461,
    "coverage_fraction": 0.2695,
    "coverage_keyspace": 2354696,
    "distinct_keys_est": 1766055,
    "key_draws": 22134816,
    "server_hits": 14080597,
    "server_misses": 2223665,
    "evicted_keys": 2070323,
    "maxmemory": 134217728,
    "maxmemory_policy": "allkeys-lfu"
  },
  "gate": {
    "pass": false,
    "reason": "aki is 0.27x Redis, below the 2.0x bar",
    "required_speedup": 2,
    "speedup_vs_redis": 0.27431283574554954,
    "speedup_vs_valkey": 0.24714135200900295,
    "tail_regressed_vs_redis": true,
    "tail_regressed_vs_valkey": false
  },
  "generator_bound": false
}
