{
  "workload": "mixed",
  "cell": {
    "keyspace": 3508960,
    "value_size": 512,
    "dist": "uniform",
    "pipeline": 16,
    "connections": 64
  },
  "timestamp": "2026-07-15T21:59:46.669506545Z",
  "aki": {
    "target": "aki",
    "version": "unknown",
    "workload": "mixed",
    "skipped": false,
    "ops": 264800,
    "errors": 0,
    "ops_per_sec": 26393.206428932775,
    "min_us": 453.378,
    "p50_us": 61014.015,
    "p99_us": 66060.287,
    "p999_us": 67371.007,
    "nil_replies": 60563,
    "err_replies": 59615,
    "hit_ratio": 0.5461555891238671,
    "value_ops_per_sec": 14414.797206061616,
    "bytes_per_sec": 11775636.935785953,
    "resp_ver": 2,
    "used_memory": 1074965504,
    "bytes_per_key": 306.3487483470886,
    "coverage_sampled": 2000,
    "coverage_retrievable": 1052,
    "coverage_missing": 948,
    "coverage_fraction": 0.526,
    "coverage_keyspace": 3508960,
    "distinct_keys_est": 255135,
    "key_draws": 264800
  },
  "redis": {
    "target": "redis",
    "version": "redis 8.8.0",
    "workload": "mixed",
    "skipped": false,
    "ops": 14797872,
    "errors": 0,
    "ops_per_sec": 1479612.911808318,
    "min_us": 27.18,
    "p50_us": 641.023,
    "p99_us": 2099.199,
    "p999_us": 3244.031,
    "nil_replies": 6948655,
    "err_replies": 0,
    "hit_ratio": 0.530428767055155,
    "value_ops_per_sec": 784829.2525293739,
    "bytes_per_sec": 460641099.3569193,
    "resp_ver": 2,
    "used_memory": 133616264,
    "bytes_per_key": 38.07859422734941,
    "coverage_sampled": 2000,
    "coverage_retrievable": 106,
    "coverage_missing": 1894,
    "coverage_fraction": 0.053,
    "coverage_keyspace": 3508960,
    "distinct_keys_est": 3457273,
    "key_draws": 14797872,
    "server_hits": 652795,
    "server_misses": 10440185,
    "evicted_keys": 10338466,
    "maxmemory": 134217728,
    "maxmemory_policy": "allkeys-lfu"
  },
  "valkey": {
    "target": "valkey",
    "version": "valkey 9.1.0",
    "workload": "mixed",
    "skipped": false,
    "ops": 14378576,
    "errors": 0,
    "ops_per_sec": 1437721.7501031493,
    "min_us": 21.188,
    "p50_us": 632.319,
    "p99_us": 2613.247,
    "p999_us": 4448.255,
    "nil_replies": 6749750,
    "err_replies": 0,
    "hit_ratio": 0.5305689520297421,
    "value_ops_per_sec": 762810.5222625945,
    "bytes_per_sec": 447703111.4673084,
    "resp_ver": 2,
    "used_memory": 133864352,
    "bytes_per_key": 38.14929551776025,
    "coverage_sampled": 2000,
    "coverage_retrievable": 94,
    "coverage_missing": 1906,
    "coverage_fraction": 0.047,
    "coverage_keyspace": 3508960,
    "distinct_keys_est": 3450637,
    "key_draws": 14378576,
    "server_hits": 640753,
    "server_misses": 10220957,
    "evicted_keys": 10121638,
    "maxmemory": 134217728,
    "maxmemory_policy": "allkeys-lfu"
  },
  "gate": {
    "pass": false,
    "reason": "aki is 0.02x Redis, below the 2.0x bar",
    "required_speedup": 2,
    "speedup_vs_redis": 0.018366793999593067,
    "speedup_vs_valkey": 0.018896956433303337,
    "tail_regressed_vs_redis": true,
    "tail_regressed_vs_valkey": true
  },
  "generator_bound": false
}
