{
  "workload": "mixed",
  "cell": {
    "keyspace": 877240,
    "value_size": 512,
    "dist": "uniform",
    "pipeline": 16,
    "connections": 64
  },
  "timestamp": "2026-07-15T21:39:08.247178232Z",
  "aki": {
    "target": "aki",
    "version": "unknown",
    "workload": "mixed",
    "skipped": false,
    "ops": 4723504,
    "errors": 0,
    "ops_per_sec": 472234.66331201146,
    "min_us": 423.258,
    "p50_us": 2107.391,
    "p99_us": 3487.743,
    "p999_us": 4009.983,
    "nil_replies": 0,
    "err_replies": 0,
    "hit_ratio": 1,
    "value_ops_per_sec": 472234.66331201146,
    "bytes_per_sec": 260795919.45367253,
    "resp_ver": 2,
    "used_memory": 494308608,
    "bytes_per_key": 563.4816105056769,
    "coverage_sampled": 2000,
    "coverage_retrievable": 2000,
    "coverage_fraction": 1,
    "coverage_keyspace": 877240,
    "distinct_keys_est": 873142,
    "key_draws": 4723504
  },
  "redis": {
    "target": "redis",
    "version": "redis 8.8.0",
    "workload": "mixed",
    "skipped": false,
    "ops": 14912976,
    "errors": 0,
    "ops_per_sec": 1491185.675032959,
    "min_us": 31.274,
    "p50_us": 629.759,
    "p99_us": 2158.591,
    "p999_us": 3284.991,
    "nil_replies": 5793354,
    "err_replies": 0,
    "hit_ratio": 0.6115226095716911,
    "value_ops_per_sec": 911893.7553520789,
    "bytes_per_sec": 525185840.0587726,
    "resp_ver": 2,
    "used_memory": 133416152,
    "bytes_per_key": 152.08626145638593,
    "coverage_sampled": 2000,
    "coverage_retrievable": 401,
    "coverage_missing": 1599,
    "coverage_fraction": 0.2005,
    "coverage_keyspace": 877240,
    "distinct_keys_est": 877240,
    "key_draws": 14912976,
    "server_hits": 2474551,
    "server_misses": 8717413,
    "evicted_keys": 8659875,
    "maxmemory": 134217728,
    "maxmemory_policy": "allkeys-lfu"
  },
  "valkey": {
    "target": "valkey",
    "version": "valkey 9.1.0",
    "workload": "mixed",
    "skipped": false,
    "ops": 15103792,
    "errors": 0,
    "ops_per_sec": 1510230.6434443425,
    "min_us": 21.173,
    "p50_us": 590.847,
    "p99_us": 2818.047,
    "p999_us": 4837.375,
    "nil_replies": 5859405,
    "err_replies": 0,
    "hit_ratio": 0.6120573561924052,
    "value_ops_per_sec": 924347.7748672992,
    "bytes_per_sec": 532309289.23860735,
    "resp_ver": 2,
    "used_memory": 133496664,
    "bytes_per_key": 152.17804021704436,
    "coverage_sampled": 2000,
    "coverage_retrievable": 436,
    "coverage_missing": 1564,
    "coverage_fraction": 0.218,
    "coverage_keyspace": 877240,
    "distinct_keys_est": 877240,
    "key_draws": 15103792,
    "server_hits": 2529142,
    "server_misses": 8849206,
    "evicted_keys": 8795466,
    "maxmemory": 134217728,
    "maxmemory_policy": "allkeys-lfu"
  },
  "gate": {
    "pass": false,
    "reason": "aki is 0.52x Redis, below the 2.0x bar",
    "required_speedup": 2,
    "speedup_vs_redis": 0.517861494873033,
    "speedup_vs_valkey": 0.5108841889945656,
    "tail_regressed_vs_redis": true,
    "tail_regressed_vs_valkey": true
  },
  "generator_bound": false
}
