{
  "workload": "mixed",
  "cell": {
    "keyspace": 3508960,
    "value_size": 512,
    "dist": "uniform",
    "pipeline": 16,
    "connections": 64
  },
  "timestamp": "2026-07-15T22:20:25.847636713Z",
  "aki": {
    "target": "aki",
    "version": "unknown",
    "workload": "mixed",
    "skipped": false,
    "ops": 265104,
    "errors": 0,
    "ops_per_sec": 26428.531112887766,
    "min_us": 270.545,
    "p50_us": 60915.711,
    "p99_us": 66125.823,
    "p999_us": 69599.231,
    "nil_replies": 60687,
    "err_replies": 59614,
    "hit_ratio": 0.5462120526284024,
    "value_ops_per_sec": 14435.582227124023,
    "bytes_per_sec": 11788235.236733058,
    "resp_ver": 2,
    "used_memory": 1074965504,
    "bytes_per_key": 306.3487483470886,
    "coverage_sampled": 2000,
    "coverage_retrievable": 1052,
    "coverage_missing": 948,
    "coverage_fraction": 0.526,
    "coverage_keyspace": 3508960,
    "distinct_keys_est": 255429,
    "key_draws": 265104
  },
  "redis": {
    "target": "redis",
    "version": "redis 8.8.0",
    "workload": "mixed",
    "skipped": false,
    "ops": 14397680,
    "errors": 0,
    "ops_per_sec": 1439654.9844923383,
    "min_us": 26.719,
    "p50_us": 657.919,
    "p99_us": 2148.351,
    "p999_us": 3278.847,
    "nil_replies": 6760471,
    "err_replies": 0,
    "hit_ratio": 0.5304471970484134,
    "value_ops_per_sec": 763660.9512407379,
    "bytes_per_sec": 448214778.13312995,
    "resp_ver": 2,
    "used_memory": 133607344,
    "bytes_per_key": 38.07605216360403,
    "coverage_sampled": 2000,
    "coverage_retrievable": 98,
    "coverage_missing": 1902,
    "coverage_fraction": 0.049,
    "coverage_keyspace": 3508960,
    "distinct_keys_est": 3451019,
    "key_draws": 14397680,
    "server_hits": 632770,
    "server_misses": 10128090,
    "evicted_keys": 10021145,
    "maxmemory": 134217728,
    "maxmemory_policy": "allkeys-lfu"
  },
  "valkey": {
    "target": "valkey",
    "version": "valkey 9.1.0",
    "workload": "mixed",
    "skipped": false,
    "ops": 14495264,
    "errors": 0,
    "ops_per_sec": 1449345.9803396564,
    "min_us": 16.628,
    "p50_us": 622.079,
    "p99_us": 2746.367,
    "p999_us": 4710.399,
    "nil_replies": 6811216,
    "err_replies": 0,
    "hit_ratio": 0.5301074889012025,
    "value_ops_per_sec": 768309.1581869068,
    "bytes_per_sec": 450978438.5255478,
    "resp_ver": 2,
    "used_memory": 133836760,
    "bytes_per_key": 38.141432219233046,
    "coverage_sampled": 2000,
    "coverage_retrievable": 121,
    "coverage_missing": 1879,
    "coverage_fraction": 0.0605,
    "coverage_keyspace": 3508960,
    "distinct_keys_est": 3452592,
    "key_draws": 14495264,
    "server_hits": 634353,
    "server_misses": 10213933,
    "evicted_keys": 10136359,
    "maxmemory": 134217728,
    "maxmemory_policy": "allkeys-lfu"
  },
  "gate": {
    "pass": false,
    "reason": "aki is 0.02x Redis, below the 2.0x bar",
    "required_speedup": 2,
    "speedup_vs_redis": 0.018903129986769903,
    "speedup_vs_valkey": 0.018788767611712203,
    "tail_regressed_vs_redis": true,
    "tail_regressed_vs_valkey": true
  },
  "generator_bound": false
}
