{
  "workload": "mixed",
  "cell": {
    "keyspace": 511793,
    "value_size": 4096,
    "dist": "uniform",
    "pipeline": 16,
    "connections": 64
  },
  "timestamp": "2026-07-16T02:38:50.49878959Z",
  "aki": {
    "target": "aki",
    "version": "unknown",
    "workload": "mixed",
    "skipped": false,
    "ops": 4157488,
    "errors": 0,
    "ops_per_sec": 415634.2391502972,
    "min_us": 37.49,
    "p50_us": 768.511,
    "p99_us": 5300.223,
    "p999_us": 251396.095,
    "nil_replies": 0,
    "err_replies": 0,
    "hit_ratio": 1,
    "value_ops_per_sec": 415634.2391502972,
    "bytes_per_sec": 1720346582.4918141,
    "resp_ver": 2,
    "used_memory": 142654896,
    "bytes_per_key": 278.7355356560172,
    "coverage_sampled": 2000,
    "coverage_retrievable": 2000,
    "coverage_fraction": 1,
    "coverage_keyspace": 511793,
    "distinct_keys_est": 511639,
    "key_draws": 4157488
  },
  "redis": {
    "target": "redis",
    "version": "redis 8.8.0",
    "workload": "mixed",
    "skipped": false,
    "ops": 9284448,
    "errors": 0,
    "ops_per_sec": 928306.6967410326,
    "min_us": 21.834,
    "p50_us": 489.983,
    "p99_us": 5169.151,
    "p999_us": 8101.887,
    "nil_replies": 881562,
    "err_replies": 0,
    "hit_ratio": 0.9050496055338992,
    "value_ops_per_sec": 840163.6096999486,
    "bytes_per_sec": 3480955820.583528,
    "resp_ver": 2,
    "used_memory": 131735832,
    "bytes_per_key": 257.400613138515,
    "coverage_sampled": 2000,
    "coverage_retrievable": 89,
    "coverage_missing": 1911,
    "coverage_fraction": 0.0445,
    "coverage_keyspace": 511793,
    "distinct_keys_est": 511792,
    "key_draws": 9284448,
    "server_hits": 70137,
    "server_misses": 1324631,
    "evicted_keys": 11889523,
    "maxmemory": 134217728,
    "maxmemory_policy": "allkeys-lfu"
  },
  "valkey": {
    "target": "valkey",
    "version": "valkey 9.1.0",
    "workload": "mixed",
    "skipped": false,
    "ops": 9787888,
    "errors": 0,
    "ops_per_sec": 978640.0783181703,
    "min_us": 19.896,
    "p50_us": 454.399,
    "p99_us": 5631.999,
    "p999_us": 9093.119,
    "nil_replies": 929662,
    "err_replies": 0,
    "hit_ratio": 0.9050191420253276,
    "value_ops_per_sec": 885688.0040311099,
    "bytes_per_sec": 3669573150.1083965,
    "resp_ver": 2,
    "used_memory": 131768728,
    "bytes_per_key": 257.4648891250955,
    "coverage_sampled": 2000,
    "coverage_retrievable": 103,
    "coverage_missing": 1897,
    "coverage_fraction": 0.0515,
    "coverage_keyspace": 511793,
    "distinct_keys_est": 511793,
    "key_draws": 9787888,
    "server_hits": 73722,
    "server_misses": 1398296,
    "evicted_keys": 12550172,
    "maxmemory": 134217728,
    "maxmemory_policy": "allkeys-lfu"
  },
  "gate": {
    "pass": false,
    "reason": "aki is 0.49x Redis, below the 2.0x bar",
    "required_speedup": 2,
    "speedup_vs_redis": 0.4947063099992328,
    "speedup_vs_valkey": 0.4692783883925089,
    "tail_regressed_vs_redis": true,
    "tail_regressed_vs_valkey": false
  },
  "generator_bound": false
}
