{
  "workload": "mixed",
  "cell": {
    "keyspace": 877240,
    "value_size": 512,
    "dist": "zipfian",
    "zipf_s": 0.99,
    "pipeline": 16,
    "connections": 64
  },
  "timestamp": "2026-07-16T01:52:29.462314687Z",
  "aki": {
    "target": "aki",
    "version": "unknown",
    "workload": "mixed",
    "skipped": false,
    "ops": 4467840,
    "errors": 0,
    "ops_per_sec": 446663.7837925706,
    "min_us": 399.351,
    "p50_us": 2181.119,
    "p99_us": 3704.831,
    "p999_us": 4714.495,
    "nil_replies": 0,
    "err_replies": 0,
    "hit_ratio": 1,
    "value_ops_per_sec": 446663.7837925706,
    "bytes_per_sec": 246158204.16553536,
    "resp_ver": 2,
    "used_memory": 494308608,
    "bytes_per_key": 563.4816105056769,
    "coverage_sampled": 2000,
    "coverage_retrievable": 2000,
    "coverage_fraction": 1,
    "coverage_keyspace": 877240,
    "distinct_keys_est": 523750,
    "key_draws": 4467840
  },
  "redis": {
    "target": "redis",
    "version": "redis 8.8.0",
    "workload": "mixed",
    "skipped": false,
    "ops": 18883552,
    "errors": 0,
    "ops_per_sec": 1888116.433138533,
    "min_us": 30.519,
    "p50_us": 414.975,
    "p99_us": 2512.895,
    "p999_us": 4093.951,
    "nil_replies": 264230,
    "err_replies": 0,
    "hit_ratio": 0.9860073994553568,
    "value_ops_per_sec": 1861696.7741078488,
    "bytes_per_sec": 1026942713.6863954,
    "resp_ver": 2,
    "used_memory": 132898344,
    "bytes_per_key": 151.49599197483016,
    "coverage_sampled": 2000,
    "coverage_retrievable": 439,
    "coverage_missing": 1561,
    "coverage_fraction": 0.2195,
    "coverage_keyspace": 877240,
    "distinct_keys_est": 822687,
    "key_draws": 18883552,
    "server_hits": 2401792,
    "server_misses": 412604,
    "evicted_keys": 3677605,
    "maxmemory": 134217728,
    "maxmemory_policy": "allkeys-lfu"
  },
  "valkey": {
    "target": "valkey",
    "version": "valkey 9.1.0",
    "workload": "mixed",
    "skipped": false,
    "ops": 17913744,
    "errors": 0,
    "ops_per_sec": 1791241.2699333432,
    "min_us": 18.618,
    "p50_us": 461.055,
    "p99_us": 3241.983,
    "p999_us": 5505.023,
    "nil_replies": 251633,
    "err_replies": 0,
    "hit_ratio": 0.9859530760292209,
    "value_ops_per_sec": 1766079.8400012676,
    "bytes_per_sec": 974202234.0621983,
    "resp_ver": 2,
    "used_memory": 133490352,
    "bytes_per_key": 152.17084492271215,
    "coverage_sampled": 2000,
    "coverage_retrievable": 440,
    "coverage_missing": 1560,
    "coverage_fraction": 0.22,
    "coverage_keyspace": 877240,
    "distinct_keys_est": 816167,
    "key_draws": 17913744,
    "server_hits": 2279994,
    "server_misses": 392892,
    "evicted_keys": 3497241,
    "maxmemory": 134217728,
    "maxmemory_policy": "allkeys-lfu"
  },
  "gate": {
    "pass": false,
    "reason": "aki is 0.24x Redis, below the 2.0x bar",
    "required_speedup": 2,
    "speedup_vs_redis": 0.23992295093631352,
    "speedup_vs_valkey": 0.2529125658284226,
    "tail_regressed_vs_redis": true,
    "tail_regressed_vs_valkey": true
  },
  "generator_bound": false
}
