{
  "workload": "mixed",
  "cell": {
    "keyspace": 511793,
    "value_size": 4096,
    "dist": "uniform",
    "pipeline": 16,
    "connections": 64
  },
  "timestamp": "2026-07-16T02:39:48.41347425Z",
  "aki": {
    "target": "aki",
    "version": "unknown",
    "workload": "mixed",
    "skipped": false,
    "ops": 3977824,
    "errors": 0,
    "ops_per_sec": 395254.1274875679,
    "min_us": 43.202,
    "p50_us": 820.223,
    "p99_us": 5849.087,
    "p999_us": 311951.359,
    "nil_replies": 0,
    "err_replies": 0,
    "hit_ratio": 1,
    "value_ops_per_sec": 395254.1274875679,
    "bytes_per_sec": 1635991557.9545734,
    "resp_ver": 2,
    "used_memory": 139832752,
    "bytes_per_key": 273.2213062703085,
    "coverage_sampled": 2000,
    "coverage_retrievable": 2000,
    "coverage_fraction": 1,
    "coverage_keyspace": 511793,
    "distinct_keys_est": 511575,
    "key_draws": 3977824
  },
  "redis": {
    "target": "redis",
    "version": "redis 8.8.0",
    "workload": "mixed",
    "skipped": false,
    "ops": 8832240,
    "errors": 0,
    "ops_per_sec": 883107.5896406412,
    "min_us": 23.892,
    "p50_us": 505.599,
    "p99_us": 5619.711,
    "p999_us": 9215.999,
    "nil_replies": 838536,
    "err_replies": 0,
    "hit_ratio": 0.9050596451183391,
    "value_ops_per_sec": 799265.0416814707,
    "bytes_per_sec": 3311504990.223694,
    "resp_ver": 2,
    "used_memory": 131747840,
    "bytes_per_key": 257.4240757493752,
    "coverage_sampled": 2000,
    "coverage_retrievable": 90,
    "coverage_missing": 1910,
    "coverage_fraction": 0.045,
    "coverage_keyspace": 511793,
    "distinct_keys_est": 511792,
    "key_draws": 8832240,
    "server_hits": 66628,
    "server_misses": 1261472,
    "evicted_keys": 11317751,
    "maxmemory": 134217728,
    "maxmemory_policy": "allkeys-lfu"
  },
  "valkey": {
    "target": "valkey",
    "version": "valkey 9.1.0",
    "workload": "mixed",
    "skipped": false,
    "ops": 9778784,
    "errors": 0,
    "ops_per_sec": 977731.272366958,
    "min_us": 20.546,
    "p50_us": 441.343,
    "p99_us": 5767.167,
    "p999_us": 9322.495,
    "nil_replies": 928561,
    "err_replies": 0,
    "hit_ratio": 0.9050433059979646,
    "value_ops_per_sec": 884889.143120588,
    "bytes_per_sec": 3666262329.977352,
    "resp_ver": 2,
    "used_memory": 131761016,
    "bytes_per_key": 257.4498205329108,
    "coverage_sampled": 2000,
    "coverage_retrievable": 91,
    "coverage_missing": 1909,
    "coverage_fraction": 0.0455,
    "coverage_keyspace": 511793,
    "distinct_keys_est": 511793,
    "key_draws": 9778784,
    "server_hits": 73554,
    "server_misses": 1393598,
    "evicted_keys": 12510422,
    "maxmemory": 134217728,
    "maxmemory_policy": "allkeys-lfu"
  },
  "gate": {
    "pass": false,
    "reason": "aki is 0.49x Redis, below the 2.0x bar",
    "required_speedup": 2,
    "speedup_vs_redis": 0.4945219756590926,
    "speedup_vs_valkey": 0.44667078419980655,
    "tail_regressed_vs_redis": true,
    "tail_regressed_vs_valkey": true
  },
  "generator_bound": false
}
