{
  "workload": "mixed",
  "cell": {
    "keyspace": 511793,
    "value_size": 4096,
    "dist": "zipfian",
    "zipf_s": 0.99,
    "pipeline": 16,
    "connections": 64
  },
  "timestamp": "2026-07-16T02:44:54.155706153Z",
  "aki": {
    "target": "aki",
    "version": "unknown",
    "workload": "mixed",
    "skipped": false,
    "ops": 7807440,
    "errors": 0,
    "ops_per_sec": 780641.9061682916,
    "min_us": 40.024,
    "p50_us": 637.951,
    "p99_us": 4489.215,
    "p999_us": 202637.311,
    "nil_replies": 0,
    "err_replies": 0,
    "hit_ratio": 1,
    "value_ops_per_sec": 780641.9061682916,
    "bytes_per_sec": 3228703956.1620755,
    "resp_ver": 2,
    "used_memory": 145735088,
    "bytes_per_key": 284.753968889766,
    "coverage_sampled": 2000,
    "coverage_retrievable": 2000,
    "coverage_fraction": 1,
    "coverage_keyspace": 511793,
    "distinct_keys_est": 453637,
    "key_draws": 7807440
  },
  "redis": {
    "target": "redis",
    "version": "redis 8.8.0",
    "workload": "mixed",
    "skipped": false,
    "ops": 9641152,
    "errors": 0,
    "ops_per_sec": 963999.7438714759,
    "min_us": 21.128,
    "p50_us": 488.959,
    "p99_us": 5132.287,
    "p999_us": 8855.551,
    "nil_replies": 248819,
    "err_replies": 0,
    "hit_ratio": 0.9741919845263305,
    "value_ops_per_sec": 939120.8235650273,
    "bytes_per_sec": 3885061246.961586,
    "resp_ver": 2,
    "used_memory": 131573944,
    "bytes_per_key": 257.0842977531932,
    "coverage_sampled": 2000,
    "coverage_retrievable": 100,
    "coverage_missing": 1900,
    "coverage_fraction": 0.05,
    "coverage_keyspace": 511793,
    "distinct_keys_est": 472429,
    "key_draws": 9641152,
    "server_hits": 1063109,
    "server_misses": 380951,
    "evicted_keys": 3411314,
    "maxmemory": 134217728,
    "maxmemory_policy": "allkeys-lfu"
  },
  "valkey": {
    "target": "valkey",
    "version": "valkey 9.1.0",
    "workload": "mixed",
    "skipped": false,
    "ops": 12727936,
    "errors": 0,
    "ops_per_sec": 1272642.060146688,
    "min_us": 18.318,
    "p50_us": 331.007,
    "p99_us": 5414.911,
    "p999_us": 9003.007,
    "nil_replies": 327281,
    "err_replies": 0,
    "hit_ratio": 0.9742864043313857,
    "value_ops_per_sec": 1239917.8567812038,
    "bytes_per_sec": 5129428473.804482,
    "resp_ver": 2,
    "used_memory": 131749488,
    "bytes_per_key": 257.42729580123216,
    "coverage_sampled": 2000,
    "coverage_retrievable": 107,
    "coverage_missing": 1893,
    "coverage_fraction": 0.0535,
    "coverage_keyspace": 511793,
    "distinct_keys_est": 490827,
    "key_draws": 12727936,
    "server_hits": 1402141,
    "server_misses": 498837,
    "evicted_keys": 4475603,
    "maxmemory": 134217728,
    "maxmemory_policy": "allkeys-lfu"
  },
  "gate": {
    "pass": false,
    "reason": "aki is 0.83x Redis, below the 2.0x bar",
    "required_speedup": 2,
    "speedup_vs_redis": 0.831247573879654,
    "speedup_vs_valkey": 0.6295916313317874,
    "tail_regressed_vs_redis": false,
    "tail_regressed_vs_valkey": false
  },
  "generator_bound": false
}
