{
  "workload": "mixed",
  "cell": {
    "keyspace": 31987,
    "value_size": 4096,
    "dist": "zipfian",
    "zipf_s": 0.99,
    "pipeline": 16,
    "connections": 64
  },
  "timestamp": "2026-07-16T02:41:20.941713244Z",
  "aki": {
    "target": "aki",
    "version": "unknown",
    "workload": "mixed",
    "skipped": false,
    "ops": 13403136,
    "errors": 0,
    "ops_per_sec": 1340166.4794722497,
    "min_us": 14.662,
    "p50_us": 494.335,
    "p99_us": 3909.631,
    "p999_us": 6332.415,
    "nil_replies": 0,
    "err_replies": 0,
    "hit_ratio": 1,
    "value_ops_per_sec": 1340166.4794722497,
    "bytes_per_sec": 5541886682.872105,
    "resp_ver": 2,
    "used_memory": 132058768,
    "bytes_per_key": 4128.513708694157,
    "coverage_sampled": 2000,
    "coverage_retrievable": 2000,
    "coverage_fraction": 1,
    "coverage_keyspace": 31987,
    "distinct_keys_est": 31987,
    "key_draws": 13403136
  },
  "redis": {
    "target": "redis",
    "version": "redis 8.8.0",
    "workload": "mixed",
    "skipped": false,
    "ops": 11380432,
    "errors": 0,
    "ops_per_sec": 1137916.6297608549,
    "min_us": 19.963,
    "p50_us": 373.247,
    "p99_us": 5394.431,
    "p999_us": 9134.079,
    "nil_replies": 34008,
    "err_replies": 0,
    "hit_ratio": 0.9970117127363882,
    "value_ops_per_sec": 1134516.2079890885,
    "bytes_per_sec": 4691596735.133471,
    "resp_ver": 2,
    "used_memory": 130538904,
    "bytes_per_key": 4080.9986557038796,
    "coverage_sampled": 2000,
    "coverage_retrievable": 1520,
    "coverage_missing": 480,
    "coverage_fraction": 0.76,
    "coverage_keyspace": 31987,
    "distinct_keys_est": 31987,
    "key_draws": 11380432,
    "server_hits": 1643136,
    "server_misses": 52912,
    "evicted_keys": 472623,
    "maxmemory": 134217728,
    "maxmemory_policy": "allkeys-lfu"
  },
  "valkey": {
    "target": "valkey",
    "version": "valkey 9.1.0",
    "workload": "mixed",
    "skipped": false,
    "ops": 14231568,
    "errors": 0,
    "ops_per_sec": 1423002.7159852106,
    "min_us": 16.3,
    "p50_us": 274.175,
    "p99_us": 5382.143,
    "p999_us": 9592.831,
    "nil_replies": 42757,
    "err_replies": 0,
    "hit_ratio": 0.9969956226889405,
    "value_ops_per_sec": 1418727.4789117288,
    "bytes_per_sec": 5866904331.718748,
    "resp_ver": 2,
    "used_memory": 131279312,
    "bytes_per_key": 4104.145809235002,
    "coverage_sampled": 2000,
    "coverage_retrievable": 1616,
    "coverage_missing": 384,
    "coverage_fraction": 0.808,
    "coverage_keyspace": 31987,
    "distinct_keys_est": 31987,
    "key_draws": 14231568,
    "server_hits": 2037684,
    "server_misses": 65324,
    "evicted_keys": 579960,
    "maxmemory": 134217728,
    "maxmemory_policy": "allkeys-lfu"
  },
  "gate": {
    "pass": false,
    "reason": "aki is 1.18x Redis, below the 2.0x bar",
    "required_speedup": 2,
    "speedup_vs_redis": 1.1812669312566921,
    "speedup_vs_valkey": 0.9446257293192479,
    "tail_regressed_vs_redis": false,
    "tail_regressed_vs_valkey": false
  },
  "generator_bound": false
}
