{
  "workload": "mixed",
  "cell": {
    "keyspace": 3508960,
    "value_size": 512,
    "dist": "zipfian",
    "zipf_s": 0.99,
    "pipeline": 16,
    "connections": 64
  },
  "timestamp": "2026-07-16T02:14:01.156418719Z",
  "aki": {
    "target": "aki",
    "version": "unknown",
    "workload": "mixed",
    "skipped": false,
    "ops": 398272,
    "errors": 0,
    "ops_per_sec": 39608.1029778758,
    "min_us": 330.911,
    "p50_us": 2027.519,
    "p99_us": 65077.247,
    "p999_us": 66650.111,
    "nil_replies": 1749,
    "err_replies": 14898,
    "hit_ratio": 0.9582019323477422,
    "value_ops_per_sec": 37952.56081002896,
    "bytes_per_sec": 21825667.972340044,
    "resp_ver": 2,
    "used_memory": 1074965504,
    "bytes_per_key": 306.3487483470886,
    "coverage_sampled": 2000,
    "coverage_retrievable": 1052,
    "coverage_missing": 948,
    "coverage_fraction": 0.526,
    "coverage_keyspace": 3508960,
    "distinct_keys_est": 142535,
    "key_draws": 398272
  },
  "redis": {
    "target": "redis",
    "version": "redis 8.8.0",
    "workload": "mixed",
    "skipped": false,
    "ops": 16926848,
    "errors": 0,
    "ops_per_sec": 1692524.5856227248,
    "min_us": 26.847,
    "p50_us": 486.655,
    "p99_us": 2371.583,
    "p999_us": 3575.807,
    "nil_replies": 387567,
    "err_replies": 0,
    "hit_ratio": 0.9771034158279203,
    "value_ops_per_sec": 1653771.5539846998,
    "bytes_per_sec": 913491471.7972796,
    "resp_ver": 2,
    "used_memory": 133067240,
    "bytes_per_key": 37.92213077379053,
    "coverage_sampled": 2000,
    "coverage_retrievable": 106,
    "coverage_missing": 1894,
    "coverage_fraction": 0.053,
    "coverage_keyspace": 3508960,
    "distinct_keys_est": 1956269,
    "key_draws": 16926848,
    "server_hits": 1916240,
    "server_misses": 597888,
    "evicted_keys": 5318690,
    "maxmemory": 134217728,
    "maxmemory_policy": "allkeys-lfu"
  },
  "valkey": {
    "target": "valkey",
    "version": "valkey 9.1.0",
    "workload": "mixed",
    "skipped": false,
    "ops": 15806464,
    "errors": 0,
    "ops_per_sec": 1580540.1597257056,
    "min_us": 20.589,
    "p50_us": 551.423,
    "p99_us": 2963.455,
    "p999_us": 5132.287,
    "nil_replies": 362361,
    "err_replies": 0,
    "hit_ratio": 0.9770751383737691,
    "value_ops_per_sec": 1544306.495269293,
    "bytes_per_sec": 853027517.4522401,
    "resp_ver": 2,
    "used_memory": 133321264,
    "bytes_per_key": 37.994523733527885,
    "coverage_sampled": 2000,
    "coverage_retrievable": 102,
    "coverage_missing": 1898,
    "coverage_fraction": 0.051,
    "coverage_keyspace": 3508960,
    "distinct_keys_est": 1889754,
    "key_draws": 15806464,
    "server_hits": 1783736,
    "server_misses": 562028,
    "evicted_keys": 4997377,
    "maxmemory": 134217728,
    "maxmemory_policy": "allkeys-lfu"
  },
  "gate": {
    "pass": false,
    "reason": "aki is 0.02x Redis, below the 2.0x bar",
    "required_speedup": 2,
    "speedup_vs_redis": 0.022949095187049087,
    "speedup_vs_valkey": 0.024575795624955182,
    "tail_regressed_vs_redis": true,
    "tail_regressed_vs_valkey": true
  },
  "generator_bound": false
}
