{
  "workload": "mixed",
  "cell": {
    "keyspace": 511793,
    "value_size": 4096,
    "dist": "zipfian",
    "zipf_s": 0.99,
    "pipeline": 16,
    "connections": 64
  },
  "timestamp": "2026-07-16T02:43:56.213123334Z",
  "aki": {
    "target": "aki",
    "version": "unknown",
    "workload": "mixed",
    "skipped": false,
    "ops": 7817232,
    "errors": 0,
    "ops_per_sec": 781683.2532498675,
    "min_us": 34.058,
    "p50_us": 638.975,
    "p99_us": 4390.911,
    "p999_us": 206307.327,
    "nil_replies": 0,
    "err_replies": 0,
    "hit_ratio": 1,
    "value_ops_per_sec": 781683.2532498675,
    "bytes_per_sec": 3233010966.8240566,
    "resp_ver": 2,
    "used_memory": 147045808,
    "bytes_per_key": 287.31500430838247,
    "coverage_sampled": 2000,
    "coverage_retrievable": 2000,
    "coverage_fraction": 1,
    "coverage_keyspace": 511793,
    "distinct_keys_est": 453794,
    "key_draws": 7817232
  },
  "redis": {
    "target": "redis",
    "version": "redis 8.8.0",
    "workload": "mixed",
    "skipped": false,
    "ops": 10142992,
    "errors": 0,
    "ops_per_sec": 1014160.7236551421,
    "min_us": 21.785,
    "p50_us": 466.175,
    "p99_us": 4767.743,
    "p999_us": 7892.991,
    "nil_replies": 261869,
    "err_replies": 0,
    "hit_ratio": 0.9741822728441469,
    "value_ops_per_sec": 987977.3987996312,
    "bytes_per_sec": 4087177076.397893,
    "resp_ver": 2,
    "used_memory": 131219528,
    "bytes_per_key": 256.3917990281227,
    "coverage_sampled": 2000,
    "coverage_retrievable": 102,
    "coverage_missing": 1898,
    "coverage_fraction": 0.051,
    "coverage_keyspace": 511793,
    "distinct_keys_est": 476275,
    "key_draws": 10142992,
    "server_hits": 1117645,
    "server_misses": 400289,
    "evicted_keys": 3587260,
    "maxmemory": 134217728,
    "maxmemory_policy": "allkeys-lfu"
  },
  "valkey": {
    "target": "valkey",
    "version": "valkey 9.1.0",
    "workload": "mixed",
    "skipped": false,
    "ops": 12842848,
    "errors": 0,
    "ops_per_sec": 1284136.9623196623,
    "min_us": 11.156,
    "p50_us": 327.679,
    "p99_us": 5414.911,
    "p999_us": 9142.271,
    "nil_replies": 331017,
    "err_replies": 0,
    "hit_ratio": 0.9742255767568065,
    "value_ops_per_sec": 1251039.0727506066,
    "bytes_per_sec": 5175438867.007453,
    "resp_ver": 2,
    "used_memory": 131473264,
    "bytes_per_key": 256.8875775948479,
    "coverage_sampled": 2000,
    "coverage_retrievable": 95,
    "coverage_missing": 1905,
    "coverage_fraction": 0.0475,
    "coverage_keyspace": 511793,
    "distinct_keys_est": 491292,
    "key_draws": 12842848,
    "server_hits": 1412482,
    "server_misses": 503798,
    "evicted_keys": 4517822,
    "maxmemory": 134217728,
    "maxmemory_policy": "allkeys-lfu"
  },
  "gate": {
    "pass": false,
    "reason": "aki is 0.79x Redis, below the 2.0x bar",
    "required_speedup": 2,
    "speedup_vs_redis": 0.7911954809893362,
    "speedup_vs_valkey": 0.6248272098578134,
    "tail_regressed_vs_redis": false,
    "tail_regressed_vs_valkey": false
  },
  "generator_bound": false
}
