{
  "workload": "mixed",
  "cell": {
    "keyspace": 31987,
    "value_size": 4096,
    "dist": "zipfian",
    "zipf_s": 0.99,
    "pipeline": 16,
    "connections": 64
  },
  "timestamp": "2026-07-16T02:40:34.762720718Z",
  "aki": {
    "target": "aki",
    "version": "unknown",
    "workload": "mixed",
    "skipped": false,
    "ops": 13439984,
    "errors": 0,
    "ops_per_sec": 1343881.8638059099,
    "min_us": 17.002,
    "p50_us": 488.959,
    "p99_us": 3885.055,
    "p999_us": 6246.399,
    "nil_replies": 0,
    "err_replies": 0,
    "hit_ratio": 1,
    "value_ops_per_sec": 1343881.8638059099,
    "bytes_per_sec": 5557250605.70075,
    "resp_ver": 2,
    "used_memory": 133770896,
    "bytes_per_key": 4182.039453527996,
    "coverage_sampled": 2000,
    "coverage_retrievable": 2000,
    "coverage_fraction": 1,
    "coverage_keyspace": 31987,
    "distinct_keys_est": 31987,
    "key_draws": 13439984
  },
  "redis": {
    "target": "redis",
    "version": "redis 8.8.0",
    "workload": "mixed",
    "skipped": false,
    "ops": 11796240,
    "errors": 0,
    "ops_per_sec": 1179505.210496894,
    "min_us": 20.576,
    "p50_us": 363.263,
    "p99_us": 5054.463,
    "p999_us": 8798.207,
    "nil_replies": 35749,
    "err_replies": 0,
    "hit_ratio": 0.9969694580646037,
    "value_ops_per_sec": 1175930.6704934647,
    "bytes_per_sec": 4862860941.852827,
    "resp_ver": 2,
    "used_memory": 131024280,
    "bytes_per_key": 4096.1728202082095,
    "coverage_sampled": 2000,
    "coverage_retrievable": 1569,
    "coverage_missing": 431,
    "coverage_fraction": 0.7845,
    "coverage_keyspace": 31987,
    "distinct_keys_est": 31987,
    "key_draws": 11796240,
    "server_hits": 1710498,
    "server_misses": 55544,
    "evicted_keys": 492986,
    "maxmemory": 134217728,
    "maxmemory_policy": "allkeys-lfu"
  },
  "valkey": {
    "target": "valkey",
    "version": "valkey 9.1.0",
    "workload": "mixed",
    "skipped": false,
    "ops": 14485552,
    "errors": 0,
    "ops_per_sec": 1448456.4511917487,
    "min_us": 15.624,
    "p50_us": 263.167,
    "p99_us": 5382.143,
    "p999_us": 9379.839,
    "nil_replies": 43083,
    "err_replies": 0,
    "hit_ratio": 0.9970257950818857,
    "value_ops_per_sec": 1444148.4448909399,
    "bytes_per_sec": 5972026936.269215,
    "resp_ver": 2,
    "used_memory": 130925296,
    "bytes_per_key": 4093.0783130646823,
    "coverage_sampled": 2000,
    "coverage_retrievable": 1564,
    "coverage_missing": 436,
    "coverage_fraction": 0.782,
    "coverage_keyspace": 31987,
    "distinct_keys_est": 31987,
    "key_draws": 14485552,
    "server_hits": 2073604,
    "server_misses": 66278,
    "evicted_keys": 591162,
    "maxmemory": 134217728,
    "maxmemory_policy": "allkeys-lfu"
  },
  "gate": {
    "pass": false,
    "reason": "aki is 1.14x Redis, below the 2.0x bar",
    "required_speedup": 2,
    "speedup_vs_redis": 1.1428240605732025,
    "speedup_vs_valkey": 0.9305704469372593,
    "tail_regressed_vs_redis": false,
    "tail_regressed_vs_valkey": false
  },
  "generator_bound": false
}
