{
  "workload": "mixed",
  "cell": {
    "keyspace": 877240,
    "value_size": 512,
    "dist": "uniform",
    "pipeline": 16,
    "connections": 64
  },
  "timestamp": "2026-07-16T01:07:53.61772147Z",
  "aki": {
    "target": "aki",
    "version": "unknown",
    "workload": "mixed",
    "skipped": false,
    "ops": 4676096,
    "errors": 0,
    "ops_per_sec": 467491.88895505195,
    "min_us": 212.089,
    "p50_us": 2121.727,
    "p99_us": 3543.039,
    "p999_us": 4116.479,
    "nil_replies": 0,
    "err_replies": 0,
    "hit_ratio": 1,
    "value_ops_per_sec": 467491.88895505195,
    "bytes_per_sec": 259111896.0161,
    "resp_ver": 2,
    "used_memory": 494308608,
    "bytes_per_key": 563.4816105056769,
    "coverage_sampled": 2000,
    "coverage_retrievable": 2000,
    "coverage_fraction": 1,
    "coverage_keyspace": 877240,
    "distinct_keys_est": 872918,
    "key_draws": 4676096
  },
  "redis": {
    "target": "redis",
    "version": "redis 8.8.0",
    "workload": "mixed",
    "skipped": false,
    "ops": 11975776,
    "errors": 0,
    "ops_per_sec": 1197430.2480654498,
    "min_us": 35.831,
    "p50_us": 828.927,
    "p99_us": 2000.895,
    "p999_us": 2813.951,
    "nil_replies": 929617,
    "err_replies": 0,
    "hit_ratio": 0.9223752181069519,
    "value_ops_per_sec": 1104479.9862272309,
    "bytes_per_sec": 615817679.7469469,
    "resp_ver": 2,
    "used_memory": 133503912,
    "bytes_per_key": 152.18630249418632,
    "coverage_sampled": 2000,
    "coverage_retrievable": 434,
    "coverage_missing": 1566,
    "coverage_fraction": 0.217,
    "coverage_keyspace": 877240,
    "distinct_keys_est": 877240,
    "key_draws": 11975776,
    "server_hits": 399383,
    "server_misses": 1400045,
    "evicted_keys": 12534324,
    "maxmemory": 134217728,
    "maxmemory_policy": "allkeys-lfu"
  },
  "valkey": {
    "target": "valkey",
    "version": "valkey 9.1.0",
    "workload": "mixed",
    "skipped": false,
    "ops": 10815168,
    "errors": 0,
    "ops_per_sec": 1081409.7926626194,
    "min_us": 39.615,
    "p50_us": 901.119,
    "p99_us": 2042.879,
    "p999_us": 3180.543,
    "nil_replies": 837017,
    "err_replies": 0,
    "hit_ratio": 0.9226071199263849,
    "value_ops_per_sec": 997716.3742686482,
    "bytes_per_sec": 556279457.2020347,
    "resp_ver": 2,
    "used_memory": 133749536,
    "bytes_per_key": 152.46629884638185,
    "coverage_sampled": 2000,
    "coverage_retrievable": 418,
    "coverage_missing": 1582,
    "coverage_fraction": 0.209,
    "coverage_keyspace": 877240,
    "distinct_keys_est": 877231,
    "key_draws": 10815168,
    "server_hits": 363866,
    "server_misses": 1264144,
    "evicted_keys": 11309157,
    "maxmemory": 134217728,
    "maxmemory_policy": "allkeys-lfu"
  },
  "gate": {
    "pass": false,
    "reason": "aki is 0.42x Redis, below the 2.0x bar",
    "required_speedup": 2,
    "speedup_vs_redis": 0.42326877334549745,
    "speedup_vs_valkey": 0.46856190898714634,
    "tail_regressed_vs_redis": true,
    "tail_regressed_vs_valkey": true
  },
  "generator_bound": false
}
