{
  "workload": "mixed",
  "cell": {
    "keyspace": 127948,
    "value_size": 4096,
    "dist": "zipfian",
    "zipf_s": 0.99,
    "pipeline": 16,
    "connections": 64
  },
  "timestamp": "2026-07-16T02:42:09.868437319Z",
  "aki": {
    "target": "aki",
    "version": "unknown",
    "workload": "mixed",
    "skipped": false,
    "ops": 7861152,
    "errors": 0,
    "ops_per_sec": 748715.8836306748,
    "min_us": 29.576,
    "p50_us": 607.743,
    "p99_us": 5177.343,
    "p999_us": 48627.711,
    "nil_replies": 0,
    "err_replies": 0,
    "hit_ratio": 1,
    "value_ops_per_sec": 748715.8836306748,
    "bytes_per_sec": 3096340392.4305615,
    "resp_ver": 2,
    "used_memory": 135742400,
    "bytes_per_key": 1060.9184981398694,
    "coverage_sampled": 2000,
    "coverage_retrievable": 2000,
    "coverage_fraction": 1,
    "coverage_keyspace": 127948,
    "distinct_keys_est": 127857,
    "key_draws": 7861152
  },
  "redis": {
    "target": "redis",
    "version": "redis 8.8.0",
    "workload": "mixed",
    "skipped": false,
    "ops": 10594944,
    "errors": 0,
    "ops_per_sec": 1059411.0059200826,
    "min_us": 21.888,
    "p50_us": 435.455,
    "p99_us": 4911.103,
    "p999_us": 7946.239,
    "nil_replies": 172559,
    "err_replies": 0,
    "hit_ratio": 0.9837130805033042,
    "value_ops_per_sec": 1042156.4641527488,
    "bytes_per_sec": 4310487580.424937,
    "resp_ver": 2,
    "used_memory": 131616792,
    "bytes_per_key": 1028.6740863475786,
    "coverage_sampled": 2000,
    "coverage_retrievable": 385,
    "coverage_missing": 1615,
    "coverage_fraction": 0.1925,
    "coverage_keyspace": 127948,
    "distinct_keys_est": 127939,
    "key_draws": 10594944,
    "server_hits": 1324031,
    "server_misses": 267209,
    "evicted_keys": 2388362,
    "maxmemory": 134217728,
    "maxmemory_policy": "allkeys-lfu"
  },
  "valkey": {
    "target": "valkey",
    "version": "valkey 9.1.0",
    "workload": "mixed",
    "skipped": false,
    "ops": 13496160,
    "errors": 0,
    "ops_per_sec": 1349478.3611690833,
    "min_us": 17.264,
    "p50_us": 302.591,
    "p99_us": 5406.719,
    "p999_us": 9338.879,
    "nil_replies": 217666,
    "err_replies": 0,
    "hit_ratio": 0.9838720050740358,
    "value_ops_per_sec": 1327713.9810074498,
    "bytes_per_sec": 5491581166.421354,
    "resp_ver": 2,
    "used_memory": 131360592,
    "bytes_per_key": 1026.6717103823428,
    "coverage_sampled": 2000,
    "coverage_retrievable": 395,
    "coverage_missing": 1605,
    "coverage_fraction": 0.1975,
    "coverage_keyspace": 127948,
    "distinct_keys_est": 127947,
    "key_draws": 13496160,
    "server_hits": 1681006,
    "server_misses": 333834,
    "evicted_keys": 2987760,
    "maxmemory": 134217728,
    "maxmemory_policy": "allkeys-lfu"
  },
  "gate": {
    "pass": false,
    "reason": "aki is 0.72x Redis, below the 2.0x bar",
    "required_speedup": 2,
    "speedup_vs_redis": 0.7184294387497419,
    "speedup_vs_valkey": 0.5639135343461249,
    "tail_regressed_vs_redis": true,
    "tail_regressed_vs_valkey": false
  },
  "generator_bound": false
}
