{
  "workload": "mixed",
  "cell": {
    "keyspace": 219310,
    "value_size": 512,
    "dist": "zipfian",
    "zipf_s": 0.99,
    "pipeline": 16,
    "connections": 64
  },
  "timestamp": "2026-07-16T01:50:48.341850842Z",
  "aki": {
    "target": "aki",
    "version": "unknown",
    "workload": "mixed",
    "skipped": false,
    "ops": 10057280,
    "errors": 0,
    "ops_per_sec": 1005613.7382451671,
    "min_us": 89.306,
    "p50_us": 876.031,
    "p99_us": 3692.543,
    "p999_us": 6479.871,
    "nil_replies": 0,
    "err_replies": 0,
    "hit_ratio": 1,
    "value_ops_per_sec": 1005613.7382451671,
    "bytes_per_sec": 553802767.1697634,
    "resp_ver": 2,
    "used_memory": 123514656,
    "bytes_per_key": 563.1966440198805,
    "coverage_sampled": 2000,
    "coverage_retrievable": 2000,
    "coverage_fraction": 1,
    "coverage_keyspace": 219310,
    "distinct_keys_est": 218388,
    "key_draws": 10057280
  },
  "redis": {
    "target": "redis",
    "version": "redis 8.8.0",
    "workload": "mixed",
    "skipped": false,
    "ops": 22901312,
    "errors": 0,
    "ops_per_sec": 2289973.412587968,
    "min_us": 23.662,
    "p50_us": 339.199,
    "p99_us": 2684.927,
    "p999_us": 4730.879,
    "nil_replies": 35416,
    "err_replies": 0,
    "hit_ratio": 0.9984535383824298,
    "value_ops_per_sec": 2286432.0566001446,
    "bytes_per_sec": 1259291005.9162447,
    "resp_ver": 2,
    "used_memory": 132969016,
    "bytes_per_key": 606.3062149468789,
    "coverage_sampled": 2000,
    "coverage_retrievable": 1737,
    "coverage_missing": 263,
    "coverage_fraction": 0.8685,
    "coverage_keyspace": 219310,
    "distinct_keys_est": 219308,
    "key_draws": 22901312,
    "server_hits": 3376061,
    "server_misses": 56183,
    "evicted_keys": 499693,
    "maxmemory": 134217728,
    "maxmemory_policy": "allkeys-lfu"
  },
  "valkey": {
    "target": "valkey",
    "version": "valkey 9.1.0",
    "workload": "mixed",
    "skipped": false,
    "ops": 21639296,
    "errors": 0,
    "ops_per_sec": 2163748.519781127,
    "min_us": 18.26,
    "p50_us": 340.991,
    "p99_us": 3862.527,
    "p999_us": 6770.687,
    "nil_replies": 32304,
    "err_replies": 0,
    "hit_ratio": 0.9985071603068787,
    "value_ops_per_sec": 2160518.390104865,
    "bytes_per_sec": 1189938172.7162142,
    "resp_ver": 2,
    "used_memory": 133328720,
    "bytes_per_key": 607.9463772741781,
    "coverage_sampled": 2000,
    "coverage_retrievable": 1721,
    "coverage_missing": 279,
    "coverage_fraction": 0.8605,
    "coverage_keyspace": 219310,
    "distinct_keys_est": 219303,
    "key_draws": 21639296,
    "server_hits": 3178742,
    "server_misses": 52960,
    "evicted_keys": 471037,
    "maxmemory": 134217728,
    "maxmemory_policy": "allkeys-lfu"
  },
  "gate": {
    "pass": false,
    "reason": "aki is 0.44x Redis, below the 2.0x bar",
    "required_speedup": 2,
    "speedup_vs_redis": 0.4398178967716558,
    "speedup_vs_valkey": 0.4654502099361244,
    "tail_regressed_vs_redis": true,
    "tail_regressed_vs_valkey": false
  },
  "generator_bound": false
}
