{
  "workload": "mixed",
  "cell": {
    "keyspace": 127948,
    "value_size": 4096,
    "dist": "uniform",
    "pipeline": 16,
    "connections": 64
  },
  "timestamp": "2026-07-16T02:37:52.607918416Z",
  "aki": {
    "target": "aki",
    "version": "unknown",
    "workload": "mixed",
    "skipped": false,
    "ops": 4240608,
    "errors": 0,
    "ops_per_sec": 423957.7341366047,
    "min_us": 28.525,
    "p50_us": 860.159,
    "p99_us": 43384.831,
    "p999_us": 55443.455,
    "nil_replies": 0,
    "err_replies": 0,
    "hit_ratio": 1,
    "value_ops_per_sec": 423957.7341366047,
    "bytes_per_sec": 1754273481.024242,
    "resp_ver": 2,
    "used_memory": 135193536,
    "bytes_per_key": 1056.6287554318942,
    "coverage_sampled": 2000,
    "coverage_retrievable": 2000,
    "coverage_fraction": 1,
    "coverage_keyspace": 127948,
    "distinct_keys_est": 127948,
    "key_draws": 4240608
  },
  "redis": {
    "target": "redis",
    "version": "redis 8.8.0",
    "workload": "mixed",
    "skipped": false,
    "ops": 8856960,
    "errors": 0,
    "ops_per_sec": 885592.0783378241,
    "min_us": 23.214,
    "p50_us": 513.279,
    "p99_us": 5476.351,
    "p999_us": 8912.895,
    "nil_replies": 710188,
    "err_replies": 0,
    "hit_ratio": 0.9198158284558133,
    "value_ops_per_sec": 814581.6112102112,
    "bytes_per_sec": 3373304085.248178,
    "resp_ver": 2,
    "used_memory": 131689552,
    "bytes_per_key": 1029.2427548691655,
    "coverage_sampled": 2000,
    "coverage_retrievable": 399,
    "coverage_missing": 1601,
    "coverage_fraction": 0.1995,
    "coverage_keyspace": 127948,
    "distinct_keys_est": 127948,
    "key_draws": 8856960,
    "server_hits": 262843,
    "server_misses": 1068575,
    "evicted_keys": 9580827,
    "maxmemory": 134217728,
    "maxmemory_policy": "allkeys-lfu"
  },
  "valkey": {
    "target": "valkey",
    "version": "valkey 9.1.0",
    "workload": "mixed",
    "skipped": false,
    "ops": 10266736,
    "errors": 0,
    "ops_per_sec": 1026537.8439630184,
    "min_us": 18.508,
    "p50_us": 430.335,
    "p99_us": 5648.383,
    "p999_us": 9437.183,
    "nil_replies": 822663,
    "err_replies": 0,
    "hit_ratio": 0.919871028143706,
    "value_ops_per_sec": 944282.421954685,
    "bytes_per_sec": 3910412131.082107,
    "resp_ver": 2,
    "used_memory": 131747240,
    "bytes_per_key": 1029.6936255353737,
    "coverage_sampled": 2000,
    "coverage_retrievable": 389,
    "coverage_missing": 1611,
    "coverage_fraction": 0.1945,
    "coverage_keyspace": 127948,
    "distinct_keys_est": 127948,
    "key_draws": 10266736,
    "server_hits": 305427,
    "server_misses": 1234857,
    "evicted_keys": 11087426,
    "maxmemory": 134217728,
    "maxmemory_policy": "allkeys-lfu"
  },
  "gate": {
    "pass": false,
    "reason": "aki is 0.52x Redis, below the 2.0x bar",
    "required_speedup": 2,
    "speedup_vs_redis": 0.520460722783488,
    "speedup_vs_valkey": 0.4489734472224984,
    "tail_regressed_vs_redis": true,
    "tail_regressed_vs_valkey": true
  },
  "generator_bound": false
}
