{
  "workload": "mixed",
  "cell": {
    "keyspace": 3508960,
    "value_size": 512,
    "dist": "uniform",
    "pipeline": 16,
    "connections": 64
  },
  "timestamp": "2026-07-16T01:50:01.835726789Z",
  "aki": {
    "target": "aki",
    "version": "unknown",
    "workload": "mixed",
    "skipped": false,
    "ops": 165952,
    "errors": 0,
    "ops_per_sec": 16509.74292247053,
    "min_us": 753.251,
    "p50_us": 63569.919,
    "p99_us": 66093.055,
    "p999_us": 71827.455,
    "nil_replies": 7660,
    "err_replies": 67754,
    "hit_ratio": 0.545567392981103,
    "value_ops_per_sec": 9007.177405000462,
    "bytes_per_sec": 9096430.317608636,
    "resp_ver": 2,
    "used_memory": 1074965504,
    "bytes_per_key": 306.3487483470886,
    "coverage_sampled": 2000,
    "coverage_retrievable": 1052,
    "coverage_missing": 948,
    "coverage_fraction": 0.526,
    "coverage_keyspace": 3508960,
    "distinct_keys_est": 162111,
    "key_draws": 165952
  },
  "redis": {
    "target": "redis",
    "version": "redis 8.8.0",
    "workload": "mixed",
    "skipped": false,
    "ops": 10833696,
    "errors": 0,
    "ops_per_sec": 1083206.14289319,
    "min_us": 34.005,
    "p50_us": 906.239,
    "p99_us": 2060.287,
    "p999_us": 2908.159,
    "nil_replies": 1018023,
    "err_replies": 0,
    "hit_ratio": 0.9060317919203197,
    "value_ops_per_sec": 981419.2026646149,
    "bytes_per_sec": 548926683.9046868,
    "resp_ver": 2,
    "used_memory": 133665384,
    "bytes_per_key": 38.09259267703251,
    "coverage_sampled": 2000,
    "coverage_retrievable": 127,
    "coverage_missing": 1873,
    "coverage_fraction": 0.0635,
    "coverage_keyspace": 3508960,
    "distinct_keys_est": 3348743,
    "key_draws": 10833696,
    "server_hits": 95205,
    "server_misses": 1528057,
    "evicted_keys": 13672044,
    "maxmemory": 134217728,
    "maxmemory_policy": "allkeys-lfu"
  },
  "valkey": {
    "target": "valkey",
    "version": "valkey 9.1.0",
    "workload": "mixed",
    "skipped": false,
    "ops": 9834288,
    "errors": 0,
    "ops_per_sec": 983318.8756678761,
    "min_us": 44.916,
    "p50_us": 996.351,
    "p99_us": 1966.079,
    "p999_us": 2910.207,
    "nil_replies": 920368,
    "err_replies": 0,
    "hit_ratio": 0.9064123401714491,
    "value_ops_per_sec": 891292.3632288778,
    "bytes_per_sec": 498500342.99530685,
    "resp_ver": 2,
    "used_memory": 133942208,
    "bytes_per_key": 38.171483288495736,
    "coverage_sampled": 2000,
    "coverage_retrievable": 105,
    "coverage_missing": 1895,
    "coverage_fraction": 0.0525,
    "coverage_keyspace": 3508960,
    "distinct_keys_est": 3296062,
    "key_draws": 9834288,
    "server_hits": 90233,
    "server_misses": 1389253,
    "evicted_keys": 12374680,
    "maxmemory": 134217728,
    "maxmemory_policy": "allkeys-lfu"
  },
  "gate": {
    "pass": false,
    "reason": "aki is 0.01x Redis, below the 2.0x bar",
    "required_speedup": 2,
    "speedup_vs_redis": 0.009177706509660101,
    "speedup_vs_valkey": 0.010105749557160159,
    "tail_regressed_vs_redis": true,
    "tail_regressed_vs_valkey": true
  },
  "generator_bound": false
}
