{
  "workload": "mixed",
  "cell": {
    "keyspace": 31987,
    "value_size": 4096,
    "dist": "uniform",
    "pipeline": 16,
    "connections": 64
  },
  "timestamp": "2026-07-16T02:36:15.798762313Z",
  "aki": {
    "target": "aki",
    "version": "unknown",
    "workload": "mixed",
    "skipped": false,
    "ops": 8625744,
    "errors": 0,
    "ops_per_sec": 862499.2555286114,
    "min_us": 24.541,
    "p50_us": 663.039,
    "p99_us": 4812.799,
    "p999_us": 6717.439,
    "nil_replies": 0,
    "err_replies": 0,
    "hit_ratio": 1,
    "value_ops_per_sec": 862499.2555286114,
    "bytes_per_sec": 3568290884.8681173,
    "resp_ver": 2,
    "used_memory": 130879120,
    "bytes_per_key": 4091.6347266076846,
    "coverage_sampled": 2000,
    "coverage_retrievable": 2000,
    "coverage_fraction": 1,
    "coverage_keyspace": 31987,
    "distinct_keys_est": 31987,
    "key_draws": 8625744
  },
  "redis": {
    "target": "redis",
    "version": "redis 8.8.0",
    "workload": "mixed",
    "skipped": false,
    "ops": 9964272,
    "errors": 0,
    "ops_per_sec": 996315.3136906411,
    "min_us": 19.152,
    "p50_us": 463.359,
    "p99_us": 5189.631,
    "p999_us": 8560.639,
    "nil_replies": 213960,
    "err_replies": 0,
    "hit_ratio": 0.9785272822741089,
    "value_ops_per_sec": 974921.7161937793,
    "bytes_per_sec": 4034194588.944242,
    "resp_ver": 2,
    "used_memory": 131259240,
    "bytes_per_key": 4103.5183043111265,
    "coverage_sampled": 2000,
    "coverage_retrievable": 1584,
    "coverage_missing": 416,
    "coverage_fraction": 0.792,
    "coverage_keyspace": 31987,
    "distinct_keys_est": 31987,
    "key_draws": 9964272,
    "server_hits": 1161150,
    "server_misses": 318132,
    "evicted_keys": 2862554,
    "maxmemory": 134217728,
    "maxmemory_policy": "allkeys-lfu"
  },
  "valkey": {
    "target": "valkey",
    "version": "valkey 9.1.0",
    "workload": "mixed",
    "skipped": false,
    "ops": 12952096,
    "errors": 0,
    "ops_per_sec": 1295008.7793625598,
    "min_us": 16.738,
    "p50_us": 313.087,
    "p99_us": 5472.255,
    "p999_us": 9330.687,
    "nil_replies": 276574,
    "err_replies": 0,
    "hit_ratio": 0.9786463905147089,
    "value_ops_per_sec": 1267355.6676080283,
    "bytes_per_sec": 5244271071.700953,
    "resp_ver": 2,
    "used_memory": 131158200,
    "bytes_per_key": 4100.359521055429,
    "coverage_sampled": 2000,
    "coverage_retrievable": 1552,
    "coverage_missing": 448,
    "coverage_fraction": 0.776,
    "coverage_keyspace": 31987,
    "distinct_keys_est": 31987,
    "key_draws": 12952096,
    "server_hits": 1509951,
    "server_misses": 410515,
    "evicted_keys": 3693952,
    "maxmemory": 134217728,
    "maxmemory_policy": "allkeys-lfu"
  },
  "gate": {
    "pass": false,
    "reason": "aki is 0.88x Redis, below the 2.0x bar",
    "required_speedup": 2,
    "speedup_vs_redis": 0.8846856534244824,
    "speedup_vs_valkey": 0.6805502808508904,
    "tail_regressed_vs_redis": false,
    "tail_regressed_vs_valkey": false
  },
  "generator_bound": false
}
