{
  "workload": "mixed",
  "cell": {
    "keyspace": 127948,
    "value_size": 4096,
    "dist": "uniform",
    "pipeline": 16,
    "connections": 64
  },
  "timestamp": "2026-07-16T02:37:04.248285488Z",
  "aki": {
    "target": "aki",
    "version": "unknown",
    "workload": "mixed",
    "skipped": false,
    "ops": 4133440,
    "errors": 0,
    "ops_per_sec": 411448.6826273599,
    "min_us": 39.819,
    "p50_us": 868.351,
    "p99_us": 43974.655,
    "p999_us": 60850.175,
    "nil_replies": 0,
    "err_replies": 0,
    "hit_ratio": 1,
    "value_ops_per_sec": 411448.6826273599,
    "bytes_per_sec": 1702512900.054059,
    "resp_ver": 2,
    "used_memory": 137855936,
    "bytes_per_key": 1077.4372088661019,
    "coverage_sampled": 2000,
    "coverage_retrievable": 2000,
    "coverage_fraction": 1,
    "coverage_keyspace": 127948,
    "distinct_keys_est": 127948,
    "key_draws": 4133440
  },
  "redis": {
    "target": "redis",
    "version": "redis 8.8.0",
    "workload": "mixed",
    "skipped": false,
    "ops": 9155408,
    "errors": 0,
    "ops_per_sec": 915473.4789183282,
    "min_us": 19.614,
    "p50_us": 495.871,
    "p99_us": 5173.247,
    "p999_us": 7995.391,
    "nil_replies": 733467,
    "err_replies": 0,
    "hit_ratio": 0.9198870219655967,
    "value_ops_per_sec": 842132.1722106654,
    "bytes_per_sec": 3487392378.675389,
    "resp_ver": 2,
    "used_memory": 131726032,
    "bytes_per_key": 1029.527870697471,
    "coverage_sampled": 2000,
    "coverage_retrievable": 388,
    "coverage_missing": 1612,
    "coverage_fraction": 0.194,
    "coverage_keyspace": 127948,
    "distinct_keys_est": 127948,
    "key_draws": 9155408,
    "server_hits": 272944,
    "server_misses": 1105032,
    "evicted_keys": 9915439,
    "maxmemory": 134217728,
    "maxmemory_policy": "allkeys-lfu"
  },
  "valkey": {
    "target": "valkey",
    "version": "valkey 9.1.0",
    "workload": "mixed",
    "skipped": false,
    "ops": 10370656,
    "errors": 0,
    "ops_per_sec": 1036956.8343235176,
    "min_us": 19.616,
    "p50_us": 425.727,
    "p99_us": 5636.095,
    "p999_us": 9388.031,
    "nil_replies": 831220,
    "err_replies": 0,
    "hit_ratio": 0.9198488504488048,
    "value_ops_per_sec": 953843.5520175194,
    "bytes_per_sec": 3950007163.6136136,
    "resp_ver": 2,
    "used_memory": 131768176,
    "bytes_per_key": 1029.8572545096445,
    "coverage_sampled": 2000,
    "coverage_retrievable": 394,
    "coverage_missing": 1606,
    "coverage_fraction": 0.197,
    "coverage_keyspace": 127948,
    "distinct_keys_est": 127948,
    "key_draws": 10370656,
    "server_hits": 308253,
    "server_misses": 1247681,
    "evicted_keys": 11203270,
    "maxmemory": 134217728,
    "maxmemory_policy": "allkeys-lfu"
  },
  "gate": {
    "pass": false,
    "reason": "aki is 0.49x Redis, below the 2.0x bar",
    "required_speedup": 2,
    "speedup_vs_redis": 0.48857969829993986,
    "speedup_vs_valkey": 0.43135866647846544,
    "tail_regressed_vs_redis": true,
    "tail_regressed_vs_valkey": true
  },
  "generator_bound": false
}
