{
  "workload": "mixed",
  "cell": {
    "keyspace": 219310,
    "value_size": 512,
    "dist": "uniform",
    "pipeline": 16,
    "connections": 64
  },
  "timestamp": "2026-07-16T01:06:12.529979597Z",
  "aki": {
    "target": "aki",
    "version": "unknown",
    "workload": "mixed",
    "skipped": false,
    "ops": 9921200,
    "errors": 0,
    "ops_per_sec": 991978.9161954356,
    "min_us": 40.159,
    "p50_us": 891.391,
    "p99_us": 3684.351,
    "p999_us": 6840.319,
    "nil_replies": 0,
    "err_replies": 0,
    "hit_ratio": 1,
    "value_ops_per_sec": 991978.9161954356,
    "bytes_per_sec": 549096989.8002645,
    "resp_ver": 2,
    "used_memory": 123514656,
    "bytes_per_key": 563.1966440198805,
    "coverage_sampled": 2000,
    "coverage_retrievable": 2000,
    "coverage_fraction": 1,
    "coverage_keyspace": 219310,
    "distinct_keys_est": 219310,
    "key_draws": 9921200
  },
  "redis": {
    "target": "redis",
    "version": "redis 8.8.0",
    "workload": "mixed",
    "skipped": false,
    "ops": 19455200,
    "errors": 0,
    "ops_per_sec": 1945367.7111685402,
    "min_us": 24.561,
    "p50_us": 404.735,
    "p99_us": 2492.415,
    "p999_us": 4063.231,
    "nil_replies": 250033,
    "err_replies": 0,
    "hit_ratio": 0.9871482688432912,
    "value_ops_per_sec": 1920366.3683436601,
    "bytes_per_sec": 1063958364.5601388,
    "resp_ver": 2,
    "used_memory": 133056064,
    "bytes_per_key": 606.7031325520952,
    "coverage_sampled": 2000,
    "coverage_retrievable": 1725,
    "coverage_missing": 275,
    "coverage_fraction": 0.8625,
    "coverage_keyspace": 219310,
    "distinct_keys_est": 219310,
    "key_draws": 19455200,
    "server_hits": 2551385,
    "server_misses": 377277,
    "evicted_keys": 3387499,
    "maxmemory": 134217728,
    "maxmemory_policy": "allkeys-lfu"
  },
  "valkey": {
    "target": "valkey",
    "version": "valkey 9.1.0",
    "workload": "mixed",
    "skipped": false,
    "ops": 18386752,
    "errors": 0,
    "ops_per_sec": 1838470.9819079414,
    "min_us": 20.194,
    "p50_us": 444.671,
    "p99_us": 3418.111,
    "p999_us": 6000.639,
    "nil_replies": 225757,
    "err_replies": 0,
    "hit_ratio": 0.9877217574914808,
    "value_ops_per_sec": 1815897.7893472002,
    "bytes_per_sec": 1006037351.9685284,
    "resp_ver": 2,
    "used_memory": 133487968,
    "bytes_per_key": 608.6725092335051,
    "coverage_sampled": 2000,
    "coverage_retrievable": 1768,
    "coverage_missing": 232,
    "coverage_fraction": 0.884,
    "coverage_keyspace": 219310,
    "distinct_keys_est": 219310,
    "key_draws": 18386752,
    "server_hits": 2406823,
    "server_misses": 340151,
    "evicted_keys": 3060882,
    "maxmemory": 134217728,
    "maxmemory_policy": "allkeys-lfu"
  },
  "gate": {
    "pass": false,
    "reason": "aki is 0.52x Redis, below the 2.0x bar",
    "required_speedup": 2,
    "speedup_vs_redis": 0.5165571177186516,
    "speedup_vs_valkey": 0.5462746427771376,
    "tail_regressed_vs_redis": true,
    "tail_regressed_vs_valkey": true
  },
  "generator_bound": false
}
