{
  "workload": "mixed",
  "cell": {
    "keyspace": 219310,
    "value_size": 512,
    "dist": "uniform",
    "pipeline": 16,
    "connections": 64
  },
  "timestamp": "2026-07-16T01:06:59.084098962Z",
  "aki": {
    "target": "aki",
    "version": "unknown",
    "workload": "mixed",
    "skipped": false,
    "ops": 9837216,
    "errors": 0,
    "ops_per_sec": 983579.0622796001,
    "min_us": 69.469,
    "p50_us": 905.215,
    "p99_us": 3592.191,
    "p999_us": 6524.927,
    "nil_replies": 0,
    "err_replies": 0,
    "hit_ratio": 1,
    "value_ops_per_sec": 983579.0622796001,
    "bytes_per_sec": 544447313.510889,
    "resp_ver": 2,
    "used_memory": 123514656,
    "bytes_per_key": 563.1966440198805,
    "coverage_sampled": 2000,
    "coverage_retrievable": 2000,
    "coverage_fraction": 1,
    "coverage_keyspace": 219310,
    "distinct_keys_est": 219310,
    "key_draws": 9837216
  },
  "redis": {
    "target": "redis",
    "version": "redis 8.8.0",
    "workload": "mixed",
    "skipped": false,
    "ops": 18858416,
    "errors": 0,
    "ops_per_sec": 1885684.0184779228,
    "min_us": 29.543,
    "p50_us": 417.791,
    "p99_us": 2529.279,
    "p999_us": 4188.159,
    "nil_replies": 241398,
    "err_replies": 0,
    "hit_ratio": 0.9871994551398167,
    "value_ops_per_sec": 1861546.2356072653,
    "bytes_per_sec": 1031365875.9384358,
    "resp_ver": 2,
    "used_memory": 132976984,
    "bytes_per_key": 606.3425470794765,
    "coverage_sampled": 2000,
    "coverage_retrievable": 1720,
    "coverage_missing": 280,
    "coverage_fraction": 0.86,
    "coverage_keyspace": 219310,
    "distinct_keys_est": 219310,
    "key_draws": 18858416,
    "server_hits": 2452053,
    "server_misses": 361527,
    "evicted_keys": 3249281,
    "maxmemory": 134217728,
    "maxmemory_policy": "allkeys-lfu"
  },
  "valkey": {
    "target": "valkey",
    "version": "valkey 9.1.0",
    "workload": "mixed",
    "skipped": false,
    "ops": 18233568,
    "errors": 0,
    "ops_per_sec": 1823221.7716486251,
    "min_us": 21.7,
    "p50_us": 451.327,
    "p99_us": 3362.815,
    "p999_us": 5775.359,
    "nil_replies": 224436,
    "err_replies": 0,
    "hit_ratio": 0.9876910542138544,
    "value_ops_per_sec": 1800779.8337052818,
    "bytes_per_sec": 997663905.5118586,
    "resp_ver": 2,
    "used_memory": 133296600,
    "bytes_per_key": 607.7999179243992,
    "coverage_sampled": 2000,
    "coverage_retrievable": 1730,
    "coverage_missing": 270,
    "coverage_fraction": 0.865,
    "coverage_keyspace": 219310,
    "distinct_keys_est": 219310,
    "key_draws": 18233568,
    "server_hits": 2387982,
    "server_misses": 338516,
    "evicted_keys": 3032083,
    "maxmemory": 134217728,
    "maxmemory_policy": "allkeys-lfu"
  },
  "gate": {
    "pass": false,
    "reason": "aki is 0.53x Redis, below the 2.0x bar",
    "required_speedup": 2,
    "speedup_vs_redis": 0.528366711213456,
    "speedup_vs_valkey": 0.5461961778280187,
    "tail_regressed_vs_redis": true,
    "tail_regressed_vs_valkey": true
  },
  "generator_bound": false
}
