{
  "workload": "mixed",
  "cell": {
    "keyspace": 877240,
    "value_size": 512,
    "dist": "uniform",
    "pipeline": 16,
    "connections": 64
  },
  "timestamp": "2026-07-16T01:08:48.298734661Z",
  "aki": {
    "target": "aki",
    "version": "unknown",
    "workload": "mixed",
    "skipped": false,
    "ops": 4693968,
    "errors": 0,
    "ops_per_sec": 469305.17689328786,
    "min_us": 247.999,
    "p50_us": 2115.583,
    "p99_us": 3502.079,
    "p999_us": 4190.207,
    "nil_replies": 0,
    "err_replies": 0,
    "hit_ratio": 1,
    "value_ops_per_sec": 469305.17689328786,
    "bytes_per_sec": 260116917.6100113,
    "resp_ver": 2,
    "used_memory": 494308608,
    "bytes_per_key": 563.4816105056769,
    "coverage_sampled": 2000,
    "coverage_retrievable": 2000,
    "coverage_fraction": 1,
    "coverage_keyspace": 877240,
    "distinct_keys_est": 873001,
    "key_draws": 4693968
  },
  "redis": {
    "target": "redis",
    "version": "redis 8.8.0",
    "workload": "mixed",
    "skipped": false,
    "ops": 11606896,
    "errors": 0,
    "ops_per_sec": 1160560.6473211306,
    "min_us": 34.281,
    "p50_us": 856.575,
    "p99_us": 2059.263,
    "p999_us": 2942.975,
    "nil_replies": 900313,
    "err_replies": 0,
    "hit_ratio": 0.9224329226349577,
    "value_ops_per_sec": 1070539.349803549,
    "bytes_per_sec": 596890752.4359591,
    "resp_ver": 2,
    "used_memory": 133519088,
    "bytes_per_key": 152.20360220692172,
    "coverage_sampled": 2000,
    "coverage_retrievable": 436,
    "coverage_missing": 1564,
    "coverage_fraction": 0.218,
    "coverage_keyspace": 877240,
    "distinct_keys_est": 877239,
    "key_draws": 11606896,
    "server_hits": 386816,
    "server_misses": 1354848,
    "evicted_keys": 12126314,
    "maxmemory": 134217728,
    "maxmemory_policy": "allkeys-lfu"
  },
  "valkey": {
    "target": "valkey",
    "version": "valkey 9.1.0",
    "workload": "mixed",
    "skipped": false,
    "ops": 10880096,
    "errors": 0,
    "ops_per_sec": 1087849.733845728,
    "min_us": 23.896,
    "p50_us": 889.343,
    "p99_us": 2097.151,
    "p999_us": 3323.903,
    "nil_replies": 843756,
    "err_replies": 0,
    "hit_ratio": 0.9224495813272235,
    "value_ops_per_sec": 1003486.5315329233,
    "bytes_per_sec": 559503928.5847205,
    "resp_ver": 2,
    "used_memory": 133786640,
    "bytes_per_key": 152.50859513930052,
    "coverage_sampled": 2000,
    "coverage_retrievable": 434,
    "coverage_missing": 1566,
    "coverage_fraction": 0.217,
    "coverage_keyspace": 877240,
    "distinct_keys_est": 877231,
    "key_draws": 10880096,
    "server_hits": 362417,
    "server_misses": 1265487,
    "evicted_keys": 11330136,
    "maxmemory": 134217728,
    "maxmemory_policy": "allkeys-lfu"
  },
  "gate": {
    "pass": false,
    "reason": "aki is 0.44x Redis, below the 2.0x bar",
    "required_speedup": 2,
    "speedup_vs_redis": 0.43838199593448707,
    "speedup_vs_valkey": 0.46767461460232906,
    "tail_regressed_vs_redis": true,
    "tail_regressed_vs_valkey": true
  },
  "generator_bound": false
}
