{
  "workload": "mixed",
  "cell": {
    "keyspace": 219310,
    "value_size": 512,
    "dist": "zipfian",
    "zipf_s": 0.99,
    "pipeline": 16,
    "connections": 64
  },
  "timestamp": "2026-07-16T01:51:34.935697417Z",
  "aki": {
    "target": "aki",
    "version": "unknown",
    "workload": "mixed",
    "skipped": false,
    "ops": 9883200,
    "errors": 0,
    "ops_per_sec": 988233.9678095814,
    "min_us": 77.14,
    "p50_us": 893.951,
    "p99_us": 3665.919,
    "p999_us": 6557.695,
    "nil_replies": 0,
    "err_replies": 0,
    "hit_ratio": 1,
    "value_ops_per_sec": 988233.9678095814,
    "bytes_per_sec": 544231405.8186194,
    "resp_ver": 2,
    "used_memory": 123514656,
    "bytes_per_key": 563.1966440198805,
    "coverage_sampled": 2000,
    "coverage_retrievable": 2000,
    "coverage_fraction": 1,
    "coverage_keyspace": 219310,
    "distinct_keys_est": 218305,
    "key_draws": 9883200
  },
  "redis": {
    "target": "redis",
    "version": "redis 8.8.0",
    "workload": "mixed",
    "skipped": false,
    "ops": 22125872,
    "errors": 0,
    "ops_per_sec": 2212504.2810920556,
    "min_us": 26.726,
    "p50_us": 351.999,
    "p99_us": 2752.511,
    "p999_us": 5021.695,
    "nil_replies": 34020,
    "err_replies": 0,
    "hit_ratio": 0.9984624334805878,
    "value_ops_per_sec": 2209102.4085853924,
    "bytes_per_sec": 1216699865.352466,
    "resp_ver": 2,
    "used_memory": 132874520,
    "bytes_per_key": 605.8753362819753,
    "coverage_sampled": 2000,
    "coverage_retrievable": 1722,
    "coverage_missing": 278,
    "coverage_fraction": 0.861,
    "coverage_keyspace": 219310,
    "distinct_keys_est": 219306,
    "key_draws": 22125872,
    "server_hits": 3242835,
    "server_misses": 54025,
    "evicted_keys": 482298,
    "maxmemory": 134217728,
    "maxmemory_policy": "allkeys-lfu"
  },
  "valkey": {
    "target": "valkey",
    "version": "valkey 9.1.0",
    "workload": "mixed",
    "skipped": false,
    "ops": 21582688,
    "errors": 0,
    "ops_per_sec": 2158053.739586192,
    "min_us": 18.964,
    "p50_us": 339.711,
    "p99_us": 4003.839,
    "p999_us": 6856.703,
    "nil_replies": 32488,
    "err_replies": 0,
    "hit_ratio": 0.9984947194714578,
    "value_ops_per_sec": 2154805.2633124455,
    "bytes_per_sec": 1186792479.5328107,
    "resp_ver": 2,
    "used_memory": 133420528,
    "bytes_per_key": 608.3649993160367,
    "coverage_sampled": 2000,
    "coverage_retrievable": 1711,
    "coverage_missing": 289,
    "coverage_fraction": 0.8555,
    "coverage_keyspace": 219310,
    "distinct_keys_est": 219303,
    "key_draws": 21582688,
    "server_hits": 3161777,
    "server_misses": 52755,
    "evicted_keys": 471474,
    "maxmemory": 134217728,
    "maxmemory_policy": "allkeys-lfu"
  },
  "gate": {
    "pass": false,
    "reason": "aki is 0.45x Redis, below the 2.0x bar",
    "required_speedup": 2,
    "speedup_vs_redis": 0.44734638103192376,
    "speedup_vs_valkey": 0.4586186903453317,
    "tail_regressed_vs_redis": true,
    "tail_regressed_vs_valkey": false
  },
  "generator_bound": false
}
