{
  "workload": "mixed",
  "cell": {
    "keyspace": 877240,
    "value_size": 512,
    "dist": "zipfian",
    "zipf_s": 0.99,
    "pipeline": 16,
    "connections": 64
  },
  "timestamp": "2026-07-16T01:53:24.063389155Z",
  "aki": {
    "target": "aki",
    "version": "unknown",
    "workload": "mixed",
    "skipped": false,
    "ops": 4433296,
    "errors": 0,
    "ops_per_sec": 443209.7841738597,
    "min_us": 304.81,
    "p50_us": 2193.407,
    "p99_us": 3768.319,
    "p999_us": 4751.359,
    "nil_replies": 0,
    "err_replies": 0,
    "hit_ratio": 1,
    "value_ops_per_sec": 443209.7841738597,
    "bytes_per_sec": 244254700.41475585,
    "resp_ver": 2,
    "used_memory": 494308608,
    "bytes_per_key": 563.4816105056769,
    "coverage_sampled": 2000,
    "coverage_retrievable": 2000,
    "coverage_fraction": 1,
    "coverage_keyspace": 877240,
    "distinct_keys_est": 521899,
    "key_draws": 4433296
  },
  "redis": {
    "target": "redis",
    "version": "redis 8.8.0",
    "workload": "mixed",
    "skipped": false,
    "ops": 18039984,
    "errors": 0,
    "ops_per_sec": 1803811.019209419,
    "min_us": 26.55,
    "p50_us": 437.759,
    "p99_us": 2549.759,
    "p999_us": 4169.727,
    "nil_replies": 254314,
    "err_replies": 0,
    "hit_ratio": 0.9859027591155292,
    "value_ops_per_sec": 1778382.2607615609,
    "bytes_per_sec": 980991882.0727943,
    "resp_ver": 2,
    "used_memory": 133035928,
    "bytes_per_key": 151.652829328348,
    "coverage_sampled": 2000,
    "coverage_retrievable": 453,
    "coverage_missing": 1547,
    "coverage_fraction": 0.2265,
    "coverage_keyspace": 877240,
    "distinct_keys_est": 817067,
    "key_draws": 18039984,
    "server_hits": 2292458,
    "server_misses": 398352,
    "evicted_keys": 3544120,
    "maxmemory": 134217728,
    "maxmemory_policy": "allkeys-lfu"
  },
  "valkey": {
    "target": "valkey",
    "version": "valkey 9.1.0",
    "workload": "mixed",
    "skipped": false,
    "ops": 17702240,
    "errors": 0,
    "ops_per_sec": 1770105.0546046665,
    "min_us": 20.55,
    "p50_us": 470.015,
    "p99_us": 3215.359,
    "p999_us": 5636.095,
    "nil_replies": 249074,
    "err_replies": 0,
    "hit_ratio": 0.985929803233941,
    "value_ops_per_sec": 1745199.3281897833,
    "bytes_per_sec": 962685605.607897,
    "resp_ver": 2,
    "used_memory": 133361072,
    "bytes_per_key": 152.02347362181388,
    "coverage_sampled": 2000,
    "coverage_retrievable": 467,
    "coverage_missing": 1533,
    "coverage_fraction": 0.2335,
    "coverage_keyspace": 877240,
    "distinct_keys_est": 814612,
    "key_draws": 17702240,
    "server_hits": 2244035,
    "server_misses": 387279,
    "evicted_keys": 3444635,
    "maxmemory": 134217728,
    "maxmemory_policy": "allkeys-lfu"
  },
  "gate": {
    "pass": false,
    "reason": "aki is 0.25x Redis, below the 2.0x bar",
    "required_speedup": 2,
    "speedup_vs_redis": 0.24922076313562805,
    "speedup_vs_valkey": 0.2539594056763598,
    "tail_regressed_vs_redis": true,
    "tail_regressed_vs_valkey": true
  },
  "generator_bound": false
}
