{
  "workload": "mixed",
  "cell": {
    "keyspace": 3508960,
    "value_size": 512,
    "dist": "uniform",
    "pipeline": 16,
    "connections": 64
  },
  "timestamp": "2026-07-16T01:29:24.414392471Z",
  "aki": {
    "target": "aki",
    "version": "unknown",
    "workload": "mixed",
    "skipped": false,
    "ops": 164016,
    "errors": 0,
    "ops_per_sec": 16321.978813372312,
    "min_us": 829.806,
    "p50_us": 63340.543,
    "p99_us": 66027.519,
    "p999_us": 109379.583,
    "nil_replies": 7575,
    "err_replies": 66941,
    "hit_ratio": 0.5456784703931323,
    "value_ops_per_sec": 8906.552432670116,
    "bytes_per_sec": 8992636.89906751,
    "resp_ver": 2,
    "used_memory": 1074965504,
    "bytes_per_key": 306.3487483470886,
    "coverage_sampled": 2000,
    "coverage_retrievable": 1052,
    "coverage_missing": 948,
    "coverage_fraction": 0.526,
    "coverage_keyspace": 3508960,
    "distinct_keys_est": 160261,
    "key_draws": 164016
  },
  "redis": {
    "target": "redis",
    "version": "redis 8.8.0",
    "workload": "mixed",
    "skipped": false,
    "ops": 11074576,
    "errors": 0,
    "ops_per_sec": 1107342.6838519692,
    "min_us": 25.964,
    "p50_us": 886.271,
    "p99_us": 2033.663,
    "p999_us": 2840.575,
    "nil_replies": 1037417,
    "err_replies": 0,
    "hit_ratio": 0.9063244498028638,
    "value_ops_per_sec": 1003611.7486853626,
    "bytes_per_sec": 561324990.0571693,
    "resp_ver": 2,
    "used_memory": 133674920,
    "bytes_per_key": 38.095310291368385,
    "coverage_sampled": 2000,
    "coverage_retrievable": 118,
    "coverage_missing": 1882,
    "coverage_fraction": 0.059,
    "coverage_keyspace": 3508960,
    "distinct_keys_est": 3359327,
    "key_draws": 11074576,
    "server_hits": 100716,
    "server_misses": 1561612,
    "evicted_keys": 13930199,
    "maxmemory": 134217728,
    "maxmemory_policy": "allkeys-lfu"
  },
  "valkey": {
    "target": "valkey",
    "version": "valkey 9.1.0",
    "workload": "mixed",
    "skipped": false,
    "ops": 9986176,
    "errors": 0,
    "ops_per_sec": 998545.5412591243,
    "min_us": 54.913,
    "p50_us": 972.799,
    "p99_us": 2081.791,
    "p999_us": 3268.607,
    "nil_replies": 934482,
    "err_replies": 0,
    "hit_ratio": 0.9064224383788149,
    "value_ops_per_sec": 905104.0843403889,
    "bytes_per_sec": 506224843.5422581,
    "resp_ver": 2,
    "used_memory": 133970848,
    "bytes_per_key": 38.17964525101455,
    "coverage_sampled": 2000,
    "coverage_retrievable": 102,
    "coverage_missing": 1898,
    "coverage_fraction": 0.051,
    "coverage_keyspace": 3508960,
    "distinct_keys_est": 3304990,
    "key_draws": 9986176,
    "server_hits": 92169,
    "server_misses": 1414707,
    "evicted_keys": 12606739,
    "maxmemory": 134217728,
    "maxmemory_policy": "allkeys-lfu"
  },
  "gate": {
    "pass": false,
    "reason": "aki is 0.01x Redis, below the 2.0x bar",
    "required_speedup": 2,
    "speedup_vs_redis": 0.008874499969073564,
    "speedup_vs_valkey": 0.00984036265747373,
    "tail_regressed_vs_redis": true,
    "tail_regressed_vs_valkey": true
  },
  "generator_bound": false
}
