{
  "workload": "mixed",
  "cell": {
    "keyspace": 31987,
    "value_size": 4096,
    "dist": "uniform",
    "pipeline": 16,
    "connections": 64
  },
  "timestamp": "2026-07-16T02:35:29.6043729Z",
  "aki": {
    "target": "aki",
    "version": "unknown",
    "workload": "mixed",
    "skipped": false,
    "ops": 8631536,
    "errors": 0,
    "ops_per_sec": 863055.9119959051,
    "min_us": 17.31,
    "p50_us": 662.015,
    "p99_us": 4759.551,
    "p999_us": 6512.639,
    "nil_replies": 0,
    "err_replies": 0,
    "hit_ratio": 1,
    "value_ops_per_sec": 863055.9119959051,
    "bytes_per_sec": 3570593836.3395557,
    "resp_ver": 2,
    "used_memory": 137195152,
    "bytes_per_key": 4289.090943195673,
    "coverage_sampled": 2000,
    "coverage_retrievable": 2000,
    "coverage_fraction": 1,
    "coverage_keyspace": 31987,
    "distinct_keys_est": 31987,
    "key_draws": 8631536
  },
  "redis": {
    "target": "redis",
    "version": "redis 8.8.0",
    "workload": "mixed",
    "skipped": false,
    "ops": 10324272,
    "errors": 0,
    "ops_per_sec": 1032319.8266598854,
    "min_us": 20.533,
    "p50_us": 447.743,
    "p99_us": 4898.815,
    "p999_us": 8196.095,
    "nil_replies": 222394,
    "err_replies": 0,
    "hit_ratio": 0.9784591107247077,
    "value_ops_per_sec": 1010082.7395771159,
    "bytes_per_sec": 4179692458.6818953,
    "resp_ver": 2,
    "used_memory": 131313784,
    "bytes_per_key": 4105.223497045675,
    "coverage_sampled": 2000,
    "coverage_retrievable": 1566,
    "coverage_missing": 434,
    "coverage_fraction": 0.783,
    "coverage_keyspace": 31987,
    "distinct_keys_est": 31987,
    "key_draws": 10324272,
    "server_hits": 1216079,
    "server_misses": 334085,
    "evicted_keys": 2997340,
    "maxmemory": 134217728,
    "maxmemory_policy": "allkeys-lfu"
  },
  "valkey": {
    "target": "valkey",
    "version": "valkey 9.1.0",
    "workload": "mixed",
    "skipped": false,
    "ops": 13048896,
    "errors": 0,
    "ops_per_sec": 1304714.6414197867,
    "min_us": 16.621,
    "p50_us": 311.039,
    "p99_us": 5492.735,
    "p999_us": 9592.831,
    "nil_replies": 279463,
    "err_replies": 0,
    "hit_ratio": 0.9785833989327526,
    "value_ops_per_sec": 1276772.0884379023,
    "bytes_per_sec": 5283239015.341112,
    "resp_ver": 2,
    "used_memory": 131616264,
    "bytes_per_key": 4114.679838684466,
    "coverage_sampled": 2000,
    "coverage_retrievable": 1557,
    "coverage_missing": 443,
    "coverage_fraction": 0.7785,
    "coverage_keyspace": 31987,
    "distinct_keys_est": 31987,
    "key_draws": 13048896,
    "server_hits": 1517810,
    "server_misses": 413498,
    "evicted_keys": 3718405,
    "maxmemory": 134217728,
    "maxmemory_policy": "allkeys-lfu"
  },
  "gate": {
    "pass": false,
    "reason": "aki is 0.85x Redis, below the 2.0x bar",
    "required_speedup": 2,
    "speedup_vs_redis": 0.85444080784633,
    "speedup_vs_valkey": 0.6759670890454942,
    "tail_regressed_vs_redis": false,
    "tail_regressed_vs_valkey": false
  },
  "generator_bound": false
}
