{
  "workload": "mixed",
  "cell": {
    "keyspace": 1157049,
    "value_size": 16,
    "dist": "zipfian",
    "zipf_s": 0.99,
    "pipeline": 16,
    "connections": 64
  },
  "timestamp": "2026-07-15T23:25:21.811708362Z",
  "aki": {
    "target": "aki",
    "version": "unknown",
    "workload": "mixed",
    "skipped": false,
    "ops": 17753376,
    "errors": 0,
    "ops_per_sec": 1775183.8293162636,
    "min_us": 19.511,
    "p50_us": 385.535,
    "p99_us": 3407.871,
    "p999_us": 6115.327,
    "nil_replies": 0,
    "err_replies": 0,
    "hit_ratio": 1,
    "value_ops_per_sec": 1775183.8293162636,
    "bytes_per_sec": 96187001.35109417,
    "resp_ver": 2,
    "used_memory": 73639088,
    "bytes_per_key": 63.643880250533904,
    "coverage_sampled": 2000,
    "coverage_retrievable": 2000,
    "coverage_fraction": 1,
    "coverage_keyspace": 1157049,
    "distinct_keys_est": 1015098,
    "key_draws": 17753376
  },
  "redis": {
    "target": "redis",
    "version": "redis 8.8.0",
    "workload": "mixed",
    "skipped": false,
    "ops": 23947616,
    "errors": 0,
    "ops_per_sec": 2394538.276021679,
    "min_us": 26.29,
    "p50_us": 313.087,
    "p99_us": 2961.407,
    "p999_us": 5169.151,
    "nil_replies": 0,
    "err_replies": 0,
    "hit_ratio": 1,
    "value_ops_per_sec": 2394538.276021679,
    "bytes_per_sec": 129746097.87290259,
    "resp_ver": 2,
    "used_memory": 86490432,
    "bytes_per_key": 74.7508809047845,
    "coverage_sampled": 2000,
    "coverage_retrievable": 2000,
    "coverage_fraction": 1,
    "coverage_keyspace": 1157049,
    "distinct_keys_est": 1075221,
    "key_draws": 23947616,
    "server_hits": 3577972,
    "maxmemory": 134217728,
    "maxmemory_policy": "allkeys-lfu"
  },
  "valkey": {
    "target": "valkey",
    "version": "valkey 9.1.0",
    "workload": "mixed",
    "skipped": false,
    "ops": 25121312,
    "errors": 0,
    "ops_per_sec": 2511978.883397228,
    "min_us": 15.03,
    "p50_us": 277.247,
    "p99_us": 3876.863,
    "p999_us": 6963.199,
    "nil_replies": 0,
    "err_replies": 0,
    "hit_ratio": 1,
    "value_ops_per_sec": 2511978.883397228,
    "bytes_per_sec": 136109396.7570073,
    "resp_ver": 2,
    "used_memory": 74473232,
    "bytes_per_key": 64.36480391063819,
    "coverage_sampled": 2000,
    "coverage_retrievable": 2000,
    "coverage_fraction": 1,
    "coverage_keyspace": 1157049,
    "distinct_keys_est": 1083213,
    "key_draws": 25121312,
    "server_hits": 3770142,
    "maxmemory": 134217728,
    "maxmemory_policy": "allkeys-lfu"
  },
  "gate": {
    "pass": false,
    "reason": "aki is 0.74x Redis, below the 2.0x bar",
    "required_speedup": 2,
    "speedup_vs_redis": 0.7413470258932674,
    "speedup_vs_valkey": 0.7066874013349528,
    "tail_regressed_vs_redis": true,
    "tail_regressed_vs_valkey": false
  },
  "generator_bound": false
}
