{
  "workload": "mixed",
  "cell": {
    "keyspace": 588674,
    "value_size": 128,
    "dist": "zipfian",
    "zipf_s": 0.99,
    "pipeline": 16,
    "connections": 64
  },
  "timestamp": "2026-07-16T00:06:35.495613463Z",
  "aki": {
    "target": "aki",
    "version": "unknown",
    "workload": "mixed",
    "skipped": false,
    "ops": 17579648,
    "errors": 0,
    "ops_per_sec": 1757791.226202252,
    "min_us": 17.701,
    "p50_us": 388.607,
    "p99_us": 3461.119,
    "p999_us": 6119.423,
    "nil_replies": 0,
    "err_replies": 0,
    "hit_ratio": 1,
    "value_ops_per_sec": 1757791.226202252,
    "bytes_per_sec": 293550019.9858565,
    "resp_ver": 2,
    "used_memory": 103258560,
    "bytes_per_key": 175.40873216754943,
    "coverage_sampled": 2000,
    "coverage_retrievable": 2000,
    "coverage_fraction": 1,
    "coverage_keyspace": 588674,
    "distinct_keys_est": 573937,
    "key_draws": 17579648
  },
  "redis": {
    "target": "redis",
    "version": "redis 8.8.0",
    "workload": "mixed",
    "skipped": false,
    "ops": 23393520,
    "errors": 0,
    "ops_per_sec": 2339155.716297703,
    "min_us": 24.773,
    "p50_us": 335.615,
    "p99_us": 2680.831,
    "p999_us": 4800.511,
    "nil_replies": 0,
    "err_replies": 0,
    "hit_ratio": 1,
    "value_ops_per_sec": 2339155.716297703,
    "bytes_per_sec": 390636944.5945778,
    "resp_ver": 2,
    "used_memory": 125057368,
    "bytes_per_key": 212.439088527776,
    "coverage_sampled": 2000,
    "coverage_retrievable": 2000,
    "coverage_fraction": 1,
    "coverage_keyspace": 588674,
    "distinct_keys_est": 582937,
    "key_draws": 23393520,
    "server_hits": 3500036,
    "maxmemory": 134217728,
    "maxmemory_policy": "allkeys-lfu"
  },
  "valkey": {
    "target": "valkey",
    "version": "valkey 9.1.0",
    "workload": "mixed",
    "skipped": false,
    "ops": 22429472,
    "errors": 0,
    "ops_per_sec": 2242739.9353946787,
    "min_us": 16.78,
    "p50_us": 320.511,
    "p99_us": 3917.823,
    "p999_us": 6868.991,
    "nil_replies": 0,
    "err_replies": 0,
    "hit_ratio": 1,
    "value_ops_per_sec": 2242739.9353946787,
    "bytes_per_sec": 374535672.28621715,
    "resp_ver": 2,
    "used_memory": 123763984,
    "bytes_per_key": 210.24197433554056,
    "coverage_sampled": 2000,
    "coverage_retrievable": 2000,
    "coverage_fraction": 1,
    "coverage_keyspace": 588674,
    "distinct_keys_est": 581998,
    "key_draws": 22429472,
    "server_hits": 3372474,
    "maxmemory": 134217728,
    "maxmemory_policy": "allkeys-lfu"
  },
  "gate": {
    "pass": false,
    "reason": "aki is 0.75x Redis, below the 2.0x bar",
    "required_speedup": 2,
    "speedup_vs_redis": 0.7514639636665126,
    "speedup_vs_valkey": 0.783769530501946,
    "tail_regressed_vs_redis": true,
    "tail_regressed_vs_valkey": false
  },
  "generator_bound": false
}
