{
  "workload": "mixed",
  "cell": {
    "keyspace": 18512790,
    "value_size": 16,
    "dist": "uniform",
    "pipeline": 16,
    "connections": 64
  },
  "timestamp": "2026-07-15T23:24:32.996169784Z",
  "aki": {
    "target": "aki",
    "version": "unknown",
    "workload": "mixed",
    "skipped": false,
    "ops": 4622864,
    "errors": 0,
    "ops_per_sec": 462187.28282794805,
    "min_us": 309.19,
    "p50_us": 2158.591,
    "p99_us": 3586.047,
    "p999_us": 4136.959,
    "nil_replies": 0,
    "err_replies": 0,
    "hit_ratio": 1,
    "value_ops_per_sec": 462187.28282794805,
    "bytes_per_sec": 27220058.893042244,
    "resp_ver": 2,
    "used_memory": 1179571360,
    "bytes_per_key": 63.716563521759824,
    "coverage_sampled": 2000,
    "coverage_retrievable": 2000,
    "coverage_fraction": 1,
    "coverage_keyspace": 18512790,
    "distinct_keys_est": 4090901,
    "key_draws": 4622864
  },
  "redis": {
    "target": "redis",
    "version": "redis 8.8.0",
    "workload": "mixed",
    "skipped": false,
    "ops": 9912960,
    "errors": 0,
    "ops_per_sec": 991178.7973692799,
    "min_us": 34.833,
    "p50_us": 1023.487,
    "p99_us": 2893.823,
    "p999_us": 3835.903,
    "nil_replies": 878986,
    "err_replies": 0,
    "hit_ratio": 0.9113296129511266,
    "value_ops_per_sec": 903290.5897719089,
    "bytes_per_sec": 56792573.82235357,
    "resp_ver": 2,
    "used_memory": 133826096,
    "bytes_per_key": 7.2288453550221226,
    "coverage_sampled": 2000,
    "coverage_retrievable": 183,
    "coverage_missing": 1817,
    "coverage_fraction": 0.0915,
    "coverage_keyspace": 18512790,
    "distinct_keys_est": 7674991,
    "key_draws": 9912960,
    "server_hits": 158436,
    "server_misses": 1305056,
    "evicted_keys": 11117067,
    "maxmemory": 134217728,
    "maxmemory_policy": "allkeys-lfu"
  },
  "valkey": {
    "target": "valkey",
    "version": "valkey 9.1.0",
    "workload": "mixed",
    "skipped": false,
    "ops": 9570592,
    "errors": 0,
    "ops_per_sec": 956928.0306212874,
    "min_us": 29.786,
    "p50_us": 1067.007,
    "p99_us": 1802.239,
    "p999_us": 2576.383,
    "nil_replies": 825834,
    "err_replies": 0,
    "hit_ratio": 0.9137112939304068,
    "value_ops_per_sec": 874355.9490572525,
    "bytes_per_sec": 54871079.53456653,
    "resp_ver": 2,
    "used_memory": 134013288,
    "bytes_per_key": 7.2389568509122615,
    "coverage_sampled": 2000,
    "coverage_retrievable": 225,
    "coverage_missing": 1775,
    "coverage_fraction": 0.1125,
    "coverage_keyspace": 18512790,
    "distinct_keys_est": 7472513,
    "key_draws": 9570592,
    "server_hits": 185627,
    "server_misses": 1237501,
    "evicted_keys": 10539294,
    "maxmemory": 134217728,
    "maxmemory_policy": "allkeys-lfu"
  },
  "gate": {
    "pass": false,
    "reason": "aki is 0.51x Redis, below the 2.0x bar",
    "required_speedup": 2,
    "speedup_vs_redis": 0.5116706495798384,
    "speedup_vs_valkey": 0.5286031201895376,
    "tail_regressed_vs_redis": true,
    "tail_regressed_vs_valkey": true
  },
  "generator_bound": false
}
