{
  "workload": "mixed",
  "cell": {
    "keyspace": 1157049,
    "value_size": 16,
    "dist": "zipfian",
    "zipf_s": 0.99,
    "pipeline": 16,
    "connections": 64
  },
  "timestamp": "2026-07-15T23:26:10.614344197Z",
  "aki": {
    "target": "aki",
    "version": "unknown",
    "workload": "mixed",
    "skipped": false,
    "ops": 17659216,
    "errors": 0,
    "ops_per_sec": 1765649.511644606,
    "min_us": 20.505,
    "p50_us": 381.695,
    "p99_us": 3571.711,
    "p999_us": 6246.399,
    "nil_replies": 0,
    "err_replies": 0,
    "hit_ratio": 1,
    "value_ops_per_sec": 1765649.511644606,
    "bytes_per_sec": 95670318.30827837,
    "resp_ver": 2,
    "used_memory": 73639088,
    "bytes_per_key": 63.643880250533904,
    "coverage_sampled": 2000,
    "coverage_retrievable": 2000,
    "coverage_fraction": 1,
    "coverage_keyspace": 1157049,
    "distinct_keys_est": 1013853,
    "key_draws": 17659216
  },
  "redis": {
    "target": "redis",
    "version": "redis 8.8.0",
    "workload": "mixed",
    "skipped": false,
    "ops": 23222704,
    "errors": 0,
    "ops_per_sec": 2322009.0664710025,
    "min_us": 24.651,
    "p50_us": 323.583,
    "p99_us": 2981.887,
    "p999_us": 5365.759,
    "nil_replies": 0,
    "err_replies": 0,
    "hit_ratio": 1,
    "value_ops_per_sec": 2322009.0664710025,
    "bytes_per_sec": 125815864.58995911,
    "resp_ver": 2,
    "used_memory": 86496208,
    "bytes_per_key": 74.75587291463023,
    "coverage_sampled": 2000,
    "coverage_retrievable": 2000,
    "coverage_fraction": 1,
    "coverage_keyspace": 1157049,
    "distinct_keys_est": 1069919,
    "key_draws": 23222704,
    "server_hits": 3468976,
    "maxmemory": 134217728,
    "maxmemory_policy": "allkeys-lfu"
  },
  "valkey": {
    "target": "valkey",
    "version": "valkey 9.1.0",
    "workload": "mixed",
    "skipped": false,
    "ops": 24804400,
    "errors": 0,
    "ops_per_sec": 2480298.768811745,
    "min_us": 15.386,
    "p50_us": 283.135,
    "p99_us": 3870.719,
    "p999_us": 6946.815,
    "nil_replies": 0,
    "err_replies": 0,
    "hit_ratio": 1,
    "value_ops_per_sec": 2480298.768811745,
    "bytes_per_sec": 134392835.2106917,
    "resp_ver": 2,
    "used_memory": 74482640,
    "bytes_per_key": 64.37293494052543,
    "coverage_sampled": 2000,
    "coverage_retrievable": 2000,
    "coverage_fraction": 1,
    "coverage_keyspace": 1157049,
    "distinct_keys_est": 1081101,
    "key_draws": 24804400,
    "server_hits": 3720126,
    "maxmemory": 134217728,
    "maxmemory_policy": "allkeys-lfu"
  },
  "gate": {
    "pass": false,
    "reason": "aki is 0.76x Redis, below the 2.0x bar",
    "required_speedup": 2,
    "speedup_vs_redis": 0.7603973374350541,
    "speedup_vs_valkey": 0.7118696883805207,
    "tail_regressed_vs_redis": true,
    "tail_regressed_vs_valkey": false
  },
  "generator_bound": false
}
