{
  "workload": "mixed",
  "cell": {
    "keyspace": 588674,
    "value_size": 128,
    "dist": "zipfian",
    "zipf_s": 0.99,
    "pipeline": 16,
    "connections": 64
  },
  "timestamp": "2026-07-16T00:07:22.932227495Z",
  "aki": {
    "target": "aki",
    "version": "unknown",
    "workload": "mixed",
    "skipped": false,
    "ops": 17630352,
    "errors": 0,
    "ops_per_sec": 1762918.0916429658,
    "min_us": 21.492,
    "p50_us": 387.071,
    "p99_us": 3434.495,
    "p999_us": 6111.231,
    "nil_replies": 0,
    "err_replies": 0,
    "hit_ratio": 1,
    "value_ops_per_sec": 1762918.0916429658,
    "bytes_per_sec": 294406111.88471544,
    "resp_ver": 2,
    "used_memory": 103258560,
    "bytes_per_key": 175.40873216754943,
    "coverage_sampled": 2000,
    "coverage_retrievable": 2000,
    "coverage_fraction": 1,
    "coverage_keyspace": 588674,
    "distinct_keys_est": 574061,
    "key_draws": 17630352
  },
  "redis": {
    "target": "redis",
    "version": "redis 8.8.0",
    "workload": "mixed",
    "skipped": false,
    "ops": 22518768,
    "errors": 0,
    "ops_per_sec": 2251678.5090844473,
    "min_us": 23.545,
    "p50_us": 347.903,
    "p99_us": 2807.807,
    "p999_us": 5132.287,
    "nil_replies": 0,
    "err_replies": 0,
    "hit_ratio": 1,
    "value_ops_per_sec": 2251678.5090844473,
    "bytes_per_sec": 376028268.4969744,
    "resp_ver": 2,
    "used_memory": 125057224,
    "bytes_per_key": 212.43884391021177,
    "coverage_sampled": 2000,
    "coverage_retrievable": 2000,
    "coverage_fraction": 1,
    "coverage_keyspace": 588674,
    "distinct_keys_est": 582111,
    "key_draws": 22518768,
    "server_hits": 3367690,
    "maxmemory": 134217728,
    "maxmemory_policy": "allkeys-lfu"
  },
  "valkey": {
    "target": "valkey",
    "version": "valkey 9.1.0",
    "workload": "mixed",
    "skipped": false,
    "ops": 22808784,
    "errors": 0,
    "ops_per_sec": 2280704.07712071,
    "min_us": 17.791,
    "p50_us": 314.367,
    "p99_us": 3932.159,
    "p999_us": 6897.663,
    "nil_replies": 0,
    "err_replies": 0,
    "hit_ratio": 1,
    "value_ops_per_sec": 2280704.07712071,
    "bytes_per_sec": 380875494.6386179,
    "resp_ver": 2,
    "used_memory": 123763984,
    "bytes_per_key": 210.24197433554056,
    "coverage_sampled": 2000,
    "coverage_retrievable": 2000,
    "coverage_fraction": 1,
    "coverage_keyspace": 588674,
    "distinct_keys_est": 582402,
    "key_draws": 22808784,
    "server_hits": 3417624,
    "maxmemory": 134217728,
    "maxmemory_policy": "allkeys-lfu"
  },
  "gate": {
    "pass": false,
    "reason": "aki is 0.78x Redis, below the 2.0x bar",
    "required_speedup": 2,
    "speedup_vs_redis": 0.7829350791111757,
    "speedup_vs_valkey": 0.7729709914267235,
    "tail_regressed_vs_redis": true,
    "tail_regressed_vs_valkey": false
  },
  "generator_bound": false
}
