{
  "workload": "mixed",
  "cell": {
    "keyspace": 219310,
    "value_size": 512,
    "dist": "uniform",
    "pipeline": 16,
    "connections": 64
  },
  "timestamp": "2026-07-16T00:38:23.655710805Z",
  "aki": {
    "target": "aki",
    "version": "unknown",
    "workload": "mixed",
    "skipped": false,
    "ops": 9582432,
    "errors": 0,
    "ops_per_sec": 958131.2770446296,
    "min_us": 116.974,
    "p50_us": 932.351,
    "p99_us": 3721.215,
    "p999_us": 6664.191,
    "nil_replies": 0,
    "err_replies": 0,
    "hit_ratio": 1,
    "value_ops_per_sec": 958131.2770446296,
    "bytes_per_sec": 530361031.31256044,
    "resp_ver": 2,
    "used_memory": 123514656,
    "bytes_per_key": 563.1966440198805,
    "coverage_sampled": 2000,
    "coverage_retrievable": 2000,
    "coverage_fraction": 1,
    "coverage_keyspace": 219310,
    "distinct_keys_est": 219310,
    "key_draws": 9582432
  },
  "redis": {
    "target": "redis",
    "version": "redis 8.8.0",
    "workload": "mixed",
    "skipped": false,
    "ops": 19400080,
    "errors": 0,
    "ops_per_sec": 1939900.3849960924,
    "min_us": 24.229,
    "p50_us": 409.087,
    "p99_us": 2459.647,
    "p999_us": 4110.335,
    "nil_replies": 249039,
    "err_replies": 0,
    "hit_ratio": 0.9871629910804491,
    "value_ops_per_sec": 1914997.8664508574,
    "bytes_per_sec": 1060982889.9046739,
    "resp_ver": 2,
    "used_memory": 132896640,
    "bytes_per_key": 605.9761980757831,
    "coverage_sampled": 2000,
    "coverage_retrievable": 1710,
    "coverage_missing": 290,
    "coverage_fraction": 0.855,
    "coverage_keyspace": 219310,
    "distinct_keys_est": 219310,
    "key_draws": 19400080,
    "server_hits": 2540844,
    "server_misses": 375862,
    "evicted_keys": 3372294,
    "maxmemory": 134217728,
    "maxmemory_policy": "allkeys-lfu"
  },
  "valkey": {
    "target": "valkey",
    "version": "valkey 9.1.0",
    "workload": "mixed",
    "skipped": false,
    "ops": 18273136,
    "errors": 0,
    "ops_per_sec": 1827152.0424855426,
    "min_us": 19.975,
    "p50_us": 446.975,
    "p99_us": 3330.047,
    "p999_us": 5894.143,
    "nil_replies": 224753,
    "err_replies": 0,
    "hit_ratio": 0.9877003596974269,
    "value_ops_per_sec": 1804678.7295848585,
    "bytes_per_sec": 999823301.9237145,
    "resp_ver": 2,
    "used_memory": 133444928,
    "bytes_per_key": 608.4762573526059,
    "coverage_sampled": 2000,
    "coverage_retrievable": 1755,
    "coverage_missing": 245,
    "coverage_fraction": 0.8775,
    "coverage_keyspace": 219310,
    "distinct_keys_est": 219310,
    "key_draws": 18273136,
    "server_hits": 2398345,
    "server_misses": 339799,
    "evicted_keys": 3046321,
    "maxmemory": 134217728,
    "maxmemory_policy": "allkeys-lfu"
  },
  "gate": {
    "pass": false,
    "reason": "aki is 0.50x Redis, below the 2.0x bar",
    "required_speedup": 2,
    "speedup_vs_redis": 0.500330206017604,
    "speedup_vs_valkey": 0.5309151492382439,
    "tail_regressed_vs_redis": true,
    "tail_regressed_vs_valkey": true
  },
  "generator_bound": false
}
