{
  "workload": "mixed",
  "cell": {
    "keyspace": 4628197,
    "value_size": 16,
    "dist": "uniform",
    "pipeline": 16,
    "connections": 64
  },
  "timestamp": "2026-07-15T23:18:00.716754563Z",
  "aki": {
    "target": "aki",
    "version": "unknown",
    "workload": "mixed",
    "skipped": false,
    "ops": 5102512,
    "errors": 0,
    "ops_per_sec": 510114.3975208729,
    "min_us": 258.793,
    "p50_us": 1956.863,
    "p99_us": 3258.367,
    "p999_us": 3756.031,
    "nil_replies": 0,
    "err_replies": 0,
    "hit_ratio": 1,
    "value_ops_per_sec": 510114.3975208729,
    "bytes_per_sec": 29708124.47517825,
    "resp_ver": 2,
    "used_memory": 294814896,
    "bytes_per_key": 63.69972928982928,
    "coverage_sampled": 2000,
    "coverage_retrievable": 2000,
    "coverage_fraction": 1,
    "coverage_keyspace": 4628197,
    "distinct_keys_est": 3091503,
    "key_draws": 5102512
  },
  "redis": {
    "target": "redis",
    "version": "redis 8.8.0",
    "workload": "mixed",
    "skipped": false,
    "ops": 12611664,
    "errors": 0,
    "ops_per_sec": 1261074.7034750863,
    "min_us": 27.709,
    "p50_us": 534.015,
    "p99_us": 2734.079,
    "p999_us": 3901.439,
    "nil_replies": 710858,
    "err_replies": 0,
    "hit_ratio": 0.9436348764128191,
    "value_ops_per_sec": 1189994.0719610455,
    "bytes_per_sec": 72163161.80001605,
    "resp_ver": 2,
    "used_memory": 133855320,
    "bytes_per_key": 28.9216988818756,
    "coverage_sampled": 2000,
    "coverage_retrievable": 743,
    "coverage_missing": 1257,
    "coverage_fraction": 0.3715,
    "coverage_keyspace": 4628197,
    "distinct_keys_est": 4325289,
    "key_draws": 12611664,
    "server_hits": 784987,
    "server_misses": 1073471,
    "evicted_keys": 9193402,
    "maxmemory": 134217728,
    "maxmemory_policy": "allkeys-lfu"
  },
  "valkey": {
    "target": "valkey",
    "version": "valkey 9.1.0",
    "workload": "mixed",
    "skipped": false,
    "ops": 13373376,
    "errors": 0,
    "ops_per_sec": 1337194.0593048623,
    "min_us": 19.259,
    "p50_us": 697.855,
    "p99_us": 2506.751,
    "p999_us": 4136.959,
    "nil_replies": 646318,
    "err_replies": 0,
    "hit_ratio": 0.9516712907795309,
    "value_ops_per_sec": 1272569.196441379,
    "bytes_per_sec": 76712484.42137353,
    "resp_ver": 2,
    "used_memory": 134047600,
    "bytes_per_key": 28.96324421799677,
    "coverage_sampled": 2000,
    "coverage_retrievable": 929,
    "coverage_missing": 1071,
    "coverage_fraction": 0.4645,
    "coverage_keyspace": 4628197,
    "distinct_keys_est": 4371102,
    "key_draws": 13373376,
    "server_hits": 984545,
    "server_misses": 978409,
    "evicted_keys": 8294960,
    "maxmemory": 134217728,
    "maxmemory_policy": "allkeys-lfu"
  },
  "gate": {
    "pass": false,
    "reason": "aki is 0.43x Redis, below the 2.0x bar",
    "required_speedup": 2,
    "speedup_vs_redis": 0.42866969637943836,
    "speedup_vs_valkey": 0.40085395666291485,
    "tail_regressed_vs_redis": true,
    "tail_regressed_vs_valkey": true
  },
  "generator_bound": false
}
