{
  "workload": "mixed",
  "cell": {
    "keyspace": 588674,
    "value_size": 128,
    "dist": "uniform",
    "pipeline": 16,
    "connections": 64
  },
  "timestamp": "2026-07-15T23:34:41.771074826Z",
  "aki": {
    "target": "aki",
    "version": "unknown",
    "workload": "mixed",
    "skipped": false,
    "ops": 17529984,
    "errors": 0,
    "ops_per_sec": 1752889.6864828002,
    "min_us": 22.661,
    "p50_us": 387.071,
    "p99_us": 3567.615,
    "p999_us": 6488.063,
    "nil_replies": 0,
    "err_replies": 0,
    "hit_ratio": 1,
    "value_ops_per_sec": 1752889.6864828002,
    "bytes_per_sec": 298239579.600569,
    "resp_ver": 2,
    "used_memory": 103258560,
    "bytes_per_key": 175.40873216754943,
    "coverage_sampled": 2000,
    "coverage_retrievable": 2000,
    "coverage_fraction": 1,
    "coverage_keyspace": 588674,
    "distinct_keys_est": 588674,
    "key_draws": 17529984
  },
  "redis": {
    "target": "redis",
    "version": "redis 8.8.0",
    "workload": "mixed",
    "skipped": false,
    "ops": 23352416,
    "errors": 0,
    "ops_per_sec": 2335112.862892756,
    "min_us": 25.759,
    "p50_us": 341.247,
    "p99_us": 2676.735,
    "p999_us": 4726.783,
    "nil_replies": 0,
    "err_replies": 0,
    "hit_ratio": 1,
    "value_ops_per_sec": 2335112.862892756,
    "bytes_per_sec": 397299673.77168524,
    "resp_ver": 2,
    "used_memory": 125053096,
    "bytes_per_key": 212.43183154003745,
    "coverage_sampled": 2000,
    "coverage_retrievable": 2000,
    "coverage_fraction": 1,
    "coverage_keyspace": 588674,
    "distinct_keys_est": 588674,
    "key_draws": 23352416,
    "server_hits": 3498600,
    "maxmemory": 134217728,
    "maxmemory_policy": "allkeys-lfu"
  },
  "valkey": {
    "target": "valkey",
    "version": "valkey 9.1.0",
    "workload": "mixed",
    "skipped": false,
    "ops": 22590576,
    "errors": 0,
    "ops_per_sec": 2258762.9493425367,
    "min_us": 18.812,
    "p50_us": 324.607,
    "p99_us": 3866.623,
    "p999_us": 6873.087,
    "nil_replies": 0,
    "err_replies": 0,
    "hit_ratio": 1,
    "value_ops_per_sec": 2258762.9493425367,
    "bytes_per_sec": 384309338.1923134,
    "resp_ver": 2,
    "used_memory": 123766800,
    "bytes_per_key": 210.24675796790754,
    "coverage_sampled": 2000,
    "coverage_retrievable": 2000,
    "coverage_fraction": 1,
    "coverage_keyspace": 588674,
    "distinct_keys_est": 588674,
    "key_draws": 22590576,
    "server_hits": 3388286,
    "maxmemory": 134217728,
    "maxmemory_policy": "allkeys-lfu"
  },
  "gate": {
    "pass": false,
    "reason": "aki is 0.75x Redis, below the 2.0x bar",
    "required_speedup": 2,
    "speedup_vs_redis": 0.7506659375390135,
    "speedup_vs_valkey": 0.7760396844622486,
    "tail_regressed_vs_redis": true,
    "tail_regressed_vs_valkey": false
  },
  "generator_bound": false
}
