{
  "workload": "mixed",
  "cell": {
    "keyspace": 877240,
    "value_size": 512,
    "dist": "uniform",
    "pipeline": 16,
    "connections": 64
  },
  "timestamp": "2026-07-16T00:40:04.782641412Z",
  "aki": {
    "target": "aki",
    "version": "unknown",
    "workload": "mixed",
    "skipped": false,
    "ops": 4661088,
    "errors": 0,
    "ops_per_sec": 465973.12717109825,
    "min_us": 399.771,
    "p50_us": 2134.015,
    "p99_us": 3467.263,
    "p999_us": 4040.703,
    "nil_replies": 0,
    "err_replies": 0,
    "hit_ratio": 1,
    "value_ops_per_sec": 465973.12717109825,
    "bytes_per_sec": 258270130.9170282,
    "resp_ver": 2,
    "used_memory": 494308608,
    "bytes_per_key": 563.4816105056769,
    "coverage_sampled": 2000,
    "coverage_retrievable": 2000,
    "coverage_fraction": 1,
    "coverage_keyspace": 877240,
    "distinct_keys_est": 872858,
    "key_draws": 4661088
  },
  "redis": {
    "target": "redis",
    "version": "redis 8.8.0",
    "workload": "mixed",
    "skipped": false,
    "ops": 11850080,
    "errors": 0,
    "ops_per_sec": 1184920.0760865463,
    "min_us": 27.234,
    "p50_us": 836.607,
    "p99_us": 2033.663,
    "p999_us": 2840.575,
    "nil_replies": 919205,
    "err_replies": 0,
    "hit_ratio": 0.9224304814819816,
    "value_ops_per_sec": 1093006.3963021792,
    "bytes_per_sec": 609417593.0519934,
    "resp_ver": 2,
    "used_memory": 133472768,
    "bytes_per_key": 152.1508002371073,
    "coverage_sampled": 2000,
    "coverage_retrievable": 420,
    "coverage_missing": 1580,
    "coverage_fraction": 0.21,
    "coverage_keyspace": 877240,
    "distinct_keys_est": 877240,
    "key_draws": 11850080,
    "server_hits": 395621,
    "server_misses": 1383319,
    "evicted_keys": 12391586,
    "maxmemory": 134217728,
    "maxmemory_policy": "allkeys-lfu"
  },
  "valkey": {
    "target": "valkey",
    "version": "valkey 9.1.0",
    "workload": "mixed",
    "skipped": false,
    "ops": 10784048,
    "errors": 0,
    "ops_per_sec": 1078301.2164442062,
    "min_us": 29.517,
    "p50_us": 900.095,
    "p99_us": 2087.935,
    "p999_us": 3231.743,
    "nil_replies": 835274,
    "err_replies": 0,
    "hit_ratio": 0.9225454115189399,
    "value_ops_per_sec": 994781.8394658936,
    "bytes_per_sec": 554646113.3959842,
    "resp_ver": 2,
    "used_memory": 133705352,
    "bytes_per_key": 152.41593178605626,
    "coverage_sampled": 2000,
    "coverage_retrievable": 413,
    "coverage_missing": 1587,
    "coverage_fraction": 0.2065,
    "coverage_keyspace": 877240,
    "distinct_keys_est": 877231,
    "key_draws": 10784048,
    "server_hits": 362528,
    "server_misses": 1259510,
    "evicted_keys": 11270027,
    "maxmemory": 134217728,
    "maxmemory_policy": "allkeys-lfu"
  },
  "gate": {
    "pass": false,
    "reason": "aki is 0.43x Redis, below the 2.0x bar",
    "required_speedup": 2,
    "speedup_vs_redis": 0.4263224156304685,
    "speedup_vs_valkey": 0.46841740438414414,
    "tail_regressed_vs_redis": true,
    "tail_regressed_vs_valkey": true
  },
  "generator_bound": false
}
