{
  "workload": "mixed",
  "cell": {
    "keyspace": 2354696,
    "value_size": 128,
    "dist": "uniform",
    "pipeline": 16,
    "connections": 64
  },
  "timestamp": "2026-07-15T23:36:28.254102386Z",
  "aki": {
    "target": "aki",
    "version": "unknown",
    "workload": "mixed",
    "skipped": false,
    "ops": 5050832,
    "errors": 0,
    "ops_per_sec": 504978.9145824424,
    "min_us": 368.299,
    "p50_us": 1972.223,
    "p99_us": 3276.799,
    "p999_us": 3741.695,
    "nil_replies": 0,
    "err_replies": 0,
    "hit_ratio": 1,
    "value_ops_per_sec": 504978.9145824424,
    "bytes_per_sec": 86344265.8657413,
    "resp_ver": 2,
    "used_memory": 413242944,
    "bytes_per_key": 175.49736526498538,
    "coverage_sampled": 2000,
    "coverage_retrievable": 2000,
    "coverage_fraction": 1,
    "coverage_keyspace": 2354696,
    "distinct_keys_est": 2079729,
    "key_draws": 5050832
  },
  "redis": {
    "target": "redis",
    "version": "redis 8.8.0",
    "workload": "mixed",
    "skipped": false,
    "ops": 10373120,
    "errors": 0,
    "ops_per_sec": 1037232.1464012987,
    "min_us": 35.216,
    "p50_us": 1026.047,
    "p99_us": 2156.543,
    "p999_us": 2711.551,
    "nil_replies": 748447,
    "err_replies": 0,
    "hit_ratio": 0.9278474557317374,
    "value_ops_per_sec": 962393.2080416139,
    "bytes_per_sec": 167547901.55619332,
    "resp_ver": 2,
    "used_memory": 133769520,
    "bytes_per_key": 56.80967734263786,
    "coverage_sampled": 2000,
    "coverage_retrievable": 514,
    "coverage_missing": 1486,
    "coverage_fraction": 0.257,
    "coverage_keyspace": 2354696,
    "distinct_keys_est": 2326105,
    "key_draws": 10373120,
    "server_hits": 426846,
    "server_misses": 1129962,
    "evicted_keys": 10044613,
    "maxmemory": 134217728,
    "maxmemory_policy": "allkeys-lfu"
  },
  "valkey": {
    "target": "valkey",
    "version": "valkey 9.1.0",
    "workload": "mixed",
    "skipped": false,
    "ops": 10399744,
    "errors": 0,
    "ops_per_sec": 1039873.2566237072,
    "min_us": 31.764,
    "p50_us": 944.127,
    "p99_us": 2103.295,
    "p999_us": 3188.735,
    "nil_replies": 736489,
    "err_replies": 0,
    "hit_ratio": 0.9291820067878593,
    "value_ops_per_sec": 966231.5193946429,
    "bytes_per_sec": 168156295.6610869,
    "resp_ver": 2,
    "used_memory": 133989144,
    "bytes_per_key": 56.90294798139548,
    "coverage_sampled": 2000,
    "coverage_retrievable": 550,
    "coverage_missing": 1450,
    "coverage_fraction": 0.275,
    "coverage_keyspace": 2354696,
    "distinct_keys_est": 2326440,
    "key_draws": 10399744,
    "server_hits": 440989,
    "server_misses": 1108723,
    "evicted_keys": 9748203,
    "maxmemory": 134217728,
    "maxmemory_policy": "allkeys-lfu"
  },
  "gate": {
    "pass": false,
    "reason": "aki is 0.52x Redis, below the 2.0x bar",
    "required_speedup": 2,
    "speedup_vs_redis": 0.5247116359123423,
    "speedup_vs_valkey": 0.5226272424840979,
    "tail_regressed_vs_redis": true,
    "tail_regressed_vs_valkey": true
  },
  "generator_bound": false
}
