{
  "workload": "mixed",
  "cell": {
    "keyspace": 588674,
    "value_size": 128,
    "dist": "uniform",
    "pipeline": 16,
    "connections": 64
  },
  "timestamp": "2026-07-15T23:35:29.132302436Z",
  "aki": {
    "target": "aki",
    "version": "unknown",
    "workload": "mixed",
    "skipped": false,
    "ops": 17593456,
    "errors": 0,
    "ops_per_sec": 1759164.7365791865,
    "min_us": 16.991,
    "p50_us": 386.815,
    "p99_us": 3549.183,
    "p999_us": 6197.247,
    "nil_replies": 0,
    "err_replies": 0,
    "hit_ratio": 1,
    "value_ops_per_sec": 1759164.7365791865,
    "bytes_per_sec": 299307150.50331175,
    "resp_ver": 2,
    "used_memory": 103258560,
    "bytes_per_key": 175.40873216754943,
    "coverage_sampled": 2000,
    "coverage_retrievable": 2000,
    "coverage_fraction": 1,
    "coverage_keyspace": 588674,
    "distinct_keys_est": 588674,
    "key_draws": 17593456
  },
  "redis": {
    "target": "redis",
    "version": "redis 8.8.0",
    "workload": "mixed",
    "skipped": false,
    "ops": 22614560,
    "errors": 0,
    "ops_per_sec": 2261302.7790985545,
    "min_us": 23.242,
    "p50_us": 352.255,
    "p99_us": 2746.367,
    "p999_us": 4911.103,
    "nil_replies": 0,
    "err_replies": 0,
    "hit_ratio": 1,
    "value_ops_per_sec": 2261302.7790985545,
    "bytes_per_sec": 384741501.8622651,
    "resp_ver": 2,
    "used_memory": 125058360,
    "bytes_per_key": 212.44077367099618,
    "coverage_sampled": 2000,
    "coverage_retrievable": 2000,
    "coverage_fraction": 1,
    "coverage_keyspace": 588674,
    "distinct_keys_est": 588674,
    "key_draws": 22614560,
    "server_hits": 3368242,
    "maxmemory": 134217728,
    "maxmemory_policy": "allkeys-lfu"
  },
  "valkey": {
    "target": "valkey",
    "version": "valkey 9.1.0",
    "workload": "mixed",
    "skipped": false,
    "ops": 22344192,
    "errors": 0,
    "ops_per_sec": 2234240.5679981075,
    "min_us": 16.442,
    "p50_us": 330.495,
    "p99_us": 3862.527,
    "p999_us": 6942.719,
    "nil_replies": 0,
    "err_replies": 0,
    "hit_ratio": 1,
    "value_ops_per_sec": 2234240.5679981075,
    "bytes_per_sec": 380137097.87875044,
    "resp_ver": 2,
    "used_memory": 123755152,
    "bytes_per_key": 210.22697112493503,
    "coverage_sampled": 2000,
    "coverage_retrievable": 2000,
    "coverage_fraction": 1,
    "coverage_keyspace": 588674,
    "distinct_keys_est": 588674,
    "key_draws": 22344192,
    "server_hits": 3347550,
    "maxmemory": 134217728,
    "maxmemory_policy": "allkeys-lfu"
  },
  "gate": {
    "pass": false,
    "reason": "aki is 0.78x Redis, below the 2.0x bar",
    "required_speedup": 2,
    "speedup_vs_redis": 0.7779430303802394,
    "speedup_vs_valkey": 0.7873658556631653,
    "tail_regressed_vs_redis": true,
    "tail_regressed_vs_valkey": false
  },
  "generator_bound": false
}
