{
  "workload": "mixed",
  "cell": {
    "keyspace": 1157049,
    "value_size": 16,
    "dist": "uniform",
    "pipeline": 16,
    "connections": 64
  },
  "timestamp": "2026-07-15T23:16:05.050125348Z",
  "aki": {
    "target": "aki",
    "version": "unknown",
    "workload": "mixed",
    "skipped": false,
    "ops": 17514400,
    "errors": 0,
    "ops_per_sec": 1751247.1116888784,
    "min_us": 21.957,
    "p50_us": 393.471,
    "p99_us": 3457.023,
    "p999_us": 6172.671,
    "nil_replies": 0,
    "err_replies": 0,
    "hit_ratio": 1,
    "value_ops_per_sec": 1751247.1116888784,
    "bytes_per_sec": 100614979.92402023,
    "resp_ver": 2,
    "used_memory": 73639088,
    "bytes_per_key": 63.643880250533904,
    "coverage_sampled": 2000,
    "coverage_retrievable": 2000,
    "coverage_fraction": 1,
    "coverage_keyspace": 1157049,
    "distinct_keys_est": 1157049,
    "key_draws": 17514400
  },
  "redis": {
    "target": "redis",
    "version": "redis 8.8.0",
    "workload": "mixed",
    "skipped": false,
    "ops": 24193040,
    "errors": 0,
    "ops_per_sec": 2419141.4269225146,
    "min_us": 23.416,
    "p50_us": 318.463,
    "p99_us": 2793.471,
    "p999_us": 5021.695,
    "nil_replies": 0,
    "err_replies": 0,
    "hit_ratio": 1,
    "value_ops_per_sec": 2419141.4269225146,
    "bytes_per_sec": 138987560.64675936,
    "resp_ver": 2,
    "used_memory": 86490064,
    "bytes_per_key": 74.75056285429571,
    "coverage_sampled": 2000,
    "coverage_retrievable": 2000,
    "coverage_fraction": 1,
    "coverage_keyspace": 1157049,
    "distinct_keys_est": 1157049,
    "key_draws": 24193040,
    "server_hits": 3611294,
    "maxmemory": 134217728,
    "maxmemory_policy": "allkeys-lfu"
  },
  "valkey": {
    "target": "valkey",
    "version": "valkey 9.1.0",
    "workload": "mixed",
    "skipped": false,
    "ops": 25288448,
    "errors": 0,
    "ops_per_sec": 2528582.5005286066,
    "min_us": 16.272,
    "p50_us": 278.271,
    "p99_us": 3870.719,
    "p999_us": 6995.967,
    "nil_replies": 0,
    "err_replies": 0,
    "hit_ratio": 1,
    "value_ops_per_sec": 2528582.5005286066,
    "bytes_per_sec": 145275296.14148512,
    "resp_ver": 2,
    "used_memory": 74494672,
    "bytes_per_key": 64.38333380868053,
    "coverage_sampled": 2000,
    "coverage_retrievable": 2000,
    "coverage_fraction": 1,
    "coverage_keyspace": 1157049,
    "distinct_keys_est": 1157049,
    "key_draws": 25288448,
    "server_hits": 3793290,
    "maxmemory": 134217728,
    "maxmemory_policy": "allkeys-lfu"
  },
  "gate": {
    "pass": false,
    "reason": "aki is 0.72x Redis, below the 2.0x bar",
    "required_speedup": 2,
    "speedup_vs_redis": 0.7239126626493718,
    "speedup_vs_valkey": 0.6925805708624401,
    "tail_regressed_vs_redis": true,
    "tail_regressed_vs_valkey": false
  },
  "generator_bound": false
}
