{
  "workload": "mixed",
  "cell": {
    "keyspace": 2354696,
    "value_size": 128,
    "dist": "zipfian",
    "zipf_s": 0.99,
    "pipeline": 16,
    "connections": 64
  },
  "timestamp": "2026-07-16T00:09:21.680704261Z",
  "aki": {
    "target": "aki",
    "version": "unknown",
    "workload": "mixed",
    "skipped": false,
    "ops": 5132592,
    "errors": 0,
    "ops_per_sec": 513129.2346274536,
    "min_us": 401.34,
    "p50_us": 1941.503,
    "p99_us": 3250.175,
    "p999_us": 3739.647,
    "nil_replies": 0,
    "err_replies": 0,
    "hit_ratio": 1,
    "value_ops_per_sec": 513129.2346274536,
    "bytes_per_sec": 85898495.5290524,
    "resp_ver": 2,
    "used_memory": 413242944,
    "bytes_per_key": 175.49736526498538,
    "coverage_sampled": 2000,
    "coverage_retrievable": 2000,
    "coverage_fraction": 1,
    "coverage_keyspace": 2354696,
    "distinct_keys_est": 854608,
    "key_draws": 5132592
  },
  "redis": {
    "target": "redis",
    "version": "redis 8.8.0",
    "workload": "mixed",
    "skipped": false,
    "ops": 18063424,
    "errors": 0,
    "ops_per_sec": 1806137.8901036344,
    "min_us": 25.383,
    "p50_us": 423.167,
    "p99_us": 2600.959,
    "p999_us": 4423.679,
    "nil_replies": 216356,
    "err_replies": 0,
    "hit_ratio": 0.9880224258700897,
    "value_ops_per_sec": 1784504.7396360785,
    "bytes_per_sec": 299514222.25485694,
    "resp_ver": 2,
    "used_memory": 133601880,
    "bytes_per_key": 56.73848343905116,
    "coverage_sampled": 2000,
    "coverage_retrievable": 502,
    "coverage_missing": 1498,
    "coverage_fraction": 0.251,
    "coverage_keyspace": 2354696,
    "distinct_keys_est": 1635609,
    "key_draws": 18063424,
    "server_hits": 2305693,
    "server_misses": 355193,
    "evicted_keys": 3046657,
    "maxmemory": 134217728,
    "maxmemory_policy": "allkeys-lfu"
  },
  "valkey": {
    "target": "valkey",
    "version": "valkey 9.1.0",
    "workload": "mixed",
    "skipped": false,
    "ops": 18088560,
    "errors": 0,
    "ops_per_sec": 1808649.5265595624,
    "min_us": 17.021,
    "p50_us": 450.047,
    "p99_us": 3244.031,
    "p999_us": 5640.191,
    "nil_replies": 213497,
    "err_replies": 0,
    "hit_ratio": 0.9881971256971257,
    "value_ops_per_sec": 1787302.263539627,
    "bytes_per_sec": 299971953.03181106,
    "resp_ver": 2,
    "used_memory": 133881808,
    "bytes_per_key": 56.8573641777962,
    "coverage_sampled": 2000,
    "coverage_retrievable": 539,
    "coverage_missing": 1461,
    "coverage_fraction": 0.2695,
    "coverage_keyspace": 2354696,
    "distinct_keys_est": 1636427,
    "key_draws": 18088560,
    "server_hits": 2304169,
    "server_misses": 348587,
    "evicted_keys": 2990285,
    "maxmemory": 134217728,
    "maxmemory_policy": "allkeys-lfu"
  },
  "gate": {
    "pass": false,
    "reason": "aki is 0.29x Redis, below the 2.0x bar",
    "required_speedup": 2,
    "speedup_vs_redis": 0.2875471402402093,
    "speedup_vs_valkey": 0.28709706527827983,
    "tail_regressed_vs_redis": true,
    "tail_regressed_vs_valkey": true
  },
  "generator_bound": false
}
