{
  "workload": "mixed",
  "cell": {
    "keyspace": 219310,
    "value_size": 512,
    "dist": "uniform",
    "pipeline": 16,
    "connections": 64
  },
  "timestamp": "2026-07-16T00:39:10.203168716Z",
  "aki": {
    "target": "aki",
    "version": "unknown",
    "workload": "mixed",
    "skipped": false,
    "ops": 9827024,
    "errors": 0,
    "ops_per_sec": 982556.9691883422,
    "min_us": 74.675,
    "p50_us": 904.191,
    "p99_us": 3649.535,
    "p999_us": 6782.975,
    "nil_replies": 0,
    "err_replies": 0,
    "hit_ratio": 1,
    "value_ops_per_sec": 982556.9691883422,
    "bytes_per_sec": 543881613.8682392,
    "resp_ver": 2,
    "used_memory": 123514656,
    "bytes_per_key": 563.1966440198805,
    "coverage_sampled": 2000,
    "coverage_retrievable": 2000,
    "coverage_fraction": 1,
    "coverage_keyspace": 219310,
    "distinct_keys_est": 219310,
    "key_draws": 9827024
  },
  "redis": {
    "target": "redis",
    "version": "redis 8.8.0",
    "workload": "mixed",
    "skipped": false,
    "ops": 18789424,
    "errors": 0,
    "ops_per_sec": 1878785.215568267,
    "min_us": 24.516,
    "p50_us": 419.839,
    "p99_us": 2559.999,
    "p999_us": 4182.015,
    "nil_replies": 241353,
    "err_replies": 0,
    "hit_ratio": 0.98715484838705,
    "value_ops_per_sec": 1854651.9346261236,
    "bytes_per_sec": 1027549443.2364404,
    "resp_ver": 2,
    "used_memory": 132939392,
    "bytes_per_key": 606.1711367470704,
    "coverage_sampled": 2000,
    "coverage_retrievable": 1704,
    "coverage_missing": 296,
    "coverage_fraction": 0.852,
    "coverage_keyspace": 219310,
    "distinct_keys_est": 219310,
    "key_draws": 18789424,
    "server_hits": 2439379,
    "server_misses": 361129,
    "evicted_keys": 3234424,
    "maxmemory": 134217728,
    "maxmemory_policy": "allkeys-lfu"
  },
  "valkey": {
    "target": "valkey",
    "version": "valkey 9.1.0",
    "workload": "mixed",
    "skipped": false,
    "ops": 18149952,
    "errors": 0,
    "ops_per_sec": 1814835.1689237056,
    "min_us": 21.009,
    "p50_us": 455.167,
    "p99_us": 3260.415,
    "p999_us": 5767.167,
    "nil_replies": 222938,
    "err_replies": 0,
    "hit_ratio": 0.9877168821162723,
    "value_ops_per_sec": 1792543.3346042808,
    "bytes_per_sec": 993098857.5386016,
    "resp_ver": 2,
    "used_memory": 133534112,
    "bytes_per_key": 608.8829145957777,
    "coverage_sampled": 2000,
    "coverage_retrievable": 1733,
    "coverage_missing": 267,
    "coverage_fraction": 0.8665,
    "coverage_keyspace": 219310,
    "distinct_keys_est": 219310,
    "key_draws": 18149952,
    "server_hits": 2385193,
    "server_misses": 337213,
    "evicted_keys": 3024243,
    "maxmemory": 134217728,
    "maxmemory_policy": "allkeys-lfu"
  },
  "gate": {
    "pass": false,
    "reason": "aki is 0.53x Redis, below the 2.0x bar",
    "required_speedup": 2,
    "speedup_vs_redis": 0.5297797127558678,
    "speedup_vs_valkey": 0.5481356853251472,
    "tail_regressed_vs_redis": true,
    "tail_regressed_vs_valkey": true
  },
  "generator_bound": false
}
