{
  "workload": "mixed",
  "cell": {
    "keyspace": 3508960,
    "value_size": 512,
    "dist": "uniform",
    "pipeline": 16,
    "connections": 64
  },
  "timestamp": "2026-07-16T01:01:47.037164646Z",
  "aki": {
    "target": "aki",
    "version": "unknown",
    "workload": "mixed",
    "skipped": false,
    "ops": 163216,
    "errors": 0,
    "ops_per_sec": 16277.35406440933,
    "min_us": 864.536,
    "p50_us": 64258.047,
    "p99_us": 66420.735,
    "p999_us": 66846.719,
    "nil_replies": 7560,
    "err_replies": 66589,
    "hit_ratio": 0.5457001764532889,
    "value_ops_per_sec": 8882.55498514083,
    "bytes_per_sec": 8966773.158997105,
    "resp_ver": 2,
    "used_memory": 1074965504,
    "bytes_per_key": 306.3487483470886,
    "coverage_sampled": 2000,
    "coverage_retrievable": 1052,
    "coverage_missing": 948,
    "coverage_fraction": 0.526,
    "coverage_keyspace": 3508960,
    "distinct_keys_est": 159497,
    "key_draws": 163216
  },
  "redis": {
    "target": "redis",
    "version": "redis 8.8.0",
    "workload": "mixed",
    "skipped": false,
    "ops": 10930720,
    "errors": 0,
    "ops_per_sec": 1092970.4963764867,
    "min_us": 33.899,
    "p50_us": 899.071,
    "p99_us": 2027.519,
    "p999_us": 2803.711,
    "nil_replies": 1024232,
    "err_replies": 0,
    "hit_ratio": 0.9062978468024064,
    "value_ops_per_sec": 990556.8074845673,
    "bytes_per_sec": 554024595.7128084,
    "resp_ver": 2,
    "used_memory": 133694872,
    "bytes_per_key": 38.10099630659796,
    "coverage_sampled": 2000,
    "coverage_retrievable": 122,
    "coverage_missing": 1878,
    "coverage_fraction": 0.061,
    "coverage_keyspace": 3508960,
    "distinct_keys_est": 3353121,
    "key_draws": 10930720,
    "server_hits": 99095,
    "server_misses": 1543343,
    "evicted_keys": 13760827,
    "maxmemory": 134217728,
    "maxmemory_policy": "allkeys-lfu"
  },
  "valkey": {
    "target": "valkey",
    "version": "valkey 9.1.0",
    "workload": "mixed",
    "skipped": false,
    "ops": 9962608,
    "errors": 0,
    "ops_per_sec": 996157.73194257,
    "min_us": 75.88,
    "p50_us": 978.431,
    "p99_us": 1992.703,
    "p999_us": 3022.847,
    "nil_replies": 932055,
    "err_replies": 0,
    "hit_ratio": 0.9064446779397524,
    "value_ops_per_sec": 902961.8745078769,
    "bytes_per_sec": 505025708.4120637,
    "resp_ver": 2,
    "used_memory": 133972064,
    "bytes_per_key": 38.17999179243993,
    "coverage_sampled": 2000,
    "coverage_retrievable": 98,
    "coverage_missing": 1902,
    "coverage_fraction": 0.049,
    "coverage_keyspace": 3508960,
    "distinct_keys_est": 3303626,
    "key_draws": 9962608,
    "server_hits": 92257,
    "server_misses": 1409769,
    "evicted_keys": 12566327,
    "maxmemory": 134217728,
    "maxmemory_policy": "allkeys-lfu"
  },
  "gate": {
    "pass": false,
    "reason": "aki is 0.01x Redis, below the 2.0x bar",
    "required_speedup": 2,
    "speedup_vs_redis": 0.00896723430501407,
    "speedup_vs_valkey": 0.009837131816868691,
    "tail_regressed_vs_redis": true,
    "tail_regressed_vs_valkey": true
  },
  "generator_bound": false
}
