{
  "workload": "mixed",
  "cell": {
    "keyspace": 9418787,
    "value_size": 128,
    "dist": "uniform",
    "pipeline": 16,
    "connections": 64
  },
  "timestamp": "2026-07-15T23:51:36.951605918Z",
  "aki": {
    "target": "aki",
    "version": "unknown",
    "workload": "mixed",
    "skipped": false,
    "ops": 165424,
    "errors": 0,
    "ops_per_sec": 16498.254174408645,
    "min_us": 426.212,
    "p50_us": 65830.911,
    "p99_us": 68419.583,
    "p999_us": 69468.159,
    "nil_replies": 5204,
    "err_replies": 46078,
    "hit_ratio": 0.6899966147596479,
    "value_ops_per_sec": 11383.739529786195,
    "bytes_per_sec": 2979823.6245971336,
    "resp_ver": 2,
    "used_memory": 1160704672,
    "bytes_per_key": 123.23292500403714,
    "coverage_sampled": 2000,
    "coverage_retrievable": 1449,
    "coverage_missing": 551,
    "coverage_fraction": 0.7245,
    "coverage_keyspace": 9418787,
    "distinct_keys_est": 164000,
    "key_draws": 165424
  },
  "redis": {
    "target": "redis",
    "version": "redis 8.8.0",
    "workload": "mixed",
    "skipped": false,
    "ops": 9398416,
    "errors": 0,
    "ops_per_sec": 939694.7354856689,
    "min_us": 36.978,
    "p50_us": 1112.063,
    "p99_us": 2271.231,
    "p999_us": 2836.479,
    "nil_replies": 865147,
    "err_replies": 0,
    "hit_ratio": 0.9079475732932017,
    "value_ops_per_sec": 853193.5547206101,
    "bytes_per_sec": 149705035.65985873,
    "resp_ver": 2,
    "used_memory": 133787944,
    "bytes_per_key": 14.204370902537661,
    "coverage_sampled": 2000,
    "coverage_retrievable": 128,
    "coverage_missing": 1872,
    "coverage_fraction": 0.064,
    "coverage_keyspace": 9418787,
    "distinct_keys_est": 5946195,
    "key_draws": 9398416,
    "server_hits": 105911,
    "server_misses": 1301185,
    "evicted_keys": 11524189,
    "maxmemory": 134217728,
    "maxmemory_policy": "allkeys-lfu"
  },
  "valkey": {
    "target": "valkey",
    "version": "valkey 9.1.0",
    "workload": "mixed",
    "skipped": false,
    "ops": 9089680,
    "errors": 0,
    "ops_per_sec": 908839.057186387,
    "min_us": 57.017,
    "p50_us": 1089.535,
    "p99_us": 2003.967,
    "p999_us": 2777.087,
    "nil_replies": 834520,
    "err_replies": 0,
    "hit_ratio": 0.9081903873403684,
    "value_ops_per_sec": 825398.89537616,
    "bytes_per_sec": 144818226.11142492,
    "resp_ver": 2,
    "used_memory": 134032352,
    "bytes_per_key": 14.230319891510446,
    "coverage_sampled": 2000,
    "coverage_retrievable": 132,
    "coverage_missing": 1868,
    "coverage_fraction": 0.066,
    "coverage_keyspace": 9418787,
    "distinct_keys_est": 5830777,
    "key_draws": 9089680,
    "server_hits": 104716,
    "server_misses": 1250414,
    "evicted_keys": 11048628,
    "maxmemory": 134217728,
    "maxmemory_policy": "allkeys-lfu"
  },
  "gate": {
    "pass": false,
    "reason": "aki is 0.01x Redis, below the 2.0x bar",
    "required_speedup": 2,
    "speedup_vs_redis": 0.013342505304688987,
    "speedup_vs_valkey": 0.01379180368856475,
    "tail_regressed_vs_redis": true,
    "tail_regressed_vs_valkey": true
  },
  "generator_bound": false
}
