{
  "workload": "mixed",
  "cell": {
    "keyspace": 4628197,
    "value_size": 16,
    "dist": "zipfian",
    "zipf_s": 0.99,
    "pipeline": 16,
    "connections": 64
  },
  "timestamp": "2026-07-15T23:28:26.045372483Z",
  "aki": {
    "target": "aki",
    "version": "unknown",
    "workload": "mixed",
    "skipped": false,
    "ops": 5205936,
    "errors": 0,
    "ops_per_sec": 520469.2998563066,
    "min_us": 335.054,
    "p50_us": 1918.975,
    "p99_us": 3192.831,
    "p999_us": 3751.935,
    "nil_replies": 0,
    "err_replies": 0,
    "hit_ratio": 1,
    "value_ops_per_sec": 520469.2998563066,
    "bytes_per_sec": 28411658.536790937,
    "resp_ver": 2,
    "used_memory": 294814896,
    "bytes_per_key": 63.69972928982928,
    "coverage_sampled": 2000,
    "coverage_retrievable": 2000,
    "coverage_fraction": 1,
    "coverage_keyspace": 4628197,
    "distinct_keys_est": 1063512,
    "key_draws": 5205936
  },
  "redis": {
    "target": "redis",
    "version": "redis 8.8.0",
    "workload": "mixed",
    "skipped": false,
    "ops": 20175312,
    "errors": 0,
    "ops_per_sec": 2017232.0200829143,
    "min_us": 23.822,
    "p50_us": 349.951,
    "p99_us": 3031.039,
    "p999_us": 5177.343,
    "nil_replies": 191310,
    "err_replies": 0,
    "hit_ratio": 0.9905176187609886,
    "value_ops_per_sec": 1998103.8570209472,
    "bytes_per_sec": 109771783.81622148,
    "resp_ver": 2,
    "used_memory": 133757944,
    "bytes_per_key": 28.90065915517425,
    "coverage_sampled": 2000,
    "coverage_retrievable": 802,
    "coverage_missing": 1198,
    "coverage_fraction": 0.401,
    "coverage_keyspace": 4628197,
    "distinct_keys_est": 2430477,
    "key_draws": 20175312,
    "server_hits": 2625160,
    "server_misses": 321854,
    "evicted_keys": 2504798,
    "maxmemory": 134217728,
    "maxmemory_policy": "allkeys-lfu"
  },
  "valkey": {
    "target": "valkey",
    "version": "valkey 9.1.0",
    "workload": "mixed",
    "skipped": false,
    "ops": 21034704,
    "errors": 0,
    "ops_per_sec": 2103339.993972044,
    "min_us": 16.113,
    "p50_us": 357.631,
    "p99_us": 3497.983,
    "p999_us": 6127.615,
    "nil_replies": 158488,
    "err_replies": 0,
    "hit_ratio": 0.9924654038392934,
    "value_ops_per_sec": 2087492.1765288014,
    "bytes_per_sec": 114530956.93793534,
    "resp_ver": 2,
    "used_memory": 133989280,
    "bytes_per_key": 28.95064319863653,
    "coverage_sampled": 2000,
    "coverage_retrievable": 944,
    "coverage_missing": 1056,
    "coverage_fraction": 0.472,
    "coverage_keyspace": 4628197,
    "distinct_keys_est": 2483088,
    "key_draws": 21034704,
    "server_hits": 2800397,
    "server_misses": 267285,
    "evicted_keys": 2024580,
    "maxmemory": 134217728,
    "maxmemory_policy": "allkeys-lfu"
  },
  "gate": {
    "pass": false,
    "reason": "aki is 0.26x Redis, below the 2.0x bar",
    "required_speedup": 2,
    "speedup_vs_redis": 0.2604816051115056,
    "speedup_vs_valkey": 0.24932754513205985,
    "tail_regressed_vs_redis": true,
    "tail_regressed_vs_valkey": false
  },
  "generator_bound": false
}
