{
  "workload": "mixed",
  "cell": {
    "keyspace": 18512790,
    "value_size": 16,
    "dist": "zipfian",
    "zipf_s": 0.99,
    "pipeline": 16,
    "connections": 64
  },
  "timestamp": "2026-07-15T23:31:09.656718474Z",
  "aki": {
    "target": "aki",
    "version": "unknown",
    "workload": "mixed",
    "skipped": false,
    "ops": 4697472,
    "errors": 0,
    "ops_per_sec": 469649.0654188336,
    "min_us": 392.682,
    "p50_us": 2127.871,
    "p99_us": 3493.887,
    "p999_us": 4040.703,
    "nil_replies": 0,
    "err_replies": 0,
    "hit_ratio": 1,
    "value_ops_per_sec": 469649.0654188336,
    "bytes_per_sec": 25814451.392938092,
    "resp_ver": 2,
    "used_memory": 1179571360,
    "bytes_per_key": 63.716563521759824,
    "coverage_sampled": 2000,
    "coverage_retrievable": 2000,
    "coverage_fraction": 1,
    "coverage_keyspace": 18512790,
    "distinct_keys_est": 1328628,
    "key_draws": 4697472
  },
  "redis": {
    "target": "redis",
    "version": "redis 8.8.0",
    "workload": "mixed",
    "skipped": false,
    "ops": 17571312,
    "errors": 0,
    "ops_per_sec": 1756965.2665779353,
    "min_us": 29.713,
    "p50_us": 381.183,
    "p99_us": 2844.671,
    "p999_us": 4702.207,
    "nil_replies": 368176,
    "err_replies": 0,
    "hit_ratio": 0.9790467553020514,
    "value_ops_per_sec": 1720151.1434215314,
    "bytes_per_sec": 95909760.07534724,
    "resp_ver": 2,
    "used_memory": 133808856,
    "bytes_per_key": 7.227914106949844,
    "coverage_sampled": 2000,
    "coverage_retrievable": 180,
    "coverage_missing": 1820,
    "coverage_fraction": 0.09,
    "coverage_keyspace": 18512790,
    "distinct_keys_est": 3578502,
    "key_draws": 17571312,
    "server_hits": 1964632,
    "server_misses": 587050,
    "evicted_keys": 4754228,
    "maxmemory": 134217728,
    "maxmemory_policy": "allkeys-lfu"
  },
  "valkey": {
    "target": "valkey",
    "version": "valkey 9.1.0",
    "workload": "mixed",
    "skipped": false,
    "ops": 18060384,
    "errors": 0,
    "ops_per_sec": 1805858.7872985706,
    "min_us": 16.47,
    "p50_us": 444.415,
    "p99_us": 3123.199,
    "p999_us": 5357.567,
    "nil_replies": 348569,
    "err_replies": 0,
    "hit_ratio": 0.9806998012888319,
    "value_ops_per_sec": 1771005.3538593994,
    "bytes_per_sec": 98632411.41186532,
    "resp_ver": 2,
    "used_memory": 134004840,
    "bytes_per_key": 7.238500517750161,
    "coverage_sampled": 2000,
    "coverage_retrievable": 217,
    "coverage_missing": 1783,
    "coverage_fraction": 0.1085,
    "coverage_keyspace": 18512790,
    "distinct_keys_est": 3648351,
    "key_draws": 18060384,
    "server_hits": 2040215,
    "server_misses": 554321,
    "evicted_keys": 4501039,
    "maxmemory": 134217728,
    "maxmemory_policy": "allkeys-lfu"
  },
  "gate": {
    "pass": false,
    "reason": "aki is 0.27x Redis, below the 2.0x bar",
    "required_speedup": 2,
    "speedup_vs_redis": 0.27302779015375384,
    "speedup_vs_valkey": 0.2651878292718697,
    "tail_regressed_vs_redis": true,
    "tail_regressed_vs_valkey": true
  },
  "generator_bound": false
}
