{
  "workload": "mixed",
  "cell": {
    "keyspace": 18512790,
    "value_size": 16,
    "dist": "uniform",
    "pipeline": 16,
    "connections": 64
  },
  "timestamp": "2026-07-15T23:21:50.381619454Z",
  "aki": {
    "target": "aki",
    "version": "unknown",
    "workload": "mixed",
    "skipped": false,
    "ops": 4639744,
    "errors": 0,
    "ops_per_sec": 463873.5533328572,
    "min_us": 287.598,
    "p50_us": 2156.543,
    "p99_us": 3516.415,
    "p999_us": 4028.415,
    "nil_replies": 0,
    "err_replies": 0,
    "hit_ratio": 1,
    "value_ops_per_sec": 463873.5533328572,
    "bytes_per_sec": 27319390.031823814,
    "resp_ver": 2,
    "used_memory": 1179571360,
    "bytes_per_key": 63.716563521759824,
    "coverage_sampled": 2000,
    "coverage_retrievable": 2000,
    "coverage_fraction": 1,
    "coverage_keyspace": 18512790,
    "distinct_keys_est": 4104143,
    "key_draws": 4639744
  },
  "redis": {
    "target": "redis",
    "version": "redis 8.8.0",
    "workload": "mixed",
    "skipped": false,
    "ops": 9892464,
    "errors": 0,
    "ops_per_sec": 989166.6915631605,
    "min_us": 24.469,
    "p50_us": 1035.775,
    "p99_us": 2885.631,
    "p999_us": 3725.311,
    "nil_replies": 875855,
    "err_replies": 0,
    "hit_ratio": 0.9114624020870836,
    "value_ops_per_sec": 901588.2487566917,
    "bytes_per_sec": 56679662.57343831,
    "resp_ver": 2,
    "used_memory": 133826784,
    "bytes_per_key": 7.228882518518279,
    "coverage_sampled": 2000,
    "coverage_retrievable": 167,
    "coverage_missing": 1833,
    "coverage_fraction": 0.0835,
    "coverage_keyspace": 18512790,
    "distinct_keys_est": 7663045,
    "key_draws": 9892464,
    "server_hits": 160190,
    "server_misses": 1311154,
    "evicted_keys": 11397604,
    "maxmemory": 134217728,
    "maxmemory_policy": "allkeys-lfu"
  },
  "valkey": {
    "target": "valkey",
    "version": "valkey 9.1.0",
    "workload": "mixed",
    "skipped": false,
    "ops": 9890624,
    "errors": 0,
    "ops_per_sec": 988982.5391654712,
    "min_us": 17.605,
    "p50_us": 1030.143,
    "p99_us": 1755.135,
    "p999_us": 2488.319,
    "nil_replies": 854136,
    "err_replies": 0,
    "hit_ratio": 0.9136418490885914,
    "value_ops_per_sec": 903575.8357994714,
    "bytes_per_sec": 56707889.20959239,
    "resp_ver": 2,
    "used_memory": 134015088,
    "bytes_per_key": 7.239054080989413,
    "coverage_sampled": 2000,
    "coverage_retrievable": 227,
    "coverage_missing": 1773,
    "coverage_fraction": 0.1135,
    "coverage_keyspace": 18512790,
    "distinct_keys_est": 7661894,
    "key_draws": 9890624,
    "server_hits": 190242,
    "server_misses": 1272630,
    "evicted_keys": 10858185,
    "maxmemory": 134217728,
    "maxmemory_policy": "allkeys-lfu"
  },
  "gate": {
    "pass": false,
    "reason": "aki is 0.51x Redis, below the 2.0x bar",
    "required_speedup": 2,
    "speedup_vs_redis": 0.5145070978604126,
    "speedup_vs_valkey": 0.5133753415643617,
    "tail_regressed_vs_redis": true,
    "tail_regressed_vs_valkey": true
  },
  "generator_bound": false
}
