{
  "workload": "mixed",
  "cell": {
    "keyspace": 9418787,
    "value_size": 128,
    "dist": "zipfian",
    "zipf_s": 0.99,
    "pipeline": 16,
    "connections": 64
  },
  "timestamp": "2026-07-16T00:23:30.185822727Z",
  "aki": {
    "target": "aki",
    "version": "unknown",
    "workload": "mixed",
    "skipped": false,
    "ops": 569984,
    "errors": 0,
    "ops_per_sec": 56861.54849658661,
    "min_us": 313.625,
    "p50_us": 1573.887,
    "p99_us": 67305.471,
    "p999_us": 69271.551,
    "nil_replies": 1462,
    "err_replies": 12362,
    "hit_ratio": 0.9757466876263193,
    "value_ops_per_sec": 55482.4675988477,
    "bytes_per_sec": 9579544.336458001,
    "resp_ver": 2,
    "used_memory": 1160704672,
    "bytes_per_key": 123.23292500403714,
    "coverage_sampled": 2000,
    "coverage_retrievable": 1449,
    "coverage_missing": 551,
    "coverage_fraction": 0.7245,
    "coverage_keyspace": 9418787,
    "distinct_keys_est": 216877,
    "key_draws": 569984
  },
  "redis": {
    "target": "redis",
    "version": "redis 8.8.0",
    "workload": "mixed",
    "skipped": false,
    "ops": 15971888,
    "errors": 0,
    "ops_per_sec": 1597107.8844455641,
    "min_us": 28.521,
    "p50_us": 489.471,
    "p99_us": 2383.871,
    "p999_us": 3684.351,
    "nil_replies": 344539,
    "err_replies": 0,
    "hit_ratio": 0.9784284112185109,
    "value_ops_per_sec": 1562655.7299226306,
    "bytes_per_sec": 263431157.276534,
    "resp_ver": 2,
    "used_memory": 133668520,
    "bytes_per_key": 14.191691562830755,
    "coverage_sampled": 2000,
    "coverage_retrievable": 154,
    "coverage_missing": 1846,
    "coverage_fraction": 0.077,
    "coverage_keyspace": 9418787,
    "distinct_keys_est": 2769866,
    "key_draws": 15971888,
    "server_hits": 1812018,
    "server_misses": 549110,
    "evicted_keys": 4769616,
    "maxmemory": 134217728,
    "maxmemory_policy": "allkeys-lfu"
  },
  "valkey": {
    "target": "valkey",
    "version": "valkey 9.1.0",
    "workload": "mixed",
    "skipped": false,
    "ops": 15938000,
    "errors": 0,
    "ops_per_sec": 1593674.5621939446,
    "min_us": 20.424,
    "p50_us": 541.695,
    "p99_us": 2955.263,
    "p999_us": 5013.503,
    "nil_replies": 347073,
    "err_replies": 0,
    "hit_ratio": 0.9782235537708621,
    "value_ops_per_sec": 1558969.9937835834,
    "bytes_per_sec": 262822113.52400896,
    "resp_ver": 2,
    "used_memory": 133894416,
    "bytes_per_key": 14.215675118250365,
    "coverage_sampled": 2000,
    "coverage_retrievable": 160,
    "coverage_missing": 1840,
    "coverage_fraction": 0.08,
    "coverage_keyspace": 9418787,
    "distinct_keys_est": 2766021,
    "key_draws": 15938000,
    "server_hits": 1785879,
    "server_misses": 549813,
    "evicted_keys": 4782119,
    "maxmemory": 134217728,
    "maxmemory_policy": "allkeys-lfu"
  },
  "gate": {
    "pass": false,
    "reason": "aki is 0.04x Redis, below the 2.0x bar",
    "required_speedup": 2,
    "speedup_vs_redis": 0.03550524055710897,
    "speedup_vs_valkey": 0.03558918248592653,
    "tail_regressed_vs_redis": true,
    "tail_regressed_vs_valkey": true
  },
  "generator_bound": false
}
