{
  "workload": "mixed",
  "cell": {
    "keyspace": 877240,
    "value_size": 512,
    "dist": "uniform",
    "pipeline": 16,
    "connections": 64
  },
  "timestamp": "2026-07-16T00:40:59.384548411Z",
  "aki": {
    "target": "aki",
    "version": "unknown",
    "workload": "mixed",
    "skipped": false,
    "ops": 4646128,
    "errors": 0,
    "ops_per_sec": 464520.9153009926,
    "min_us": 405.083,
    "p50_us": 2131.967,
    "p99_us": 3577.855,
    "p999_us": 4159.487,
    "nil_replies": 0,
    "err_replies": 0,
    "hit_ratio": 1,
    "value_ops_per_sec": 464520.9153009926,
    "bytes_per_sec": 257465220.9147374,
    "resp_ver": 2,
    "used_memory": 494308608,
    "bytes_per_key": 563.4816105056769,
    "coverage_sampled": 2000,
    "coverage_retrievable": 2000,
    "coverage_fraction": 1,
    "coverage_keyspace": 877240,
    "distinct_keys_est": 872796,
    "key_draws": 4646128
  },
  "redis": {
    "target": "redis",
    "version": "redis 8.8.0",
    "workload": "mixed",
    "skipped": false,
    "ops": 11436496,
    "errors": 0,
    "ops_per_sec": 1143560.8491573455,
    "min_us": 31.074,
    "p50_us": 873.471,
    "p99_us": 2055.167,
    "p999_us": 2854.911,
    "nil_replies": 887043,
    "err_replies": 0,
    "hit_ratio": 0.9224375193241007,
    "value_ops_per_sec": 1054863.4328928639,
    "bytes_per_sec": 588150224.7315787,
    "resp_ver": 2,
    "used_memory": 133670560,
    "bytes_per_key": 152.3762710318727,
    "coverage_sampled": 2000,
    "coverage_retrievable": 433,
    "coverage_missing": 1567,
    "coverage_fraction": 0.2165,
    "coverage_keyspace": 877240,
    "distinct_keys_est": 877238,
    "key_draws": 11436496,
    "server_hits": 382350,
    "server_misses": 1336902,
    "evicted_keys": 11968683,
    "maxmemory": 134217728,
    "maxmemory_policy": "allkeys-lfu"
  },
  "valkey": {
    "target": "valkey",
    "version": "valkey 9.1.0",
    "workload": "mixed",
    "skipped": false,
    "ops": 10593440,
    "errors": 0,
    "ops_per_sec": 1059235.9405625933,
    "min_us": 29.439,
    "p50_us": 918.527,
    "p99_us": 2060.287,
    "p999_us": 3225.599,
    "nil_replies": 820552,
    "err_replies": 0,
    "hit_ratio": 0.9225414973795103,
    "value_ops_per_sec": 977189.1106848088,
    "bytes_per_sec": 544837428.6469442,
    "resp_ver": 2,
    "used_memory": 133753840,
    "bytes_per_key": 152.47120514340432,
    "coverage_sampled": 2000,
    "coverage_retrievable": 440,
    "coverage_missing": 1560,
    "coverage_fraction": 0.22,
    "coverage_keyspace": 877240,
    "distinct_keys_est": 877229,
    "key_draws": 10593440,
    "server_hits": 356510,
    "server_misses": 1241446,
    "evicted_keys": 11099132,
    "maxmemory": 134217728,
    "maxmemory_policy": "allkeys-lfu"
  },
  "gate": {
    "pass": false,
    "reason": "aki is 0.44x Redis, below the 2.0x bar",
    "required_speedup": 2,
    "speedup_vs_redis": 0.44036118877216895,
    "speedup_vs_valkey": 0.4753644000140964,
    "tail_regressed_vs_redis": true,
    "tail_regressed_vs_valkey": true
  },
  "generator_bound": false
}
