{
  "workload": "mixed",
  "cell": {
    "keyspace": 18512790,
    "value_size": 16,
    "dist": "zipfian",
    "zipf_s": 0.99,
    "pipeline": 16,
    "connections": 64
  },
  "timestamp": "2026-07-15T23:33:54.250891155Z",
  "aki": {
    "target": "aki",
    "version": "unknown",
    "workload": "mixed",
    "skipped": false,
    "ops": 4692688,
    "errors": 0,
    "ops_per_sec": 469161.05336389045,
    "min_us": 325.551,
    "p50_us": 2127.871,
    "p99_us": 3540.991,
    "p999_us": 4083.711,
    "nil_replies": 0,
    "err_replies": 0,
    "hit_ratio": 1,
    "value_ops_per_sec": 469161.05336389045,
    "bytes_per_sec": 25787616.86490728,
    "resp_ver": 2,
    "used_memory": 1179571360,
    "bytes_per_key": 63.716563521759824,
    "coverage_sampled": 2000,
    "coverage_retrievable": 2000,
    "coverage_fraction": 1,
    "coverage_keyspace": 18512790,
    "distinct_keys_est": 1327522,
    "key_draws": 4692688
  },
  "redis": {
    "target": "redis",
    "version": "redis 8.8.0",
    "workload": "mixed",
    "skipped": false,
    "ops": 17459856,
    "errors": 0,
    "ops_per_sec": 1745836.68798678,
    "min_us": 25.708,
    "p50_us": 381.183,
    "p99_us": 2918.399,
    "p999_us": 4763.647,
    "nil_replies": 366991,
    "err_replies": 0,
    "hit_ratio": 0.9789808690289313,
    "value_ops_per_sec": 1709140.717987889,
    "bytes_per_sec": 95300280.41493188,
    "resp_ver": 2,
    "used_memory": 133762424,
    "bytes_per_key": 7.2254060030929965,
    "coverage_sampled": 2000,
    "coverage_retrievable": 189,
    "coverage_missing": 1811,
    "coverage_fraction": 0.0945,
    "coverage_keyspace": 18512790,
    "distinct_keys_est": 3562344,
    "key_draws": 17459856,
    "server_hits": 1953273,
    "server_misses": 586145,
    "evicted_keys": 4748387,
    "maxmemory": 134217728,
    "maxmemory_policy": "allkeys-lfu"
  },
  "valkey": {
    "target": "valkey",
    "version": "valkey 9.1.0",
    "workload": "mixed",
    "skipped": false,
    "ops": 17671648,
    "errors": 0,
    "ops_per_sec": 1767049.536418969,
    "min_us": 16.031,
    "p50_us": 453.631,
    "p99_us": 3108.863,
    "p999_us": 5451.775,
    "nil_replies": 351984,
    "err_replies": 0,
    "hit_ratio": 0.980081993484705,
    "value_ops_per_sec": 1731853.4322397271,
    "bytes_per_sec": 96493072.41478223,
    "resp_ver": 2,
    "used_memory": 134025216,
    "bytes_per_key": 7.239601162223522,
    "coverage_sampled": 2000,
    "coverage_retrievable": 240,
    "coverage_missing": 1760,
    "coverage_fraction": 0.12,
    "coverage_keyspace": 18512790,
    "distinct_keys_est": 3592757,
    "key_draws": 17671648,
    "server_hits": 1993890,
    "server_misses": 556338,
    "evicted_keys": 4456030,
    "maxmemory": 134217728,
    "maxmemory_policy": "allkeys-lfu"
  },
  "gate": {
    "pass": false,
    "reason": "aki is 0.27x Redis, below the 2.0x bar",
    "required_speedup": 2,
    "speedup_vs_redis": 0.27450112704366275,
    "speedup_vs_valkey": 0.2709011309098749,
    "tail_regressed_vs_redis": true,
    "tail_regressed_vs_valkey": true
  },
  "generator_bound": false
}
