{
  "workload": "mixed",
  "cell": {
    "keyspace": 2354696,
    "value_size": 128,
    "dist": "zipfian",
    "zipf_s": 0.99,
    "pipeline": 16,
    "connections": 64
  },
  "timestamp": "2026-07-16T00:08:22.173624135Z",
  "aki": {
    "target": "aki",
    "version": "unknown",
    "workload": "mixed",
    "skipped": false,
    "ops": 5112944,
    "errors": 0,
    "ops_per_sec": 511220.88398302294,
    "min_us": 314.105,
    "p50_us": 1949.695,
    "p99_us": 3246.079,
    "p999_us": 3719.167,
    "nil_replies": 0,
    "err_replies": 0,
    "hit_ratio": 1,
    "value_ops_per_sec": 511220.88398302294,
    "bytes_per_sec": 85579016.72661543,
    "resp_ver": 2,
    "used_memory": 413242944,
    "bytes_per_key": 175.49736526498538,
    "coverage_sampled": 2000,
    "coverage_retrievable": 2000,
    "coverage_fraction": 1,
    "coverage_keyspace": 2354696,
    "distinct_keys_est": 852621,
    "key_draws": 5112944
  },
  "redis": {
    "target": "redis",
    "version": "redis 8.8.0",
    "workload": "mixed",
    "skipped": false,
    "ops": 18541792,
    "errors": 0,
    "ops_per_sec": 1854064.7383863435,
    "min_us": 26.471,
    "p50_us": 409.087,
    "p99_us": 2582.527,
    "p999_us": 4321.279,
    "nil_replies": 221826,
    "err_replies": 0,
    "hit_ratio": 0.9880364314301444,
    "value_ops_per_sec": 1831883.507755707,
    "bytes_per_sec": 307465503.2634233,
    "resp_ver": 2,
    "used_memory": 133588856,
    "bytes_per_key": 56.73295236412683,
    "coverage_sampled": 2000,
    "coverage_retrievable": 520,
    "coverage_missing": 1480,
    "coverage_fraction": 0.26,
    "coverage_keyspace": 2354696,
    "distinct_keys_est": 1652526,
    "key_draws": 18541792,
    "server_hits": 2375873,
    "server_misses": 364951,
    "evicted_keys": 3128654,
    "maxmemory": 134217728,
    "maxmemory_policy": "allkeys-lfu"
  },
  "valkey": {
    "target": "valkey",
    "version": "valkey 9.1.0",
    "workload": "mixed",
    "skipped": false,
    "ops": 18540288,
    "errors": 0,
    "ops_per_sec": 1853846.8136052336,
    "min_us": 18.869,
    "p50_us": 429.311,
    "p99_us": 3418.111,
    "p999_us": 5758.975,
    "nil_replies": 217931,
    "err_replies": 0,
    "hit_ratio": 0.98824554397429,
    "value_ops_per_sec": 1832055.8527563082,
    "bytes_per_sec": 307480062.83541965,
    "resp_ver": 2,
    "used_memory": 133907088,
    "bytes_per_key": 56.868100170892546,
    "coverage_sampled": 2000,
    "coverage_retrievable": 521,
    "coverage_missing": 1479,
    "coverage_fraction": 0.2605,
    "coverage_keyspace": 2354696,
    "distinct_keys_est": 1652463,
    "key_draws": 18540288,
    "server_hits": 2371927,
    "server_misses": 356913,
    "evicted_keys": 3067026,
    "maxmemory": 134217728,
    "maxmemory_policy": "allkeys-lfu"
  },
  "gate": {
    "pass": false,
    "reason": "aki is 0.28x Redis, below the 2.0x bar",
    "required_speedup": 2,
    "speedup_vs_redis": 0.2790684461204273,
    "speedup_vs_valkey": 0.2790421936175672,
    "tail_regressed_vs_redis": true,
    "tail_regressed_vs_valkey": false
  },
  "generator_bound": false
}
