{
  "workload": "mixed",
  "cell": {
    "keyspace": 9418787,
    "value_size": 128,
    "dist": "uniform",
    "pipeline": 16,
    "connections": 64
  },
  "timestamp": "2026-07-16T00:05:48.158705368Z",
  "aki": {
    "target": "aki",
    "version": "unknown",
    "workload": "mixed",
    "skipped": false,
    "ops": 163296,
    "errors": 0,
    "ops_per_sec": 16243.900249133938,
    "min_us": 268.968,
    "p50_us": 66060.287,
    "p99_us": 68419.583,
    "p999_us": 69206.015,
    "nil_replies": 5157,
    "err_replies": 45422,
    "hit_ratio": 0.690261855771115,
    "value_ops_per_sec": 11212.54473092807,
    "bytes_per_sec": 2933296.382094427,
    "resp_ver": 2,
    "used_memory": 1160704672,
    "bytes_per_key": 123.23292500403714,
    "coverage_sampled": 2000,
    "coverage_retrievable": 1449,
    "coverage_missing": 551,
    "coverage_fraction": 0.7245,
    "coverage_keyspace": 9418787,
    "distinct_keys_est": 161914,
    "key_draws": 163296
  },
  "redis": {
    "target": "redis",
    "version": "redis 8.8.0",
    "workload": "mixed",
    "skipped": false,
    "ops": 9243568,
    "errors": 0,
    "ops_per_sec": 924208.6306874865,
    "min_us": 34.772,
    "p50_us": 1123.327,
    "p99_us": 2267.135,
    "p999_us": 2807.807,
    "nil_replies": 849337,
    "err_replies": 0,
    "hit_ratio": 0.9081158920451496,
    "value_ops_per_sec": 839288.5450925931,
    "bytes_per_sec": 147258278.5233355,
    "resp_ver": 2,
    "used_memory": 133809720,
    "bytes_per_key": 14.20668287752977,
    "coverage_sampled": 2000,
    "coverage_retrievable": 119,
    "coverage_missing": 1881,
    "coverage_fraction": 0.0595,
    "coverage_keyspace": 9418787,
    "distinct_keys_est": 5888450,
    "key_draws": 9243568,
    "server_hits": 105683,
    "server_misses": 1279065,
    "evicted_keys": 11301235,
    "maxmemory": 134217728,
    "maxmemory_policy": "allkeys-lfu"
  },
  "valkey": {
    "target": "valkey",
    "version": "valkey 9.1.0",
    "workload": "mixed",
    "skipped": false,
    "ops": 9070656,
    "errors": 0,
    "ops_per_sec": 906953.3924518486,
    "min_us": 39.324,
    "p50_us": 1091.583,
    "p99_us": 1985.535,
    "p999_us": 2744.319,
    "nil_replies": 835449,
    "err_replies": 0,
    "hit_ratio": 0.9078954157229643,
    "value_ops_per_sec": 823418.8272814238,
    "bytes_per_sec": 144482715.31404752,
    "resp_ver": 2,
    "used_memory": 134029008,
    "bytes_per_key": 14.229964856408792,
    "coverage_sampled": 2000,
    "coverage_retrievable": 116,
    "coverage_missing": 1884,
    "coverage_fraction": 0.058,
    "coverage_keyspace": 9418787,
    "distinct_keys_est": 5823396,
    "key_draws": 9070656,
    "server_hits": 101245,
    "server_misses": 1246597,
    "evicted_keys": 11054589,
    "maxmemory": 134217728,
    "maxmemory_policy": "allkeys-lfu"
  },
  "gate": {
    "pass": false,
    "reason": "aki is 0.01x Redis, below the 2.0x bar",
    "required_speedup": 2,
    "speedup_vs_redis": 0.013359582704290413,
    "speedup_vs_valkey": 0.013617061402332866,
    "tail_regressed_vs_redis": true,
    "tail_regressed_vs_valkey": true
  },
  "generator_bound": false
}
