{
  "workload": "mixed",
  "cell": {
    "keyspace": 4628197,
    "value_size": 16,
    "dist": "zipfian",
    "zipf_s": 0.99,
    "pipeline": 16,
    "connections": 64
  },
  "timestamp": "2026-07-15T23:27:18.230188355Z",
  "aki": {
    "target": "aki",
    "version": "unknown",
    "workload": "mixed",
    "skipped": false,
    "ops": 5178048,
    "errors": 0,
    "ops_per_sec": 517721.876021168,
    "min_us": 264.042,
    "p50_us": 1927.167,
    "p99_us": 3211.263,
    "p999_us": 3768.319,
    "nil_replies": 0,
    "err_replies": 0,
    "hit_ratio": 1,
    "value_ops_per_sec": 517721.876021168,
    "bytes_per_sec": 28261699.498155855,
    "resp_ver": 2,
    "used_memory": 294814896,
    "bytes_per_key": 63.69972928982928,
    "coverage_sampled": 2000,
    "coverage_retrievable": 2000,
    "coverage_fraction": 1,
    "coverage_keyspace": 4628197,
    "distinct_keys_est": 1059685,
    "key_draws": 5178048
  },
  "redis": {
    "target": "redis",
    "version": "redis 8.8.0",
    "workload": "mixed",
    "skipped": false,
    "ops": 20340336,
    "errors": 0,
    "ops_per_sec": 2033863.7142113612,
    "min_us": 23.65,
    "p50_us": 351.231,
    "p99_us": 2916.351,
    "p999_us": 4849.663,
    "nil_replies": 191793,
    "err_replies": 0,
    "hit_ratio": 0.9905708047300693,
    "value_ops_per_sec": 2014686.016097636,
    "bytes_per_sec": 110678542.07633033,
    "resp_ver": 2,
    "used_memory": 133779480,
    "bytes_per_key": 28.905312371102614,
    "coverage_sampled": 2000,
    "coverage_retrievable": 808,
    "coverage_missing": 1192,
    "coverage_fraction": 0.404,
    "coverage_keyspace": 4628197,
    "distinct_keys_est": 2440541,
    "key_draws": 20340336,
    "server_hits": 2657557,
    "server_misses": 324247,
    "evicted_keys": 2527787,
    "maxmemory": 134217728,
    "maxmemory_policy": "allkeys-lfu"
  },
  "valkey": {
    "target": "valkey",
    "version": "valkey 9.1.0",
    "workload": "mixed",
    "skipped": false,
    "ops": 21004400,
    "errors": 0,
    "ops_per_sec": 2100260.9057119437,
    "min_us": 15.854,
    "p50_us": 353.535,
    "p99_us": 3620.863,
    "p999_us": 6332.415,
    "nil_replies": 192427,
    "err_replies": 0,
    "hit_ratio": 0.9908387290282036,
    "value_ops_per_sec": 2081019.8464432464,
    "bytes_per_sec": 114301699.61974935,
    "resp_ver": 2,
    "used_memory": 134014648,
    "bytes_per_key": 28.956124382778,
    "coverage_sampled": 2000,
    "coverage_retrievable": 954,
    "coverage_missing": 1046,
    "coverage_fraction": 0.477,
    "coverage_keyspace": 4628197,
    "distinct_keys_est": 2481172,
    "key_draws": 21004400,
    "server_hits": 2689966,
    "server_misses": 335158,
    "evicted_keys": 2557359,
    "maxmemory": 134217728,
    "maxmemory_policy": "allkeys-lfu"
  },
  "gate": {
    "pass": false,
    "reason": "aki is 0.26x Redis, below the 2.0x bar",
    "required_speedup": 2,
    "speedup_vs_redis": 0.25697397603621336,
    "speedup_vs_valkey": 0.24878276721196438,
    "tail_regressed_vs_redis": true,
    "tail_regressed_vs_valkey": false
  },
  "generator_bound": false
}
