{
  "workload": "mixed",
  "cell": {
    "keyspace": 4628197,
    "value_size": 16,
    "dist": "uniform",
    "pipeline": 16,
    "connections": 64
  },
  "timestamp": "2026-07-15T23:19:07.910308907Z",
  "aki": {
    "target": "aki",
    "version": "unknown",
    "workload": "mixed",
    "skipped": false,
    "ops": 5122784,
    "errors": 0,
    "ops_per_sec": 512178.2749348647,
    "min_us": 262.622,
    "p50_us": 1951.743,
    "p99_us": 3182.591,
    "p999_us": 3655.679,
    "nil_replies": 0,
    "err_replies": 0,
    "hit_ratio": 1,
    "value_ops_per_sec": 512178.2749348647,
    "bytes_per_sec": 29828330.298486777,
    "resp_ver": 2,
    "used_memory": 294814896,
    "bytes_per_key": 63.69972928982928,
    "coverage_sampled": 2000,
    "coverage_retrievable": 2000,
    "coverage_fraction": 1,
    "coverage_keyspace": 4628197,
    "distinct_keys_est": 3098233,
    "key_draws": 5122784
  },
  "redis": {
    "target": "redis",
    "version": "redis 8.8.0",
    "workload": "mixed",
    "skipped": false,
    "ops": 12380176,
    "errors": 0,
    "ops_per_sec": 1237832.4656915842,
    "min_us": 26.665,
    "p50_us": 554.495,
    "p99_us": 2815.999,
    "p999_us": 3960.831,
    "nil_replies": 697880,
    "err_replies": 0,
    "hit_ratio": 0.9436292343501417,
    "value_ops_per_sec": 1168054.9018542976,
    "bytes_per_sec": 70833030.27824259,
    "resp_ver": 2,
    "used_memory": 133782256,
    "bytes_per_key": 28.90591217271002,
    "coverage_sampled": 2000,
    "coverage_retrievable": 784,
    "coverage_missing": 1216,
    "coverage_fraction": 0.392,
    "coverage_keyspace": 4628197,
    "distinct_keys_est": 4309608,
    "key_draws": 12380176,
    "server_hits": 768732,
    "server_misses": 1052854,
    "evicted_keys": 9000850,
    "maxmemory": 134217728,
    "maxmemory_policy": "allkeys-lfu"
  },
  "valkey": {
    "target": "valkey",
    "version": "valkey 9.1.0",
    "workload": "mixed",
    "skipped": false,
    "ops": 13210752,
    "errors": 0,
    "ops_per_sec": 1320957.2554253435,
    "min_us": 20.203,
    "p50_us": 710.655,
    "p99_us": 2476.031,
    "p999_us": 4272.127,
    "nil_replies": 638973,
    "err_replies": 0,
    "hit_ratio": 0.9516323521931227,
    "value_ops_per_sec": 1257065.660126991,
    "bytes_per_sec": 75780065.61012585,
    "resp_ver": 2,
    "used_memory": 134030568,
    "bytes_per_key": 28.959564167212417,
    "coverage_sampled": 2000,
    "coverage_retrievable": 916,
    "coverage_missing": 1084,
    "coverage_fraction": 0.458,
    "coverage_keyspace": 4628197,
    "distinct_keys_est": 4361812,
    "key_draws": 13210752,
    "server_hits": 971698,
    "server_misses": 967202,
    "evicted_keys": 8197105,
    "maxmemory": 134217728,
    "maxmemory_policy": "allkeys-lfu"
  },
  "gate": {
    "pass": false,
    "reason": "aki is 0.44x Redis, below the 2.0x bar",
    "required_speedup": 2,
    "speedup_vs_redis": 0.4384881858907292,
    "speedup_vs_valkey": 0.4074395564056085,
    "tail_regressed_vs_redis": true,
    "tail_regressed_vs_valkey": true
  },
  "generator_bound": false
}
