{
  "workload": "mixed",
  "cell": {
    "keyspace": 2354696,
    "value_size": 128,
    "dist": "uniform",
    "pipeline": 16,
    "connections": 64
  },
  "timestamp": "2026-07-15T23:37:27.327666066Z",
  "aki": {
    "target": "aki",
    "version": "unknown",
    "workload": "mixed",
    "skipped": false,
    "ops": 5042752,
    "errors": 0,
    "ops_per_sec": 504187.35432804324,
    "min_us": 188.852,
    "p50_us": 1976.319,
    "p99_us": 3303.423,
    "p999_us": 3786.751,
    "nil_replies": 0,
    "err_replies": 0,
    "hit_ratio": 1,
    "value_ops_per_sec": 504187.35432804324,
    "bytes_per_sec": 86208915.23103969,
    "resp_ver": 2,
    "used_memory": 413242944,
    "bytes_per_key": 175.49736526498538,
    "coverage_sampled": 2000,
    "coverage_retrievable": 2000,
    "coverage_fraction": 1,
    "coverage_keyspace": 2354696,
    "distinct_keys_est": 2078767,
    "key_draws": 5042752
  },
  "redis": {
    "target": "redis",
    "version": "redis 8.8.0",
    "workload": "mixed",
    "skipped": false,
    "ops": 10324752,
    "errors": 0,
    "ops_per_sec": 1032356.6020476714,
    "min_us": 29.817,
    "p50_us": 1030.143,
    "p99_us": 2209.791,
    "p999_us": 2840.575,
    "nil_replies": 735587,
    "err_replies": 0,
    "hit_ratio": 0.9287549957616416,
    "value_ops_per_sec": 958806.3515592878,
    "bytes_per_sec": 166883024.34465685,
    "resp_ver": 2,
    "used_memory": 133792616,
    "bytes_per_key": 56.819485827469876,
    "coverage_sampled": 2000,
    "coverage_retrievable": 525,
    "coverage_missing": 1475,
    "coverage_fraction": 0.2625,
    "coverage_keyspace": 2354696,
    "distinct_keys_est": 2325506,
    "key_draws": 10324752,
    "server_hits": 432226,
    "server_misses": 1107996,
    "evicted_keys": 9750786,
    "maxmemory": 134217728,
    "maxmemory_policy": "allkeys-lfu"
  },
  "valkey": {
    "target": "valkey",
    "version": "valkey 9.1.0",
    "workload": "mixed",
    "skipped": false,
    "ops": 10344000,
    "errors": 0,
    "ops_per_sec": 1034330.5640446059,
    "min_us": 20.21,
    "p50_us": 951.807,
    "p99_us": 2069.503,
    "p999_us": 3094.527,
    "nil_replies": 731979,
    "err_replies": 0,
    "hit_ratio": 0.9292363689095128,
    "value_ops_per_sec": 961137.5775849379,
    "bytes_per_sec": 167267338.42612392,
    "resp_ver": 2,
    "used_memory": 134018648,
    "bytes_per_key": 56.91547783662944,
    "coverage_sampled": 2000,
    "coverage_retrievable": 524,
    "coverage_missing": 1476,
    "coverage_fraction": 0.262,
    "coverage_keyspace": 2354696,
    "distinct_keys_est": 2325741,
    "key_draws": 10344000,
    "server_hits": 439166,
    "server_misses": 1102466,
    "evicted_keys": 9693207,
    "maxmemory": 134217728,
    "maxmemory_policy": "allkeys-lfu"
  },
  "gate": {
    "pass": false,
    "reason": "aki is 0.53x Redis, below the 2.0x bar",
    "required_speedup": 2,
    "speedup_vs_redis": 0.5258489928733715,
    "speedup_vs_valkey": 0.5245735533459434,
    "tail_regressed_vs_redis": true,
    "tail_regressed_vs_valkey": true
  },
  "generator_bound": false
}
