{
  "workload": "mixed",
  "cell": {
    "keyspace": 1157049,
    "value_size": 16,
    "dist": "uniform",
    "pipeline": 16,
    "connections": 64
  },
  "timestamp": "2026-07-15T23:16:53.703434641Z",
  "aki": {
    "target": "aki",
    "version": "unknown",
    "workload": "mixed",
    "skipped": false,
    "ops": 17603936,
    "errors": 0,
    "ops_per_sec": 1760336.849028425,
    "min_us": 19.286,
    "p50_us": 390.911,
    "p99_us": 3508.223,
    "p999_us": 6082.559,
    "nil_replies": 0,
    "err_replies": 0,
    "hit_ratio": 1,
    "value_ops_per_sec": 1760336.849028425,
    "bytes_per_sec": 101137208.36788058,
    "resp_ver": 2,
    "used_memory": 73639088,
    "bytes_per_key": 63.643880250533904,
    "coverage_sampled": 2000,
    "coverage_retrievable": 2000,
    "coverage_fraction": 1,
    "coverage_keyspace": 1157049,
    "distinct_keys_est": 1157049,
    "key_draws": 17603936
  },
  "redis": {
    "target": "redis",
    "version": "redis 8.8.0",
    "workload": "mixed",
    "skipped": false,
    "ops": 23690576,
    "errors": 0,
    "ops_per_sec": 2368847.196386285,
    "min_us": 26.68,
    "p50_us": 323.071,
    "p99_us": 2973.695,
    "p999_us": 5267.455,
    "nil_replies": 0,
    "err_replies": 0,
    "hit_ratio": 1,
    "value_ops_per_sec": 2368847.196386285,
    "bytes_per_sec": 136097902.83456254,
    "resp_ver": 2,
    "used_memory": 86495504,
    "bytes_per_key": 74.7552644702169,
    "coverage_sampled": 2000,
    "coverage_retrievable": 2000,
    "coverage_fraction": 1,
    "coverage_keyspace": 1157049,
    "distinct_keys_est": 1157049,
    "key_draws": 23690576,
    "server_hits": 3537420,
    "maxmemory": 134217728,
    "maxmemory_policy": "allkeys-lfu"
  },
  "valkey": {
    "target": "valkey",
    "version": "valkey 9.1.0",
    "workload": "mixed",
    "skipped": false,
    "ops": 25414064,
    "errors": 0,
    "ops_per_sec": 2541158.83420759,
    "min_us": 15.898,
    "p50_us": 276.991,
    "p99_us": 3862.527,
    "p999_us": 7000.063,
    "nil_replies": 0,
    "err_replies": 0,
    "hit_ratio": 1,
    "value_ops_per_sec": 2541158.83420759,
    "bytes_per_sec": 145997844.1396291,
    "resp_ver": 2,
    "used_memory": 74477008,
    "bytes_per_key": 64.36806738521878,
    "coverage_sampled": 2000,
    "coverage_retrievable": 2000,
    "coverage_fraction": 1,
    "coverage_keyspace": 1157049,
    "distinct_keys_est": 1157049,
    "key_draws": 25414064,
    "server_hits": 3808054,
    "maxmemory": 134217728,
    "maxmemory_policy": "allkeys-lfu"
  },
  "gate": {
    "pass": false,
    "reason": "aki is 0.74x Redis, below the 2.0x bar",
    "required_speedup": 2,
    "speedup_vs_redis": 0.7431196287011874,
    "speedup_vs_valkey": 0.6927299566370282,
    "tail_regressed_vs_redis": true,
    "tail_regressed_vs_valkey": false
  },
  "generator_bound": false
}
