{
  "workload": "mixed",
  "cell": {
    "keyspace": 9418787,
    "value_size": 128,
    "dist": "zipfian",
    "zipf_s": 0.99,
    "pipeline": 16,
    "connections": 64
  },
  "timestamp": "2026-07-16T00:37:37.103610382Z",
  "aki": {
    "target": "aki",
    "version": "unknown",
    "workload": "mixed",
    "skipped": false,
    "ops": 589776,
    "errors": 0,
    "ops_per_sec": 58786.3053707335,
    "min_us": 195.683,
    "p50_us": 1523.711,
    "p99_us": 67436.543,
    "p999_us": 69140.479,
    "nil_replies": 1505,
    "err_replies": 12809,
    "hit_ratio": 0.9757297685901087,
    "value_ops_per_sec": 57359.54813565326,
    "bytes_per_sec": 9904025.628122749,
    "resp_ver": 2,
    "used_memory": 1160704672,
    "bytes_per_key": 123.23292500403714,
    "coverage_sampled": 2000,
    "coverage_retrievable": 1449,
    "coverage_missing": 551,
    "coverage_fraction": 0.7245,
    "coverage_keyspace": 9418787,
    "distinct_keys_est": 223202,
    "key_draws": 589776
  },
  "redis": {
    "target": "redis",
    "version": "redis 8.8.0",
    "workload": "mixed",
    "skipped": false,
    "ops": 16041104,
    "errors": 0,
    "ops_per_sec": 1603997.2450519495,
    "min_us": 22.952,
    "p50_us": 486.911,
    "p99_us": 2381.823,
    "p999_us": 3684.351,
    "nil_replies": 345771,
    "err_replies": 0,
    "hit_ratio": 0.9784446880962806,
    "value_ops_per_sec": 1569422.584142148,
    "bytes_per_sec": 264571043.7769741,
    "resp_ver": 2,
    "used_memory": 133646104,
    "bytes_per_key": 14.189311638536894,
    "coverage_sampled": 2000,
    "coverage_retrievable": 150,
    "coverage_missing": 1850,
    "coverage_fraction": 0.075,
    "coverage_keyspace": 9418787,
    "distinct_keys_est": 2777600,
    "key_draws": 16041104,
    "server_hits": 1815137,
    "server_misses": 549703,
    "evicted_keys": 4774501,
    "maxmemory": 134217728,
    "maxmemory_policy": "allkeys-lfu"
  },
  "valkey": {
    "target": "valkey",
    "version": "valkey 9.1.0",
    "workload": "mixed",
    "skipped": false,
    "ops": 15700576,
    "errors": 0,
    "ops_per_sec": 1569913.8880418006,
    "min_us": 19.046,
    "p50_us": 550.399,
    "p99_us": 2947.071,
    "p999_us": 4919.295,
    "nil_replies": 343383,
    "err_replies": 0,
    "hit_ratio": 0.9781292737285562,
    "value_ops_per_sec": 1535578.7311267003,
    "bytes_per_sec": 258883961.02565858,
    "resp_ver": 2,
    "used_memory": 133951248,
    "bytes_per_key": 14.221709016245935,
    "coverage_sampled": 2000,
    "coverage_retrievable": 149,
    "coverage_missing": 1851,
    "coverage_fraction": 0.0745,
    "coverage_keyspace": 9418787,
    "distinct_keys_est": 2738937,
    "key_draws": 15700576,
    "server_hits": 1755758,
    "server_misses": 543732,
    "evicted_keys": 4724298,
    "maxmemory": 134217728,
    "maxmemory_policy": "allkeys-lfu"
  },
  "gate": {
    "pass": false,
    "reason": "aki is 0.04x Redis, below the 2.0x bar",
    "required_speedup": 2,
    "speedup_vs_redis": 0.03654818575648712,
    "speedup_vs_valkey": 0.03735370057747989,
    "tail_regressed_vs_redis": true,
    "tail_regressed_vs_valkey": true
  },
  "generator_bound": false
}
