{
  "workload": "get",
  "cell": {
    "keyspace": 1000000,
    "value_size": 64,
    "dist": "uniform",
    "pipeline": 16,
    "connections": 512
  },
  "timestamp": "2026-07-11T01:26:57.961487113Z",
  "aki": {
    "target": "aki",
    "version": "unknown",
    "workload": "get",
    "skipped": false,
    "ops": 30058112,
    "errors": 0,
    "ops_per_sec": 3756772.8531354824,
    "min_us": 39.98,
    "p50_us": 2109.439,
    "p99_us": 4898.815,
    "p999_us": 7503.871,
    "nil_replies": 0,
    "err_replies": 0,
    "hit_ratio": 1,
    "value_ops_per_sec": 3756772.8531354824,
    "bytes_per_sec": 378640490.41485494,
    "resp_ver": 2,
    "used_memory": 113449984,
    "bytes_per_key": 113.449984,
    "distinct_keys_est": 1000000,
    "key_draws": 30058112
  },
  "redis": {
    "target": "redis",
    "version": "redis 8.8.0",
    "workload": "get",
    "skipped": false,
    "ops": 37613168,
    "errors": 0,
    "ops_per_sec": 4700672.185834206,
    "min_us": 100.767,
    "p50_us": 1728.511,
    "p99_us": 2238.463,
    "p999_us": 3502.079,
    "nil_replies": 0,
    "err_replies": 0,
    "hit_ratio": 1,
    "value_ops_per_sec": 4700672.185834206,
    "bytes_per_sec": 473775442.3697034,
    "resp_ver": 2,
    "used_memory": 127503264,
    "bytes_per_key": 127.503264,
    "distinct_keys_est": 1000000,
    "key_draws": 37613168,
    "server_hits": 51661600,
    "maxmemory_policy": "noeviction"
  },
  "valkey": {
    "target": "valkey",
    "version": "valkey 9.1.0",
    "workload": "get",
    "skipped": false,
    "ops": 31559264,
    "errors": 0,
    "ops_per_sec": 3943977.335724112,
    "min_us": 34.018,
    "p50_us": 2046.975,
    "p99_us": 2660.351,
    "p999_us": 3649.535,
    "nil_replies": 0,
    "err_replies": 0,
    "hit_ratio": 1,
    "value_ops_per_sec": 3943977.335724112,
    "bytes_per_sec": 397508754.83661246,
    "resp_ver": 2,
    "used_memory": 115087176,
    "bytes_per_key": 115.087176,
    "distinct_keys_est": 1000000,
    "key_draws": 31559264,
    "server_hits": 43409504,
    "maxmemory_policy": "noeviction"
  },
  "gate": {
    "pass": false,
    "reason": "aki is 0.80x Redis, below the 2.0x bar",
    "required_speedup": 2,
    "speedup_vs_redis": 0.7991990729446679,
    "speedup_vs_valkey": 0.9525340876345936,
    "tail_regressed_vs_redis": true,
    "tail_regressed_vs_valkey": true
  },
  "generator_bound": false
}
