{
  "workload": "get",
  "cell": {
    "keyspace": 1000000,
    "value_size": 64,
    "dist": "uniform",
    "pipeline": 16,
    "connections": 512
  },
  "timestamp": "2026-07-11T01:25:44.484077299Z",
  "aki": {
    "target": "aki",
    "version": "unknown",
    "workload": "get",
    "skipped": false,
    "ops": 30483120,
    "errors": 0,
    "ops_per_sec": 3809844.52741471,
    "min_us": 41.834,
    "p50_us": 2081.791,
    "p99_us": 4825.087,
    "p999_us": 7761.919,
    "nil_replies": 0,
    "err_replies": 0,
    "hit_ratio": 1,
    "value_ops_per_sec": 3809844.52741471,
    "bytes_per_sec": 383989605.35524803,
    "resp_ver": 2,
    "used_memory": 113449984,
    "bytes_per_key": 113.449984,
    "distinct_keys_est": 1000000,
    "key_draws": 30483120
  },
  "redis": {
    "target": "redis",
    "version": "redis 8.8.0",
    "workload": "get",
    "skipped": false,
    "ops": 37714752,
    "errors": 0,
    "ops_per_sec": 4713411.183522079,
    "min_us": 63.492,
    "p50_us": 1724.415,
    "p99_us": 2267.135,
    "p999_us": 3786.751,
    "nil_replies": 0,
    "err_replies": 0,
    "hit_ratio": 1,
    "value_ops_per_sec": 4713411.183522079,
    "bytes_per_sec": 475059390.60556585,
    "resp_ver": 2,
    "used_memory": 127502960,
    "bytes_per_key": 127.50296,
    "distinct_keys_est": 1000000,
    "key_draws": 37714752,
    "server_hits": 51781152,
    "maxmemory_policy": "noeviction"
  },
  "valkey": {
    "target": "valkey",
    "version": "valkey 9.1.0",
    "workload": "get",
    "skipped": false,
    "ops": 31577248,
    "errors": 0,
    "ops_per_sec": 3946266.861187389,
    "min_us": 29.655,
    "p50_us": 2050.047,
    "p99_us": 2611.199,
    "p999_us": 3403.775,
    "nil_replies": 0,
    "err_replies": 0,
    "hit_ratio": 1,
    "value_ops_per_sec": 3946266.861187389,
    "bytes_per_sec": 397739526.88530564,
    "resp_ver": 2,
    "used_memory": 115087176,
    "bytes_per_key": 115.087176,
    "distinct_keys_est": 1000000,
    "key_draws": 31577248,
    "server_hits": 43385248,
    "maxmemory_policy": "noeviction"
  },
  "gate": {
    "pass": false,
    "reason": "aki is 0.81x Redis, below the 2.0x bar",
    "required_speedup": 2,
    "speedup_vs_redis": 0.8082987838476289,
    "speedup_vs_valkey": 0.9654300282845972,
    "tail_regressed_vs_redis": true,
    "tail_regressed_vs_valkey": true
  },
  "generator_bound": false
}
