{
  "workload": "get",
  "cell": {
    "keyspace": 1000000,
    "value_size": 64,
    "dist": "uniform",
    "pipeline": 1,
    "connections": 512
  },
  "timestamp": "2026-07-11T02:01:55.072711979Z",
  "aki": {
    "target": "aki",
    "version": "unknown",
    "workload": "get",
    "skipped": false,
    "ops": 7342289,
    "errors": 0,
    "ops_per_sec": 917711.7125752139,
    "min_us": 6.465,
    "p50_us": 468.479,
    "p99_us": 2109.439,
    "p999_us": 4648.959,
    "nil_replies": 0,
    "err_replies": 0,
    "hit_ratio": 1,
    "value_ops_per_sec": 917711.7125752139,
    "bytes_per_sec": 92495252.54557116,
    "resp_ver": 2,
    "used_memory": 113449984,
    "bytes_per_key": 113.449984,
    "distinct_keys_est": 999350,
    "key_draws": 7342289
  },
  "redis": {
    "target": "redis",
    "version": "redis 8.8.0",
    "workload": "get",
    "skipped": false,
    "ops": 8665725,
    "errors": 0,
    "ops_per_sec": 1083162.3923072536,
    "min_us": 34.916,
    "p50_us": 455.935,
    "p99_us": 905.215,
    "p999_us": 1323.007,
    "nil_replies": 0,
    "err_replies": 0,
    "hit_ratio": 1,
    "value_ops_per_sec": 1083162.3923072536,
    "bytes_per_sec": 109170711.1121707,
    "resp_ver": 2,
    "used_memory": 127504544,
    "bytes_per_key": 127.504544,
    "distinct_keys_est": 999834,
    "key_draws": 8665725,
    "server_hits": 11869948,
    "maxmemory_policy": "noeviction"
  },
  "valkey": {
    "target": "valkey",
    "version": "valkey 9.1.0",
    "workload": "get",
    "skipped": false,
    "ops": 8277143,
    "errors": 0,
    "ops_per_sec": 1034597.616268627,
    "min_us": 9.763,
    "p50_us": 483.327,
    "p99_us": 923.647,
    "p999_us": 1355.775,
    "nil_replies": 0,
    "err_replies": 0,
    "hit_ratio": 1,
    "value_ops_per_sec": 1034597.616268627,
    "bytes_per_sec": 104275934.92315781,
    "resp_ver": 2,
    "used_memory": 115095368,
    "bytes_per_key": 115.095368,
    "distinct_keys_est": 999757,
    "key_draws": 8277143,
    "server_hits": 11291517,
    "maxmemory_policy": "noeviction"
  },
  "gate": {
    "pass": false,
    "reason": "aki is 0.85x Redis, below the 2.0x bar",
    "required_speedup": 2,
    "speedup_vs_redis": 0.8472521932933696,
    "speedup_vs_valkey": 0.887022836844557,
    "tail_regressed_vs_redis": true,
    "tail_regressed_vs_valkey": true
  },
  "generator_bound": false
}
