{
  "workload": "get",
  "cell": {
    "keyspace": 1000000,
    "value_size": 64,
    "dist": "uniform",
    "pipeline": 1,
    "connections": 512
  },
  "timestamp": "2026-07-11T02:02:31.849335532Z",
  "aki": {
    "target": "aki",
    "version": "unknown",
    "workload": "get",
    "skipped": false,
    "ops": 8147589,
    "errors": 0,
    "ops_per_sec": 1018401.6670083351,
    "min_us": 35.649,
    "p50_us": 475.903,
    "p99_us": 1017.343,
    "p999_us": 1437.695,
    "nil_replies": 0,
    "err_replies": 0,
    "hit_ratio": 1,
    "value_ops_per_sec": 1018401.6670083351,
    "bytes_per_sec": 102643616.77915213,
    "resp_ver": 2,
    "used_memory": 113449984,
    "bytes_per_key": 113.449984,
    "distinct_keys_est": 999725,
    "key_draws": 8147589
  },
  "redis": {
    "target": "redis",
    "version": "redis 8.8.0",
    "workload": "get",
    "skipped": false,
    "ops": 8635961,
    "errors": 0,
    "ops_per_sec": 1079433.3700771811,
    "min_us": 26.556,
    "p50_us": 457.727,
    "p99_us": 904.191,
    "p999_us": 1378.303,
    "nil_replies": 0,
    "err_replies": 0,
    "hit_ratio": 1,
    "value_ops_per_sec": 1079433.3700771811,
    "bytes_per_sec": 108794843.2926178,
    "resp_ver": 2,
    "used_memory": 127504696,
    "bytes_per_key": 127.504696,
    "distinct_keys_est": 999831,
    "key_draws": 8635961,
    "server_hits": 11866973,
    "maxmemory_policy": "noeviction"
  },
  "valkey": {
    "target": "valkey",
    "version": "valkey 9.1.0",
    "workload": "get",
    "skipped": false,
    "ops": 8199428,
    "errors": 0,
    "ops_per_sec": 1024868.8065163644,
    "min_us": 8.102,
    "p50_us": 487.167,
    "p99_us": 923.647,
    "p999_us": 1338.367,
    "nil_replies": 0,
    "err_replies": 0,
    "hit_ratio": 1,
    "value_ops_per_sec": 1024868.8065163644,
    "bytes_per_sec": 103295391.43492588,
    "resp_ver": 2,
    "used_memory": 115095368,
    "bytes_per_key": 115.095368,
    "distinct_keys_est": 999737,
    "key_draws": 8199428,
    "server_hits": 11164852,
    "maxmemory_policy": "noeviction"
  },
  "gate": {
    "pass": false,
    "reason": "aki is 0.94x Redis, below the 2.0x bar",
    "required_speedup": 2,
    "speedup_vs_redis": 0.9434594994367441,
    "speedup_vs_valkey": 0.993689787934895,
    "tail_regressed_vs_redis": true,
    "tail_regressed_vs_valkey": true
  },
  "generator_bound": false
}
