{
  "workload": "get",
  "cell": {
    "keyspace": 1000000,
    "value_size": 64,
    "dist": "uniform",
    "pipeline": 16,
    "connections": 512
  },
  "timestamp": "2026-07-11T01:25:07.767613455Z",
  "aki": {
    "target": "aki",
    "version": "unknown",
    "workload": "get",
    "skipped": false,
    "ops": 57409440,
    "errors": 0,
    "ops_per_sec": 7175307.272757895,
    "min_us": 37.388,
    "p50_us": 1040.895,
    "p99_us": 2482.175,
    "p999_us": 3796.991,
    "nil_replies": 0,
    "err_replies": 0,
    "hit_ratio": 1,
    "value_ops_per_sec": 7175307.272757895,
    "bytes_per_sec": 723191072.4372528,
    "resp_ver": 2,
    "used_memory": 113449984,
    "bytes_per_key": 113.449984,
    "distinct_keys_est": 1000000,
    "key_draws": 57409440
  },
  "redis": {
    "target": "redis",
    "version": "redis 8.8.0",
    "workload": "get",
    "skipped": false,
    "ops": 37511712,
    "errors": 0,
    "ops_per_sec": 4687960.96445804,
    "min_us": 59.159,
    "p50_us": 1727.487,
    "p99_us": 2273.279,
    "p999_us": 5861.375,
    "nil_replies": 0,
    "err_replies": 0,
    "hit_ratio": 1,
    "value_ops_per_sec": 4687960.96445804,
    "bytes_per_sec": 472494295.6795582,
    "resp_ver": 2,
    "used_memory": 127502808,
    "bytes_per_key": 127.502808,
    "distinct_keys_est": 1000000,
    "key_draws": 37511712,
    "server_hits": 51547840,
    "maxmemory_policy": "noeviction"
  },
  "valkey": {
    "target": "valkey",
    "version": "valkey 9.1.0",
    "workload": "get",
    "skipped": false,
    "ops": 31410208,
    "errors": 0,
    "ops_per_sec": 3925250.3988000504,
    "min_us": 61.491,
    "p50_us": 2045.951,
    "p99_us": 2867.199,
    "p999_us": 5664.767,
    "nil_replies": 0,
    "err_replies": 0,
    "hit_ratio": 1,
    "value_ops_per_sec": 3925250.3988000504,
    "bytes_per_sec": 395621293.50656873,
    "resp_ver": 2,
    "used_memory": 115087176,
    "bytes_per_key": 115.087176,
    "distinct_keys_est": 1000000,
    "key_draws": 31410208,
    "server_hits": 43295808,
    "maxmemory_policy": "noeviction"
  },
  "gate": {
    "pass": false,
    "reason": "aki is 1.53x Redis, below the 2.0x bar",
    "required_speedup": 2,
    "speedup_vs_redis": 1.5305817021851864,
    "speedup_vs_valkey": 1.8279871457248658,
    "tail_regressed_vs_redis": true,
    "tail_regressed_vs_valkey": false
  },
  "generator_bound": false
}
