{
  "workload": "get",
  "cell": {
    "keyspace": 1000000,
    "value_size": 64,
    "dist": "uniform",
    "pipeline": 1,
    "connections": 512
  },
  "timestamp": "2026-07-11T02:04:59.044623443Z",
  "aki": {
    "target": "aki",
    "version": "unknown",
    "workload": "get",
    "skipped": false,
    "ops": 8192149,
    "errors": 0,
    "ops_per_sec": 1023948.542889879,
    "min_us": 26.221,
    "p50_us": 475.391,
    "p99_us": 995.327,
    "p999_us": 1463.295,
    "nil_replies": 0,
    "err_replies": 0,
    "hit_ratio": 1,
    "value_ops_per_sec": 1023948.542889879,
    "bytes_per_sec": 103202637.87685579,
    "resp_ver": 2,
    "used_memory": 113449984,
    "bytes_per_key": 113.449984,
    "distinct_keys_est": 999733,
    "key_draws": 8192149
  },
  "redis": {
    "target": "redis",
    "version": "redis 8.8.0",
    "workload": "get",
    "skipped": false,
    "ops": 8762738,
    "errors": 0,
    "ops_per_sec": 1095282.619528345,
    "min_us": 33.306,
    "p50_us": 450.559,
    "p99_us": 901.631,
    "p999_us": 1326.079,
    "nil_replies": 0,
    "err_replies": 0,
    "hit_ratio": 1,
    "value_ops_per_sec": 1095282.619528345,
    "bytes_per_sec": 110392263.53899615,
    "resp_ver": 2,
    "used_memory": 127505304,
    "bytes_per_key": 127.505304,
    "distinct_keys_est": 999848,
    "key_draws": 8762738,
    "server_hits": 12049873,
    "maxmemory_policy": "noeviction"
  },
  "valkey": {
    "target": "valkey",
    "version": "valkey 9.1.0",
    "workload": "get",
    "skipped": false,
    "ops": 8235377,
    "errors": 0,
    "ops_per_sec": 1029367.3012835464,
    "min_us": 8.055,
    "p50_us": 484.863,
    "p99_us": 912.383,
    "p999_us": 1367.039,
    "nil_replies": 0,
    "err_replies": 0,
    "hit_ratio": 1,
    "value_ops_per_sec": 1029367.3012835464,
    "bytes_per_sec": 103748792.50321707,
    "resp_ver": 2,
    "used_memory": 115095368,
    "bytes_per_key": 115.095368,
    "distinct_keys_est": 999748,
    "key_draws": 8235377,
    "server_hits": 11227721,
    "maxmemory_policy": "noeviction"
  },
  "gate": {
    "pass": false,
    "reason": "aki is 0.93x Redis, below the 2.0x bar",
    "required_speedup": 2,
    "speedup_vs_redis": 0.9348715341897927,
    "speedup_vs_valkey": 0.9947358358994787,
    "tail_regressed_vs_redis": true,
    "tail_regressed_vs_valkey": true
  },
  "generator_bound": false
}
