{
  "workload": "get",
  "cell": {
    "keyspace": 1000000,
    "value_size": 64,
    "dist": "uniform",
    "pipeline": 1,
    "connections": 512
  },
  "timestamp": "2026-07-11T02:00:04.806428937Z",
  "aki": {
    "target": "aki",
    "version": "unknown",
    "workload": "get",
    "skipped": false,
    "ops": 8105504,
    "errors": 0,
    "ops_per_sec": 1013087.156417999,
    "min_us": 30.1,
    "p50_us": 478.975,
    "p99_us": 1006.079,
    "p999_us": 1461.247,
    "nil_replies": 0,
    "err_replies": 0,
    "hit_ratio": 1,
    "value_ops_per_sec": 1013087.156417999,
    "bytes_per_sec": 102107962.3340848,
    "resp_ver": 2,
    "used_memory": 113449984,
    "bytes_per_key": 113.449984,
    "distinct_keys_est": 999715,
    "key_draws": 8105504
  },
  "redis": {
    "target": "redis",
    "version": "redis 8.8.0",
    "workload": "get",
    "skipped": false,
    "ops": 8756406,
    "errors": 0,
    "ops_per_sec": 1094491.9942494612,
    "min_us": 25.79,
    "p50_us": 451.327,
    "p99_us": 898.047,
    "p999_us": 1311.743,
    "nil_replies": 0,
    "err_replies": 0,
    "hit_ratio": 1,
    "value_ops_per_sec": 1094491.9942494612,
    "bytes_per_sec": 110312634.32306255,
    "resp_ver": 2,
    "used_memory": 127504088,
    "bytes_per_key": 127.504088,
    "distinct_keys_est": 999847,
    "key_draws": 8756406,
    "server_hits": 11997020,
    "maxmemory_policy": "noeviction"
  },
  "valkey": {
    "target": "valkey",
    "version": "valkey 9.1.0",
    "workload": "get",
    "skipped": false,
    "ops": 8237426,
    "errors": 0,
    "ops_per_sec": 1029639.3400580442,
    "min_us": 8.995,
    "p50_us": 484.863,
    "p99_us": 930.815,
    "p999_us": 1374.207,
    "nil_replies": 0,
    "err_replies": 0,
    "hit_ratio": 1,
    "value_ops_per_sec": 1029639.3400580442,
    "bytes_per_sec": 103776197.81045678,
    "resp_ver": 2,
    "used_memory": 115095368,
    "bytes_per_key": 115.095368,
    "distinct_keys_est": 999748,
    "key_draws": 8237426,
    "server_hits": 11252661,
    "maxmemory_policy": "noeviction"
  },
  "gate": {
    "pass": false,
    "reason": "aki is 0.93x Redis, below the 2.0x bar",
    "required_speedup": 2,
    "speedup_vs_redis": 0.9256231765429358,
    "speedup_vs_valkey": 0.9839242898012113,
    "tail_regressed_vs_redis": true,
    "tail_regressed_vs_valkey": true
  },
  "generator_bound": false
}
