{
  "workload": "get",
  "cell": {
    "keyspace": 1000000,
    "value_size": 64,
    "dist": "uniform",
    "pipeline": 16,
    "connections": 512
  },
  "timestamp": "2026-07-11T01:26:21.18082144Z",
  "aki": {
    "target": "aki",
    "version": "unknown",
    "workload": "get",
    "skipped": false,
    "ops": 55916160,
    "errors": 0,
    "ops_per_sec": 6988425.107714418,
    "min_us": 31.805,
    "p50_us": 1062.911,
    "p99_us": 2699.263,
    "p999_us": 4808.703,
    "nil_replies": 0,
    "err_replies": 0,
    "hit_ratio": 1,
    "value_ops_per_sec": 6988425.107714418,
    "bytes_per_sec": 704355449.5469198,
    "resp_ver": 2,
    "used_memory": 113449984,
    "bytes_per_key": 113.449984,
    "distinct_keys_est": 1000000,
    "key_draws": 55916160
  },
  "redis": {
    "target": "redis",
    "version": "redis 8.8.0",
    "workload": "get",
    "skipped": false,
    "ops": 37125568,
    "errors": 0,
    "ops_per_sec": 4639831.309437594,
    "min_us": 57.726,
    "p50_us": 1752.063,
    "p99_us": 2220.031,
    "p999_us": 3500.031,
    "nil_replies": 0,
    "err_replies": 0,
    "hit_ratio": 1,
    "value_ops_per_sec": 4639831.309437594,
    "bytes_per_sec": 467643360.81417024,
    "resp_ver": 2,
    "used_memory": 127503112,
    "bytes_per_key": 127.503112,
    "distinct_keys_est": 1000000,
    "key_draws": 37125568,
    "server_hits": 51037376,
    "maxmemory_policy": "noeviction"
  },
  "valkey": {
    "target": "valkey",
    "version": "valkey 9.1.0",
    "workload": "get",
    "skipped": false,
    "ops": 31402576,
    "errors": 0,
    "ops_per_sec": 3924279.3866607836,
    "min_us": 46.759,
    "p50_us": 2056.191,
    "p99_us": 2689.023,
    "p999_us": 3420.159,
    "nil_replies": 0,
    "err_replies": 0,
    "hit_ratio": 1,
    "value_ops_per_sec": 3924279.3866607836,
    "bytes_per_sec": 395523421.49968654,
    "resp_ver": 2,
    "used_memory": 115087176,
    "bytes_per_key": 115.087176,
    "distinct_keys_est": 1000000,
    "key_draws": 31402576,
    "server_hits": 43160096,
    "maxmemory_policy": "noeviction"
  },
  "gate": {
    "pass": false,
    "reason": "aki is 1.51x Redis, below the 2.0x bar",
    "required_speedup": 2,
    "speedup_vs_redis": 1.5061808590971173,
    "speedup_vs_valkey": 1.7808174238228622,
    "tail_regressed_vs_redis": true,
    "tail_regressed_vs_valkey": true
  },
  "generator_bound": false
}
