{
  "workload": "get",
  "cell": {
    "keyspace": 1000000,
    "value_size": 64,
    "dist": "uniform",
    "pipeline": 16,
    "connections": 512
  },
  "timestamp": "2026-07-11T01:28:48.055499298Z",
  "aki": {
    "target": "aki",
    "version": "unknown",
    "workload": "get",
    "skipped": false,
    "ops": 56257328,
    "errors": 0,
    "ops_per_sec": 7031468.4660231,
    "min_us": 30.776,
    "p50_us": 1062.911,
    "p99_us": 2512.895,
    "p999_us": 3833.855,
    "nil_replies": 0,
    "err_replies": 0,
    "hit_ratio": 1,
    "value_ops_per_sec": 7031468.4660231,
    "bytes_per_sec": 708693752.7145165,
    "resp_ver": 2,
    "used_memory": 113449984,
    "bytes_per_key": 113.449984,
    "distinct_keys_est": 1000000,
    "key_draws": 56257328
  },
  "redis": {
    "target": "redis",
    "version": "redis 8.8.0",
    "workload": "get",
    "skipped": false,
    "ops": 37271824,
    "errors": 0,
    "ops_per_sec": 4657970.163147247,
    "min_us": 45.961,
    "p50_us": 1744.895,
    "p99_us": 2234.367,
    "p999_us": 3592.191,
    "nil_replies": 0,
    "err_replies": 0,
    "hit_ratio": 1,
    "value_ops_per_sec": 4657970.163147247,
    "bytes_per_sec": 469471558.2605144,
    "resp_ver": 2,
    "used_memory": 127503720,
    "bytes_per_key": 127.50372,
    "distinct_keys_est": 1000000,
    "key_draws": 37271824,
    "server_hits": 51152112,
    "maxmemory_policy": "noeviction"
  },
  "valkey": {
    "target": "valkey",
    "version": "valkey 9.1.0",
    "workload": "get",
    "skipped": false,
    "ops": 31451744,
    "errors": 0,
    "ops_per_sec": 3930480.654907216,
    "min_us": 47.325,
    "p50_us": 2054.143,
    "p99_us": 2674.687,
    "p999_us": 3481.599,
    "nil_replies": 0,
    "err_replies": 0,
    "hit_ratio": 1,
    "value_ops_per_sec": 3930480.654907216,
    "bytes_per_sec": 396148468.1629819,
    "resp_ver": 2,
    "used_memory": 115087176,
    "bytes_per_key": 115.087176,
    "distinct_keys_est": 1000000,
    "key_draws": 31451744,
    "server_hits": 43335840,
    "maxmemory_policy": "noeviction"
  },
  "gate": {
    "pass": false,
    "reason": "aki is 1.51x Redis, below the 2.0x bar",
    "required_speedup": 2,
    "speedup_vs_redis": 1.509556356039892,
    "speedup_vs_valkey": 1.7889589298052624,
    "tail_regressed_vs_redis": true,
    "tail_regressed_vs_valkey": false
  },
  "generator_bound": false
}
