{
  "workload": "get",
  "cell": {
    "keyspace": 1000000,
    "value_size": 64,
    "dist": "uniform",
    "pipeline": 1,
    "connections": 512
  },
  "timestamp": "2026-07-11T02:04:22.247028661Z",
  "aki": {
    "target": "aki",
    "version": "unknown",
    "workload": "get",
    "skipped": false,
    "ops": 7295031,
    "errors": 0,
    "ops_per_sec": 911812.0607175094,
    "min_us": 8.574,
    "p50_us": 470.015,
    "p99_us": 2121.727,
    "p999_us": 4575.231,
    "nil_replies": 0,
    "err_replies": 0,
    "hit_ratio": 1,
    "value_ops_per_sec": 911812.0607175094,
    "bytes_per_sec": 91900691.60045953,
    "resp_ver": 2,
    "used_memory": 113449984,
    "bytes_per_key": 113.449984,
    "distinct_keys_est": 999308,
    "key_draws": 7295031
  },
  "redis": {
    "target": "redis",
    "version": "redis 8.8.0",
    "workload": "get",
    "skipped": false,
    "ops": 8752193,
    "errors": 0,
    "ops_per_sec": 1093972.5567746325,
    "min_us": 27.654,
    "p50_us": 451.583,
    "p99_us": 905.727,
    "p999_us": 1303.551,
    "nil_replies": 0,
    "err_replies": 0,
    "hit_ratio": 1,
    "value_ops_per_sec": 1093972.5567746325,
    "bytes_per_sec": 110260239.74768865,
    "resp_ver": 2,
    "used_memory": 127505152,
    "bytes_per_key": 127.505152,
    "distinct_keys_est": 999855,
    "key_draws": 8752193,
    "server_hits": 11973923,
    "maxmemory_policy": "noeviction"
  },
  "valkey": {
    "target": "valkey",
    "version": "valkey 9.1.0",
    "workload": "get",
    "skipped": false,
    "ops": 8261813,
    "errors": 0,
    "ops_per_sec": 1032680.0768164524,
    "min_us": 7.812,
    "p50_us": 484.095,
    "p99_us": 929.279,
    "p999_us": 1361.919,
    "nil_replies": 0,
    "err_replies": 0,
    "hit_ratio": 1,
    "value_ops_per_sec": 1032680.0768164524,
    "bytes_per_sec": 104082663.46093416,
    "resp_ver": 2,
    "used_memory": 115095368,
    "bytes_per_key": 115.095368,
    "distinct_keys_est": 999755,
    "key_draws": 8261813,
    "server_hits": 11304498,
    "maxmemory_policy": "noeviction"
  },
  "gate": {
    "pass": false,
    "reason": "aki is 0.83x Redis, below the 2.0x bar",
    "required_speedup": 2,
    "speedup_vs_redis": 0.8334871428638134,
    "speedup_vs_valkey": 0.8829569594568386,
    "tail_regressed_vs_redis": true,
    "tail_regressed_vs_valkey": true
  },
  "generator_bound": false
}
