{
  "workload": "get",
  "cell": {
    "keyspace": 1000000,
    "value_size": 1024,
    "dist": "uniform",
    "pipeline": 16,
    "connections": 512
  },
  "timestamp": "2026-07-11T01:41:25.650225319Z",
  "aki": {
    "target": "aki",
    "version": "unknown",
    "workload": "get",
    "skipped": false,
    "ops": 30733680,
    "errors": 0,
    "ops_per_sec": 3840933.959938415,
    "min_us": 56.66,
    "p50_us": 1923.071,
    "p99_us": 4222.975,
    "p999_us": 6524.927,
    "nil_replies": 0,
    "err_replies": 0,
    "hit_ratio": 1,
    "value_ops_per_sec": 3840933.959938415,
    "bytes_per_sec": 4082101540.824972,
    "resp_ver": 2,
    "used_memory": 1073449984,
    "bytes_per_key": 1073.449984,
    "distinct_keys_est": 1000000,
    "key_draws": 30733680
  },
  "redis": {
    "target": "redis",
    "version": "redis 8.8.0",
    "workload": "get",
    "skipped": false,
    "ops": 16554112,
    "errors": 0,
    "ops_per_sec": 2068222.9222470187,
    "min_us": 254.232,
    "p50_us": 3938.303,
    "p99_us": 4960.255,
    "p999_us": 7929.855,
    "nil_replies": 0,
    "err_replies": 0,
    "hit_ratio": 1,
    "value_ops_per_sec": 2068222.9222470187,
    "bytes_per_sec": 2198084005.1759615,
    "resp_ver": 2,
    "used_memory": 1327508136,
    "bytes_per_key": 1327.508136,
    "distinct_keys_est": 1000000,
    "key_draws": 16554112,
    "server_hits": 22793664,
    "maxmemory_policy": "noeviction"
  },
  "valkey": {
    "target": "valkey",
    "version": "valkey 9.1.0",
    "workload": "get",
    "skipped": false,
    "ops": 15495536,
    "errors": 0,
    "ops_per_sec": 1935930.6611109476,
    "min_us": 80.952,
    "p50_us": 4167.679,
    "p99_us": 5193.727,
    "p999_us": 8237.055,
    "nil_replies": 0,
    "err_replies": 0,
    "hit_ratio": 1,
    "value_ops_per_sec": 1935930.6611109476,
    "bytes_per_sec": 2057485292.174684,
    "resp_ver": 2,
    "used_memory": 1331085880,
    "bytes_per_key": 1331.08588,
    "distinct_keys_est": 1000000,
    "key_draws": 15495536,
    "server_hits": 21143568,
    "maxmemory_policy": "noeviction"
  },
  "gate": {
    "pass": false,
    "reason": "aki is 1.86x Redis, below the 2.0x bar",
    "required_speedup": 2,
    "speedup_vs_redis": 1.8571179724502018,
    "speedup_vs_valkey": 1.9840245506180822,
    "tail_regressed_vs_redis": false,
    "tail_regressed_vs_valkey": false
  },
  "generator_bound": false
}
