{
  "workload": "get",
  "cell": {
    "keyspace": 1000000,
    "value_size": 1024,
    "dist": "uniform",
    "pipeline": 16,
    "connections": 512
  },
  "timestamp": "2026-07-11T01:42:46.569923211Z",
  "aki": {
    "target": "aki",
    "version": "unknown",
    "workload": "get",
    "skipped": false,
    "ops": 32634528,
    "errors": 0,
    "ops_per_sec": 4078501.8642424294,
    "min_us": 34.33,
    "p50_us": 1822.719,
    "p99_us": 4184.063,
    "p999_us": 6369.279,
    "nil_replies": 0,
    "err_replies": 0,
    "hit_ratio": 1,
    "value_ops_per_sec": 4078501.8642424294,
    "bytes_per_sec": 4334586137.253157,
    "resp_ver": 2,
    "used_memory": 1073449984,
    "bytes_per_key": 1073.449984,
    "distinct_keys_est": 1000000,
    "key_draws": 32634528
  },
  "redis": {
    "target": "redis",
    "version": "redis 8.8.0",
    "workload": "get",
    "skipped": false,
    "ops": 16659616,
    "errors": 0,
    "ops_per_sec": 2081364.2691464638,
    "min_us": 103.125,
    "p50_us": 3915.775,
    "p99_us": 4595.711,
    "p999_us": 7659.519,
    "nil_replies": 0,
    "err_replies": 0,
    "hit_ratio": 1,
    "value_ops_per_sec": 2081364.2691464638,
    "bytes_per_sec": 2212050478.5376763,
    "resp_ver": 2,
    "used_memory": 1327508440,
    "bytes_per_key": 1327.50844,
    "distinct_keys_est": 1000000,
    "key_draws": 16659616,
    "server_hits": 22888496,
    "maxmemory_policy": "noeviction"
  },
  "valkey": {
    "target": "valkey",
    "version": "valkey 9.1.0",
    "workload": "get",
    "skipped": false,
    "ops": 14682816,
    "errors": 0,
    "ops_per_sec": 1834311.2892741177,
    "min_us": 79.992,
    "p50_us": 4452.351,
    "p99_us": 5451.775,
    "p999_us": 7143.423,
    "nil_replies": 0,
    "err_replies": 0,
    "hit_ratio": 1,
    "value_ops_per_sec": 1834311.2892741177,
    "bytes_per_sec": 1949485472.308773,
    "resp_ver": 2,
    "used_memory": 1331085880,
    "bytes_per_key": 1331.08588,
    "distinct_keys_est": 1000000,
    "key_draws": 14682816,
    "server_hits": 20168352,
    "maxmemory_policy": "noeviction"
  },
  "gate": {
    "pass": false,
    "reason": "aki is 1.96x Redis, below the 2.0x bar",
    "required_speedup": 2,
    "speedup_vs_redis": 1.9595329489897324,
    "speedup_vs_valkey": 2.2234513237152855,
    "tail_regressed_vs_redis": false,
    "tail_regressed_vs_valkey": false
  },
  "generator_bound": false
}
