{
  "workload": "get",
  "cell": {
    "keyspace": 1000000,
    "value_size": 64,
    "dist": "uniform",
    "pipeline": 1,
    "connections": 512
  },
  "timestamp": "2026-07-11T02:00:41.552264514Z",
  "aki": {
    "target": "aki",
    "version": "unknown",
    "workload": "get",
    "skipped": false,
    "ops": 6366985,
    "errors": 0,
    "ops_per_sec": 795815.2573930356,
    "min_us": 9.232,
    "p50_us": 534.527,
    "p99_us": 2496.511,
    "p999_us": 5074.943,
    "nil_replies": 0,
    "err_replies": 0,
    "hit_ratio": 1,
    "value_ops_per_sec": 795815.2573930356,
    "bytes_per_sec": 80209563.19663836,
    "resp_ver": 2,
    "used_memory": 113449984,
    "bytes_per_key": 113.449984,
    "distinct_keys_est": 998268,
    "key_draws": 6366985
  },
  "redis": {
    "target": "redis",
    "version": "redis 8.8.0",
    "workload": "get",
    "skipped": false,
    "ops": 8778156,
    "errors": 0,
    "ops_per_sec": 1097153.010327705,
    "min_us": 25.559,
    "p50_us": 449.791,
    "p99_us": 906.751,
    "p999_us": 1385.471,
    "nil_replies": 0,
    "err_replies": 0,
    "hit_ratio": 1,
    "value_ops_per_sec": 1097153.010327705,
    "bytes_per_sec": 110580814.01236264,
    "resp_ver": 2,
    "used_memory": 127504240,
    "bytes_per_key": 127.50424,
    "distinct_keys_est": 999851,
    "key_draws": 8778156,
    "server_hits": 12025609,
    "maxmemory_policy": "noeviction"
  },
  "valkey": {
    "target": "valkey",
    "version": "valkey 9.1.0",
    "workload": "get",
    "skipped": false,
    "ops": 8259955,
    "errors": 0,
    "ops_per_sec": 1032446.6905462062,
    "min_us": 7.769,
    "p50_us": 483.583,
    "p99_us": 930.815,
    "p999_us": 1344.511,
    "nil_replies": 0,
    "err_replies": 0,
    "hit_ratio": 1,
    "value_ops_per_sec": 1032446.6905462062,
    "bytes_per_sec": 104059146.56226426,
    "resp_ver": 2,
    "used_memory": 115095368,
    "bytes_per_key": 115.095368,
    "distinct_keys_est": 999752,
    "key_draws": 8259955,
    "server_hits": 11288834,
    "maxmemory_policy": "noeviction"
  },
  "gate": {
    "pass": false,
    "reason": "aki is 0.73x Redis, below the 2.0x bar",
    "required_speedup": 2,
    "speedup_vs_redis": 0.7253457356466043,
    "speedup_vs_valkey": 0.7708051802384267,
    "tail_regressed_vs_redis": true,
    "tail_regressed_vs_valkey": true
  },
  "generator_bound": false
}
