{
  "workload": "get",
  "cell": {
    "keyspace": 1000000,
    "value_size": 64,
    "dist": "uniform",
    "pipeline": 16,
    "connections": 512
  },
  "timestamp": "2026-07-11T01:23:17.634039482Z",
  "aki": {
    "target": "aki",
    "version": "unknown",
    "workload": "get",
    "skipped": false,
    "ops": 36333488,
    "errors": 0,
    "ops_per_sec": 4541296.567924762,
    "min_us": 36.915,
    "p50_us": 1748.991,
    "p99_us": 3735.551,
    "p999_us": 4759.551,
    "nil_replies": 0,
    "err_replies": 0,
    "hit_ratio": 1,
    "value_ops_per_sec": 4541296.567924762,
    "bytes_per_sec": 457712006.0934854,
    "resp_ver": 2,
    "used_memory": 113449984,
    "bytes_per_key": 113.449984,
    "distinct_keys_est": 1000000,
    "key_draws": 36333488
  },
  "redis": {
    "target": "redis",
    "version": "redis 8.8.0",
    "workload": "get",
    "skipped": false,
    "ops": 34283200,
    "errors": 0,
    "ops_per_sec": 4284266.711310124,
    "min_us": 45.781,
    "p50_us": 1896.447,
    "p99_us": 2340.863,
    "p999_us": 4874.239,
    "nil_replies": 0,
    "err_replies": 0,
    "hit_ratio": 1,
    "value_ops_per_sec": 4284266.711310124,
    "bytes_per_sec": 431806377.74461246,
    "resp_ver": 2,
    "used_memory": 127502352,
    "bytes_per_key": 127.502352,
    "distinct_keys_est": 1000000,
    "key_draws": 34283200,
    "server_hits": 47007248,
    "maxmemory_policy": "noeviction"
  },
  "valkey": {
    "target": "valkey",
    "version": "valkey 9.1.0",
    "workload": "get",
    "skipped": false,
    "ops": 31207200,
    "errors": 0,
    "ops_per_sec": 3899847.687036773,
    "min_us": 26.975,
    "p50_us": 2073.599,
    "p99_us": 2643.967,
    "p999_us": 3430.399,
    "nil_replies": 0,
    "err_replies": 0,
    "hit_ratio": 1,
    "value_ops_per_sec": 3899847.687036773,
    "bytes_per_sec": 393060957.2672589,
    "resp_ver": 2,
    "used_memory": 115087176,
    "bytes_per_key": 115.087176,
    "distinct_keys_est": 1000000,
    "key_draws": 31207200,
    "server_hits": 42802400,
    "maxmemory_policy": "noeviction"
  },
  "gate": {
    "pass": false,
    "reason": "aki is 1.06x Redis, below the 2.0x bar",
    "required_speedup": 2,
    "speedup_vs_redis": 1.0599938971904106,
    "speedup_vs_valkey": 1.16448049574351,
    "tail_regressed_vs_redis": true,
    "tail_regressed_vs_valkey": true
  },
  "generator_bound": false
}
