{
  "workload": "get",
  "cell": {
    "keyspace": 1000000,
    "value_size": 64,
    "dist": "uniform",
    "pipeline": 1,
    "connections": 512
  },
  "timestamp": "2026-07-11T01:58:14.534604368Z",
  "aki": {
    "target": "aki",
    "version": "unknown",
    "workload": "get",
    "skipped": false,
    "ops": 7542104,
    "errors": 0,
    "ops_per_sec": 942724.2814888755,
    "min_us": 8.042,
    "p50_us": 479.743,
    "p99_us": 1639.423,
    "p999_us": 2543.615,
    "nil_replies": 0,
    "err_replies": 0,
    "hit_ratio": 1,
    "value_ops_per_sec": 942724.2814888755,
    "bytes_per_sec": 95016220.10070127,
    "resp_ver": 2,
    "used_memory": 113449984,
    "bytes_per_key": 113.449984,
    "distinct_keys_est": 999478,
    "key_draws": 7542104
  },
  "redis": {
    "target": "redis",
    "version": "redis 8.8.0",
    "workload": "get",
    "skipped": false,
    "ops": 8700426,
    "errors": 0,
    "ops_per_sec": 1087505.6993570484,
    "min_us": 34.263,
    "p50_us": 453.887,
    "p99_us": 902.143,
    "p999_us": 1323.007,
    "nil_replies": 0,
    "err_replies": 0,
    "hit_ratio": 1,
    "value_ops_per_sec": 1087505.6993570484,
    "bytes_per_sec": 109608456.05006343,
    "resp_ver": 2,
    "used_memory": 127503632,
    "bytes_per_key": 127.503632,
    "distinct_keys_est": 999838,
    "key_draws": 8700426,
    "server_hits": 11893387,
    "maxmemory_policy": "noeviction"
  },
  "valkey": {
    "target": "valkey",
    "version": "valkey 9.1.0",
    "workload": "get",
    "skipped": false,
    "ops": 8268770,
    "errors": 0,
    "ops_per_sec": 1033526.2013406055,
    "min_us": 7.59,
    "p50_us": 483.327,
    "p99_us": 920.575,
    "p999_us": 1313.791,
    "nil_replies": 0,
    "err_replies": 0,
    "hit_ratio": 1,
    "value_ops_per_sec": 1033526.2013406055,
    "bytes_per_sec": 104167939.99963559,
    "resp_ver": 2,
    "used_memory": 115095368,
    "bytes_per_key": 115.095368,
    "distinct_keys_est": 999756,
    "key_draws": 8268770,
    "server_hits": 11252767,
    "maxmemory_policy": "noeviction"
  },
  "gate": {
    "pass": false,
    "reason": "aki is 0.87x Redis, below the 2.0x bar",
    "required_speedup": 2,
    "speedup_vs_redis": 0.8668683594451321,
    "speedup_vs_valkey": 0.9121435724281115,
    "tail_regressed_vs_redis": true,
    "tail_regressed_vs_valkey": true
  },
  "generator_bound": false
}
