{
  "workload": "get",
  "cell": {
    "keyspace": 1000000,
    "value_size": 1024,
    "dist": "uniform",
    "pipeline": 16,
    "connections": 512
  },
  "timestamp": "2026-07-11T01:42:06.427349983Z",
  "aki": {
    "target": "aki",
    "version": "unknown",
    "workload": "get",
    "skipped": false,
    "ops": 21802112,
    "errors": 0,
    "ops_per_sec": 2724686.9797554486,
    "min_us": 38.698,
    "p50_us": 2938.879,
    "p99_us": 6135.807,
    "p999_us": 8937.471,
    "nil_replies": 0,
    "err_replies": 0,
    "hit_ratio": 1,
    "value_ops_per_sec": 2724686.9797554486,
    "bytes_per_sec": 2895766580.0194874,
    "resp_ver": 2,
    "used_memory": 1073449984,
    "bytes_per_key": 1073.449984,
    "distinct_keys_est": 1000000,
    "key_draws": 21802112
  },
  "redis": {
    "target": "redis",
    "version": "redis 8.8.0",
    "workload": "get",
    "skipped": false,
    "ops": 16453040,
    "errors": 0,
    "ops_per_sec": 2055563.9311006689,
    "min_us": 86.588,
    "p50_us": 3948.543,
    "p99_us": 5926.911,
    "p999_us": 9338.879,
    "nil_replies": 0,
    "err_replies": 0,
    "hit_ratio": 1,
    "value_ops_per_sec": 2055563.9311006689,
    "bytes_per_sec": 2184630154.6264267,
    "resp_ver": 2,
    "used_memory": 1327508288,
    "bytes_per_key": 1327.508288,
    "distinct_keys_est": 1000000,
    "key_draws": 16453040,
    "server_hits": 22694064,
    "maxmemory_policy": "noeviction"
  },
  "valkey": {
    "target": "valkey",
    "version": "valkey 9.1.0",
    "workload": "get",
    "skipped": false,
    "ops": 15428320,
    "errors": 0,
    "ops_per_sec": 1927507.4785763987,
    "min_us": 73.96,
    "p50_us": 4188.159,
    "p99_us": 5382.143,
    "p999_us": 9109.503,
    "nil_replies": 0,
    "err_replies": 0,
    "hit_ratio": 1,
    "value_ops_per_sec": 1927507.4785763987,
    "bytes_per_sec": 2048533250.229117,
    "resp_ver": 2,
    "used_memory": 1331085880,
    "bytes_per_key": 1331.08588,
    "distinct_keys_est": 1000000,
    "key_draws": 15428320,
    "server_hits": 21356256,
    "maxmemory_policy": "noeviction"
  },
  "gate": {
    "pass": false,
    "reason": "aki is 1.33x Redis, below the 2.0x bar",
    "required_speedup": 2,
    "speedup_vs_redis": 1.3255179946149824,
    "speedup_vs_valkey": 1.4135804971132064,
    "tail_regressed_vs_redis": true,
    "tail_regressed_vs_valkey": true
  },
  "generator_bound": false
}
