{
  "workload": "get",
  "cell": {
    "keyspace": 1000000,
    "value_size": 64,
    "dist": "uniform",
    "pipeline": 1,
    "connections": 512
  },
  "timestamp": "2026-07-11T02:03:08.68005569Z",
  "aki": {
    "target": "aki",
    "version": "unknown",
    "workload": "get",
    "skipped": false,
    "ops": 6403273,
    "errors": 0,
    "ops_per_sec": 800333.0166314921,
    "min_us": 9.199,
    "p50_us": 530.943,
    "p99_us": 2476.031,
    "p999_us": 5095.423,
    "nil_replies": 0,
    "err_replies": 0,
    "hit_ratio": 1,
    "value_ops_per_sec": 800333.0166314921,
    "bytes_per_sec": 80664912.72454266,
    "resp_ver": 2,
    "used_memory": 113449984,
    "bytes_per_key": 113.449984,
    "distinct_keys_est": 998331,
    "key_draws": 6403273
  },
  "redis": {
    "target": "redis",
    "version": "redis 8.8.0",
    "workload": "get",
    "skipped": false,
    "ops": 8758465,
    "errors": 0,
    "ops_per_sec": 1094768.780241653,
    "min_us": 22.003,
    "p50_us": 451.327,
    "p99_us": 916.991,
    "p999_us": 1364.991,
    "nil_replies": 0,
    "err_replies": 0,
    "hit_ratio": 1,
    "value_ops_per_sec": 1094768.780241653,
    "bytes_per_sec": 110340490.11191843,
    "resp_ver": 2,
    "used_memory": 127504848,
    "bytes_per_key": 127.504848,
    "distinct_keys_est": 999854,
    "key_draws": 8758465,
    "server_hits": 12019256,
    "maxmemory_policy": "noeviction"
  },
  "valkey": {
    "target": "valkey",
    "version": "valkey 9.1.0",
    "workload": "get",
    "skipped": false,
    "ops": 8230114,
    "errors": 0,
    "ops_per_sec": 1028695.4988079673,
    "min_us": 9.266,
    "p50_us": 485.631,
    "p99_us": 938.495,
    "p999_us": 1342.463,
    "nil_replies": 0,
    "err_replies": 0,
    "hit_ratio": 1,
    "value_ops_per_sec": 1028695.4988079673,
    "bytes_per_sec": 103681083.76824811,
    "resp_ver": 2,
    "used_memory": 115095368,
    "bytes_per_key": 115.095368,
    "distinct_keys_est": 999747,
    "key_draws": 8230114,
    "server_hits": 11261976,
    "maxmemory_policy": "noeviction"
  },
  "gate": {
    "pass": false,
    "reason": "aki is 0.73x Redis, below the 2.0x bar",
    "required_speedup": 2,
    "speedup_vs_redis": 0.731052100750289,
    "speedup_vs_valkey": 0.7780076976704017,
    "tail_regressed_vs_redis": true,
    "tail_regressed_vs_valkey": true
  },
  "generator_bound": false
}
