{
  "workload": "get",
  "cell": {
    "keyspace": 1000000,
    "value_size": 1024,
    "dist": "uniform",
    "pipeline": 16,
    "connections": 512
  },
  "timestamp": "2026-07-11T01:43:27.313301106Z",
  "aki": {
    "target": "aki",
    "version": "unknown",
    "workload": "get",
    "skipped": false,
    "ops": 22116544,
    "errors": 0,
    "ops_per_sec": 2764009.2614013273,
    "min_us": 37.285,
    "p50_us": 2895.871,
    "p99_us": 6066.175,
    "p999_us": 8568.831,
    "nil_replies": 0,
    "err_replies": 0,
    "hit_ratio": 1,
    "value_ops_per_sec": 2764009.2614013273,
    "bytes_per_sec": 2937557813.430325,
    "resp_ver": 2,
    "used_memory": 1073449984,
    "bytes_per_key": 1073.449984,
    "distinct_keys_est": 1000000,
    "key_draws": 22116544
  },
  "redis": {
    "target": "redis",
    "version": "redis 8.8.0",
    "workload": "get",
    "skipped": false,
    "ops": 16973712,
    "errors": 0,
    "ops_per_sec": 2120668.2573943315,
    "min_us": 107.402,
    "p50_us": 3846.143,
    "p99_us": 4816.895,
    "p999_us": 7692.287,
    "nil_replies": 0,
    "err_replies": 0,
    "hit_ratio": 1,
    "value_ops_per_sec": 2120668.2573943315,
    "bytes_per_sec": 2253822362.7751074,
    "resp_ver": 2,
    "used_memory": 1327508592,
    "bytes_per_key": 1327.508592,
    "distinct_keys_est": 1000000,
    "key_draws": 16973712,
    "server_hits": 23348560,
    "maxmemory_policy": "noeviction"
  },
  "valkey": {
    "target": "valkey",
    "version": "valkey 9.1.0",
    "workload": "get",
    "skipped": false,
    "ops": 14958560,
    "errors": 0,
    "ops_per_sec": 1868740.9109780684,
    "min_us": 70.233,
    "p50_us": 4382.719,
    "p99_us": 5349.375,
    "p999_us": 9535.487,
    "nil_replies": 0,
    "err_replies": 0,
    "hit_ratio": 1,
    "value_ops_per_sec": 1868740.9109780684,
    "bytes_per_sec": 1986076899.1547177,
    "resp_ver": 2,
    "used_memory": 1331085880,
    "bytes_per_key": 1331.08588,
    "distinct_keys_est": 1000000,
    "key_draws": 14958560,
    "server_hits": 20398848,
    "maxmemory_policy": "noeviction"
  },
  "gate": {
    "pass": false,
    "reason": "aki is 1.30x Redis, below the 2.0x bar",
    "required_speedup": 2,
    "speedup_vs_redis": 1.303367111646906,
    "speedup_vs_valkey": 1.4790756948509733,
    "tail_regressed_vs_redis": true,
    "tail_regressed_vs_valkey": true
  },
  "generator_bound": false
}
