{
  "workload": "get",
  "cell": {
    "keyspace": 1000000,
    "value_size": 64,
    "dist": "uniform",
    "pipeline": 16,
    "connections": 512
  },
  "timestamp": "2026-07-11T01:23:54.362026109Z",
  "aki": {
    "target": "aki",
    "version": "unknown",
    "workload": "get",
    "skipped": false,
    "ops": 56044688,
    "errors": 0,
    "ops_per_sec": 7004969.172185816,
    "min_us": 21.356,
    "p50_us": 1065.983,
    "p99_us": 2574.335,
    "p999_us": 4102.143,
    "nil_replies": 0,
    "err_replies": 0,
    "hit_ratio": 1,
    "value_ops_per_sec": 7004969.172185816,
    "bytes_per_sec": 706022838.3794494,
    "resp_ver": 2,
    "used_memory": 113449984,
    "bytes_per_key": 113.449984,
    "distinct_keys_est": 1000000,
    "key_draws": 56044688
  },
  "redis": {
    "target": "redis",
    "version": "redis 8.8.0",
    "workload": "get",
    "skipped": false,
    "ops": 37663200,
    "errors": 0,
    "ops_per_sec": 4706887.55907654,
    "min_us": 48.448,
    "p50_us": 1724.415,
    "p99_us": 2234.367,
    "p999_us": 4179.967,
    "nil_replies": 0,
    "err_replies": 0,
    "hit_ratio": 1,
    "value_ops_per_sec": 4706887.55907654,
    "bytes_per_sec": 474401888.47119415,
    "resp_ver": 2,
    "used_memory": 127502504,
    "bytes_per_key": 127.502504,
    "distinct_keys_est": 1000000,
    "key_draws": 37663200,
    "server_hits": 51847952,
    "maxmemory_policy": "noeviction"
  },
  "valkey": {
    "target": "valkey",
    "version": "valkey 9.1.0",
    "workload": "get",
    "skipped": false,
    "ops": 31574720,
    "errors": 0,
    "ops_per_sec": 3945973.91347638,
    "min_us": 27.922,
    "p50_us": 2050.047,
    "p99_us": 2580.479,
    "p999_us": 3231.743,
    "nil_replies": 0,
    "err_replies": 0,
    "hit_ratio": 1,
    "value_ops_per_sec": 3945973.91347638,
    "bytes_per_sec": 397710003.2975025,
    "resp_ver": 2,
    "used_memory": 115087176,
    "bytes_per_key": 115.087176,
    "distinct_keys_est": 1000000,
    "key_draws": 31574720,
    "server_hits": 43442640,
    "maxmemory_policy": "noeviction"
  },
  "gate": {
    "pass": false,
    "reason": "aki is 1.49x Redis, below the 2.0x bar",
    "required_speedup": 2,
    "speedup_vs_redis": 1.4882380520600633,
    "speedup_vs_valkey": 1.775219331344864,
    "tail_regressed_vs_redis": true,
    "tail_regressed_vs_valkey": false
  },
  "generator_bound": false
}
