{
  "workload": "get",
  "cell": {
    "keyspace": 1000000,
    "value_size": 1024,
    "dist": "uniform",
    "pipeline": 16,
    "connections": 512
  },
  "timestamp": "2026-07-11T01:44:07.438865243Z",
  "aki": {
    "target": "aki",
    "version": "unknown",
    "workload": "get",
    "skipped": false,
    "ops": 30694576,
    "errors": 0,
    "ops_per_sec": 3835947.6120446115,
    "min_us": 57.478,
    "p50_us": 1946.623,
    "p99_us": 4288.511,
    "p999_us": 6361.087,
    "nil_replies": 0,
    "err_replies": 0,
    "hit_ratio": 1,
    "value_ops_per_sec": 3835947.6120446115,
    "bytes_per_sec": 4076802087.915468,
    "resp_ver": 2,
    "used_memory": 1073449984,
    "bytes_per_key": 1073.449984,
    "distinct_keys_est": 1000000,
    "key_draws": 30694576
  },
  "redis": {
    "target": "redis",
    "version": "redis 8.8.0",
    "workload": "get",
    "skipped": false,
    "ops": 16620848,
    "errors": 0,
    "ops_per_sec": 2076536.9453097282,
    "min_us": 116.903,
    "p50_us": 3921.919,
    "p99_us": 4886.527,
    "p999_us": 8204.287,
    "nil_replies": 0,
    "err_replies": 0,
    "hit_ratio": 1,
    "value_ops_per_sec": 2076536.9453097282,
    "bytes_per_sec": 2206920040.484967,
    "resp_ver": 2,
    "used_memory": 1327508744,
    "bytes_per_key": 1327.508744,
    "distinct_keys_est": 1000000,
    "key_draws": 16620848,
    "server_hits": 22908240,
    "maxmemory_policy": "noeviction"
  },
  "valkey": {
    "target": "valkey",
    "version": "valkey 9.1.0",
    "workload": "get",
    "skipped": false,
    "ops": 14383712,
    "errors": 0,
    "ops_per_sec": 1796964.922319386,
    "min_us": 72.346,
    "p50_us": 4538.367,
    "p99_us": 5468.159,
    "p999_us": 7999.487,
    "nil_replies": 0,
    "err_replies": 0,
    "hit_ratio": 1,
    "value_ops_per_sec": 1796964.922319386,
    "bytes_per_sec": 1909794149.5800953,
    "resp_ver": 2,
    "used_memory": 1331085880,
    "bytes_per_key": 1331.08588,
    "distinct_keys_est": 1000000,
    "key_draws": 14383712,
    "server_hits": 19750848,
    "maxmemory_policy": "noeviction"
  },
  "gate": {
    "pass": false,
    "reason": "aki is 1.85x Redis, below the 2.0x bar",
    "required_speedup": 2,
    "speedup_vs_redis": 1.8472811768212756,
    "speedup_vs_valkey": 2.1346814088576984,
    "tail_regressed_vs_redis": false,
    "tail_regressed_vs_valkey": false
  },
  "generator_bound": false
}
