{
  "workload": "get",
  "cell": {
    "keyspace": 1000000,
    "value_size": 64,
    "dist": "uniform",
    "pipeline": 1,
    "connections": 512
  },
  "timestamp": "2026-07-11T02:03:45.454289257Z",
  "aki": {
    "target": "aki",
    "version": "unknown",
    "workload": "get",
    "skipped": false,
    "ops": 8194828,
    "errors": 0,
    "ops_per_sec": 1024288.228000887,
    "min_us": 34.102,
    "p50_us": 474.623,
    "p99_us": 1002.495,
    "p999_us": 1417.215,
    "nil_replies": 0,
    "err_replies": 0,
    "hit_ratio": 1,
    "value_ops_per_sec": 1024288.228000887,
    "bytes_per_sec": 103236911.68023087,
    "resp_ver": 2,
    "used_memory": 113449984,
    "bytes_per_key": 113.449984,
    "distinct_keys_est": 999736,
    "key_draws": 8194828
  },
  "redis": {
    "target": "redis",
    "version": "redis 8.8.0",
    "workload": "get",
    "skipped": false,
    "ops": 8673331,
    "errors": 0,
    "ops_per_sec": 1084087.9278228339,
    "min_us": 33.085,
    "p50_us": 455.935,
    "p99_us": 899.583,
    "p999_us": 1308.671,
    "nil_replies": 0,
    "err_replies": 0,
    "hit_ratio": 1,
    "value_ops_per_sec": 1084087.9278228339,
    "bytes_per_sec": 109263987.27337892,
    "resp_ver": 2,
    "used_memory": 127505000,
    "bytes_per_key": 127.505,
    "distinct_keys_est": 999837,
    "key_draws": 8673331,
    "server_hits": 11910893,
    "maxmemory_policy": "noeviction"
  },
  "valkey": {
    "target": "valkey",
    "version": "valkey 9.1.0",
    "workload": "get",
    "skipped": false,
    "ops": 8269904,
    "errors": 0,
    "ops_per_sec": 1033679.7748856401,
    "min_us": 8.826,
    "p50_us": 483.583,
    "p99_us": 924.159,
    "p999_us": 1340.415,
    "nil_replies": 0,
    "err_replies": 0,
    "hit_ratio": 1,
    "value_ops_per_sec": 1033679.7748856401,
    "bytes_per_sec": 104183428.93081518,
    "resp_ver": 2,
    "used_memory": 115095368,
    "bytes_per_key": 115.095368,
    "distinct_keys_est": 999758,
    "key_draws": 8269904,
    "server_hits": 11221166,
    "maxmemory_policy": "noeviction"
  },
  "gate": {
    "pass": false,
    "reason": "aki is 0.94x Redis, below the 2.0x bar",
    "required_speedup": 2,
    "speedup_vs_redis": 0.9448386996227859,
    "speedup_vs_valkey": 0.9909144523159581,
    "tail_regressed_vs_redis": true,
    "tail_regressed_vs_valkey": true
  },
  "generator_bound": false
}
