{
  "workload": "get",
  "cell": {
    "keyspace": 1000000,
    "value_size": 64,
    "dist": "uniform",
    "pipeline": 1,
    "connections": 512
  },
  "timestamp": "2026-07-11T01:58:51.288565051Z",
  "aki": {
    "target": "aki",
    "version": "unknown",
    "workload": "get",
    "skipped": false,
    "ops": 8195444,
    "errors": 0,
    "ops_per_sec": 1024371.4285971985,
    "min_us": 35.599,
    "p50_us": 471.551,
    "p99_us": 1020.927,
    "p999_us": 1475.583,
    "nil_replies": 0,
    "err_replies": 0,
    "hit_ratio": 1,
    "value_ops_per_sec": 1024371.4285971985,
    "bytes_per_sec": 103245262.75867775,
    "resp_ver": 2,
    "used_memory": 113449984,
    "bytes_per_key": 113.449984,
    "distinct_keys_est": 999735,
    "key_draws": 8195444
  },
  "redis": {
    "target": "redis",
    "version": "redis 8.8.0",
    "workload": "get",
    "skipped": false,
    "ops": 8793541,
    "errors": 0,
    "ops_per_sec": 1099129.432339373,
    "min_us": 43.256,
    "p50_us": 449.023,
    "p99_us": 911.359,
    "p999_us": 1391.615,
    "nil_replies": 0,
    "err_replies": 0,
    "hit_ratio": 1,
    "value_ops_per_sec": 1099129.432339373,
    "bytes_per_sec": 110780016.88294685,
    "resp_ver": 2,
    "used_memory": 127503784,
    "bytes_per_key": 127.503784,
    "distinct_keys_est": 999851,
    "key_draws": 8793541,
    "server_hits": 12024714,
    "maxmemory_policy": "noeviction"
  },
  "valkey": {
    "target": "valkey",
    "version": "valkey 9.1.0",
    "workload": "get",
    "skipped": false,
    "ops": 8272820,
    "errors": 0,
    "ops_per_sec": 1034036.152492075,
    "min_us": 10.631,
    "p50_us": 483.071,
    "p99_us": 921.087,
    "p999_us": 1339.391,
    "nil_replies": 0,
    "err_replies": 0,
    "hit_ratio": 1,
    "value_ops_per_sec": 1034036.152492075,
    "bytes_per_sec": 104219340.65930818,
    "resp_ver": 2,
    "used_memory": 115095368,
    "bytes_per_key": 115.095368,
    "distinct_keys_est": 999759,
    "key_draws": 8272820,
    "server_hits": 11276215,
    "maxmemory_policy": "noeviction"
  },
  "gate": {
    "pass": false,
    "reason": "aki is 0.93x Redis, below the 2.0x bar",
    "required_speedup": 2,
    "speedup_vs_redis": 0.9319843491197751,
    "speedup_vs_valkey": 0.9906533984604077,
    "tail_regressed_vs_redis": true,
    "tail_regressed_vs_valkey": true
  },
  "generator_bound": false
}
