{
  "workload": "get",
  "cell": {
    "keyspace": 1000000,
    "value_size": 64,
    "dist": "uniform",
    "pipeline": 16,
    "connections": 512
  },
  "timestamp": "2026-07-11T01:24:31.053682226Z",
  "aki": {
    "target": "aki",
    "version": "unknown",
    "workload": "get",
    "skipped": false,
    "ops": 30278080,
    "errors": 0,
    "ops_per_sec": 3784269.748327138,
    "min_us": 39.293,
    "p50_us": 2101.247,
    "p99_us": 4829.183,
    "p999_us": 7593.983,
    "nil_replies": 0,
    "err_replies": 0,
    "hit_ratio": 1,
    "value_ops_per_sec": 3784269.748327138,
    "bytes_per_sec": 381411888.51251966,
    "resp_ver": 2,
    "used_memory": 113449984,
    "bytes_per_key": 113.449984,
    "distinct_keys_est": 1000000,
    "key_draws": 30278080
  },
  "redis": {
    "target": "redis",
    "version": "redis 8.8.0",
    "workload": "get",
    "skipped": false,
    "ops": 37834448,
    "errors": 0,
    "ops_per_sec": 4728367.097602163,
    "min_us": 59.517,
    "p50_us": 1722.367,
    "p99_us": 2240.511,
    "p999_us": 3323.903,
    "nil_replies": 0,
    "err_replies": 0,
    "hit_ratio": 1,
    "value_ops_per_sec": 4728367.097602163,
    "bytes_per_sec": 476566767.9650187,
    "resp_ver": 2,
    "used_memory": 127502656,
    "bytes_per_key": 127.502656,
    "distinct_keys_est": 1000000,
    "key_draws": 37834448,
    "server_hits": 52037792,
    "maxmemory_policy": "noeviction"
  },
  "valkey": {
    "target": "valkey",
    "version": "valkey 9.1.0",
    "workload": "get",
    "skipped": false,
    "ops": 31475072,
    "errors": 0,
    "ops_per_sec": 3933395.105136618,
    "min_us": 33.27,
    "p50_us": 2053.119,
    "p99_us": 2689.023,
    "p999_us": 3817.471,
    "nil_replies": 0,
    "err_replies": 0,
    "hit_ratio": 1,
    "value_ops_per_sec": 3933395.105136618,
    "bytes_per_sec": 396442197.59210336,
    "resp_ver": 2,
    "used_memory": 115087176,
    "bytes_per_key": 115.087176,
    "distinct_keys_est": 1000000,
    "key_draws": 31475072,
    "server_hits": 43390336,
    "maxmemory_policy": "noeviction"
  },
  "gate": {
    "pass": false,
    "reason": "aki is 0.80x Redis, below the 2.0x bar",
    "required_speedup": 2,
    "speedup_vs_redis": 0.8003333223104032,
    "speedup_vs_valkey": 0.9620873690988384,
    "tail_regressed_vs_redis": true,
    "tail_regressed_vs_valkey": true
  },
  "generator_bound": false
}
