{
  "workload": "get",
  "cell": {
    "keyspace": 1000000,
    "value_size": 64,
    "dist": "uniform",
    "pipeline": 1,
    "connections": 512
  },
  "timestamp": "2026-07-11T01:59:28.053647113Z",
  "aki": {
    "target": "aki",
    "version": "unknown",
    "workload": "get",
    "skipped": false,
    "ops": 7313121,
    "errors": 0,
    "ops_per_sec": 914104.451730982,
    "min_us": 8.564,
    "p50_us": 470.015,
    "p99_us": 2134.015,
    "p999_us": 4575.231,
    "nil_replies": 0,
    "err_replies": 0,
    "hit_ratio": 1,
    "value_ops_per_sec": 914104.451730982,
    "bytes_per_sec": 92131725.52486199,
    "resp_ver": 2,
    "used_memory": 113449984,
    "bytes_per_key": 113.449984,
    "distinct_keys_est": 999320,
    "key_draws": 7313121
  },
  "redis": {
    "target": "redis",
    "version": "redis 8.8.0",
    "workload": "get",
    "skipped": false,
    "ops": 8676614,
    "errors": 0,
    "ops_per_sec": 1084513.8803236648,
    "min_us": 26.81,
    "p50_us": 455.935,
    "p99_us": 893.439,
    "p999_us": 1272.831,
    "nil_replies": 0,
    "err_replies": 0,
    "hit_ratio": 1,
    "value_ops_per_sec": 1084513.8803236648,
    "bytes_per_sec": 109306919.18690462,
    "resp_ver": 2,
    "used_memory": 127503936,
    "bytes_per_key": 127.503936,
    "distinct_keys_est": 999837,
    "key_draws": 8676614,
    "server_hits": 11893625,
    "maxmemory_policy": "noeviction"
  },
  "valkey": {
    "target": "valkey",
    "version": "valkey 9.1.0",
    "workload": "get",
    "skipped": false,
    "ops": 8288142,
    "errors": 0,
    "ops_per_sec": 1035961.2828583552,
    "min_us": 8.477,
    "p50_us": 482.047,
    "p99_us": 928.255,
    "p999_us": 1359.871,
    "nil_replies": 0,
    "err_replies": 0,
    "hit_ratio": 1,
    "value_ops_per_sec": 1035961.2828583552,
    "bytes_per_sec": 104413377.86501272,
    "resp_ver": 2,
    "used_memory": 115095368,
    "bytes_per_key": 115.095368,
    "distinct_keys_est": 999759,
    "key_draws": 8288142,
    "server_hits": 11300516,
    "maxmemory_policy": "noeviction"
  },
  "gate": {
    "pass": false,
    "reason": "aki is 0.84x Redis, below the 2.0x bar",
    "required_speedup": 2,
    "speedup_vs_redis": 0.842870218920734,
    "speedup_vs_valkey": 0.8823731802107952,
    "tail_regressed_vs_redis": true,
    "tail_regressed_vs_valkey": true
  },
  "generator_bound": false
}
