{
  "workload": "get",
  "cell": {
    "keyspace": 1000000,
    "value_size": 64,
    "dist": "uniform",
    "pipeline": 1,
    "connections": 512
  },
  "timestamp": "2026-07-11T02:01:18.314719426Z",
  "aki": {
    "target": "aki",
    "version": "unknown",
    "workload": "get",
    "skipped": false,
    "ops": 8157096,
    "errors": 0,
    "ops_per_sec": 1019582.1774486619,
    "min_us": 28.303,
    "p50_us": 476.415,
    "p99_us": 1003.519,
    "p999_us": 1420.287,
    "nil_replies": 0,
    "err_replies": 0,
    "hit_ratio": 1,
    "value_ops_per_sec": 1019582.1774486619,
    "bytes_per_sec": 102762586.49426018,
    "resp_ver": 2,
    "used_memory": 113449984,
    "bytes_per_key": 113.449984,
    "distinct_keys_est": 999726,
    "key_draws": 8157096
  },
  "redis": {
    "target": "redis",
    "version": "redis 8.8.0",
    "workload": "get",
    "skipped": false,
    "ops": 8773805,
    "errors": 0,
    "ops_per_sec": 1096627.6927200786,
    "min_us": 25.639,
    "p50_us": 450.303,
    "p99_us": 905.727,
    "p999_us": 1418.239,
    "nil_replies": 0,
    "err_replies": 0,
    "hit_ratio": 1,
    "value_ops_per_sec": 1096627.6927200786,
    "bytes_per_sec": 110527844.51808502,
    "resp_ver": 2,
    "used_memory": 127504392,
    "bytes_per_key": 127.504392,
    "distinct_keys_est": 999848,
    "key_draws": 8773805,
    "server_hits": 12033624,
    "maxmemory_policy": "noeviction"
  },
  "valkey": {
    "target": "valkey",
    "version": "valkey 9.1.0",
    "workload": "get",
    "skipped": false,
    "ops": 8276368,
    "errors": 0,
    "ops_per_sec": 1034452.4526544148,
    "min_us": 8.989,
    "p50_us": 483.071,
    "p99_us": 918.527,
    "p999_us": 1295.359,
    "nil_replies": 0,
    "err_replies": 0,
    "hit_ratio": 1,
    "value_ops_per_sec": 1034452.4526544148,
    "bytes_per_sec": 104261306.96755365,
    "resp_ver": 2,
    "used_memory": 115095368,
    "bytes_per_key": 115.095368,
    "distinct_keys_est": 999758,
    "key_draws": 8276368,
    "server_hits": 11213993,
    "maxmemory_policy": "noeviction"
  },
  "gate": {
    "pass": false,
    "reason": "aki is 0.93x Redis, below the 2.0x bar",
    "required_speedup": 2,
    "speedup_vs_redis": 0.9297432339317341,
    "speedup_vs_valkey": 0.9856249795071821,
    "tail_regressed_vs_redis": true,
    "tail_regressed_vs_valkey": true
  },
  "generator_bound": false
}
