{
  "workload": "get",
  "cell": {
    "keyspace": 1000000,
    "value_size": 64,
    "dist": "uniform",
    "pipeline": 16,
    "connections": 512
  },
  "timestamp": "2026-07-11T01:30:01.463787799Z",
  "aki": {
    "target": "aki",
    "version": "unknown",
    "workload": "get",
    "skipped": false,
    "ops": 56398944,
    "errors": 0,
    "ops_per_sec": 7049098.160940745,
    "min_us": 27.485,
    "p50_us": 1063.935,
    "p99_us": 2519.039,
    "p999_us": 3997.695,
    "nil_replies": 0,
    "err_replies": 0,
    "hit_ratio": 1,
    "value_ops_per_sec": 7049098.160940745,
    "bytes_per_sec": 710470582.4222231,
    "resp_ver": 2,
    "used_memory": 113449984,
    "bytes_per_key": 113.449984,
    "distinct_keys_est": 1000000,
    "key_draws": 56398944
  },
  "redis": {
    "target": "redis",
    "version": "redis 8.8.0",
    "workload": "get",
    "skipped": false,
    "ops": 37314064,
    "errors": 0,
    "ops_per_sec": 4663341.088628896,
    "min_us": 64.097,
    "p50_us": 1740.799,
    "p99_us": 2230.271,
    "p999_us": 4456.447,
    "nil_replies": 0,
    "err_replies": 0,
    "hit_ratio": 1,
    "value_ops_per_sec": 4663341.088628896,
    "bytes_per_sec": 470012886.16255826,
    "resp_ver": 2,
    "used_memory": 127504024,
    "bytes_per_key": 127.504024,
    "distinct_keys_est": 1000000,
    "key_draws": 37314064,
    "server_hits": 51293648,
    "maxmemory_policy": "noeviction"
  },
  "valkey": {
    "target": "valkey",
    "version": "valkey 9.1.0",
    "workload": "get",
    "skipped": false,
    "ops": 31649232,
    "errors": 0,
    "ops_per_sec": 3955146.6819841187,
    "min_us": 21.416,
    "p50_us": 2044.927,
    "p99_us": 2549.759,
    "p999_us": 3696.639,
    "nil_replies": 0,
    "err_replies": 0,
    "hit_ratio": 1,
    "value_ops_per_sec": 3955146.6819841187,
    "bytes_per_sec": 398634534.8640002,
    "resp_ver": 2,
    "used_memory": 115087176,
    "bytes_per_key": 115.087176,
    "distinct_keys_est": 1000000,
    "key_draws": 31649232,
    "server_hits": 43568896,
    "maxmemory_policy": "noeviction"
  },
  "gate": {
    "pass": false,
    "reason": "aki is 1.51x Redis, below the 2.0x bar",
    "required_speedup": 2,
    "speedup_vs_redis": 1.511598235464544,
    "speedup_vs_valkey": 1.7822596044414034,
    "tail_regressed_vs_redis": true,
    "tail_regressed_vs_valkey": false
  },
  "generator_bound": false
}
