{
  "workload": "get",
  "cell": {
    "keyspace": 1000000,
    "value_size": 1024,
    "dist": "uniform",
    "pipeline": 16,
    "connections": 512
  },
  "timestamp": "2026-07-11T01:45:28.318527765Z",
  "aki": {
    "target": "aki",
    "version": "unknown",
    "workload": "get",
    "skipped": false,
    "ops": 32528080,
    "errors": 0,
    "ops_per_sec": 4065361.3761659646,
    "min_us": 44.989,
    "p50_us": 1822.719,
    "p99_us": 4239.359,
    "p999_us": 6459.391,
    "nil_replies": 0,
    "err_replies": 0,
    "hit_ratio": 1,
    "value_ops_per_sec": 4065361.3761659646,
    "bytes_per_sec": 4320620623.465224,
    "resp_ver": 2,
    "used_memory": 1073449984,
    "bytes_per_key": 1073.449984,
    "distinct_keys_est": 1000000,
    "key_draws": 32528080
  },
  "redis": {
    "target": "redis",
    "version": "redis 8.8.0",
    "workload": "get",
    "skipped": false,
    "ops": 16494144,
    "errors": 0,
    "ops_per_sec": 2060705.3887658732,
    "min_us": 120.519,
    "p50_us": 3952.639,
    "p99_us": 4939.775,
    "p999_us": 8757.247,
    "nil_replies": 0,
    "err_replies": 0,
    "hit_ratio": 1,
    "value_ops_per_sec": 2060705.3887658732,
    "bytes_per_sec": 2190094458.383395,
    "resp_ver": 2,
    "used_memory": 1327509048,
    "bytes_per_key": 1327.509048,
    "distinct_keys_est": 1000000,
    "key_draws": 16494144,
    "server_hits": 22717040,
    "maxmemory_policy": "noeviction"
  },
  "valkey": {
    "target": "valkey",
    "version": "valkey 9.1.0",
    "workload": "get",
    "skipped": false,
    "ops": 14215536,
    "errors": 0,
    "ops_per_sec": 1775926.9270085946,
    "min_us": 96.198,
    "p50_us": 4603.903,
    "p99_us": 5332.991,
    "p999_us": 7819.263,
    "nil_replies": 0,
    "err_replies": 0,
    "hit_ratio": 1,
    "value_ops_per_sec": 1775926.9270085946,
    "bytes_per_sec": 1887435213.8128881,
    "resp_ver": 2,
    "used_memory": 1331085880,
    "bytes_per_key": 1331.08588,
    "distinct_keys_est": 1000000,
    "key_draws": 14215536,
    "server_hits": 19777248,
    "maxmemory_policy": "noeviction"
  },
  "gate": {
    "pass": false,
    "reason": "aki is 1.97x Redis, below the 2.0x bar",
    "required_speedup": 2,
    "speedup_vs_redis": 1.9728008663094976,
    "speedup_vs_valkey": 2.2891490152771867,
    "tail_regressed_vs_redis": false,
    "tail_regressed_vs_valkey": false
  },
  "generator_bound": false
}
