{
  "workload": "get",
  "cell": {
    "keyspace": 1000000,
    "value_size": 1024,
    "dist": "uniform",
    "pipeline": 16,
    "connections": 512
  },
  "timestamp": "2026-07-11T01:40:45.581402177Z",
  "aki": {
    "target": "aki",
    "version": "unknown",
    "workload": "get",
    "skipped": false,
    "ops": 26781648,
    "errors": 0,
    "ops_per_sec": 3347170.6167126857,
    "min_us": 43.93,
    "p50_us": 2367.487,
    "p99_us": 5107.711,
    "p999_us": 7516.159,
    "nil_replies": 0,
    "err_replies": 0,
    "hit_ratio": 1,
    "value_ops_per_sec": 3347170.6167126857,
    "bytes_per_sec": 3557335038.703224,
    "resp_ver": 2,
    "used_memory": 1073449984,
    "bytes_per_key": 1073.449984,
    "distinct_keys_est": 1000000,
    "key_draws": 26781648
  },
  "redis": {
    "target": "redis",
    "version": "redis 8.8.0",
    "workload": "get",
    "skipped": false,
    "ops": 16977808,
    "errors": 0,
    "ops_per_sec": 2121166.268514,
    "min_us": 117.28,
    "p50_us": 3842.047,
    "p99_us": 4681.727,
    "p999_us": 7434.239,
    "nil_replies": 0,
    "err_replies": 0,
    "hit_ratio": 1,
    "value_ops_per_sec": 2121166.268514,
    "bytes_per_sec": 2254351630.931714,
    "resp_ver": 2,
    "used_memory": 1327507984,
    "bytes_per_key": 1327.507984,
    "distinct_keys_est": 1000000,
    "key_draws": 16977808,
    "server_hits": 23169232,
    "maxmemory_policy": "noeviction"
  },
  "valkey": {
    "target": "valkey",
    "version": "valkey 9.1.0",
    "workload": "get",
    "skipped": false,
    "ops": 14603504,
    "errors": 0,
    "ops_per_sec": 1824477.4643845495,
    "min_us": 91.453,
    "p50_us": 4497.407,
    "p99_us": 5369.855,
    "p999_us": 8265.727,
    "nil_replies": 0,
    "err_replies": 0,
    "hit_ratio": 1,
    "value_ops_per_sec": 1824477.4643845495,
    "bytes_per_sec": 1939034166.5314157,
    "resp_ver": 2,
    "used_memory": 1331085880,
    "bytes_per_key": 1331.08588,
    "distinct_keys_est": 1000000,
    "key_draws": 14603504,
    "server_hits": 19820464,
    "maxmemory_policy": "noeviction"
  },
  "gate": {
    "pass": false,
    "reason": "aki is 1.58x Redis, below the 2.0x bar",
    "required_speedup": 2,
    "speedup_vs_redis": 1.577985972338497,
    "speedup_vs_valkey": 1.834591373175325,
    "tail_regressed_vs_redis": true,
    "tail_regressed_vs_valkey": false
  },
  "generator_bound": false
}
