{
  "workload": "get",
  "cell": {
    "keyspace": 1000000,
    "value_size": 1024,
    "dist": "uniform",
    "pipeline": 16,
    "connections": 512
  },
  "timestamp": "2026-07-11T01:46:09.015202385Z",
  "aki": {
    "target": "aki",
    "version": "unknown",
    "workload": "get",
    "skipped": false,
    "ops": 22103296,
    "errors": 0,
    "ops_per_sec": 2762400.344064672,
    "min_us": 42.807,
    "p50_us": 2889.727,
    "p99_us": 6139.903,
    "p999_us": 8724.479,
    "nil_replies": 0,
    "err_replies": 0,
    "hit_ratio": 1,
    "value_ops_per_sec": 2762400.344064672,
    "bytes_per_sec": 2935847882.351459,
    "resp_ver": 2,
    "used_memory": 1073449984,
    "bytes_per_key": 1073.449984,
    "distinct_keys_est": 1000000,
    "key_draws": 22103296
  },
  "redis": {
    "target": "redis",
    "version": "redis 8.8.0",
    "workload": "get",
    "skipped": false,
    "ops": 16543920,
    "errors": 0,
    "ops_per_sec": 2066900.4034822485,
    "min_us": 82.248,
    "p50_us": 3940.351,
    "p99_us": 5046.271,
    "p999_us": 8511.487,
    "nil_replies": 0,
    "err_replies": 0,
    "hit_ratio": 1,
    "value_ops_per_sec": 2066900.4034822485,
    "bytes_per_sec": 2196678448.104244,
    "resp_ver": 2,
    "used_memory": 1327509200,
    "bytes_per_key": 1327.5092,
    "distinct_keys_est": 1000000,
    "key_draws": 16543920,
    "server_hits": 22745088,
    "maxmemory_policy": "noeviction"
  },
  "valkey": {
    "target": "valkey",
    "version": "valkey 9.1.0",
    "workload": "get",
    "skipped": false,
    "ops": 15136944,
    "errors": 0,
    "ops_per_sec": 1891073.3004299777,
    "min_us": 59.31,
    "p50_us": 4276.223,
    "p99_us": 5033.983,
    "p999_us": 7192.575,
    "nil_replies": 0,
    "err_replies": 0,
    "hit_ratio": 1,
    "value_ops_per_sec": 1891073.3004299777,
    "bytes_per_sec": 2009811498.3865862,
    "resp_ver": 2,
    "used_memory": 1331085880,
    "bytes_per_key": 1331.08588,
    "distinct_keys_est": 1000000,
    "key_draws": 15136944,
    "server_hits": 20659920,
    "maxmemory_policy": "noeviction"
  },
  "gate": {
    "pass": false,
    "reason": "aki is 1.34x Redis, below the 2.0x bar",
    "required_speedup": 2,
    "speedup_vs_redis": 1.3364941723416701,
    "speedup_vs_valkey": 1.4607579428235693,
    "tail_regressed_vs_redis": true,
    "tail_regressed_vs_valkey": true
  },
  "generator_bound": false
}
