{
  "workload": "get",
  "cell": {
    "keyspace": 1000000,
    "value_size": 1024,
    "dist": "uniform",
    "pipeline": 16,
    "connections": 512
  },
  "timestamp": "2026-07-11T01:47:29.751477031Z",
  "aki": {
    "target": "aki",
    "version": "unknown",
    "workload": "get",
    "skipped": false,
    "ops": 21617712,
    "errors": 0,
    "ops_per_sec": 2701730.7782267802,
    "min_us": 56.99,
    "p50_us": 2955.263,
    "p99_us": 6250.495,
    "p999_us": 9125.887,
    "nil_replies": 0,
    "err_replies": 0,
    "hit_ratio": 1,
    "value_ops_per_sec": 2701730.7782267802,
    "bytes_per_sec": 2871368978.728177,
    "resp_ver": 2,
    "used_memory": 1073449984,
    "bytes_per_key": 1073.449984,
    "distinct_keys_est": 1000000,
    "key_draws": 21617712
  },
  "redis": {
    "target": "redis",
    "version": "redis 8.8.0",
    "workload": "get",
    "skipped": false,
    "ops": 16572048,
    "errors": 0,
    "ops_per_sec": 2070438.2154871747,
    "min_us": 99.491,
    "p50_us": 3934.207,
    "p99_us": 5160.959,
    "p999_us": 8945.663,
    "nil_replies": 0,
    "err_replies": 0,
    "hit_ratio": 1,
    "value_ops_per_sec": 2070438.2154871747,
    "bytes_per_sec": 2200438397.7806606,
    "resp_ver": 2,
    "used_memory": 1327509504,
    "bytes_per_key": 1327.509504,
    "distinct_keys_est": 1000000,
    "key_draws": 16572048,
    "server_hits": 22782368,
    "maxmemory_policy": "noeviction"
  },
  "valkey": {
    "target": "valkey",
    "version": "valkey 9.1.0",
    "workload": "get",
    "skipped": false,
    "ops": 14993920,
    "errors": 0,
    "ops_per_sec": 1873264.8356952728,
    "min_us": 65.41,
    "p50_us": 4349.951,
    "p99_us": 5263.359,
    "p999_us": 8839.167,
    "nil_replies": 0,
    "err_replies": 0,
    "hit_ratio": 1,
    "value_ops_per_sec": 1873264.8356952728,
    "bytes_per_sec": 1990884869.1829526,
    "resp_ver": 2,
    "used_memory": 1331085880,
    "bytes_per_key": 1331.08588,
    "distinct_keys_est": 1000000,
    "key_draws": 14993920,
    "server_hits": 20671520,
    "maxmemory_policy": "noeviction"
  },
  "gate": {
    "pass": false,
    "reason": "aki is 1.30x Redis, below the 2.0x bar",
    "required_speedup": 2,
    "speedup_vs_redis": 1.3049077040876886,
    "speedup_vs_valkey": 1.4422577773014233,
    "tail_regressed_vs_redis": true,
    "tail_regressed_vs_valkey": true
  },
  "generator_bound": false
}
