{
  "workload": "get",
  "cell": {
    "keyspace": 1000000,
    "value_size": 64,
    "dist": "uniform",
    "pipeline": 16,
    "connections": 512
  },
  "timestamp": "2026-07-11T01:29:24.789762865Z",
  "aki": {
    "target": "aki",
    "version": "unknown",
    "workload": "get",
    "skipped": false,
    "ops": 30019344,
    "errors": 0,
    "ops_per_sec": 3752085.3884175625,
    "min_us": 29.362,
    "p50_us": 2117.631,
    "p99_us": 4947.967,
    "p999_us": 7696.383,
    "nil_replies": 0,
    "err_replies": 0,
    "hit_ratio": 1,
    "value_ops_per_sec": 3752085.3884175625,
    "bytes_per_sec": 378168012.24294776,
    "resp_ver": 2,
    "used_memory": 113449984,
    "bytes_per_key": 113.449984,
    "distinct_keys_est": 1000000,
    "key_draws": 30019344
  },
  "redis": {
    "target": "redis",
    "version": "redis 8.8.0",
    "workload": "get",
    "skipped": false,
    "ops": 37663104,
    "errors": 0,
    "ops_per_sec": 4706905.964083645,
    "min_us": 84.584,
    "p50_us": 1726.463,
    "p99_us": 2254.847,
    "p999_us": 4065.279,
    "nil_replies": 0,
    "err_replies": 0,
    "hit_ratio": 1,
    "value_ops_per_sec": 4706905.964083645,
    "bytes_per_sec": 474403719.8375033,
    "resp_ver": 2,
    "used_memory": 127503872,
    "bytes_per_key": 127.503872,
    "distinct_keys_est": 1000000,
    "key_draws": 37663104,
    "server_hits": 51775808,
    "maxmemory_policy": "noeviction"
  },
  "valkey": {
    "target": "valkey",
    "version": "valkey 9.1.0",
    "workload": "get",
    "skipped": false,
    "ops": 31448480,
    "errors": 0,
    "ops_per_sec": 3929957.440124035,
    "min_us": 35.385,
    "p50_us": 2058.239,
    "p99_us": 2609.151,
    "p999_us": 3583.999,
    "nil_replies": 0,
    "err_replies": 0,
    "hit_ratio": 1,
    "value_ops_per_sec": 3929957.440124035,
    "bytes_per_sec": 396095732.80241096,
    "resp_ver": 2,
    "used_memory": 115087176,
    "bytes_per_key": 115.087176,
    "distinct_keys_est": 1000000,
    "key_draws": 31448480,
    "server_hits": 43264176,
    "maxmemory_policy": "noeviction"
  },
  "gate": {
    "pass": false,
    "reason": "aki is 0.80x Redis, below the 2.0x bar",
    "required_speedup": 2,
    "speedup_vs_redis": 0.797144752210496,
    "speedup_vs_valkey": 0.9547394458040598,
    "tail_regressed_vs_redis": true,
    "tail_regressed_vs_valkey": true
  },
  "generator_bound": false
}
