{
  "workload": "get",
  "cell": {
    "keyspace": 1000000,
    "value_size": 64,
    "dist": "uniform",
    "pipeline": 16,
    "connections": 512
  },
  "timestamp": "2026-07-11T01:28:11.367058312Z",
  "aki": {
    "target": "aki",
    "version": "unknown",
    "workload": "get",
    "skipped": false,
    "ops": 30567104,
    "errors": 0,
    "ops_per_sec": 3820105.1076592365,
    "min_us": 29.184,
    "p50_us": 2077.695,
    "p99_us": 4808.703,
    "p999_us": 7397.375,
    "nil_replies": 0,
    "err_replies": 0,
    "hit_ratio": 1,
    "value_ops_per_sec": 3820105.1076592365,
    "bytes_per_sec": 385023732.9861618,
    "resp_ver": 2,
    "used_memory": 113449984,
    "bytes_per_key": 113.449984,
    "distinct_keys_est": 1000000,
    "key_draws": 30567104
  },
  "redis": {
    "target": "redis",
    "version": "redis 8.8.0",
    "workload": "get",
    "skipped": false,
    "ops": 37380448,
    "errors": 0,
    "ops_per_sec": 4671617.50240928,
    "min_us": 53.156,
    "p50_us": 1736.703,
    "p99_us": 2328.575,
    "p999_us": 4280.319,
    "nil_replies": 0,
    "err_replies": 0,
    "hit_ratio": 1,
    "value_ops_per_sec": 4671617.50240928,
    "bytes_per_sec": 470847049.2633088,
    "resp_ver": 2,
    "used_memory": 127503568,
    "bytes_per_key": 127.503568,
    "distinct_keys_est": 1000000,
    "key_draws": 37380448,
    "server_hits": 51358368,
    "maxmemory_policy": "noeviction"
  },
  "valkey": {
    "target": "valkey",
    "version": "valkey 9.1.0",
    "workload": "get",
    "skipped": false,
    "ops": 31421968,
    "errors": 0,
    "ops_per_sec": 3926729.3702568817,
    "min_us": 61.43,
    "p50_us": 2055.167,
    "p99_us": 2717.695,
    "p999_us": 3518.463,
    "nil_replies": 0,
    "err_replies": 0,
    "hit_ratio": 1,
    "value_ops_per_sec": 3926729.3702568817,
    "bytes_per_sec": 395770369.97568464,
    "resp_ver": 2,
    "used_memory": 115087176,
    "bytes_per_key": 115.087176,
    "distinct_keys_est": 1000000,
    "key_draws": 31421968,
    "server_hits": 43249136,
    "maxmemory_policy": "noeviction"
  },
  "gate": {
    "pass": false,
    "reason": "aki is 0.82x Redis, below the 2.0x bar",
    "required_speedup": 2,
    "speedup_vs_redis": 0.8177264310892542,
    "speedup_vs_valkey": 0.9728465466947446,
    "tail_regressed_vs_redis": true,
    "tail_regressed_vs_valkey": true
  },
  "generator_bound": false
}
