{
  "workload": "get",
  "cell": {
    "keyspace": 1000000,
    "value_size": 1024,
    "dist": "uniform",
    "pipeline": 16,
    "connections": 512
  },
  "timestamp": "2026-07-11T01:48:09.833599182Z",
  "aki": {
    "target": "aki",
    "version": "unknown",
    "workload": "get",
    "skipped": false,
    "ops": 32484032,
    "errors": 0,
    "ops_per_sec": 4059674.628771715,
    "min_us": 48.641,
    "p50_us": 1817.599,
    "p99_us": 4276.223,
    "p999_us": 6332.415,
    "nil_replies": 0,
    "err_replies": 0,
    "hit_ratio": 1,
    "value_ops_per_sec": 4059674.628771715,
    "bytes_per_sec": 4314576788.909909,
    "resp_ver": 2,
    "used_memory": 1073449984,
    "bytes_per_key": 1073.449984,
    "distinct_keys_est": 1000000,
    "key_draws": 32484032
  },
  "redis": {
    "target": "redis",
    "version": "redis 8.8.0",
    "workload": "get",
    "skipped": false,
    "ops": 16603552,
    "errors": 0,
    "ops_per_sec": 2074383.969307142,
    "min_us": 96.126,
    "p50_us": 3917.823,
    "p99_us": 5234.687,
    "p999_us": 8183.807,
    "nil_replies": 0,
    "err_replies": 0,
    "hit_ratio": 1,
    "value_ops_per_sec": 2074383.969307142,
    "bytes_per_sec": 2204631912.5719357,
    "resp_ver": 2,
    "used_memory": 1327509656,
    "bytes_per_key": 1327.509656,
    "distinct_keys_est": 1000000,
    "key_draws": 16603552,
    "server_hits": 22862608,
    "maxmemory_policy": "noeviction"
  },
  "valkey": {
    "target": "valkey",
    "version": "valkey 9.1.0",
    "workload": "get",
    "skipped": false,
    "ops": 14649072,
    "errors": 0,
    "ops_per_sec": 1830200.156155798,
    "min_us": 60.362,
    "p50_us": 4448.255,
    "p99_us": 5644.287,
    "p999_us": 8228.863,
    "nil_replies": 0,
    "err_replies": 0,
    "hit_ratio": 1,
    "value_ops_per_sec": 1830200.156155798,
    "bytes_per_sec": 1945116191.6148558,
    "resp_ver": 2,
    "used_memory": 1331085880,
    "bytes_per_key": 1331.08588,
    "distinct_keys_est": 1000000,
    "key_draws": 14649072,
    "server_hits": 20250992,
    "maxmemory_policy": "noeviction"
  },
  "gate": {
    "pass": false,
    "reason": "aki is 1.96x Redis, below the 2.0x bar",
    "required_speedup": 2,
    "speedup_vs_redis": 1.9570507142550244,
    "speedup_vs_valkey": 2.218158825479922,
    "tail_regressed_vs_redis": false,
    "tail_regressed_vs_valkey": false
  },
  "generator_bound": false
}
