{
  "workload": "get",
  "cell": {
    "keyspace": 1000000,
    "value_size": 1024,
    "dist": "uniform",
    "pipeline": 16,
    "connections": 512
  },
  "timestamp": "2026-07-11T01:46:49.0561009Z",
  "aki": {
    "target": "aki",
    "version": "unknown",
    "workload": "get",
    "skipped": false,
    "ops": 29968752,
    "errors": 0,
    "ops_per_sec": 3745202.0969740152,
    "min_us": 47.527,
    "p50_us": 1969.151,
    "p99_us": 4550.655,
    "p999_us": 6873.087,
    "nil_replies": 0,
    "err_replies": 0,
    "hit_ratio": 1,
    "value_ops_per_sec": 3745202.0969740152,
    "bytes_per_sec": 3980358657.997212,
    "resp_ver": 2,
    "used_memory": 1073449984,
    "bytes_per_key": 1073.449984,
    "distinct_keys_est": 1000000,
    "key_draws": 29968752
  },
  "redis": {
    "target": "redis",
    "version": "redis 8.8.0",
    "workload": "get",
    "skipped": false,
    "ops": 16532096,
    "errors": 0,
    "ops_per_sec": 2065460.0939633234,
    "min_us": 96.201,
    "p50_us": 3940.351,
    "p99_us": 5066.751,
    "p999_us": 8888.319,
    "nil_replies": 0,
    "err_replies": 0,
    "hit_ratio": 1,
    "value_ops_per_sec": 2065460.0939633234,
    "bytes_per_sec": 2195147699.624551,
    "resp_ver": 2,
    "used_memory": 1327509352,
    "bytes_per_key": 1327.509352,
    "distinct_keys_est": 1000000,
    "key_draws": 16532096,
    "server_hits": 22714080,
    "maxmemory_policy": "noeviction"
  },
  "valkey": {
    "target": "valkey",
    "version": "valkey 9.1.0",
    "workload": "get",
    "skipped": false,
    "ops": 14724208,
    "errors": 0,
    "ops_per_sec": 1839538.2824535805,
    "min_us": 72.689,
    "p50_us": 4395.007,
    "p99_us": 5754.879,
    "p999_us": 9183.231,
    "nil_replies": 0,
    "err_replies": 0,
    "hit_ratio": 1,
    "value_ops_per_sec": 1839538.2824535805,
    "bytes_per_sec": 1955040651.7462928,
    "resp_ver": 2,
    "used_memory": 1331085880,
    "bytes_per_key": 1331.08588,
    "distinct_keys_est": 1000000,
    "key_draws": 14724208,
    "server_hits": 19978112,
    "maxmemory_policy": "noeviction"
  },
  "gate": {
    "pass": false,
    "reason": "aki is 1.81x Redis, below the 2.0x bar",
    "required_speedup": 2,
    "speedup_vs_redis": 1.813253186503113,
    "speedup_vs_valkey": 2.035946809423643,
    "tail_regressed_vs_redis": false,
    "tail_regressed_vs_valkey": false
  },
  "generator_bound": false
}
