{
  "workload": "set",
  "cell": {
    "keyspace": 1000000,
    "value_size": 64,
    "dist": "uniform",
    "pipeline": 16,
    "connections": 512
  },
  "timestamp": "2026-07-11T01:32:12.752448446Z",
  "aki": {
    "target": "aki",
    "version": "unknown",
    "workload": "set",
    "skipped": false,
    "ops": 45205888,
    "errors": 0,
    "ops_per_sec": 5650221.328401973,
    "min_us": 33.971,
    "p50_us": 1389.567,
    "p99_us": 3104.767,
    "p999_us": 4235.263,
    "nil_replies": 0,
    "err_replies": 0,
    "hit_ratio": 1,
    "value_ops_per_sec": 5650221.328401973,
    "bytes_per_sec": 597730712.0815998,
    "resp_ver": 2,
    "used_memory": 113449984,
    "bytes_per_key": 113.449984,
    "distinct_keys_est": 1000000,
    "key_draws": 45205888
  },
  "redis": {
    "target": "redis",
    "version": "redis 8.8.0",
    "workload": "set",
    "skipped": false,
    "ops": 29742144,
    "errors": 0,
    "ops_per_sec": 3716821.2461815435,
    "min_us": 67.357,
    "p50_us": 2189.311,
    "p99_us": 2592.767,
    "p999_us": 5586.943,
    "nil_replies": 0,
    "err_replies": 0,
    "hit_ratio": 1,
    "value_ops_per_sec": 3716821.2461815435,
    "bytes_per_sec": 393197830.23303604,
    "resp_ver": 2,
    "used_memory": 127487600,
    "bytes_per_key": 127.4876,
    "distinct_keys_est": 1000000,
    "key_draws": 29742144,
    "maxmemory_policy": "noeviction"
  },
  "valkey": {
    "target": "valkey",
    "version": "valkey 9.1.0",
    "workload": "set",
    "skipped": false,
    "ops": 23585216,
    "errors": 0,
    "ops_per_sec": 2947150.8311274284,
    "min_us": 66.471,
    "p50_us": 2756.607,
    "p99_us": 3313.663,
    "p999_us": 4440.063,
    "nil_replies": 0,
    "err_replies": 0,
    "hit_ratio": 1,
    "value_ops_per_sec": 2947150.8311274284,
    "bytes_per_sec": 311775139.9356222,
    "resp_ver": 2,
    "used_memory": 115068504,
    "bytes_per_key": 115.068504,
    "distinct_keys_est": 1000000,
    "key_draws": 23585216,
    "maxmemory_policy": "noeviction"
  },
  "gate": {
    "pass": false,
    "reason": "aki is 1.52x Redis, below the 2.0x bar",
    "required_speedup": 2,
    "speedup_vs_redis": 1.5201756969632847,
    "speedup_vs_valkey": 1.9171809154540245,
    "tail_regressed_vs_redis": true,
    "tail_regressed_vs_valkey": false
  },
  "generator_bound": false
}
