{
  "workload": "set",
  "cell": {
    "keyspace": 1000000,
    "value_size": 64,
    "dist": "uniform",
    "pipeline": 16,
    "connections": 512
  },
  "timestamp": "2026-07-11T01:32:46.646130183Z",
  "aki": {
    "target": "aki",
    "version": "unknown",
    "workload": "set",
    "skipped": false,
    "ops": 55850320,
    "errors": 0,
    "ops_per_sec": 6980603.353823677,
    "min_us": 33.021,
    "p50_us": 1060.863,
    "p99_us": 2650.111,
    "p999_us": 4007.935,
    "nil_replies": 0,
    "err_replies": 0,
    "hit_ratio": 1,
    "value_ops_per_sec": 6980603.353823677,
    "bytes_per_sec": 738470107.3551989,
    "resp_ver": 2,
    "used_memory": 113449984,
    "bytes_per_key": 113.449984,
    "distinct_keys_est": 1000000,
    "key_draws": 55850320
  },
  "redis": {
    "target": "redis",
    "version": "redis 8.8.0",
    "workload": "set",
    "skipped": false,
    "ops": 29524640,
    "errors": 0,
    "ops_per_sec": 3689591.6165170036,
    "min_us": 95.575,
    "p50_us": 2205.695,
    "p99_us": 2793.471,
    "p999_us": 4526.079,
    "nil_replies": 0,
    "err_replies": 0,
    "hit_ratio": 1,
    "value_ops_per_sec": 3689591.6165170036,
    "bytes_per_sec": 390317183.7989559,
    "resp_ver": 2,
    "used_memory": 127487752,
    "bytes_per_key": 127.487752,
    "distinct_keys_est": 1000000,
    "key_draws": 29524640,
    "maxmemory_policy": "noeviction"
  },
  "valkey": {
    "target": "valkey",
    "version": "valkey 9.1.0",
    "workload": "set",
    "skipped": false,
    "ops": 23464240,
    "errors": 0,
    "ops_per_sec": 2932170.337137526,
    "min_us": 49.756,
    "p50_us": 2772.991,
    "p99_us": 3305.471,
    "p999_us": 5009.407,
    "nil_replies": 0,
    "err_replies": 0,
    "hit_ratio": 1,
    "value_ops_per_sec": 2932170.337137526,
    "bytes_per_sec": 310190379.7901082,
    "resp_ver": 2,
    "used_memory": 115068504,
    "bytes_per_key": 115.068504,
    "distinct_keys_est": 1000000,
    "key_draws": 23464240,
    "maxmemory_policy": "noeviction"
  },
  "gate": {
    "pass": false,
    "reason": "aki is 1.89x Redis, below the 2.0x bar",
    "required_speedup": 2,
    "speedup_vs_redis": 1.891971816765295,
    "speedup_vs_valkey": 2.3806950317348736,
    "tail_regressed_vs_redis": false,
    "tail_regressed_vs_valkey": false
  },
  "generator_bound": false
}
