{
  "workload": "set",
  "cell": {
    "keyspace": 1000000,
    "value_size": 64,
    "dist": "uniform",
    "pipeline": 1,
    "connections": 512
  },
  "timestamp": "2026-07-11T02:08:40.526874897Z",
  "aki": {
    "target": "aki",
    "version": "unknown",
    "workload": "set",
    "skipped": false,
    "ops": 8111778,
    "errors": 0,
    "ops_per_sec": 1013911.8474690769,
    "min_us": 26.674,
    "p50_us": 479.231,
    "p99_us": 1009.663,
    "p999_us": 1453.055,
    "nil_replies": 0,
    "err_replies": 0,
    "hit_ratio": 1,
    "value_ops_per_sec": 1013911.8474690769,
    "bytes_per_sec": 107260652.70569088,
    "resp_ver": 2,
    "used_memory": 113421680,
    "bytes_per_key": 113.42168,
    "distinct_keys_est": 999709,
    "key_draws": 8111778
  },
  "redis": {
    "target": "redis",
    "version": "redis 8.8.0",
    "workload": "set",
    "skipped": false,
    "ops": 8320748,
    "errors": 0,
    "ops_per_sec": 1040029.3628192354,
    "min_us": 26.461,
    "p50_us": 474.111,
    "p99_us": 964.095,
    "p999_us": 1428.479,
    "nil_replies": 0,
    "err_replies": 0,
    "hit_ratio": 1,
    "value_ops_per_sec": 1040029.3628192354,
    "bytes_per_sec": 110023560.1233296,
    "resp_ver": 2,
    "used_memory": 127466712,
    "bytes_per_key": 127.466712,
    "distinct_keys_est": 999767,
    "key_draws": 8320748,
    "maxmemory_policy": "noeviction"
  },
  "valkey": {
    "target": "valkey",
    "version": "valkey 9.1.0",
    "workload": "set",
    "skipped": false,
    "ops": 8038580,
    "errors": 0,
    "ops_per_sec": 1004776.638603093,
    "min_us": 7.738,
    "p50_us": 496.895,
    "p99_us": 943.103,
    "p999_us": 1348.607,
    "nil_replies": 0,
    "err_replies": 0,
    "hit_ratio": 1,
    "value_ops_per_sec": 1004776.638603093,
    "bytes_per_sec": 106294252.99655013,
    "resp_ver": 2,
    "used_memory": 115038456,
    "bytes_per_key": 115.038456,
    "distinct_keys_est": 999683,
    "key_draws": 8038580,
    "maxmemory_policy": "noeviction"
  },
  "gate": {
    "pass": false,
    "reason": "aki is 0.97x Redis, below the 2.0x bar",
    "required_speedup": 2,
    "speedup_vs_redis": 0.9748877134782415,
    "speedup_vs_valkey": 1.0090917807152486,
    "tail_regressed_vs_redis": true,
    "tail_regressed_vs_valkey": true
  },
  "generator_bound": false
}
