{
  "workload": "set",
  "cell": {
    "keyspace": 1000000,
    "value_size": 1024,
    "dist": "uniform",
    "pipeline": 16,
    "connections": 512
  },
  "timestamp": "2026-07-11T01:51:20.153248011Z",
  "aki": {
    "target": "aki",
    "version": "unknown",
    "workload": "set",
    "skipped": false,
    "ops": 28316160,
    "errors": 0,
    "ops_per_sec": 3538968.944049124,
    "min_us": 41.177,
    "p50_us": 2269.183,
    "p99_us": 4722.687,
    "p999_us": 6643.711,
    "nil_replies": 0,
    "err_replies": 0,
    "hit_ratio": 1,
    "value_ops_per_sec": 3538968.944049124,
    "bytes_per_sec": 3778871129.9198475,
    "resp_ver": 2,
    "used_memory": 1073449984,
    "bytes_per_key": 1073.449984,
    "distinct_keys_est": 1000000,
    "key_draws": 28316160
  },
  "redis": {
    "target": "redis",
    "version": "redis 8.8.0",
    "workload": "set",
    "skipped": false,
    "ops": 24802048,
    "errors": 0,
    "ops_per_sec": 3099417.281024387,
    "min_us": 81.867,
    "p50_us": 2625.535,
    "p99_us": 4022.271,
    "p999_us": 5378.047,
    "nil_replies": 0,
    "err_replies": 0,
    "hit_ratio": 1,
    "value_ops_per_sec": 3099417.281024387,
    "bytes_per_sec": 3309522525.790838,
    "resp_ver": 2,
    "used_memory": 1327483296,
    "bytes_per_key": 1327.483296,
    "distinct_keys_est": 1000000,
    "key_draws": 24802048,
    "maxmemory_policy": "noeviction"
  },
  "valkey": {
    "target": "valkey",
    "version": "valkey 9.1.0",
    "workload": "set",
    "skipped": false,
    "ops": 16875392,
    "errors": 0,
    "ops_per_sec": 2108386.9363850206,
    "min_us": 40.094,
    "p50_us": 3856.383,
    "p99_us": 4427.775,
    "p999_us": 7110.655,
    "nil_replies": 0,
    "err_replies": 0,
    "hit_ratio": 1,
    "value_ops_per_sec": 2108386.9363850206,
    "bytes_per_sec": 2251311793.0425553,
    "resp_ver": 2,
    "used_memory": 1331063176,
    "bytes_per_key": 1331.063176,
    "distinct_keys_est": 1000000,
    "key_draws": 16875392,
    "maxmemory_policy": "noeviction"
  },
  "gate": {
    "pass": false,
    "reason": "aki is 1.14x Redis, below the 2.0x bar",
    "required_speedup": 2,
    "speedup_vs_redis": 1.1418175170267686,
    "speedup_vs_valkey": 1.6785196696944717,
    "tail_regressed_vs_redis": true,
    "tail_regressed_vs_valkey": true
  },
  "generator_bound": false
}
