{
  "workload": "set",
  "cell": {
    "keyspace": 1000000,
    "value_size": 64,
    "dist": "uniform",
    "pipeline": 16,
    "connections": 512
  },
  "timestamp": "2026-07-11T01:38:25.873138736Z",
  "aki": {
    "target": "aki",
    "version": "unknown",
    "workload": "set",
    "skipped": false,
    "ops": 55618016,
    "errors": 0,
    "ops_per_sec": 6950976.580078146,
    "min_us": 22.063,
    "p50_us": 1072.127,
    "p99_us": 2582.527,
    "p999_us": 4321.279,
    "nil_replies": 0,
    "err_replies": 0,
    "hit_ratio": 1,
    "value_ops_per_sec": 6950976.580078146,
    "bytes_per_sec": 735335927.1483164,
    "resp_ver": 2,
    "used_memory": 113449984,
    "bytes_per_key": 113.449984,
    "distinct_keys_est": 1000000,
    "key_draws": 55618016
  },
  "redis": {
    "target": "redis",
    "version": "redis 8.8.0",
    "workload": "set",
    "skipped": false,
    "ops": 29438224,
    "errors": 0,
    "ops_per_sec": 3678794.256386996,
    "min_us": 44.12,
    "p50_us": 2211.839,
    "p99_us": 2961.407,
    "p999_us": 4722.687,
    "nil_replies": 0,
    "err_replies": 0,
    "hit_ratio": 1,
    "value_ops_per_sec": 3678794.256386996,
    "bytes_per_sec": 389174903.530928,
    "resp_ver": 2,
    "used_memory": 127489272,
    "bytes_per_key": 127.489272,
    "distinct_keys_est": 1000000,
    "key_draws": 29438224,
    "maxmemory_policy": "noeviction"
  },
  "valkey": {
    "target": "valkey",
    "version": "valkey 9.1.0",
    "workload": "set",
    "skipped": false,
    "ops": 23649408,
    "errors": 0,
    "ops_per_sec": 2955150.5217662337,
    "min_us": 28.033,
    "p50_us": 2750.463,
    "p99_us": 3274.751,
    "p999_us": 4546.559,
    "nil_replies": 0,
    "err_replies": 0,
    "hit_ratio": 1,
    "value_ops_per_sec": 2955150.5217662337,
    "bytes_per_sec": 312621422.40380365,
    "resp_ver": 2,
    "used_memory": 115068504,
    "bytes_per_key": 115.068504,
    "distinct_keys_est": 1000000,
    "key_draws": 23649408,
    "maxmemory_policy": "noeviction"
  },
  "gate": {
    "pass": false,
    "reason": "aki is 1.89x Redis, below the 2.0x bar",
    "required_speedup": 2,
    "speedup_vs_redis": 1.889471412545048,
    "speedup_vs_valkey": 2.3521565243058036,
    "tail_regressed_vs_redis": false,
    "tail_regressed_vs_valkey": false
  },
  "generator_bound": false
}
