{
  "workload": "set",
  "cell": {
    "keyspace": 1000000,
    "value_size": 1024,
    "dist": "uniform",
    "pipeline": 16,
    "connections": 512
  },
  "timestamp": "2026-07-11T01:55:18.257397101Z",
  "aki": {
    "target": "aki",
    "version": "unknown",
    "workload": "set",
    "skipped": false,
    "ops": 33513472,
    "errors": 0,
    "ops_per_sec": 4188584.872673409,
    "min_us": 34.798,
    "p50_us": 1768.447,
    "p99_us": 3690.495,
    "p999_us": 4747.263,
    "nil_replies": 0,
    "err_replies": 0,
    "hit_ratio": 1,
    "value_ops_per_sec": 4188584.872673409,
    "bytes_per_sec": 4472524153.531061,
    "resp_ver": 2,
    "used_memory": 1073449984,
    "bytes_per_key": 1073.449984,
    "distinct_keys_est": 1000000,
    "key_draws": 33513472
  },
  "redis": {
    "target": "redis",
    "version": "redis 8.8.0",
    "workload": "set",
    "skipped": false,
    "ops": 24531040,
    "errors": 0,
    "ops_per_sec": 3065526.937425961,
    "min_us": 64.452,
    "p50_us": 2646.015,
    "p99_us": 4065.279,
    "p999_us": 6103.039,
    "nil_replies": 0,
    "err_replies": 0,
    "hit_ratio": 1,
    "value_ops_per_sec": 3065526.937425961,
    "bytes_per_sec": 3273334785.1143374,
    "resp_ver": 2,
    "used_memory": 1327484728,
    "bytes_per_key": 1327.484728,
    "distinct_keys_est": 1000000,
    "key_draws": 24531040,
    "maxmemory_policy": "noeviction"
  },
  "valkey": {
    "target": "valkey",
    "version": "valkey 9.1.0",
    "workload": "set",
    "skipped": false,
    "ops": 16424528,
    "errors": 0,
    "ops_per_sec": 2052175.7530756954,
    "min_us": 82.52,
    "p50_us": 3944.447,
    "p99_us": 4825.087,
    "p999_us": 6848.511,
    "nil_replies": 0,
    "err_replies": 0,
    "hit_ratio": 1,
    "value_ops_per_sec": 2052175.7530756954,
    "bytes_per_sec": 2191290135.6196938,
    "resp_ver": 2,
    "used_memory": 1331063528,
    "bytes_per_key": 1331.063528,
    "distinct_keys_est": 1000000,
    "key_draws": 16424528,
    "maxmemory_policy": "noeviction"
  },
  "gate": {
    "pass": false,
    "reason": "aki is 1.37x Redis, below the 2.0x bar",
    "required_speedup": 2,
    "speedup_vs_redis": 1.3663506986470813,
    "speedup_vs_valkey": 2.041045883324454,
    "tail_regressed_vs_redis": false,
    "tail_regressed_vs_valkey": false
  },
  "generator_bound": false
}
