{
  "workload": "set",
  "cell": {
    "keyspace": 1000000,
    "value_size": 64,
    "dist": "uniform",
    "pipeline": 1,
    "connections": 512
  },
  "timestamp": "2026-07-11T02:11:30.118762606Z",
  "aki": {
    "target": "aki",
    "version": "unknown",
    "workload": "set",
    "skipped": false,
    "ops": 7544032,
    "errors": 0,
    "ops_per_sec": 942928.2392519569,
    "min_us": 7.531,
    "p50_us": 454.143,
    "p99_us": 2046.975,
    "p999_us": 4546.559,
    "nil_replies": 0,
    "err_replies": 0,
    "hit_ratio": 1,
    "value_ops_per_sec": 942928.2392519569,
    "bytes_per_sec": 99751433.97134827,
    "resp_ver": 2,
    "used_memory": 113399472,
    "bytes_per_key": 113.399472,
    "distinct_keys_est": 999484,
    "key_draws": 7544032
  },
  "redis": {
    "target": "redis",
    "version": "redis 8.8.0",
    "workload": "set",
    "skipped": false,
    "ops": 8303063,
    "errors": 0,
    "ops_per_sec": 1037818.5584002075,
    "min_us": 22.872,
    "p50_us": 475.391,
    "p99_us": 962.559,
    "p999_us": 1419.263,
    "nil_replies": 0,
    "err_replies": 0,
    "hit_ratio": 1,
    "value_ops_per_sec": 1037818.5584002075,
    "bytes_per_sec": 109789633.52076553,
    "resp_ver": 2,
    "used_memory": 127467008,
    "bytes_per_key": 127.467008,
    "distinct_keys_est": 999763,
    "key_draws": 8303063,
    "maxmemory_policy": "noeviction"
  },
  "valkey": {
    "target": "valkey",
    "version": "valkey 9.1.0",
    "workload": "set",
    "skipped": false,
    "ops": 8045891,
    "errors": 0,
    "ops_per_sec": 1005678.4402535432,
    "min_us": 7.987,
    "p50_us": 496.127,
    "p99_us": 927.231,
    "p999_us": 1330.175,
    "nil_replies": 0,
    "err_replies": 0,
    "hit_ratio": 1,
    "value_ops_per_sec": 1005678.4402535432,
    "bytes_per_sec": 106389664.0191313,
    "resp_ver": 2,
    "used_memory": 115039096,
    "bytes_per_key": 115.039096,
    "distinct_keys_est": 999689,
    "key_draws": 8045891,
    "maxmemory_policy": "noeviction"
  },
  "gate": {
    "pass": false,
    "reason": "aki is 0.91x Redis, below the 2.0x bar",
    "required_speedup": 2,
    "speedup_vs_redis": 0.9085675252382038,
    "speedup_vs_valkey": 0.9376041103299717,
    "tail_regressed_vs_redis": true,
    "tail_regressed_vs_valkey": true
  },
  "generator_bound": false
}
