{
  "workload": "set",
  "cell": {
    "keyspace": 1000000,
    "value_size": 64,
    "dist": "uniform",
    "pipeline": 1,
    "connections": 512
  },
  "timestamp": "2026-07-11T02:07:32.692876958Z",
  "aki": {
    "target": "aki",
    "version": "unknown",
    "workload": "set",
    "skipped": false,
    "ops": 8116936,
    "errors": 0,
    "ops_per_sec": 1014545.9196446873,
    "min_us": 30.97,
    "p50_us": 475.903,
    "p99_us": 1027.071,
    "p999_us": 1499.135,
    "nil_replies": 0,
    "err_replies": 0,
    "hit_ratio": 1,
    "value_ops_per_sec": 1014545.9196446873,
    "bytes_per_sec": 107327740.35935076,
    "resp_ver": 2,
    "used_memory": 113422256,
    "bytes_per_key": 113.422256,
    "distinct_keys_est": 999715,
    "key_draws": 8116936
  },
  "redis": {
    "target": "redis",
    "version": "redis 8.8.0",
    "workload": "set",
    "skipped": false,
    "ops": 8219746,
    "errors": 0,
    "ops_per_sec": 1027421.4105000336,
    "min_us": 31.961,
    "p50_us": 478.975,
    "p99_us": 966.655,
    "p999_us": 1463.295,
    "nil_replies": 0,
    "err_replies": 0,
    "hit_ratio": 1,
    "value_ops_per_sec": 1027421.4105000336,
    "bytes_per_sec": 108689767.77641818,
    "resp_ver": 2,
    "used_memory": 127463176,
    "bytes_per_key": 127.463176,
    "distinct_keys_est": 999740,
    "key_draws": 8219746,
    "maxmemory_policy": "noeviction"
  },
  "valkey": {
    "target": "valkey",
    "version": "valkey 9.1.0",
    "workload": "set",
    "skipped": false,
    "ops": 8252051,
    "errors": 0,
    "ops_per_sec": 1031444.5533078084,
    "min_us": 10.762,
    "p50_us": 484.607,
    "p99_us": 928.767,
    "p999_us": 1359.871,
    "nil_replies": 0,
    "err_replies": 0,
    "hit_ratio": 1,
    "value_ops_per_sec": 1031444.5533078084,
    "bytes_per_sec": 109115371.8269588,
    "resp_ver": 2,
    "used_memory": 115045720,
    "bytes_per_key": 115.04572,
    "distinct_keys_est": 999756,
    "key_draws": 8252051,
    "maxmemory_policy": "noeviction"
  },
  "gate": {
    "pass": false,
    "reason": "aki is 0.99x Redis, below the 2.0x bar",
    "required_speedup": 2,
    "speedup_vs_redis": 0.987468150143883,
    "speedup_vs_valkey": 0.9836165370121664,
    "tail_regressed_vs_redis": true,
    "tail_regressed_vs_valkey": true
  },
  "generator_bound": false
}
