{
  "workload": "set",
  "cell": {
    "keyspace": 1000000,
    "value_size": 64,
    "dist": "uniform",
    "pipeline": 16,
    "connections": 512
  },
  "timestamp": "2026-07-11T01:35:36.255145979Z",
  "aki": {
    "target": "aki",
    "version": "unknown",
    "workload": "set",
    "skipped": false,
    "ops": 36850784,
    "errors": 0,
    "ops_per_sec": 4606072.060010787,
    "min_us": 34.821,
    "p50_us": 1722.367,
    "p99_us": 3868.671,
    "p999_us": 6246.399,
    "nil_replies": 0,
    "err_replies": 0,
    "hit_ratio": 1,
    "value_ops_per_sec": 4606072.060010787,
    "bytes_per_sec": 487271121.62255466,
    "resp_ver": 2,
    "used_memory": 113449984,
    "bytes_per_key": 113.449984,
    "distinct_keys_est": 1000000,
    "key_draws": 36850784
  },
  "redis": {
    "target": "redis",
    "version": "redis 8.8.0",
    "workload": "set",
    "skipped": false,
    "ops": 29738608,
    "errors": 0,
    "ops_per_sec": 3716343.4615020747,
    "min_us": 66.513,
    "p50_us": 2193.407,
    "p99_us": 3000.319,
    "p999_us": 4444.159,
    "nil_replies": 0,
    "err_replies": 0,
    "hit_ratio": 1,
    "value_ops_per_sec": 3716343.4615020747,
    "bytes_per_sec": 393147284.3673737,
    "resp_ver": 2,
    "used_memory": 127488512,
    "bytes_per_key": 127.488512,
    "distinct_keys_est": 1000000,
    "key_draws": 29738608,
    "maxmemory_policy": "noeviction"
  },
  "valkey": {
    "target": "valkey",
    "version": "valkey 9.1.0",
    "workload": "set",
    "skipped": false,
    "ops": 23558624,
    "errors": 0,
    "ops_per_sec": 2943862.682771469,
    "min_us": 38.35,
    "p50_us": 2760.703,
    "p99_us": 3289.087,
    "p999_us": 4210.687,
    "nil_replies": 0,
    "err_replies": 0,
    "hit_ratio": 1,
    "value_ops_per_sec": 2943862.682771469,
    "bytes_per_sec": 311427284.3852466,
    "resp_ver": 2,
    "used_memory": 115068504,
    "bytes_per_key": 115.068504,
    "distinct_keys_est": 1000000,
    "key_draws": 23558624,
    "maxmemory_policy": "noeviction"
  },
  "gate": {
    "pass": false,
    "reason": "aki is 1.24x Redis, below the 2.0x bar",
    "required_speedup": 2,
    "speedup_vs_redis": 1.2394096798978589,
    "speedup_vs_valkey": 1.5646354998034244,
    "tail_regressed_vs_redis": true,
    "tail_regressed_vs_valkey": true
  },
  "generator_bound": false
}
