{
  "workload": "set",
  "cell": {
    "keyspace": 1000000,
    "value_size": 1024,
    "dist": "uniform",
    "pipeline": 16,
    "connections": 512
  },
  "timestamp": "2026-07-11T01:55:52.306751494Z",
  "aki": {
    "target": "aki",
    "version": "unknown",
    "workload": "set",
    "skipped": false,
    "ops": 28349200,
    "errors": 0,
    "ops_per_sec": 3542915.9556433563,
    "min_us": 31.269,
    "p50_us": 2263.039,
    "p99_us": 4755.455,
    "p999_us": 6578.175,
    "nil_replies": 0,
    "err_replies": 0,
    "hit_ratio": 1,
    "value_ops_per_sec": 3542915.9556433563,
    "bytes_per_sec": 3783085721.0852485,
    "resp_ver": 2,
    "used_memory": 1073449984,
    "bytes_per_key": 1073.449984,
    "distinct_keys_est": 1000000,
    "key_draws": 28349200
  },
  "redis": {
    "target": "redis",
    "version": "redis 8.8.0",
    "workload": "set",
    "skipped": false,
    "ops": 24461472,
    "errors": 0,
    "ops_per_sec": 3056798.9371104483,
    "min_us": 70.782,
    "p50_us": 2658.303,
    "p99_us": 3989.503,
    "p999_us": 5312.511,
    "nil_replies": 0,
    "err_replies": 0,
    "hit_ratio": 1,
    "value_ops_per_sec": 3056798.9371104483,
    "bytes_per_sec": 3264015178.5262227,
    "resp_ver": 2,
    "used_memory": 1327484880,
    "bytes_per_key": 1327.48488,
    "distinct_keys_est": 1000000,
    "key_draws": 24461472,
    "maxmemory_policy": "noeviction"
  },
  "valkey": {
    "target": "valkey",
    "version": "valkey 9.1.0",
    "workload": "set",
    "skipped": false,
    "ops": 16670048,
    "errors": 0,
    "ops_per_sec": 2082736.160122258,
    "min_us": 65.134,
    "p50_us": 3897.343,
    "p99_us": 4640.767,
    "p999_us": 6041.599,
    "nil_replies": 0,
    "err_replies": 0,
    "hit_ratio": 1,
    "value_ops_per_sec": 2082736.160122258,
    "bytes_per_sec": 2223922182.980154,
    "resp_ver": 2,
    "used_memory": 1331063528,
    "bytes_per_key": 1331.063528,
    "distinct_keys_est": 1000000,
    "key_draws": 16670048,
    "maxmemory_policy": "noeviction"
  },
  "gate": {
    "pass": false,
    "reason": "aki is 1.16x Redis, below the 2.0x bar",
    "required_speedup": 2,
    "speedup_vs_redis": 1.1590281299274554,
    "speedup_vs_valkey": 1.7010872637057326,
    "tail_regressed_vs_redis": true,
    "tail_regressed_vs_valkey": true
  },
  "generator_bound": false
}
