{
  "workload": "set",
  "cell": {
    "keyspace": 1000000,
    "value_size": 64,
    "dist": "uniform",
    "pipeline": 1,
    "connections": 512
  },
  "timestamp": "2026-07-11T02:13:11.857814127Z",
  "aki": {
    "target": "aki",
    "version": "unknown",
    "workload": "set",
    "skipped": false,
    "ops": 8164525,
    "errors": 0,
    "ops_per_sec": 1020508.4619838834,
    "min_us": 30.183,
    "p50_us": 476.671,
    "p99_us": 999.423,
    "p999_us": 1355.775,
    "nil_replies": 0,
    "err_replies": 0,
    "hit_ratio": 1,
    "value_ops_per_sec": 1020508.4619838834,
    "bytes_per_sec": 107958477.41185664,
    "resp_ver": 2,
    "used_memory": 113423664,
    "bytes_per_key": 113.423664,
    "distinct_keys_est": 999729,
    "key_draws": 8164525
  },
  "redis": {
    "target": "redis",
    "version": "redis 8.8.0",
    "workload": "set",
    "skipped": false,
    "ops": 8331089,
    "errors": 0,
    "ops_per_sec": 1041298.9454998472,
    "min_us": 32.62,
    "p50_us": 474.367,
    "p99_us": 964.607,
    "p999_us": 1367.039,
    "nil_replies": 0,
    "err_replies": 0,
    "hit_ratio": 1,
    "value_ops_per_sec": 1041298.9454998472,
    "bytes_per_sec": 110157858.00258203,
    "resp_ver": 2,
    "used_memory": 127468168,
    "bytes_per_key": 127.468168,
    "distinct_keys_est": 999769,
    "key_draws": 8331089,
    "maxmemory_policy": "noeviction"
  },
  "valkey": {
    "target": "valkey",
    "version": "valkey 9.1.0",
    "workload": "set",
    "skipped": false,
    "ops": 8009365,
    "errors": 0,
    "ops_per_sec": 1001109.8771520994,
    "min_us": 10.208,
    "p50_us": 497.919,
    "p99_us": 952.319,
    "p999_us": 1399.807,
    "nil_replies": 0,
    "err_replies": 0,
    "hit_ratio": 1,
    "value_ops_per_sec": 1001109.8771520994,
    "bytes_per_sec": 105906354.29946792,
    "resp_ver": 2,
    "used_memory": 115037016,
    "bytes_per_key": 115.037016,
    "distinct_keys_est": 999670,
    "key_draws": 8009365,
    "maxmemory_policy": "noeviction"
  },
  "gate": {
    "pass": false,
    "reason": "aki is 0.98x Redis, below the 2.0x bar",
    "required_speedup": 2,
    "speedup_vs_redis": 0.9800340876116187,
    "speedup_vs_valkey": 1.0193770786549106,
    "tail_regressed_vs_redis": true,
    "tail_regressed_vs_valkey": true
  },
  "generator_bound": false
}
