{
  "workload": "set",
  "cell": {
    "keyspace": 1000000,
    "value_size": 64,
    "dist": "uniform",
    "pipeline": 16,
    "connections": 512
  },
  "timestamp": "2026-07-11T01:37:18.026868815Z",
  "aki": {
    "target": "aki",
    "version": "unknown",
    "workload": "set",
    "skipped": false,
    "ops": 55815200,
    "errors": 0,
    "ops_per_sec": 6975936.338050317,
    "min_us": 35.418,
    "p50_us": 1069.055,
    "p99_us": 2582.527,
    "p999_us": 3883.007,
    "nil_replies": 0,
    "err_replies": 0,
    "hit_ratio": 1,
    "value_ops_per_sec": 6975936.338050317,
    "bytes_per_sec": 737976366.4240128,
    "resp_ver": 2,
    "used_memory": 113449984,
    "bytes_per_key": 113.449984,
    "distinct_keys_est": 1000000,
    "key_draws": 55815200
  },
  "redis": {
    "target": "redis",
    "version": "redis 8.8.0",
    "workload": "set",
    "skipped": false,
    "ops": 29446384,
    "errors": 0,
    "ops_per_sec": 3679828.7469074223,
    "min_us": 48.802,
    "p50_us": 2213.887,
    "p99_us": 2871.295,
    "p999_us": 4251.647,
    "nil_replies": 0,
    "err_replies": 0,
    "hit_ratio": 1,
    "value_ops_per_sec": 3679828.7469074223,
    "bytes_per_sec": 389284343.83864915,
    "resp_ver": 2,
    "used_memory": 127488968,
    "bytes_per_key": 127.488968,
    "distinct_keys_est": 1000000,
    "key_draws": 29446384,
    "maxmemory_policy": "noeviction"
  },
  "valkey": {
    "target": "valkey",
    "version": "valkey 9.1.0",
    "workload": "set",
    "skipped": false,
    "ops": 23525072,
    "errors": 0,
    "ops_per_sec": 2939585.439952468,
    "min_us": 25.171,
    "p50_us": 2764.799,
    "p99_us": 3364.863,
    "p999_us": 4337.663,
    "nil_replies": 0,
    "err_replies": 0,
    "hit_ratio": 1,
    "value_ops_per_sec": 2939585.439952468,
    "bytes_per_sec": 310974803.86292213,
    "resp_ver": 2,
    "used_memory": 115068504,
    "bytes_per_key": 115.068504,
    "distinct_keys_est": 1000000,
    "key_draws": 23525072,
    "maxmemory_policy": "noeviction"
  },
  "gate": {
    "pass": false,
    "reason": "aki is 1.90x Redis, below the 2.0x bar",
    "required_speedup": 2,
    "speedup_vs_redis": 1.895723094155669,
    "speedup_vs_valkey": 2.37310208549785,
    "tail_regressed_vs_redis": false,
    "tail_regressed_vs_valkey": false
  },
  "generator_bound": false
}
