{
  "workload": "set",
  "cell": {
    "keyspace": 1000000,
    "value_size": 64,
    "dist": "uniform",
    "pipeline": 16,
    "connections": 512
  },
  "timestamp": "2026-07-11T01:33:20.562044551Z",
  "aki": {
    "target": "aki",
    "version": "unknown",
    "workload": "set",
    "skipped": false,
    "ops": 37539440,
    "errors": 0,
    "ops_per_sec": 4691526.094809688,
    "min_us": 30.617,
    "p50_us": 1690.623,
    "p99_us": 3729.407,
    "p999_us": 5971.967,
    "nil_replies": 0,
    "err_replies": 0,
    "hit_ratio": 1,
    "value_ops_per_sec": 4691526.094809688,
    "bytes_per_sec": 496311224.0202072,
    "resp_ver": 2,
    "used_memory": 113449984,
    "bytes_per_key": 113.449984,
    "distinct_keys_est": 1000000,
    "key_draws": 37539440
  },
  "redis": {
    "target": "redis",
    "version": "redis 8.8.0",
    "workload": "set",
    "skipped": false,
    "ops": 29440304,
    "errors": 0,
    "ops_per_sec": 3678935.7264749724,
    "min_us": 56.554,
    "p50_us": 2211.839,
    "p99_us": 2869.247,
    "p999_us": 3897.343,
    "nil_replies": 0,
    "err_replies": 0,
    "hit_ratio": 1,
    "value_ops_per_sec": 3678935.7264749724,
    "bytes_per_sec": 389189860.0321118,
    "resp_ver": 2,
    "used_memory": 127487904,
    "bytes_per_key": 127.487904,
    "distinct_keys_est": 1000000,
    "key_draws": 29440304,
    "maxmemory_policy": "noeviction"
  },
  "valkey": {
    "target": "valkey",
    "version": "valkey 9.1.0",
    "workload": "set",
    "skipped": false,
    "ops": 23559584,
    "errors": 0,
    "ops_per_sec": 2943929.146969251,
    "min_us": 60.145,
    "p50_us": 2756.607,
    "p99_us": 3350.527,
    "p999_us": 5070.847,
    "nil_replies": 0,
    "err_replies": 0,
    "hit_ratio": 1,
    "value_ops_per_sec": 2943929.146969251,
    "bytes_per_sec": 311434314.2799788,
    "resp_ver": 2,
    "used_memory": 115068504,
    "bytes_per_key": 115.068504,
    "distinct_keys_est": 1000000,
    "key_draws": 23559584,
    "maxmemory_policy": "noeviction"
  },
  "gate": {
    "pass": false,
    "reason": "aki is 1.28x Redis, below the 2.0x bar",
    "required_speedup": 2,
    "speedup_vs_redis": 1.2752400269044504,
    "speedup_vs_valkey": 1.5936273804821601,
    "tail_regressed_vs_redis": true,
    "tail_regressed_vs_valkey": true
  },
  "generator_bound": false
}
