{
  "workload": "set",
  "cell": {
    "keyspace": 1000000,
    "value_size": 64,
    "dist": "uniform",
    "pipeline": 16,
    "connections": 512
  },
  "timestamp": "2026-07-11T01:36:10.177632192Z",
  "aki": {
    "target": "aki",
    "version": "unknown",
    "workload": "set",
    "skipped": false,
    "ops": 56072176,
    "errors": 0,
    "ops_per_sec": 7008419.32412101,
    "min_us": 24.764,
    "p50_us": 1063.935,
    "p99_us": 2541.567,
    "p999_us": 3796.991,
    "nil_replies": 0,
    "err_replies": 0,
    "hit_ratio": 1,
    "value_ops_per_sec": 7008419.32412101,
    "bytes_per_sec": 741412708.1043155,
    "resp_ver": 2,
    "used_memory": 113449984,
    "bytes_per_key": 113.449984,
    "distinct_keys_est": 1000000,
    "key_draws": 56072176
  },
  "redis": {
    "target": "redis",
    "version": "redis 8.8.0",
    "workload": "set",
    "skipped": false,
    "ops": 29454960,
    "errors": 0,
    "ops_per_sec": 3680782.102520606,
    "min_us": 99.457,
    "p50_us": 2213.887,
    "p99_us": 2877.439,
    "p999_us": 3721.215,
    "nil_replies": 0,
    "err_replies": 0,
    "hit_ratio": 1,
    "value_ops_per_sec": 3680782.102520606,
    "bytes_per_sec": 389385197.35199285,
    "resp_ver": 2,
    "used_memory": 127488664,
    "bytes_per_key": 127.488664,
    "distinct_keys_est": 1000000,
    "key_draws": 29454960,
    "maxmemory_policy": "noeviction"
  },
  "valkey": {
    "target": "valkey",
    "version": "valkey 9.1.0",
    "workload": "set",
    "skipped": false,
    "ops": 23594000,
    "errors": 0,
    "ops_per_sec": 2948216.3395047067,
    "min_us": 37.45,
    "p50_us": 2754.559,
    "p99_us": 3299.327,
    "p999_us": 4726.783,
    "nil_replies": 0,
    "err_replies": 0,
    "hit_ratio": 1,
    "value_ops_per_sec": 2948216.3395047067,
    "bytes_per_sec": 311887870.06135917,
    "resp_ver": 2,
    "used_memory": 115068504,
    "bytes_per_key": 115.068504,
    "distinct_keys_est": 1000000,
    "key_draws": 23594000,
    "maxmemory_policy": "noeviction"
  },
  "gate": {
    "pass": false,
    "reason": "aki is 1.90x Redis, below the 2.0x bar",
    "required_speedup": 2,
    "speedup_vs_redis": 1.9040571076787272,
    "speedup_vs_valkey": 2.3771726756315337,
    "tail_regressed_vs_redis": false,
    "tail_regressed_vs_valkey": false
  },
  "generator_bound": false
}
