{
  "workload": "set",
  "cell": {
    "keyspace": 1000000,
    "value_size": 64,
    "dist": "uniform",
    "pipeline": 1,
    "connections": 512
  },
  "timestamp": "2026-07-11T02:09:14.456549084Z",
  "aki": {
    "target": "aki",
    "version": "unknown",
    "workload": "set",
    "skipped": false,
    "ops": 7498447,
    "errors": 0,
    "ops_per_sec": 937239.171688151,
    "min_us": 8.799,
    "p50_us": 455.167,
    "p99_us": 2077.695,
    "p999_us": 4599.807,
    "nil_replies": 0,
    "err_replies": 0,
    "hit_ratio": 1,
    "value_ops_per_sec": 937239.171688151,
    "bytes_per_sec": 99149594.14838445,
    "resp_ver": 2,
    "used_memory": 113396208,
    "bytes_per_key": 113.396208,
    "distinct_keys_est": 999450,
    "key_draws": 7498447
  },
  "redis": {
    "target": "redis",
    "version": "redis 8.8.0",
    "workload": "set",
    "skipped": false,
    "ops": 8345153,
    "errors": 0,
    "ops_per_sec": 1043094.5205096903,
    "min_us": 29.487,
    "p50_us": 471.039,
    "p99_us": 978.943,
    "p999_us": 1480.703,
    "nil_replies": 0,
    "err_replies": 0,
    "hit_ratio": 1,
    "value_ops_per_sec": 1043094.5205096903,
    "bytes_per_sec": 110347809.8961069,
    "resp_ver": 2,
    "used_memory": 127467776,
    "bytes_per_key": 127.467776,
    "distinct_keys_est": 999775,
    "key_draws": 8345153,
    "maxmemory_policy": "noeviction"
  },
  "valkey": {
    "target": "valkey",
    "version": "valkey 9.1.0",
    "workload": "set",
    "skipped": false,
    "ops": 8037753,
    "errors": 0,
    "ops_per_sec": 1004659.2361326925,
    "min_us": 9.081,
    "p50_us": 496.127,
    "p99_us": 951.295,
    "p999_us": 1440.767,
    "nil_replies": 0,
    "err_replies": 0,
    "hit_ratio": 1,
    "value_ops_per_sec": 1004659.2361326925,
    "bytes_per_sec": 106281822.29600589,
    "resp_ver": 2,
    "used_memory": 115038424,
    "bytes_per_key": 115.038424,
    "distinct_keys_est": 999682,
    "key_draws": 8037753,
    "maxmemory_policy": "noeviction"
  },
  "gate": {
    "pass": false,
    "reason": "aki is 0.90x Redis, below the 2.0x bar",
    "required_speedup": 2,
    "speedup_vs_redis": 0.8985179705768036,
    "speedup_vs_valkey": 0.9328926047561494,
    "tail_regressed_vs_redis": true,
    "tail_regressed_vs_valkey": true
  },
  "generator_bound": false
}
