{
  "workload": "set",
  "cell": {
    "keyspace": 1000000,
    "value_size": 1024,
    "dist": "uniform",
    "pipeline": 16,
    "connections": 512
  },
  "timestamp": "2026-07-11T01:50:12.160592203Z",
  "aki": {
    "target": "aki",
    "version": "unknown",
    "workload": "set",
    "skipped": false,
    "ops": 38339632,
    "errors": 0,
    "ops_per_sec": 4792103.8349826485,
    "min_us": 29.91,
    "p50_us": 1634.303,
    "p99_us": 3815.423,
    "p999_us": 5595.135,
    "nil_replies": 0,
    "err_replies": 0,
    "hit_ratio": 1,
    "value_ops_per_sec": 4792103.8349826485,
    "bytes_per_sec": 5116955279.806511,
    "resp_ver": 2,
    "used_memory": 1073449984,
    "bytes_per_key": 1073.449984,
    "distinct_keys_est": 1000000,
    "key_draws": 38339632
  },
  "redis": {
    "target": "redis",
    "version": "redis 8.8.0",
    "workload": "set",
    "skipped": false,
    "ops": 25307472,
    "errors": 0,
    "ops_per_sec": 3162579.9551661694,
    "min_us": 85.912,
    "p50_us": 2574.335,
    "p99_us": 3512.319,
    "p999_us": 6090.751,
    "nil_replies": 0,
    "err_replies": 0,
    "hit_ratio": 1,
    "value_ops_per_sec": 3162579.9551661694,
    "bytes_per_sec": 3376966976.246086,
    "resp_ver": 2,
    "used_memory": 1327482992,
    "bytes_per_key": 1327.482992,
    "distinct_keys_est": 1000000,
    "key_draws": 25307472,
    "maxmemory_policy": "noeviction"
  },
  "valkey": {
    "target": "valkey",
    "version": "valkey 9.1.0",
    "workload": "set",
    "skipped": false,
    "ops": 17220000,
    "errors": 0,
    "ops_per_sec": 2151500.583873029,
    "min_us": 78.337,
    "p50_us": 3766.271,
    "p99_us": 4546.559,
    "p999_us": 6725.631,
    "nil_replies": 0,
    "err_replies": 0,
    "hit_ratio": 1,
    "value_ops_per_sec": 2151500.583873029,
    "bytes_per_sec": 2297348096.7134404,
    "resp_ver": 2,
    "used_memory": 1331063176,
    "bytes_per_key": 1331.063176,
    "distinct_keys_est": 1000000,
    "key_draws": 17220000,
    "maxmemory_policy": "noeviction"
  },
  "gate": {
    "pass": false,
    "reason": "aki is 1.52x Redis, below the 2.0x bar",
    "required_speedup": 2,
    "speedup_vs_redis": 1.5152514412021751,
    "speedup_vs_valkey": 2.227330947945239,
    "tail_regressed_vs_redis": true,
    "tail_regressed_vs_valkey": false
  },
  "generator_bound": false
}
