{
  "workload": "set",
  "cell": {
    "keyspace": 1000000,
    "value_size": 1024,
    "dist": "uniform",
    "pipeline": 16,
    "connections": 512
  },
  "timestamp": "2026-07-11T01:52:28.204859692Z",
  "aki": {
    "target": "aki",
    "version": "unknown",
    "workload": "set",
    "skipped": false,
    "ops": 31589408,
    "errors": 0,
    "ops_per_sec": 3946612.4776532203,
    "min_us": 35.477,
    "p50_us": 2030.591,
    "p99_us": 4313.087,
    "p999_us": 6451.199,
    "nil_replies": 0,
    "err_replies": 0,
    "hit_ratio": 1,
    "value_ops_per_sec": 3946612.4776532203,
    "bytes_per_sec": 4214148615.567245,
    "resp_ver": 2,
    "used_memory": 1073449984,
    "bytes_per_key": 1073.449984,
    "distinct_keys_est": 1000000,
    "key_draws": 31589408
  },
  "redis": {
    "target": "redis",
    "version": "redis 8.8.0",
    "workload": "set",
    "skipped": false,
    "ops": 24635968,
    "errors": 0,
    "ops_per_sec": 3078601.148776463,
    "min_us": 87.739,
    "p50_us": 2646.015,
    "p99_us": 3784.703,
    "p999_us": 5148.671,
    "nil_replies": 0,
    "err_replies": 0,
    "hit_ratio": 1,
    "value_ops_per_sec": 3078601.148776463,
    "bytes_per_sec": 3287295321.7824965,
    "resp_ver": 2,
    "used_memory": 1327483600,
    "bytes_per_key": 1327.4836,
    "distinct_keys_est": 1000000,
    "key_draws": 24635968,
    "maxmemory_policy": "noeviction"
  },
  "valkey": {
    "target": "valkey",
    "version": "valkey 9.1.0",
    "workload": "set",
    "skipped": false,
    "ops": 16701264,
    "errors": 0,
    "ops_per_sec": 2086662.5717051402,
    "min_us": 47.626,
    "p50_us": 3891.199,
    "p99_us": 4599.807,
    "p999_us": 5648.383,
    "nil_replies": 0,
    "err_replies": 0,
    "hit_ratio": 1,
    "value_ops_per_sec": 2086662.5717051402,
    "bytes_per_sec": 2228114758.3942823,
    "resp_ver": 2,
    "used_memory": 1331063176,
    "bytes_per_key": 1331.063176,
    "distinct_keys_est": 1000000,
    "key_draws": 16701264,
    "maxmemory_policy": "noeviction"
  },
  "gate": {
    "pass": false,
    "reason": "aki is 1.28x Redis, below the 2.0x bar",
    "required_speedup": 2,
    "speedup_vs_redis": 1.2819499139151993,
    "speedup_vs_valkey": 1.8913515444081603,
    "tail_regressed_vs_redis": true,
    "tail_regressed_vs_valkey": false
  },
  "generator_bound": false
}
