{
  "workload": "set",
  "cell": {
    "keyspace": 1000000,
    "value_size": 1024,
    "dist": "uniform",
    "pipeline": 16,
    "connections": 512
  },
  "timestamp": "2026-07-11T01:51:54.187345327Z",
  "aki": {
    "target": "aki",
    "version": "unknown",
    "workload": "set",
    "skipped": false,
    "ops": 35671696,
    "errors": 0,
    "ops_per_sec": 4458130.503491734,
    "min_us": 34.711,
    "p50_us": 1651.711,
    "p99_us": 3862.527,
    "p999_us": 5660.671,
    "nil_replies": 0,
    "err_replies": 0,
    "hit_ratio": 1,
    "value_ops_per_sec": 4458130.503491734,
    "bytes_per_sec": 4760342013.93017,
    "resp_ver": 2,
    "used_memory": 1073449984,
    "bytes_per_key": 1073.449984,
    "distinct_keys_est": 1000000,
    "key_draws": 35671696
  },
  "redis": {
    "target": "redis",
    "version": "redis 8.8.0",
    "workload": "set",
    "skipped": false,
    "ops": 24668848,
    "errors": 0,
    "ops_per_sec": 3082776.5446747662,
    "min_us": 98.279,
    "p50_us": 2637.823,
    "p99_us": 3794.943,
    "p999_us": 5201.919,
    "nil_replies": 0,
    "err_replies": 0,
    "hit_ratio": 1,
    "value_ops_per_sec": 3082776.5446747662,
    "bytes_per_sec": 3291753792.521361,
    "resp_ver": 2,
    "used_memory": 1327483448,
    "bytes_per_key": 1327.483448,
    "distinct_keys_est": 1000000,
    "key_draws": 24668848,
    "maxmemory_policy": "noeviction"
  },
  "valkey": {
    "target": "valkey",
    "version": "valkey 9.1.0",
    "workload": "set",
    "skipped": false,
    "ops": 16938448,
    "errors": 0,
    "ops_per_sec": 2116365.3507325696,
    "min_us": 82.336,
    "p50_us": 3831.807,
    "p99_us": 4472.831,
    "p999_us": 5591.039,
    "nil_replies": 0,
    "err_replies": 0,
    "hit_ratio": 1,
    "value_ops_per_sec": 2116365.3507325696,
    "bytes_per_sec": 2259831073.0620275,
    "resp_ver": 2,
    "used_memory": 1331063176,
    "bytes_per_key": 1331.063176,
    "distinct_keys_est": 1000000,
    "key_draws": 16938448,
    "maxmemory_policy": "noeviction"
  },
  "gate": {
    "pass": false,
    "reason": "aki is 1.45x Redis, below the 2.0x bar",
    "required_speedup": 2,
    "speedup_vs_redis": 1.4461413076444916,
    "speedup_vs_valkey": 2.1065032566085877,
    "tail_regressed_vs_redis": true,
    "tail_regressed_vs_valkey": false
  },
  "generator_bound": false
}
