{
  "workload": "set",
  "cell": {
    "keyspace": 1000000,
    "value_size": 64,
    "dist": "uniform",
    "pipeline": 1,
    "connections": 512
  },
  "timestamp": "2026-07-11T02:12:37.931229711Z",
  "aki": {
    "target": "aki",
    "version": "unknown",
    "workload": "set",
    "skipped": false,
    "ops": 6169088,
    "errors": 0,
    "ops_per_sec": 771058.3893105886,
    "min_us": 7.405,
    "p50_us": 550.399,
    "p99_us": 2598.911,
    "p999_us": 5283.839,
    "nil_replies": 0,
    "err_replies": 0,
    "hit_ratio": 1,
    "value_ops_per_sec": 771058.3893105886,
    "bytes_per_sec": 81569637.37854208,
    "resp_ver": 2,
    "used_memory": 113242600,
    "bytes_per_key": 113.2426,
    "distinct_keys_est": 997903,
    "key_draws": 6169088
  },
  "redis": {
    "target": "redis",
    "version": "redis 8.8.0",
    "workload": "set",
    "skipped": false,
    "ops": 8310394,
    "errors": 0,
    "ops_per_sec": 1038707.368932428,
    "min_us": 24.899,
    "p50_us": 473.855,
    "p99_us": 978.431,
    "p999_us": 1485.823,
    "nil_replies": 0,
    "err_replies": 0,
    "hit_ratio": 1,
    "value_ops_per_sec": 1038707.368932428,
    "bytes_per_sec": 109883679.00567074,
    "resp_ver": 2,
    "used_memory": 127467040,
    "bytes_per_key": 127.46704,
    "distinct_keys_est": 999761,
    "key_draws": 8310394,
    "maxmemory_policy": "noeviction"
  },
  "valkey": {
    "target": "valkey",
    "version": "valkey 9.1.0",
    "workload": "set",
    "skipped": false,
    "ops": 8046835,
    "errors": 0,
    "ops_per_sec": 1005781.8454309485,
    "min_us": 8.401,
    "p50_us": 496.383,
    "p99_us": 936.447,
    "p999_us": 1355.775,
    "nil_replies": 0,
    "err_replies": 0,
    "hit_ratio": 1,
    "value_ops_per_sec": 1005781.8454309485,
    "bytes_per_sec": 106400574.55026767,
    "resp_ver": 2,
    "used_memory": 115038840,
    "bytes_per_key": 115.03884,
    "distinct_keys_est": 999687,
    "key_draws": 8046835,
    "maxmemory_policy": "noeviction"
  },
  "gate": {
    "pass": false,
    "reason": "aki is 0.74x Redis, below the 2.0x bar",
    "required_speedup": 2,
    "speedup_vs_redis": 0.7423249438415691,
    "speedup_vs_valkey": 0.7666258769864873,
    "tail_regressed_vs_redis": true,
    "tail_regressed_vs_valkey": true
  },
  "generator_bound": false
}
