{
  "workload": "set",
  "cell": {
    "keyspace": 1000000,
    "value_size": 64,
    "dist": "uniform",
    "pipeline": 16,
    "connections": 512
  },
  "timestamp": "2026-07-11T01:34:28.392564027Z",
  "aki": {
    "target": "aki",
    "version": "unknown",
    "workload": "set",
    "skipped": false,
    "ops": 37535200,
    "errors": 0,
    "ops_per_sec": 4691485.002965351,
    "min_us": 23.214,
    "p50_us": 1688.575,
    "p99_us": 3790.847,
    "p999_us": 5951.487,
    "nil_replies": 0,
    "err_replies": 0,
    "hit_ratio": 1,
    "value_ops_per_sec": 4691485.002965351,
    "bytes_per_sec": 496306914.6810946,
    "resp_ver": 2,
    "used_memory": 113449984,
    "bytes_per_key": 113.449984,
    "distinct_keys_est": 1000000,
    "key_draws": 37535200
  },
  "redis": {
    "target": "redis",
    "version": "redis 8.8.0",
    "workload": "set",
    "skipped": false,
    "ops": 29580672,
    "errors": 0,
    "ops_per_sec": 3696527.413714217,
    "min_us": 72.152,
    "p50_us": 2203.647,
    "p99_us": 2877.439,
    "p999_us": 4239.359,
    "nil_replies": 0,
    "err_replies": 0,
    "hit_ratio": 1,
    "value_ops_per_sec": 3696527.413714217,
    "bytes_per_sec": 391050914.46113634,
    "resp_ver": 2,
    "used_memory": 127488208,
    "bytes_per_key": 127.488208,
    "distinct_keys_est": 1000000,
    "key_draws": 29580672,
    "maxmemory_policy": "noeviction"
  },
  "valkey": {
    "target": "valkey",
    "version": "valkey 9.1.0",
    "workload": "set",
    "skipped": false,
    "ops": 23699808,
    "errors": 0,
    "ops_per_sec": 2961492.2855497473,
    "min_us": 51.785,
    "p50_us": 2750.463,
    "p99_us": 3162.111,
    "p999_us": 3946.495,
    "nil_replies": 0,
    "err_replies": 0,
    "hit_ratio": 1,
    "value_ops_per_sec": 2961492.2855497473,
    "bytes_per_sec": 313292329.53183794,
    "resp_ver": 2,
    "used_memory": 115068504,
    "bytes_per_key": 115.068504,
    "distinct_keys_est": 1000000,
    "key_draws": 23699808,
    "maxmemory_policy": "noeviction"
  },
  "gate": {
    "pass": false,
    "reason": "aki is 1.27x Redis, below the 2.0x bar",
    "required_speedup": 2,
    "speedup_vs_redis": 1.269160073197297,
    "speedup_vs_valkey": 1.5841624933000498,
    "tail_regressed_vs_redis": true,
    "tail_regressed_vs_valkey": true
  },
  "generator_bound": false
}
