{
  "workload": "set",
  "cell": {
    "keyspace": 1000000,
    "value_size": 64,
    "dist": "uniform",
    "pipeline": 1,
    "connections": 512
  },
  "timestamp": "2026-07-11T02:12:04.020289527Z",
  "aki": {
    "target": "aki",
    "version": "unknown",
    "workload": "set",
    "skipped": false,
    "ops": 8179055,
    "errors": 0,
    "ops_per_sec": 1022313.4141209641,
    "min_us": 23.037,
    "p50_us": 475.135,
    "p99_us": 1003.007,
    "p999_us": 1372.159,
    "nil_replies": 0,
    "err_replies": 0,
    "hit_ratio": 1,
    "value_ops_per_sec": 1022313.4141209641,
    "bytes_per_sec": 108149418.3484575,
    "resp_ver": 2,
    "used_memory": 113423664,
    "bytes_per_key": 113.423664,
    "distinct_keys_est": 999729,
    "key_draws": 8179055
  },
  "redis": {
    "target": "redis",
    "version": "redis 8.8.0",
    "workload": "set",
    "skipped": false,
    "ops": 8327889,
    "errors": 0,
    "ops_per_sec": 1040929.8683356146,
    "min_us": 25.946,
    "p50_us": 473.343,
    "p99_us": 965.119,
    "p999_us": 1423.359,
    "nil_replies": 0,
    "err_replies": 0,
    "hit_ratio": 1,
    "value_ops_per_sec": 1040929.8683356146,
    "bytes_per_sec": 110118827.91923967,
    "resp_ver": 2,
    "used_memory": 127467704,
    "bytes_per_key": 127.467704,
    "distinct_keys_est": 999768,
    "key_draws": 8327889,
    "maxmemory_policy": "noeviction"
  },
  "valkey": {
    "target": "valkey",
    "version": "valkey 9.1.0",
    "workload": "set",
    "skipped": false,
    "ops": 8049636,
    "errors": 0,
    "ops_per_sec": 1006141.9694085111,
    "min_us": 8.884,
    "p50_us": 495.359,
    "p99_us": 940.031,
    "p999_us": 1376.255,
    "nil_replies": 0,
    "err_replies": 0,
    "hit_ratio": 1,
    "value_ops_per_sec": 1006141.9694085111,
    "bytes_per_sec": 106438684.45550463,
    "resp_ver": 2,
    "used_memory": 115038840,
    "bytes_per_key": 115.03884,
    "distinct_keys_est": 999687,
    "key_draws": 8049636,
    "maxmemory_policy": "noeviction"
  },
  "gate": {
    "pass": false,
    "reason": "aki is 0.98x Redis, below the 2.0x bar",
    "required_speedup": 2,
    "speedup_vs_redis": 0.9821155538130373,
    "speedup_vs_valkey": 1.0160727265178688,
    "tail_regressed_vs_redis": true,
    "tail_regressed_vs_valkey": true
  },
  "generator_bound": false
}
