{
  "workload": "set",
  "cell": {
    "keyspace": 1000000,
    "value_size": 1024,
    "dist": "uniform",
    "pipeline": 16,
    "connections": 512
  },
  "timestamp": "2026-07-11T01:54:44.245792641Z",
  "aki": {
    "target": "aki",
    "version": "unknown",
    "workload": "set",
    "skipped": false,
    "ops": 31771696,
    "errors": 0,
    "ops_per_sec": 3970902.393134806,
    "min_us": 41.529,
    "p50_us": 2022.399,
    "p99_us": 4206.591,
    "p999_us": 5677.055,
    "nil_replies": 0,
    "err_replies": 0,
    "hit_ratio": 1,
    "value_ops_per_sec": 3970902.393134806,
    "bytes_per_sec": 4240085141.5512676,
    "resp_ver": 2,
    "used_memory": 1073449984,
    "bytes_per_key": 1073.449984,
    "distinct_keys_est": 1000000,
    "key_draws": 31771696
  },
  "redis": {
    "target": "redis",
    "version": "redis 8.8.0",
    "workload": "set",
    "skipped": false,
    "ops": 24565200,
    "errors": 0,
    "ops_per_sec": 3069705.610824528,
    "min_us": 89.243,
    "p50_us": 2641.919,
    "p99_us": 4091.903,
    "p999_us": 6135.807,
    "nil_replies": 0,
    "err_replies": 0,
    "hit_ratio": 1,
    "value_ops_per_sec": 3069705.610824528,
    "bytes_per_sec": 3277796759.72274,
    "resp_ver": 2,
    "used_memory": 1327484576,
    "bytes_per_key": 1327.484576,
    "distinct_keys_est": 1000000,
    "key_draws": 24565200,
    "maxmemory_policy": "noeviction"
  },
  "valkey": {
    "target": "valkey",
    "version": "valkey 9.1.0",
    "workload": "set",
    "skipped": false,
    "ops": 16627024,
    "errors": 0,
    "ops_per_sec": 2077413.7704758476,
    "min_us": 62.943,
    "p50_us": 3907.583,
    "p99_us": 4583.423,
    "p999_us": 5668.863,
    "nil_replies": 0,
    "err_replies": 0,
    "hit_ratio": 1,
    "value_ops_per_sec": 2077413.7704758476,
    "bytes_per_sec": 2218238996.463031,
    "resp_ver": 2,
    "used_memory": 1331063528,
    "bytes_per_key": 1331.063528,
    "distinct_keys_est": 1000000,
    "key_draws": 16627024,
    "maxmemory_policy": "noeviction"
  },
  "gate": {
    "pass": false,
    "reason": "aki is 1.29x Redis, below the 2.0x bar",
    "required_speedup": 2,
    "speedup_vs_redis": 1.29357759230476,
    "speedup_vs_valkey": 1.911464364764098,
    "tail_regressed_vs_redis": true,
    "tail_regressed_vs_valkey": false
  },
  "generator_bound": false
}
