{
  "workload": "set",
  "cell": {
    "keyspace": 1000000,
    "value_size": 64,
    "dist": "uniform",
    "pipeline": 16,
    "connections": 512
  },
  "timestamp": "2026-07-11T01:33:54.466460037Z",
  "aki": {
    "target": "aki",
    "version": "unknown",
    "workload": "set",
    "skipped": false,
    "ops": 56386432,
    "errors": 0,
    "ops_per_sec": 7046934.684576302,
    "min_us": 24.445,
    "p50_us": 1055.743,
    "p99_us": 2613.247,
    "p999_us": 4444.159,
    "nil_replies": 0,
    "err_replies": 0,
    "hit_ratio": 1,
    "value_ops_per_sec": 7046934.684576302,
    "bytes_per_sec": 745487172.8100603,
    "resp_ver": 2,
    "used_memory": 113449984,
    "bytes_per_key": 113.449984,
    "distinct_keys_est": 1000000,
    "key_draws": 56386432
  },
  "redis": {
    "target": "redis",
    "version": "redis 8.8.0",
    "workload": "set",
    "skipped": false,
    "ops": 29602528,
    "errors": 0,
    "ops_per_sec": 3699389.9109145324,
    "min_us": 93.906,
    "p50_us": 2203.647,
    "p99_us": 2904.063,
    "p999_us": 4354.047,
    "nil_replies": 0,
    "err_replies": 0,
    "hit_ratio": 1,
    "value_ops_per_sec": 3699389.9109145324,
    "bytes_per_sec": 391353745.7154702,
    "resp_ver": 2,
    "used_memory": 127488056,
    "bytes_per_key": 127.488056,
    "distinct_keys_est": 1000000,
    "key_draws": 29602528,
    "maxmemory_policy": "noeviction"
  },
  "valkey": {
    "target": "valkey",
    "version": "valkey 9.1.0",
    "workload": "set",
    "skipped": false,
    "ops": 23554592,
    "errors": 0,
    "ops_per_sec": 2943239.1536877714,
    "min_us": 43.739,
    "p50_us": 2756.607,
    "p99_us": 3368.959,
    "p999_us": 4931.583,
    "nil_replies": 0,
    "err_replies": 0,
    "hit_ratio": 1,
    "value_ops_per_sec": 2943239.1536877714,
    "bytes_per_sec": 311361324.8128082,
    "resp_ver": 2,
    "used_memory": 115068504,
    "bytes_per_key": 115.068504,
    "distinct_keys_est": 1000000,
    "key_draws": 23554592,
    "maxmemory_policy": "noeviction"
  },
  "gate": {
    "pass": false,
    "reason": "aki is 1.90x Redis, below the 2.0x bar",
    "required_speedup": 2,
    "speedup_vs_redis": 1.9048910372451704,
    "speedup_vs_valkey": 2.39427865579552,
    "tail_regressed_vs_redis": false,
    "tail_regressed_vs_valkey": false
  },
  "generator_bound": false
}
