{
  "workload": "set",
  "cell": {
    "keyspace": 1000000,
    "value_size": 64,
    "dist": "uniform",
    "pipeline": 1,
    "connections": 512
  },
  "timestamp": "2026-07-11T02:08:06.614575347Z",
  "aki": {
    "target": "aki",
    "version": "unknown",
    "workload": "set",
    "skipped": false,
    "ops": 6193983,
    "errors": 0,
    "ops_per_sec": 774222.6168581255,
    "min_us": 7.243,
    "p50_us": 549.375,
    "p99_us": 2586.623,
    "p999_us": 5177.343,
    "nil_replies": 0,
    "err_replies": 0,
    "hit_ratio": 1,
    "value_ops_per_sec": 774222.6168581255,
    "bytes_per_sec": 81904380.96171355,
    "resp_ver": 2,
    "used_memory": 113247344,
    "bytes_per_key": 113.247344,
    "distinct_keys_est": 997951,
    "key_draws": 6193983
  },
  "redis": {
    "target": "redis",
    "version": "redis 8.8.0",
    "workload": "set",
    "skipped": false,
    "ops": 8243164,
    "errors": 0,
    "ops_per_sec": 1030346.9155367183,
    "min_us": 24.209,
    "p50_us": 478.463,
    "p99_us": 951.295,
    "p999_us": 1412.095,
    "nil_replies": 0,
    "err_replies": 0,
    "hit_ratio": 1,
    "value_ops_per_sec": 1030346.9155367183,
    "bytes_per_sec": 108999248.55393332,
    "resp_ver": 2,
    "used_memory": 127464752,
    "bytes_per_key": 127.464752,
    "distinct_keys_est": 999752,
    "key_draws": 8243164,
    "maxmemory_policy": "noeviction"
  },
  "valkey": {
    "target": "valkey",
    "version": "valkey 9.1.0",
    "workload": "set",
    "skipped": false,
    "ops": 8126153,
    "errors": 0,
    "ops_per_sec": 1015663.0085288688,
    "min_us": 8.191,
    "p50_us": 491.263,
    "p99_us": 951.295,
    "p999_us": 1421.311,
    "nil_replies": 0,
    "err_replies": 0,
    "hit_ratio": 1,
    "value_ops_per_sec": 1015663.0085288688,
    "bytes_per_sec": 107445899.67740169,
    "resp_ver": 2,
    "used_memory": 115041624,
    "bytes_per_key": 115.041624,
    "distinct_keys_est": 999714,
    "key_draws": 8126153,
    "maxmemory_policy": "noeviction"
  },
  "gate": {
    "pass": false,
    "reason": "aki is 0.75x Redis, below the 2.0x bar",
    "required_speedup": 2,
    "speedup_vs_redis": 0.7514193570956875,
    "speedup_vs_valkey": 0.7622829721637139,
    "tail_regressed_vs_redis": true,
    "tail_regressed_vs_valkey": true
  },
  "generator_bound": false
}
