{
  "workload": "set",
  "cell": {
    "keyspace": 1000000,
    "value_size": 64,
    "dist": "uniform",
    "pipeline": 1,
    "connections": 512
  },
  "timestamp": "2026-07-11T02:06:58.799928722Z",
  "aki": {
    "target": "aki",
    "version": "unknown",
    "workload": "set",
    "skipped": false,
    "ops": 8658545,
    "errors": 0,
    "ops_per_sec": 1082000.0568820287,
    "min_us": 9.399,
    "p50_us": 415.999,
    "p99_us": 1459.199,
    "p999_us": 2609.151,
    "nil_replies": 0,
    "err_replies": 0,
    "hit_ratio": 1,
    "value_ops_per_sec": 1082000.0568820287,
    "bytes_per_sec": 114463550.56197819,
    "resp_ver": 2,
    "used_memory": 113433800,
    "bytes_per_key": 113.4338,
    "distinct_keys_est": 999834,
    "key_draws": 8658545
  },
  "redis": {
    "target": "redis",
    "version": "redis 8.8.0",
    "workload": "set",
    "skipped": false,
    "ops": 8397120,
    "errors": 0,
    "ops_per_sec": 1049557.2846527859,
    "min_us": 27.482,
    "p50_us": 472.063,
    "p99_us": 913.919,
    "p999_us": 1295.359,
    "nil_replies": 0,
    "err_replies": 0,
    "hit_ratio": 1,
    "value_ops_per_sec": 1049557.2846527859,
    "bytes_per_sec": 111031451.1390936,
    "resp_ver": 2,
    "used_memory": 127468672,
    "bytes_per_key": 127.468672,
    "distinct_keys_est": 999787,
    "key_draws": 8397120,
    "maxmemory_policy": "noeviction"
  },
  "valkey": {
    "target": "valkey",
    "version": "valkey 9.1.0",
    "workload": "set",
    "skipped": false,
    "ops": 8212182,
    "errors": 0,
    "ops_per_sec": 1026430.2919819815,
    "min_us": 6.379,
    "p50_us": 486.143,
    "p99_us": 944.639,
    "p999_us": 1491.967,
    "nil_replies": 0,
    "err_replies": 0,
    "hit_ratio": 1,
    "value_ops_per_sec": 1026430.2919819815,
    "bytes_per_sec": 108584930.34308325,
    "resp_ver": 2,
    "used_memory": 115044088,
    "bytes_per_key": 115.044088,
    "distinct_keys_est": 999739,
    "key_draws": 8212182,
    "maxmemory_policy": "noeviction"
  },
  "gate": {
    "pass": false,
    "reason": "aki is 1.03x Redis, below the 2.0x bar",
    "required_speedup": 2,
    "speedup_vs_redis": 1.0309109113943937,
    "speedup_vs_valkey": 1.0541388590478413,
    "tail_regressed_vs_redis": true,
    "tail_regressed_vs_valkey": true
  },
  "generator_bound": false
}
