{
  "workload": "set",
  "cell": {
    "keyspace": 1000000,
    "value_size": 1024,
    "dist": "uniform",
    "pipeline": 16,
    "connections": 512
  },
  "timestamp": "2026-07-11T01:50:46.144697909Z",
  "aki": {
    "target": "aki",
    "version": "unknown",
    "workload": "set",
    "skipped": false,
    "ops": 33265680,
    "errors": 0,
    "ops_per_sec": 4157588.4623522176,
    "min_us": 39.826,
    "p50_us": 1778.687,
    "p99_us": 3821.567,
    "p999_us": 5390.335,
    "nil_replies": 0,
    "err_replies": 0,
    "hit_ratio": 1,
    "value_ops_per_sec": 4157588.4623522176,
    "bytes_per_sec": 4439426556.78675,
    "resp_ver": 2,
    "used_memory": 1073449984,
    "bytes_per_key": 1073.449984,
    "distinct_keys_est": 1000000,
    "key_draws": 33265680
  },
  "redis": {
    "target": "redis",
    "version": "redis 8.8.0",
    "workload": "set",
    "skipped": false,
    "ops": 24860336,
    "errors": 0,
    "ops_per_sec": 3106723.729357096,
    "min_us": 99.208,
    "p50_us": 2621.439,
    "p99_us": 3948.543,
    "p999_us": 5214.207,
    "nil_replies": 0,
    "err_replies": 0,
    "hit_ratio": 1,
    "value_ops_per_sec": 3106723.729357096,
    "bytes_per_sec": 3317324321.5239267,
    "resp_ver": 2,
    "used_memory": 1327483144,
    "bytes_per_key": 1327.483144,
    "distinct_keys_est": 1000000,
    "key_draws": 24860336,
    "maxmemory_policy": "noeviction"
  },
  "valkey": {
    "target": "valkey",
    "version": "valkey 9.1.0",
    "workload": "set",
    "skipped": false,
    "ops": 16915376,
    "errors": 0,
    "ops_per_sec": 2113633.778143166,
    "min_us": 64.36,
    "p50_us": 3850.239,
    "p99_us": 4349.951,
    "p999_us": 6803.455,
    "nil_replies": 0,
    "err_replies": 0,
    "hit_ratio": 1,
    "value_ops_per_sec": 2113633.778143166,
    "bytes_per_sec": 2256914334.332041,
    "resp_ver": 2,
    "used_memory": 1331063176,
    "bytes_per_key": 1331.063176,
    "distinct_keys_est": 1000000,
    "key_draws": 16915376,
    "maxmemory_policy": "noeviction"
  },
  "gate": {
    "pass": false,
    "reason": "aki is 1.34x Redis, below the 2.0x bar",
    "required_speedup": 2,
    "speedup_vs_redis": 1.338254967142697,
    "speedup_vs_valkey": 1.9670335066298346,
    "tail_regressed_vs_redis": false,
    "tail_regressed_vs_valkey": false
  },
  "generator_bound": false
}
