{
  "workload": "set",
  "cell": {
    "keyspace": 1000000,
    "value_size": 1024,
    "dist": "uniform",
    "pipeline": 16,
    "connections": 512
  },
  "timestamp": "2026-07-11T01:53:02.221755105Z",
  "aki": {
    "target": "aki",
    "version": "unknown",
    "workload": "set",
    "skipped": false,
    "ops": 33101216,
    "errors": 0,
    "ops_per_sec": 4137036.8608863777,
    "min_us": 39.729,
    "p50_us": 1789.951,
    "p99_us": 3819.519,
    "p999_us": 5025.791,
    "nil_replies": 0,
    "err_replies": 0,
    "hit_ratio": 1,
    "value_ops_per_sec": 4137036.8608863777,
    "bytes_per_sec": 4417481764.698297,
    "resp_ver": 2,
    "used_memory": 1073449984,
    "bytes_per_key": 1073.449984,
    "distinct_keys_est": 1000000,
    "key_draws": 33101216
  },
  "redis": {
    "target": "redis",
    "version": "redis 8.8.0",
    "workload": "set",
    "skipped": false,
    "ops": 24788576,
    "errors": 0,
    "ops_per_sec": 3097719.9179264754,
    "min_us": 93.021,
    "p50_us": 2625.535,
    "p99_us": 4089.855,
    "p999_us": 5775.359,
    "nil_replies": 0,
    "err_replies": 0,
    "hit_ratio": 1,
    "value_ops_per_sec": 3097719.9179264754,
    "bytes_per_sec": 3307710152.5626097,
    "resp_ver": 2,
    "used_memory": 1327483752,
    "bytes_per_key": 1327.483752,
    "distinct_keys_est": 1000000,
    "key_draws": 24788576,
    "maxmemory_policy": "noeviction"
  },
  "valkey": {
    "target": "valkey",
    "version": "valkey 9.1.0",
    "workload": "set",
    "skipped": false,
    "ops": 16816064,
    "errors": 0,
    "ops_per_sec": 2100971.646362598,
    "min_us": 67.653,
    "p50_us": 3862.527,
    "p99_us": 4497.407,
    "p999_us": 4964.351,
    "nil_replies": 0,
    "err_replies": 0,
    "hit_ratio": 1,
    "value_ops_per_sec": 2100971.646362598,
    "bytes_per_sec": 2243393812.03246,
    "resp_ver": 2,
    "used_memory": 1331063176,
    "bytes_per_key": 1331.063176,
    "distinct_keys_est": 1000000,
    "key_draws": 16816064,
    "maxmemory_policy": "noeviction"
  },
  "gate": {
    "pass": false,
    "reason": "aki is 1.34x Redis, below the 2.0x bar",
    "required_speedup": 2,
    "speedup_vs_redis": 1.33551030128495,
    "speedup_vs_valkey": 1.9691064694037206,
    "tail_regressed_vs_redis": false,
    "tail_regressed_vs_valkey": false
  },
  "generator_bound": false
}
