{
  "workload": "set",
  "cell": {
    "keyspace": 1000000,
    "value_size": 64,
    "dist": "uniform",
    "pipeline": 1,
    "connections": 512
  },
  "timestamp": "2026-07-11T02:09:48.361929424Z",
  "aki": {
    "target": "aki",
    "version": "unknown",
    "workload": "set",
    "skipped": false,
    "ops": 8166551,
    "errors": 0,
    "ops_per_sec": 1020725.3555049754,
    "min_us": 34.789,
    "p50_us": 475.647,
    "p99_us": 1003.519,
    "p999_us": 1475.583,
    "nil_replies": 0,
    "err_replies": 0,
    "hit_ratio": 1,
    "value_ops_per_sec": 1020725.3555049754,
    "bytes_per_sec": 107981428.54902795,
    "resp_ver": 2,
    "used_memory": 113423472,
    "bytes_per_key": 113.423472,
    "distinct_keys_est": 999727,
    "key_draws": 8166551
  },
  "redis": {
    "target": "redis",
    "version": "redis 8.8.0",
    "workload": "set",
    "skipped": false,
    "ops": 8221560,
    "errors": 0,
    "ops_per_sec": 1027637.7690542752,
    "min_us": 27.671,
    "p50_us": 480.255,
    "p99_us": 962.559,
    "p999_us": 1388.543,
    "nil_replies": 0,
    "err_replies": 0,
    "hit_ratio": 1,
    "value_ops_per_sec": 1027637.7690542752,
    "bytes_per_sec": 108712652.35214336,
    "resp_ver": 2,
    "used_memory": 127464328,
    "bytes_per_key": 127.464328,
    "distinct_keys_est": 999745,
    "key_draws": 8221560,
    "maxmemory_policy": "noeviction"
  },
  "valkey": {
    "target": "valkey",
    "version": "valkey 9.1.0",
    "workload": "set",
    "skipped": false,
    "ops": 8088842,
    "errors": 0,
    "ops_per_sec": 1011017.564699368,
    "min_us": 9.905,
    "p50_us": 492.799,
    "p99_us": 940.543,
    "p999_us": 1441.791,
    "nil_replies": 0,
    "err_replies": 0,
    "hit_ratio": 1,
    "value_ops_per_sec": 1011017.564699368,
    "bytes_per_sec": 106954462.3662176,
    "resp_ver": 2,
    "used_memory": 115039928,
    "bytes_per_key": 115.039928,
    "distinct_keys_est": 999697,
    "key_draws": 8088842,
    "maxmemory_policy": "noeviction"
  },
  "gate": {
    "pass": false,
    "reason": "aki is 0.99x Redis, below the 2.0x bar",
    "required_speedup": 2,
    "speedup_vs_redis": 0.9932734921219748,
    "speedup_vs_valkey": 1.0096020001477364,
    "tail_regressed_vs_redis": true,
    "tail_regressed_vs_valkey": true
  },
  "generator_bound": false
}
