{
  "workload": "set",
  "cell": {
    "keyspace": 1000000,
    "value_size": 1024,
    "dist": "uniform",
    "pipeline": 16,
    "connections": 512
  },
  "timestamp": "2026-07-11T01:54:10.234315128Z",
  "aki": {
    "target": "aki",
    "version": "unknown",
    "workload": "set",
    "skipped": false,
    "ops": 36059680,
    "errors": 0,
    "ops_per_sec": 4506738.220523581,
    "min_us": 26.941,
    "p50_us": 1631.231,
    "p99_us": 3686.399,
    "p999_us": 5197.823,
    "nil_replies": 0,
    "err_replies": 0,
    "hit_ratio": 1,
    "value_ops_per_sec": 4506738.220523581,
    "bytes_per_sec": 4812244761.3076,
    "resp_ver": 2,
    "used_memory": 1073449984,
    "bytes_per_key": 1073.449984,
    "distinct_keys_est": 1000000,
    "key_draws": 36059680
  },
  "redis": {
    "target": "redis",
    "version": "redis 8.8.0",
    "workload": "set",
    "skipped": false,
    "ops": 24566704,
    "errors": 0,
    "ops_per_sec": 3069863.3134094644,
    "min_us": 46.304,
    "p50_us": 2643.967,
    "p99_us": 4030.463,
    "p999_us": 6143.999,
    "nil_replies": 0,
    "err_replies": 0,
    "hit_ratio": 1,
    "value_ops_per_sec": 3069863.3134094644,
    "bytes_per_sec": 3277965135.1179066,
    "resp_ver": 2,
    "used_memory": 1327484056,
    "bytes_per_key": 1327.484056,
    "distinct_keys_est": 1000000,
    "key_draws": 24566704,
    "maxmemory_policy": "noeviction"
  },
  "valkey": {
    "target": "valkey",
    "version": "valkey 9.1.0",
    "workload": "set",
    "skipped": false,
    "ops": 16715424,
    "errors": 0,
    "ops_per_sec": 2088542.6578910137,
    "min_us": 42.745,
    "p50_us": 3883.007,
    "p99_us": 4595.711,
    "p999_us": 7016.447,
    "nil_replies": 0,
    "err_replies": 0,
    "hit_ratio": 1,
    "value_ops_per_sec": 2088542.6578910137,
    "bytes_per_sec": 2230122294.1814766,
    "resp_ver": 2,
    "used_memory": 1331063528,
    "bytes_per_key": 1331.063528,
    "distinct_keys_est": 1000000,
    "key_draws": 16715424,
    "maxmemory_policy": "noeviction"
  },
  "gate": {
    "pass": false,
    "reason": "aki is 1.47x Redis, below the 2.0x bar",
    "required_speedup": 2,
    "speedup_vs_redis": 1.468058268535184,
    "speedup_vs_valkey": 2.1578387223722943,
    "tail_regressed_vs_redis": false,
    "tail_regressed_vs_valkey": false
  },
  "generator_bound": false
}
