{
  "workload": "set",
  "cell": {
    "keyspace": 1000000,
    "value_size": 64,
    "dist": "uniform",
    "pipeline": 16,
    "connections": 512
  },
  "timestamp": "2026-07-11T01:35:02.322716707Z",
  "aki": {
    "target": "aki",
    "version": "unknown",
    "workload": "set",
    "skipped": false,
    "ops": 55332880,
    "errors": 0,
    "ops_per_sec": 6915982.417820473,
    "min_us": 31.641,
    "p50_us": 1074.175,
    "p99_us": 2617.343,
    "p999_us": 4091.903,
    "nil_replies": 0,
    "err_replies": 0,
    "hit_ratio": 1,
    "value_ops_per_sec": 6915982.417820473,
    "bytes_per_sec": 731633849.6758535,
    "resp_ver": 2,
    "used_memory": 113449984,
    "bytes_per_key": 113.449984,
    "distinct_keys_est": 1000000,
    "key_draws": 55332880
  },
  "redis": {
    "target": "redis",
    "version": "redis 8.8.0",
    "workload": "set",
    "skipped": false,
    "ops": 29502032,
    "errors": 0,
    "ops_per_sec": 3686695.6602768046,
    "min_us": 41.865,
    "p50_us": 2207.743,
    "p99_us": 2965.503,
    "p999_us": 4714.495,
    "nil_replies": 0,
    "err_replies": 0,
    "hit_ratio": 1,
    "value_ops_per_sec": 3686695.6602768046,
    "bytes_per_sec": 390010820.96862453,
    "resp_ver": 2,
    "used_memory": 127488360,
    "bytes_per_key": 127.48836,
    "distinct_keys_est": 1000000,
    "key_draws": 29502032,
    "maxmemory_policy": "noeviction"
  },
  "valkey": {
    "target": "valkey",
    "version": "valkey 9.1.0",
    "workload": "set",
    "skipped": false,
    "ops": 23572992,
    "errors": 0,
    "ops_per_sec": 2945545.339455725,
    "min_us": 27.914,
    "p50_us": 2756.607,
    "p99_us": 3352.575,
    "p999_us": 4780.031,
    "nil_replies": 0,
    "err_replies": 0,
    "hit_ratio": 1,
    "value_ops_per_sec": 2945545.339455725,
    "bytes_per_sec": 311605297.94513917,
    "resp_ver": 2,
    "used_memory": 115068504,
    "bytes_per_key": 115.068504,
    "distinct_keys_est": 1000000,
    "key_draws": 23572992,
    "maxmemory_policy": "noeviction"
  },
  "gate": {
    "pass": false,
    "reason": "aki is 1.88x Redis, below the 2.0x bar",
    "required_speedup": 2,
    "speedup_vs_redis": 1.8759298448034105,
    "speedup_vs_valkey": 2.3479463463626065,
    "tail_regressed_vs_redis": false,
    "tail_regressed_vs_valkey": false
  },
  "generator_bound": false
}
