{
  "workload": "set",
  "cell": {
    "keyspace": 1000000,
    "value_size": 64,
    "dist": "uniform",
    "pipeline": 16,
    "connections": 512
  },
  "timestamp": "2026-07-11T01:37:51.954053306Z",
  "aki": {
    "target": "aki",
    "version": "unknown",
    "workload": "set",
    "skipped": false,
    "ops": 36818240,
    "errors": 0,
    "ops_per_sec": 4601610.74230884,
    "min_us": 31.005,
    "p50_us": 1731.583,
    "p99_us": 3770.367,
    "p999_us": 6168.575,
    "nil_replies": 0,
    "err_replies": 0,
    "hit_ratio": 1,
    "value_ops_per_sec": 4601610.74230884,
    "bytes_per_sec": 486799123.6213104,
    "resp_ver": 2,
    "used_memory": 113449984,
    "bytes_per_key": 113.449984,
    "distinct_keys_est": 1000000,
    "key_draws": 36818240
  },
  "redis": {
    "target": "redis",
    "version": "redis 8.8.0",
    "workload": "set",
    "skipped": false,
    "ops": 29526176,
    "errors": 0,
    "ops_per_sec": 3689827.303662468,
    "min_us": 82.154,
    "p50_us": 2207.743,
    "p99_us": 2940.927,
    "p999_us": 4599.807,
    "nil_replies": 0,
    "err_replies": 0,
    "hit_ratio": 1,
    "value_ops_per_sec": 3689827.303662468,
    "bytes_per_sec": 390342119.9054814,
    "resp_ver": 2,
    "used_memory": 127489120,
    "bytes_per_key": 127.48912,
    "distinct_keys_est": 1000000,
    "key_draws": 29526176,
    "maxmemory_policy": "noeviction"
  },
  "valkey": {
    "target": "valkey",
    "version": "valkey 9.1.0",
    "workload": "set",
    "skipped": false,
    "ops": 23680016,
    "errors": 0,
    "ops_per_sec": 2958996.3869272755,
    "min_us": 56.924,
    "p50_us": 2748.415,
    "p99_us": 3233.791,
    "p999_us": 4403.199,
    "nil_replies": 0,
    "err_replies": 0,
    "hit_ratio": 1,
    "value_ops_per_sec": 2958996.3869272755,
    "bytes_per_sec": 313028283.15861124,
    "resp_ver": 2,
    "used_memory": 115068504,
    "bytes_per_key": 115.068504,
    "distinct_keys_est": 1000000,
    "key_draws": 23680016,
    "maxmemory_policy": "noeviction"
  },
  "gate": {
    "pass": false,
    "reason": "aki is 1.25x Redis, below the 2.0x bar",
    "required_speedup": 2,
    "speedup_vs_redis": 1.24710734774534,
    "speedup_vs_valkey": 1.5551255022272306,
    "tail_regressed_vs_redis": true,
    "tail_regressed_vs_valkey": true
  },
  "generator_bound": false
}
