{
  "workload": "set",
  "cell": {
    "keyspace": 1000000,
    "value_size": 64,
    "dist": "uniform",
    "pipeline": 16,
    "connections": 512
  },
  "timestamp": "2026-07-11T01:36:44.086967245Z",
  "aki": {
    "target": "aki",
    "version": "unknown",
    "workload": "set",
    "skipped": false,
    "ops": 37781840,
    "errors": 0,
    "ops_per_sec": 4722435.0361173395,
    "min_us": 30.781,
    "p50_us": 1682.431,
    "p99_us": 3702.783,
    "p999_us": 5955.583,
    "nil_replies": 0,
    "err_replies": 0,
    "hit_ratio": 1,
    "value_ops_per_sec": 4722435.0361173395,
    "bytes_per_sec": 499581055.8548036,
    "resp_ver": 2,
    "used_memory": 113449984,
    "bytes_per_key": 113.449984,
    "distinct_keys_est": 1000000,
    "key_draws": 37781840
  },
  "redis": {
    "target": "redis",
    "version": "redis 8.8.0",
    "workload": "set",
    "skipped": false,
    "ops": 29477680,
    "errors": 0,
    "ops_per_sec": 3683769.418089296,
    "min_us": 73.427,
    "p50_us": 2207.743,
    "p99_us": 2994.175,
    "p999_us": 4792.319,
    "nil_replies": 0,
    "err_replies": 0,
    "hit_ratio": 1,
    "value_ops_per_sec": 3683769.418089296,
    "bytes_per_sec": 389701238.4219545,
    "resp_ver": 2,
    "used_memory": 127488816,
    "bytes_per_key": 127.488816,
    "distinct_keys_est": 1000000,
    "key_draws": 29477680,
    "maxmemory_policy": "noeviction"
  },
  "valkey": {
    "target": "valkey",
    "version": "valkey 9.1.0",
    "workload": "set",
    "skipped": false,
    "ops": 23492032,
    "errors": 0,
    "ops_per_sec": 2935477.974125616,
    "min_us": 55.245,
    "p50_us": 2762.751,
    "p99_us": 3489.791,
    "p999_us": 5263.359,
    "nil_replies": 0,
    "err_replies": 0,
    "hit_ratio": 1,
    "value_ops_per_sec": 2935477.974125616,
    "bytes_per_sec": 310540282.09735966,
    "resp_ver": 2,
    "used_memory": 115068504,
    "bytes_per_key": 115.068504,
    "distinct_keys_est": 1000000,
    "key_draws": 23492032,
    "maxmemory_policy": "noeviction"
  },
  "gate": {
    "pass": false,
    "reason": "aki is 1.28x Redis, below the 2.0x bar",
    "required_speedup": 2,
    "speedup_vs_redis": 1.2819572834628667,
    "speedup_vs_valkey": 1.6087448373800184,
    "tail_regressed_vs_redis": true,
    "tail_regressed_vs_valkey": true
  },
  "generator_bound": false
}
