{
  "workload": "set",
  "cell": {
    "keyspace": 1000000,
    "value_size": 64,
    "dist": "uniform",
    "pipeline": 1,
    "connections": 512
  },
  "timestamp": "2026-07-11T02:10:56.221418805Z",
  "aki": {
    "target": "aki",
    "version": "unknown",
    "workload": "set",
    "skipped": false,
    "ops": 8296278,
    "errors": 0,
    "ops_per_sec": 1036981.0216800595,
    "min_us": 22.771,
    "p50_us": 473.087,
    "p99_us": 934.911,
    "p999_us": 1302.527,
    "nil_replies": 0,
    "err_replies": 0,
    "hit_ratio": 1,
    "value_ops_per_sec": 1036981.0216800595,
    "bytes_per_sec": 109701071.76564442,
    "resp_ver": 2,
    "used_memory": 113427216,
    "bytes_per_key": 113.427216,
    "distinct_keys_est": 999766,
    "key_draws": 8296278
  },
  "redis": {
    "target": "redis",
    "version": "redis 8.8.0",
    "workload": "set",
    "skipped": false,
    "ops": 8339377,
    "errors": 0,
    "ops_per_sec": 1042362.6184725413,
    "min_us": 24.215,
    "p50_us": 474.879,
    "p99_us": 920.063,
    "p999_us": 1297.407,
    "nil_replies": 0,
    "err_replies": 0,
    "hit_ratio": 1,
    "value_ops_per_sec": 1042362.6184725413,
    "bytes_per_sec": 110270371.74623396,
    "resp_ver": 2,
    "used_memory": 127468168,
    "bytes_per_key": 127.468168,
    "distinct_keys_est": 999774,
    "key_draws": 8339377,
    "maxmemory_policy": "noeviction"
  },
  "valkey": {
    "target": "valkey",
    "version": "valkey 9.1.0",
    "workload": "set",
    "skipped": false,
    "ops": 8123949,
    "errors": 0,
    "ops_per_sec": 1015453.1468797275,
    "min_us": 11.508,
    "p50_us": 490.751,
    "p99_us": 949.759,
    "p999_us": 1470.463,
    "nil_replies": 0,
    "err_replies": 0,
    "hit_ratio": 1,
    "value_ops_per_sec": 1015453.1468797275,
    "bytes_per_sec": 107423707.11275911,
    "resp_ver": 2,
    "used_memory": 115041336,
    "bytes_per_key": 115.041336,
    "distinct_keys_est": 999711,
    "key_draws": 8123949,
    "maxmemory_policy": "noeviction"
  },
  "gate": {
    "pass": false,
    "reason": "aki is 0.99x Redis, below the 2.0x bar",
    "required_speedup": 2,
    "speedup_vs_redis": 0.9948371164726073,
    "speedup_vs_valkey": 1.0212002640067468,
    "tail_regressed_vs_redis": true,
    "tail_regressed_vs_valkey": false
  },
  "generator_bound": false
}
