{
  "workload": "set",
  "cell": {
    "keyspace": 1000000,
    "value_size": 64,
    "dist": "uniform",
    "pipeline": 1,
    "connections": 512
  },
  "timestamp": "2026-07-11T02:10:22.287831027Z",
  "aki": {
    "target": "aki",
    "version": "unknown",
    "workload": "set",
    "skipped": false,
    "ops": 6158697,
    "errors": 0,
    "ops_per_sec": 769781.5563938977,
    "min_us": 8.796,
    "p50_us": 550.399,
    "p99_us": 2625.535,
    "p999_us": 5279.743,
    "nil_replies": 0,
    "err_replies": 0,
    "hit_ratio": 1,
    "value_ops_per_sec": 769781.5563938977,
    "bytes_per_sec": 81434562.19254172,
    "resp_ver": 2,
    "used_memory": 113240944,
    "bytes_per_key": 113.240944,
    "distinct_keys_est": 997885,
    "key_draws": 6158697
  },
  "redis": {
    "target": "redis",
    "version": "redis 8.8.0",
    "workload": "set",
    "skipped": false,
    "ops": 8195170,
    "errors": 0,
    "ops_per_sec": 1024336.5284915055,
    "min_us": 23.425,
    "p50_us": 480.511,
    "p99_us": 978.943,
    "p999_us": 1496.063,
    "nil_replies": 0,
    "err_replies": 0,
    "hit_ratio": 1,
    "value_ops_per_sec": 1024336.5284915055,
    "bytes_per_sec": 108363444.75171693,
    "resp_ver": 2,
    "used_memory": 127462960,
    "bytes_per_key": 127.46296,
    "distinct_keys_est": 999732,
    "key_draws": 8195170,
    "maxmemory_policy": "noeviction"
  },
  "valkey": {
    "target": "valkey",
    "version": "valkey 9.1.0",
    "workload": "set",
    "skipped": false,
    "ops": 8156947,
    "errors": 0,
    "ops_per_sec": 1019552.8819815202,
    "min_us": 11.746,
    "p50_us": 490.239,
    "p99_us": 925.183,
    "p999_us": 1313.791,
    "nil_replies": 0,
    "err_replies": 0,
    "hit_ratio": 1,
    "value_ops_per_sec": 1019552.8819815202,
    "bytes_per_sec": 107857384.94016361,
    "resp_ver": 2,
    "used_memory": 115042296,
    "bytes_per_key": 115.042296,
    "distinct_keys_est": 999721,
    "key_draws": 8156947,
    "maxmemory_policy": "noeviction"
  },
  "gate": {
    "pass": false,
    "reason": "aki is 0.75x Redis, below the 2.0x bar",
    "required_speedup": 2,
    "speedup_vs_redis": 0.7514928297319637,
    "speedup_vs_valkey": 0.7550187636150985,
    "tail_regressed_vs_redis": true,
    "tail_regressed_vs_valkey": true
  },
  "generator_bound": false
}
