{
  "workload": "set",
  "cell": {
    "keyspace": 1000000,
    "value_size": 1024,
    "dist": "uniform",
    "pipeline": 16,
    "connections": 512
  },
  "timestamp": "2026-07-11T01:53:36.213246163Z",
  "aki": {
    "target": "aki",
    "version": "unknown",
    "workload": "set",
    "skipped": false,
    "ops": 28461616,
    "errors": 0,
    "ops_per_sec": 3556883.1894838065,
    "min_us": 38.912,
    "p50_us": 2254.847,
    "p99_us": 4755.455,
    "p999_us": 6721.535,
    "nil_replies": 0,
    "err_replies": 0,
    "hit_ratio": 1,
    "value_ops_per_sec": 3556883.1894838065,
    "bytes_per_sec": 3797999749.241726,
    "resp_ver": 2,
    "used_memory": 1073449984,
    "bytes_per_key": 1073.449984,
    "distinct_keys_est": 1000000,
    "key_draws": 28461616
  },
  "redis": {
    "target": "redis",
    "version": "redis 8.8.0",
    "workload": "set",
    "skipped": false,
    "ops": 24726608,
    "errors": 0,
    "ops_per_sec": 3089940.3589768545,
    "min_us": 71.823,
    "p50_us": 2627.583,
    "p99_us": 4077.567,
    "p999_us": 6885.375,
    "nil_replies": 0,
    "err_replies": 0,
    "hit_ratio": 1,
    "value_ops_per_sec": 3089940.3589768545,
    "bytes_per_sec": 3299403161.341344,
    "resp_ver": 2,
    "used_memory": 1327483904,
    "bytes_per_key": 1327.483904,
    "distinct_keys_est": 1000000,
    "key_draws": 24726608,
    "maxmemory_policy": "noeviction"
  },
  "valkey": {
    "target": "valkey",
    "version": "valkey 9.1.0",
    "workload": "set",
    "skipped": false,
    "ops": 16633392,
    "errors": 0,
    "ops_per_sec": 2078176.3784433738,
    "min_us": 66.317,
    "p50_us": 3895.295,
    "p99_us": 4812.799,
    "p999_us": 6873.087,
    "nil_replies": 0,
    "err_replies": 0,
    "hit_ratio": 1,
    "value_ops_per_sec": 2078176.3784433738,
    "bytes_per_sec": 2219053298.2035027,
    "resp_ver": 2,
    "used_memory": 1331063176,
    "bytes_per_key": 1331.063176,
    "distinct_keys_est": 1000000,
    "key_draws": 16633392,
    "maxmemory_policy": "noeviction"
  },
  "gate": {
    "pass": false,
    "reason": "aki is 1.15x Redis, below the 2.0x bar",
    "required_speedup": 2,
    "speedup_vs_redis": 1.151117101386891,
    "speedup_vs_valkey": 1.7115405729652433,
    "tail_regressed_vs_redis": true,
    "tail_regressed_vs_valkey": false
  },
  "generator_bound": false
}
