{
  "workload": "set",
  "cell": {
    "keyspace": 1000000,
    "value_size": 1024,
    "dist": "uniform",
    "pipeline": 16,
    "connections": 512
  },
  "timestamp": "2026-07-11T01:56:26.30740461Z",
  "aki": {
    "target": "aki",
    "version": "unknown",
    "workload": "set",
    "skipped": false,
    "ops": 35859168,
    "errors": 0,
    "ops_per_sec": 4480817.981369865,
    "min_us": 45.539,
    "p50_us": 1641.471,
    "p99_us": 3670.015,
    "p999_us": 5451.775,
    "nil_replies": 0,
    "err_replies": 0,
    "hit_ratio": 1,
    "value_ops_per_sec": 4480817.981369865,
    "bytes_per_sec": 4784567416.198903,
    "resp_ver": 2,
    "used_memory": 1073449984,
    "bytes_per_key": 1073.449984,
    "distinct_keys_est": 1000000,
    "key_draws": 35859168
  },
  "redis": {
    "target": "redis",
    "version": "redis 8.8.0",
    "workload": "set",
    "skipped": false,
    "ops": 24403936,
    "errors": 0,
    "ops_per_sec": 3049625.588790519,
    "min_us": 109,
    "p50_us": 2662.399,
    "p99_us": 3883.007,
    "p999_us": 6475.775,
    "nil_replies": 0,
    "err_replies": 0,
    "hit_ratio": 1,
    "value_ops_per_sec": 3049625.588790519,
    "bytes_per_sec": 3256355534.4601936,
    "resp_ver": 2,
    "used_memory": 1327485400,
    "bytes_per_key": 1327.4854,
    "distinct_keys_est": 1000000,
    "key_draws": 24403936,
    "maxmemory_policy": "noeviction"
  },
  "valkey": {
    "target": "valkey",
    "version": "valkey 9.1.0",
    "workload": "set",
    "skipped": false,
    "ops": 16721648,
    "errors": 0,
    "ops_per_sec": 2089401.9505955162,
    "min_us": 58.163,
    "p50_us": 3887.103,
    "p99_us": 4599.807,
    "p999_us": 5771.263,
    "nil_replies": 0,
    "err_replies": 0,
    "hit_ratio": 1,
    "value_ops_per_sec": 2089401.9505955162,
    "bytes_per_sec": 2231039827.3682723,
    "resp_ver": 2,
    "used_memory": 1331063528,
    "bytes_per_key": 1331.063528,
    "distinct_keys_est": 1000000,
    "key_draws": 16721648,
    "maxmemory_policy": "noeviction"
  },
  "gate": {
    "pass": false,
    "reason": "aki is 1.47x Redis, below the 2.0x bar",
    "required_speedup": 2,
    "speedup_vs_redis": 1.4693010177511516,
    "speedup_vs_valkey": 2.1445457060537123,
    "tail_regressed_vs_redis": false,
    "tail_regressed_vs_valkey": false
  },
  "generator_bound": false
}
