{
  "workload": "get",
  "cell": {
    "keyspace": 1000000,
    "value_size": 1024,
    "dist": "uniform",
    "pipeline": 1,
    "connections": 512
  },
  "timestamp": "2026-07-10T21:30:56.503729298Z",
  "aki": {
    "target": "aki",
    "version": "unknown",
    "workload": "get",
    "skipped": false,
    "ops": 4967301,
    "errors": 0,
    "ops_per_sec": 620852.2564308459,
    "min_us": 7.928,
    "p50_us": 688.639,
    "p99_us": 3608.575,
    "p999_us": 6524.927,
    "nil_replies": 0,
    "err_replies": 0,
    "hit_ratio": 1,
    "value_ops_per_sec": 620852.2564308459,
    "bytes_per_sec": 659835119.6821377,
    "resp_ver": 2,
    "used_memory": 1073449984,
    "bytes_per_key": 1073.449984,
    "distinct_keys_est": 993019,
    "key_draws": 4967301
  },
  "redis": {
    "target": "redis",
    "version": "redis 8.8.0",
    "workload": "get",
    "skipped": false,
    "ops": 8395221,
    "errors": 0,
    "ops_per_sec": 1049352.192215459,
    "min_us": 22.955,
    "p50_us": 467.711,
    "p99_us": 926.719,
    "p999_us": 1395.711,
    "nil_replies": 0,
    "err_replies": 0,
    "hit_ratio": 1,
    "value_ops_per_sec": 1049352.192215459,
    "bytes_per_sec": 1115239813.5987236,
    "resp_ver": 2,
    "used_memory": 1327512136,
    "bytes_per_key": 1327.512136,
    "distinct_keys_est": 999791,
    "key_draws": 8395221,
    "server_hits": 11508381,
    "maxmemory_policy": "noeviction"
  },
  "valkey": {
    "target": "valkey",
    "version": "valkey 9.1.0",
    "workload": "get",
    "skipped": false,
    "ops": 7901386,
    "errors": 0,
    "ops_per_sec": 987604.193998844,
    "min_us": 8.415,
    "p50_us": 504.063,
    "p99_us": 966.143,
    "p999_us": 1509.375,
    "nil_replies": 0,
    "err_replies": 0,
    "hit_ratio": 1,
    "value_ops_per_sec": 987604.193998844,
    "bytes_per_sec": 1049614849.9182528,
    "resp_ver": 2,
    "used_memory": 1331087680,
    "bytes_per_key": 1331.08768,
    "distinct_keys_est": 999623,
    "key_draws": 7901386,
    "server_hits": 10725841,
    "maxmemory_policy": "noeviction"
  },
  "gate": {
    "pass": false,
    "reason": "aki is 0.59x Redis, below the 2.0x bar",
    "required_speedup": 2,
    "speedup_vs_redis": 0.591652889312656,
    "speedup_vs_valkey": 0.6286448156087646,
    "tail_regressed_vs_redis": true,
    "tail_regressed_vs_valkey": true
  },
  "generator_bound": false
}
