{
  "workload": "get",
  "cell": {
    "keyspace": 1000000,
    "value_size": 64,
    "dist": "uniform",
    "pipeline": 1,
    "connections": 50
  },
  "timestamp": "2026-07-10T21:45:33.489993059Z",
  "aki": {
    "target": "aki",
    "version": "unknown",
    "workload": "get",
    "skipped": false,
    "ops": 2702678,
    "errors": 0,
    "ops_per_sec": 337824.21799217985,
    "min_us": 6.523,
    "p50_us": 135.679,
    "p99_us": 454.143,
    "p999_us": 648.703,
    "nil_replies": 0,
    "err_replies": 0,
    "hit_ratio": 1,
    "value_ops_per_sec": 337824.21799217985,
    "bytes_per_sec": 34049145.983824804,
    "resp_ver": 2,
    "used_memory": 113449984,
    "bytes_per_key": 113.449984,
    "distinct_keys_est": 932877,
    "key_draws": 2702678
  },
  "redis": {
    "target": "redis",
    "version": "redis 8.8.0",
    "workload": "get",
    "skipped": false,
    "ops": 2705779,
    "errors": 0,
    "ops_per_sec": 338216.1984112306,
    "min_us": 9.792,
    "p50_us": 142.463,
    "p99_us": 375.295,
    "p999_us": 553.983,
    "nil_replies": 0,
    "err_replies": 0,
    "hit_ratio": 1,
    "value_ops_per_sec": 338216.1984112306,
    "bytes_per_sec": 34088651.71452022,
    "resp_ver": 2,
    "used_memory": 127513960,
    "bytes_per_key": 127.51396,
    "distinct_keys_est": 933059,
    "key_draws": 2705779,
    "server_hits": 3678630,
    "maxmemory_policy": "noeviction"
  },
  "valkey": {
    "target": "valkey",
    "version": "valkey 9.1.0",
    "workload": "get",
    "skipped": false,
    "ops": 5312352,
    "errors": 0,
    "ops_per_sec": 664040.5107161314,
    "min_us": 5.813,
    "p50_us": 46.367,
    "p99_us": 316.415,
    "p999_us": 515.839,
    "nil_replies": 0,
    "err_replies": 0,
    "hit_ratio": 1,
    "value_ops_per_sec": 664040.5107161314,
    "bytes_per_sec": 66927957.56868096,
    "resp_ver": 2,
    "used_memory": 115091984,
    "bytes_per_key": 115.091984,
    "distinct_keys_est": 995073,
    "key_draws": 5312352,
    "server_hits": 7243341,
    "maxmemory_policy": "noeviction"
  },
  "gate": {
    "pass": false,
    "reason": "aki is 1.00x Redis, below the 2.0x bar",
    "required_speedup": 2,
    "speedup_vs_redis": 0.9988410359382783,
    "speedup_vs_valkey": 0.5087403743302572,
    "tail_regressed_vs_redis": true,
    "tail_regressed_vs_valkey": true
  },
  "generator_bound": false
}
