{
  "workload": "get",
  "cell": {
    "keyspace": 1000000,
    "value_size": 64,
    "dist": "uniform",
    "pipeline": 16,
    "connections": 50
  },
  "timestamp": "2026-07-10T20:53:11.594793557Z",
  "aki": {
    "target": "aki",
    "version": "unknown",
    "workload": "get",
    "skipped": false,
    "ops": 25287056,
    "errors": 0,
    "ops_per_sec": 3160802.549672011,
    "min_us": 14.402,
    "p50_us": 230.015,
    "p99_us": 556.543,
    "p999_us": 765.951,
    "nil_replies": 0,
    "err_replies": 0,
    "hit_ratio": 1,
    "value_ops_per_sec": 3160802.549672011,
    "bytes_per_sec": 318573918.66115874,
    "resp_ver": 2,
    "used_memory": 113449984,
    "bytes_per_key": 113.449984,
    "distinct_keys_est": 1000000,
    "key_draws": 25287056
  },
  "redis": {
    "target": "redis",
    "version": "redis 8.8.0",
    "workload": "get",
    "skipped": false,
    "ops": 26558512,
    "errors": 0,
    "ops_per_sec": 3319719.429077799,
    "min_us": 17.256,
    "p50_us": 220.671,
    "p99_us": 517.119,
    "p999_us": 684.543,
    "nil_replies": 0,
    "err_replies": 0,
    "hit_ratio": 1,
    "value_ops_per_sec": 3319719.429077799,
    "bytes_per_sec": 334591004.17194474,
    "resp_ver": 2,
    "used_memory": 127513736,
    "bytes_per_key": 127.513736,
    "distinct_keys_est": 1000000,
    "key_draws": 26558512,
    "server_hits": 36128192,
    "maxmemory_policy": "noeviction"
  },
  "valkey": {
    "target": "valkey",
    "version": "valkey 9.1.0",
    "workload": "get",
    "skipped": false,
    "ops": 30194464,
    "errors": 0,
    "ops_per_sec": 3774255.022669374,
    "min_us": 13.752,
    "p50_us": 200.063,
    "p99_us": 425.471,
    "p999_us": 675.327,
    "nil_replies": 0,
    "err_replies": 0,
    "hit_ratio": 1,
    "value_ops_per_sec": 3774255.022669374,
    "bytes_per_sec": 380403163.2209994,
    "resp_ver": 2,
    "used_memory": 115077456,
    "bytes_per_key": 115.077456,
    "distinct_keys_est": 1000000,
    "key_draws": 30194464,
    "server_hits": 41481872,
    "maxmemory_policy": "noeviction"
  },
  "gate": {
    "pass": false,
    "reason": "aki is 0.95x Redis, below the 2.0x bar",
    "required_speedup": 2,
    "speedup_vs_redis": 0.9521294245490094,
    "speedup_vs_valkey": 0.8374639579697787,
    "tail_regressed_vs_redis": true,
    "tail_regressed_vs_valkey": true
  },
  "generator_bound": false
}
