{
  "workload": "get",
  "cell": {
    "keyspace": 1000000,
    "value_size": 64,
    "dist": "uniform",
    "pipeline": 1,
    "connections": 512
  },
  "timestamp": "2026-07-10T21:19:27.431541459Z",
  "aki": {
    "target": "aki",
    "version": "unknown",
    "workload": "get",
    "skipped": false,
    "ops": 5415462,
    "errors": 0,
    "ops_per_sec": 676861.0622911706,
    "min_us": 6.738,
    "p50_us": 636.415,
    "p99_us": 3223.551,
    "p999_us": 5894.143,
    "nil_replies": 0,
    "err_replies": 0,
    "hit_ratio": 1,
    "value_ops_per_sec": 676861.0622911706,
    "bytes_per_sec": 68220299.90159683,
    "resp_ver": 2,
    "used_memory": 113449984,
    "bytes_per_key": 113.449984,
    "distinct_keys_est": 995540,
    "key_draws": 5415462
  },
  "redis": {
    "target": "redis",
    "version": "redis 8.8.0",
    "workload": "get",
    "skipped": false,
    "ops": 8680823,
    "errors": 0,
    "ops_per_sec": 1085056.5304723668,
    "min_us": 29.991,
    "p50_us": 456.703,
    "p99_us": 890.879,
    "p999_us": 1291.263,
    "nil_replies": 0,
    "err_replies": 0,
    "hit_ratio": 1,
    "value_ops_per_sec": 1085056.5304723668,
    "bytes_per_sec": 109361596.98848003,
    "resp_ver": 2,
    "used_memory": 127512752,
    "bytes_per_key": 127.512752,
    "distinct_keys_est": 999838,
    "key_draws": 8680823,
    "server_hits": 11884174,
    "maxmemory_policy": "noeviction"
  },
  "valkey": {
    "target": "valkey",
    "version": "valkey 9.1.0",
    "workload": "get",
    "skipped": false,
    "ops": 8215887,
    "errors": 0,
    "ops_per_sec": 1026904.3389238525,
    "min_us": 8.925,
    "p50_us": 484.607,
    "p99_us": 919.039,
    "p999_us": 1325.055,
    "nil_replies": 0,
    "err_replies": 0,
    "hit_ratio": 1,
    "value_ops_per_sec": 1026904.3389238525,
    "bytes_per_sec": 103500555.31884526,
    "resp_ver": 2,
    "used_memory": 115089232,
    "bytes_per_key": 115.089232,
    "distinct_keys_est": 999745,
    "key_draws": 8215887,
    "server_hits": 11150352,
    "maxmemory_policy": "noeviction"
  },
  "gate": {
    "pass": false,
    "reason": "aki is 0.62x Redis, below the 2.0x bar",
    "required_speedup": 2,
    "speedup_vs_redis": 0.6238025792043359,
    "speedup_vs_valkey": 0.6591276681141391,
    "tail_regressed_vs_redis": true,
    "tail_regressed_vs_valkey": true
  },
  "generator_bound": false
}
