{
  "workload": "get",
  "cell": {
    "keyspace": 1000000,
    "value_size": 64,
    "dist": "uniform",
    "pipeline": 16,
    "connections": 50
  },
  "timestamp": "2026-07-10T20:50:45.712183688Z",
  "aki": {
    "target": "aki",
    "version": "unknown",
    "workload": "get",
    "skipped": false,
    "ops": 27297904,
    "errors": 0,
    "ops_per_sec": 3412155.936370172,
    "min_us": 12.949,
    "p50_us": 222.591,
    "p99_us": 560.127,
    "p999_us": 805.887,
    "nil_replies": 0,
    "err_replies": 0,
    "hit_ratio": 1,
    "value_ops_per_sec": 3412155.936370172,
    "bytes_per_sec": 343907493.14582455,
    "resp_ver": 2,
    "used_memory": 113449984,
    "bytes_per_key": 113.449984,
    "distinct_keys_est": 1000000,
    "key_draws": 27297904
  },
  "redis": {
    "target": "redis",
    "version": "redis 8.8.0",
    "workload": "get",
    "skipped": false,
    "ops": 26694272,
    "errors": 0,
    "ops_per_sec": 3336707.0121591086,
    "min_us": 19.149,
    "p50_us": 219.007,
    "p99_us": 515.071,
    "p999_us": 703.999,
    "nil_replies": 0,
    "err_replies": 0,
    "hit_ratio": 1,
    "value_ops_per_sec": 3336707.0121591086,
    "bytes_per_sec": 336303059.2295144,
    "resp_ver": 2,
    "used_memory": 127513128,
    "bytes_per_key": 127.513128,
    "distinct_keys_est": 1000000,
    "key_draws": 26694272,
    "server_hits": 36319360,
    "maxmemory_policy": "noeviction"
  },
  "valkey": {
    "target": "valkey",
    "version": "valkey 9.1.0",
    "workload": "get",
    "skipped": false,
    "ops": 30209568,
    "errors": 0,
    "ops_per_sec": 3776090.674918839,
    "min_us": 14.078,
    "p50_us": 200.191,
    "p99_us": 422.655,
    "p999_us": 633.343,
    "nil_replies": 0,
    "err_replies": 0,
    "hit_ratio": 1,
    "value_ops_per_sec": 3776090.674918839,
    "bytes_per_sec": 380588186.0214479,
    "resp_ver": 2,
    "used_memory": 115077456,
    "bytes_per_key": 115.077456,
    "distinct_keys_est": 1000000,
    "key_draws": 30209568,
    "server_hits": 41521920,
    "maxmemory_policy": "noeviction"
  },
  "gate": {
    "pass": false,
    "reason": "aki is 1.02x Redis, below the 2.0x bar",
    "required_speedup": 2,
    "speedup_vs_redis": 1.0226117917863702,
    "speedup_vs_valkey": 0.9036212925272276,
    "tail_regressed_vs_redis": true,
    "tail_regressed_vs_valkey": true
  },
  "generator_bound": false
}
