{
  "workload": "get",
  "cell": {
    "keyspace": 1000000,
    "value_size": 64,
    "dist": "uniform",
    "pipeline": 1,
    "connections": 50
  },
  "timestamp": "2026-07-10T21:43:44.15430874Z",
  "aki": {
    "target": "aki",
    "version": "unknown",
    "workload": "get",
    "skipped": false,
    "ops": 2740658,
    "errors": 0,
    "ops_per_sec": 342571.60604327155,
    "min_us": 6.447,
    "p50_us": 133.887,
    "p99_us": 451.327,
    "p999_us": 662.527,
    "nil_replies": 0,
    "err_replies": 0,
    "hit_ratio": 1,
    "value_ops_per_sec": 342571.60604327155,
    "bytes_per_sec": 34527648.575063035,
    "resp_ver": 2,
    "used_memory": 113449984,
    "bytes_per_key": 113.449984,
    "distinct_keys_est": 935349,
    "key_draws": 2740658
  },
  "redis": {
    "target": "redis",
    "version": "redis 8.8.0",
    "workload": "get",
    "skipped": false,
    "ops": 2686407,
    "errors": 0,
    "ops_per_sec": 335796.64807574323,
    "min_us": 9.029,
    "p50_us": 144.255,
    "p99_us": 374.015,
    "p999_us": 546.303,
    "nil_replies": 0,
    "err_replies": 0,
    "hit_ratio": 1,
    "value_ops_per_sec": 335796.64807574323,
    "bytes_per_sec": 33844792.97020729,
    "resp_ver": 2,
    "used_memory": 127513504,
    "bytes_per_key": 127.513504,
    "distinct_keys_est": 931746,
    "key_draws": 2686407,
    "server_hits": 3654917,
    "maxmemory_policy": "noeviction"
  },
  "valkey": {
    "target": "valkey",
    "version": "valkey 9.1.0",
    "workload": "get",
    "skipped": false,
    "ops": 5159409,
    "errors": 0,
    "ops_per_sec": 644908.1732554758,
    "min_us": 5.88,
    "p50_us": 47.775,
    "p99_us": 323.583,
    "p999_us": 523.263,
    "nil_replies": 0,
    "err_replies": 0,
    "hit_ratio": 1,
    "value_ops_per_sec": 644908.1732554758,
    "bytes_per_sec": 64999685.410631955,
    "resp_ver": 2,
    "used_memory": 115091984,
    "bytes_per_key": 115.091984,
    "distinct_keys_est": 994234,
    "key_draws": 5159409,
    "server_hits": 7005020,
    "maxmemory_policy": "noeviction"
  },
  "gate": {
    "pass": false,
    "reason": "aki is 1.02x Redis, below the 2.0x bar",
    "required_speedup": 2,
    "speedup_vs_redis": 1.020175776042887,
    "speedup_vs_valkey": 0.5311943936358894,
    "tail_regressed_vs_redis": true,
    "tail_regressed_vs_valkey": true
  },
  "generator_bound": false
}
