{
  "workload": "get",
  "cell": {
    "keyspace": 1000000,
    "value_size": 64,
    "dist": "uniform",
    "pipeline": 1,
    "connections": 50
  },
  "timestamp": "2026-07-10T21:46:46.332581675Z",
  "aki": {
    "target": "aki",
    "version": "unknown",
    "workload": "get",
    "skipped": false,
    "ops": 2193251,
    "errors": 0,
    "ops_per_sec": 274151.3091978397,
    "min_us": 9.04,
    "p50_us": 167.679,
    "p99_us": 459.007,
    "p999_us": 619.007,
    "nil_replies": 0,
    "err_replies": 0,
    "hit_ratio": 1,
    "value_ops_per_sec": 274151.3091978397,
    "bytes_per_sec": 27631534.421053022,
    "resp_ver": 2,
    "used_memory": 113449984,
    "bytes_per_key": 113.449984,
    "distinct_keys_est": 888435,
    "key_draws": 2193251
  },
  "redis": {
    "target": "redis",
    "version": "redis 8.8.0",
    "workload": "get",
    "skipped": false,
    "ops": 2718946,
    "errors": 0,
    "ops_per_sec": 339858.94542675687,
    "min_us": 8.753,
    "p50_us": 142.207,
    "p99_us": 369.407,
    "p999_us": 541.695,
    "nil_replies": 0,
    "err_replies": 0,
    "hit_ratio": 1,
    "value_ops_per_sec": 339858.94542675687,
    "bytes_per_sec": 34254238.44602339,
    "resp_ver": 2,
    "used_memory": 127514264,
    "bytes_per_key": 127.514264,
    "distinct_keys_est": 933946,
    "key_draws": 2718946,
    "server_hits": 3688115,
    "maxmemory_policy": "noeviction"
  },
  "valkey": {
    "target": "valkey",
    "version": "valkey 9.1.0",
    "workload": "get",
    "skipped": false,
    "ops": 5282518,
    "errors": 0,
    "ops_per_sec": 660307.6609369522,
    "min_us": 5.876,
    "p50_us": 46.335,
    "p99_us": 322.047,
    "p999_us": 526.847,
    "nil_replies": 0,
    "err_replies": 0,
    "hit_ratio": 1,
    "value_ops_per_sec": 660307.6609369522,
    "bytes_per_sec": 66551734.25058109,
    "resp_ver": 2,
    "used_memory": 115091984,
    "bytes_per_key": 115.091984,
    "distinct_keys_est": 994943,
    "key_draws": 5282518,
    "server_hits": 7181012,
    "maxmemory_policy": "noeviction"
  },
  "gate": {
    "pass": false,
    "reason": "aki is 0.81x Redis, below the 2.0x bar",
    "required_speedup": 2,
    "speedup_vs_redis": 0.8066620369623967,
    "speedup_vs_valkey": 0.4151872307657753,
    "tail_regressed_vs_redis": true,
    "tail_regressed_vs_valkey": true
  },
  "generator_bound": false
}
