{
  "workload": "get",
  "cell": {
    "keyspace": 1000000,
    "value_size": 1024,
    "dist": "uniform",
    "pipeline": 1,
    "connections": 512
  },
  "timestamp": "2026-07-10T21:33:37.619854045Z",
  "aki": {
    "target": "aki",
    "version": "unknown",
    "workload": "get",
    "skipped": false,
    "ops": 7695604,
    "errors": 0,
    "ops_per_sec": 961878.1995834849,
    "min_us": 22.497,
    "p50_us": 505.599,
    "p99_us": 1059.839,
    "p999_us": 1501.183,
    "nil_replies": 0,
    "err_replies": 0,
    "hit_ratio": 1,
    "value_ops_per_sec": 961878.1995834849,
    "bytes_per_sec": 1022273580.9118013,
    "resp_ver": 2,
    "used_memory": 1073449984,
    "bytes_per_key": 1073.449984,
    "distinct_keys_est": 999552,
    "key_draws": 7695604
  },
  "redis": {
    "target": "redis",
    "version": "redis 8.8.0",
    "workload": "get",
    "skipped": false,
    "ops": 8424874,
    "errors": 0,
    "ops_per_sec": 1053049.2571256657,
    "min_us": 28.509,
    "p50_us": 465.919,
    "p99_us": 935.935,
    "p999_us": 1427.455,
    "nil_replies": 0,
    "err_replies": 0,
    "hit_ratio": 1,
    "value_ops_per_sec": 1053049.2571256657,
    "bytes_per_sec": 1119169027.6160161,
    "resp_ver": 2,
    "used_memory": 1327512744,
    "bytes_per_key": 1327.512744,
    "distinct_keys_est": 999795,
    "key_draws": 8424874,
    "server_hits": 11556934,
    "maxmemory_policy": "noeviction"
  },
  "valkey": {
    "target": "valkey",
    "version": "valkey 9.1.0",
    "workload": "get",
    "skipped": false,
    "ops": 8017110,
    "errors": 0,
    "ops_per_sec": 1002063.6055007393,
    "min_us": 9.965,
    "p50_us": 497.151,
    "p99_us": 947.711,
    "p999_us": 1409.023,
    "nil_replies": 0,
    "err_replies": 0,
    "hit_ratio": 1,
    "value_ops_per_sec": 1002063.6055007393,
    "bytes_per_sec": 1064982131.1312319,
    "resp_ver": 2,
    "used_memory": 1331087680,
    "bytes_per_key": 1331.08768,
    "distinct_keys_est": 999672,
    "key_draws": 8017110,
    "server_hits": 10876014,
    "maxmemory_policy": "noeviction"
  },
  "gate": {
    "pass": false,
    "reason": "aki is 0.91x Redis, below the 2.0x bar",
    "required_speedup": 2,
    "speedup_vs_redis": 0.9134218490490793,
    "speedup_vs_valkey": 0.9598973501316083,
    "tail_regressed_vs_redis": true,
    "tail_regressed_vs_valkey": true
  },
  "generator_bound": false
}
