{
  "workload": "get",
  "cell": {
    "keyspace": 1000000,
    "value_size": 1024,
    "dist": "uniform",
    "pipeline": 16,
    "connections": 512
  },
  "timestamp": "2026-07-10T20:38:54.910428148Z",
  "aki": {
    "target": "aki",
    "version": "unknown",
    "workload": "get",
    "skipped": false,
    "ops": 25366576,
    "errors": 0,
    "ops_per_sec": 3170282.6303052586,
    "min_us": 30.115,
    "p50_us": 2508.799,
    "p99_us": 5459.967,
    "p999_us": 8282.111,
    "nil_replies": 0,
    "err_replies": 0,
    "hit_ratio": 1,
    "value_ops_per_sec": 3170282.6303052586,
    "bytes_per_sec": 3369340346.2688684,
    "resp_ver": 2,
    "used_memory": 1073449984,
    "bytes_per_key": 1073.449984,
    "distinct_keys_est": 1000000,
    "key_draws": 25366576
  },
  "redis": {
    "target": "redis",
    "version": "redis 8.8.0",
    "workload": "get",
    "skipped": false,
    "ops": 16709728,
    "errors": 0,
    "ops_per_sec": 2087621.7279264876,
    "min_us": 96.918,
    "p50_us": 3901.439,
    "p99_us": 4636.671,
    "p999_us": 8798.207,
    "nil_replies": 0,
    "err_replies": 0,
    "hit_ratio": 1,
    "value_ops_per_sec": 2087621.7279264876,
    "bytes_per_sec": 2218700809.241431,
    "resp_ver": 2,
    "used_memory": 1327515624,
    "bytes_per_key": 1327.515624,
    "distinct_keys_est": 1000000,
    "key_draws": 16709728,
    "server_hits": 22939536,
    "maxmemory_policy": "noeviction"
  },
  "valkey": {
    "target": "valkey",
    "version": "valkey 9.1.0",
    "workload": "get",
    "skipped": false,
    "ops": 15104656,
    "errors": 0,
    "ops_per_sec": 1887023.880843565,
    "min_us": 177.441,
    "p50_us": 4304.895,
    "p99_us": 5292.031,
    "p999_us": 8163.327,
    "nil_replies": 0,
    "err_replies": 0,
    "hit_ratio": 1,
    "value_ops_per_sec": 1887023.880843565,
    "bytes_per_sec": 2005507807.0832374,
    "resp_ver": 2,
    "used_memory": 1331090880,
    "bytes_per_key": 1331.09088,
    "distinct_keys_est": 1000000,
    "key_draws": 15104656,
    "server_hits": 20741760,
    "maxmemory_policy": "noeviction"
  },
  "gate": {
    "pass": false,
    "reason": "aki is 1.52x Redis, below the 2.0x bar",
    "required_speedup": 2,
    "speedup_vs_redis": 1.5186097116617552,
    "speedup_vs_valkey": 1.680043725195482,
    "tail_regressed_vs_redis": true,
    "tail_regressed_vs_valkey": true
  },
  "generator_bound": false
}
