{
  "workload": "get",
  "cell": {
    "keyspace": 1000000,
    "value_size": 1024,
    "dist": "uniform",
    "pipeline": 1,
    "connections": 50
  },
  "timestamp": "2026-07-10T21:57:11.823516115Z",
  "aki": {
    "target": "aki",
    "version": "unknown",
    "workload": "get",
    "skipped": false,
    "ops": 2163418,
    "errors": 0,
    "ops_per_sec": 270423.5006457694,
    "min_us": 10.071,
    "p50_us": 171.263,
    "p99_us": 457.727,
    "p999_us": 631.807,
    "nil_replies": 0,
    "err_replies": 0,
    "hit_ratio": 1,
    "value_ops_per_sec": 270423.5006457694,
    "bytes_per_sec": 287403230.4760602,
    "resp_ver": 2,
    "used_memory": 1073449984,
    "bytes_per_key": 1073.449984,
    "distinct_keys_est": 885132,
    "key_draws": 2163418
  },
  "redis": {
    "target": "redis",
    "version": "redis 8.8.0",
    "workload": "get",
    "skipped": false,
    "ops": 2585809,
    "errors": 0,
    "ops_per_sec": 323222.6964556502,
    "min_us": 9.725,
    "p50_us": 150.527,
    "p99_us": 376.319,
    "p999_us": 550.911,
    "nil_replies": 0,
    "err_replies": 0,
    "hit_ratio": 1,
    "value_ops_per_sec": 323222.6964556502,
    "bytes_per_sec": 343517698.05395764,
    "resp_ver": 2,
    "used_memory": 1327506848,
    "bytes_per_key": 1327.506848,
    "distinct_keys_est": 924660,
    "key_draws": 2585809,
    "server_hits": 3517490,
    "maxmemory_policy": "noeviction"
  },
  "valkey": {
    "target": "valkey",
    "version": "valkey 9.1.0",
    "workload": "get",
    "skipped": false,
    "ops": 5088700,
    "errors": 0,
    "ops_per_sec": 636076.6575168056,
    "min_us": 6.675,
    "p50_us": 48.927,
    "p99_us": 328.191,
    "p999_us": 539.135,
    "nil_replies": 0,
    "err_replies": 0,
    "hit_ratio": 1,
    "value_ops_per_sec": 636076.6575168056,
    "bytes_per_sec": 676015340.8520018,
    "resp_ver": 2,
    "used_memory": 1331080576,
    "bytes_per_key": 1331.080576,
    "distinct_keys_est": 993819,
    "key_draws": 5088700,
    "server_hits": 6963004,
    "maxmemory_policy": "noeviction"
  },
  "gate": {
    "pass": false,
    "reason": "aki is 0.84x Redis, below the 2.0x bar",
    "required_speedup": 2,
    "speedup_vs_redis": 0.8366476228654152,
    "speedup_vs_valkey": 0.42514294063467445,
    "tail_regressed_vs_redis": true,
    "tail_regressed_vs_valkey": true
  },
  "generator_bound": false
}
