{
  "workload": "get",
  "cell": {
    "keyspace": 1000000,
    "value_size": 1024,
    "dist": "uniform",
    "pipeline": 16,
    "connections": 512
  },
  "timestamp": "2026-07-10T20:39:34.942512762Z",
  "aki": {
    "target": "aki",
    "version": "unknown",
    "workload": "get",
    "skipped": false,
    "ops": 23451824,
    "errors": 0,
    "ops_per_sec": 2930742.729036311,
    "min_us": 44.735,
    "p50_us": 2713.599,
    "p99_us": 5832.703,
    "p999_us": 8163.327,
    "nil_replies": 0,
    "err_replies": 0,
    "hit_ratio": 1,
    "value_ops_per_sec": 2930742.729036311,
    "bytes_per_sec": 3114760202.9664145,
    "resp_ver": 2,
    "used_memory": 1073449984,
    "bytes_per_key": 1073.449984,
    "distinct_keys_est": 1000000,
    "key_draws": 23451824
  },
  "redis": {
    "target": "redis",
    "version": "redis 8.8.0",
    "workload": "get",
    "skipped": false,
    "ops": 16936368,
    "errors": 0,
    "ops_per_sec": 2116000.283504394,
    "min_us": 94.39,
    "p50_us": 3852.287,
    "p99_us": 4833.279,
    "p999_us": 8105.983,
    "nil_replies": 0,
    "err_replies": 0,
    "hit_ratio": 1,
    "value_ops_per_sec": 2116000.283504394,
    "bytes_per_sec": 2248861277.2821813,
    "resp_ver": 2,
    "used_memory": 1327515776,
    "bytes_per_key": 1327.515776,
    "distinct_keys_est": 1000000,
    "key_draws": 16936368,
    "server_hits": 23290192,
    "maxmemory_policy": "noeviction"
  },
  "valkey": {
    "target": "valkey",
    "version": "valkey 9.1.0",
    "workload": "get",
    "skipped": false,
    "ops": 14700528,
    "errors": 0,
    "ops_per_sec": 1836583.6729189088,
    "min_us": 61.133,
    "p50_us": 4526.079,
    "p99_us": 5328.895,
    "p999_us": 8331.263,
    "nil_replies": 0,
    "err_replies": 0,
    "hit_ratio": 1,
    "value_ops_per_sec": 1836583.6729189088,
    "bytes_per_sec": 1951900535.1674068,
    "resp_ver": 2,
    "used_memory": 1331090880,
    "bytes_per_key": 1331.09088,
    "distinct_keys_est": 1000000,
    "key_draws": 14700528,
    "server_hits": 20200672,
    "maxmemory_policy": "noeviction"
  },
  "gate": {
    "pass": false,
    "reason": "aki is 1.39x Redis, below the 2.0x bar",
    "required_speedup": 2,
    "speedup_vs_redis": 1.385038911328778,
    "speedup_vs_valkey": 1.595757804150812,
    "tail_regressed_vs_redis": true,
    "tail_regressed_vs_valkey": true
  },
  "generator_bound": false
}
