{
  "workload": "get",
  "cell": {
    "keyspace": 1000000,
    "value_size": 1024,
    "dist": "uniform",
    "pipeline": 1,
    "connections": 50
  },
  "timestamp": "2026-07-10T21:58:32.022960004Z",
  "aki": {
    "target": "aki",
    "version": "unknown",
    "workload": "get",
    "skipped": false,
    "ops": 2754948,
    "errors": 0,
    "ops_per_sec": 344364.9180883045,
    "min_us": 6.586,
    "p50_us": 132.351,
    "p99_us": 461.567,
    "p999_us": 674.303,
    "nil_replies": 0,
    "err_replies": 0,
    "hit_ratio": 1,
    "value_ops_per_sec": 344364.9180883045,
    "bytes_per_sec": 365987427.80676967,
    "resp_ver": 2,
    "used_memory": 1073449984,
    "bytes_per_key": 1073.449984,
    "distinct_keys_est": 936283,
    "key_draws": 2754948
  },
  "redis": {
    "target": "redis",
    "version": "redis 8.8.0",
    "workload": "get",
    "skipped": false,
    "ops": 2653037,
    "errors": 0,
    "ops_per_sec": 331620.26244803536,
    "min_us": 10.046,
    "p50_us": 146.175,
    "p99_us": 374.783,
    "p999_us": 549.887,
    "nil_replies": 0,
    "err_replies": 0,
    "hit_ratio": 1,
    "value_ops_per_sec": 331620.26244803536,
    "bytes_per_sec": 352442535.0780178,
    "resp_ver": 2,
    "used_memory": 1327507152,
    "bytes_per_key": 1327.507152,
    "distinct_keys_est": 929501,
    "key_draws": 2653037,
    "server_hits": 3599928,
    "maxmemory_policy": "noeviction"
  },
  "valkey": {
    "target": "valkey",
    "version": "valkey 9.1.0",
    "workload": "get",
    "skipped": false,
    "ops": 4928232,
    "errors": 0,
    "ops_per_sec": 616009.9468893439,
    "min_us": 6.335,
    "p50_us": 51.071,
    "p99_us": 334.335,
    "p999_us": 560.639,
    "nil_replies": 0,
    "err_replies": 0,
    "hit_ratio": 1,
    "value_ops_per_sec": 616009.9468893439,
    "bytes_per_sec": 654688660.0615803,
    "resp_ver": 2,
    "used_memory": 1331080576,
    "bytes_per_key": 1331.080576,
    "distinct_keys_est": 992768,
    "key_draws": 4928232,
    "server_hits": 6740935,
    "maxmemory_policy": "noeviction"
  },
  "gate": {
    "pass": false,
    "reason": "aki is 1.04x Redis, below the 2.0x bar",
    "required_speedup": 2,
    "speedup_vs_redis": 1.0384314744406375,
    "speedup_vs_valkey": 0.5590249310538553,
    "tail_regressed_vs_redis": true,
    "tail_regressed_vs_valkey": true
  },
  "generator_bound": false
}
