{
  "workload": "get",
  "cell": {
    "keyspace": 1000000,
    "value_size": 1024,
    "dist": "uniform",
    "pipeline": 16,
    "connections": 512
  },
  "timestamp": "2026-07-10T20:35:33.543401144Z",
  "aki": {
    "target": "aki",
    "version": "unknown",
    "workload": "get",
    "skipped": false,
    "ops": 23872864,
    "errors": 0,
    "ops_per_sec": 2983565.9539422938,
    "min_us": 48.915,
    "p50_us": 2664.447,
    "p99_us": 5570.559,
    "p999_us": 7712.767,
    "nil_replies": 0,
    "err_replies": 0,
    "hit_ratio": 1,
    "value_ops_per_sec": 2983565.9539422938,
    "bytes_per_sec": 3170900048.099236,
    "resp_ver": 2,
    "used_memory": 1073449984,
    "bytes_per_key": 1073.449984,
    "distinct_keys_est": 1000000,
    "key_draws": 23872864
  },
  "redis": {
    "target": "redis",
    "version": "redis 8.8.0",
    "workload": "get",
    "skipped": false,
    "ops": 16984704,
    "errors": 0,
    "ops_per_sec": 2122021.269722059,
    "min_us": 89.348,
    "p50_us": 3844.095,
    "p99_us": 4800.511,
    "p999_us": 7577.599,
    "nil_replies": 0,
    "err_replies": 0,
    "hit_ratio": 1,
    "value_ops_per_sec": 2122021.269722059,
    "bytes_per_sec": 2255260338.683323,
    "resp_ver": 2,
    "used_memory": 1327514864,
    "bytes_per_key": 1327.514864,
    "distinct_keys_est": 1000000,
    "key_draws": 16984704,
    "server_hits": 23251280,
    "maxmemory_policy": "noeviction"
  },
  "valkey": {
    "target": "valkey",
    "version": "valkey 9.1.0",
    "workload": "get",
    "skipped": false,
    "ops": 14430768,
    "errors": 0,
    "ops_per_sec": 1802827.4151302434,
    "min_us": 64.662,
    "p50_us": 4513.791,
    "p99_us": 5472.255,
    "p999_us": 7995.391,
    "nil_replies": 0,
    "err_replies": 0,
    "hit_ratio": 1,
    "value_ops_per_sec": 1802827.4151302434,
    "bytes_per_sec": 1916024749.8035343,
    "resp_ver": 2,
    "used_memory": 1331090880,
    "bytes_per_key": 1331.09088,
    "distinct_keys_est": 1000000,
    "key_draws": 14430768,
    "server_hits": 19969360,
    "maxmemory_policy": "noeviction"
  },
  "gate": {
    "pass": false,
    "reason": "aki is 1.41x Redis, below the 2.0x bar",
    "required_speedup": 2,
    "speedup_vs_redis": 1.406001907951224,
    "speedup_vs_valkey": 1.6549370887655095,
    "tail_regressed_vs_redis": true,
    "tail_regressed_vs_valkey": true
  },
  "generator_bound": false
}
