{
  "workload": "get",
  "cell": {
    "keyspace": 1000000,
    "value_size": 64,
    "dist": "uniform",
    "pipeline": 16,
    "connections": 50
  },
  "timestamp": "2026-07-10T20:51:22.144475216Z",
  "aki": {
    "target": "aki",
    "version": "unknown",
    "workload": "get",
    "skipped": false,
    "ops": 25156464,
    "errors": 0,
    "ops_per_sec": 3144444.723737161,
    "min_us": 14.403,
    "p50_us": 231.167,
    "p99_us": 555.519,
    "p999_us": 784.383,
    "nil_replies": 0,
    "err_replies": 0,
    "hit_ratio": 1,
    "value_ops_per_sec": 3144444.723737161,
    "bytes_per_sec": 316925208.38206196,
    "resp_ver": 2,
    "used_memory": 113449984,
    "bytes_per_key": 113.449984,
    "distinct_keys_est": 1000000,
    "key_draws": 25156464
  },
  "redis": {
    "target": "redis",
    "version": "redis 8.8.0",
    "workload": "get",
    "skipped": false,
    "ops": 26725616,
    "errors": 0,
    "ops_per_sec": 3340628.092779232,
    "min_us": 17.303,
    "p50_us": 218.495,
    "p99_us": 514.047,
    "p999_us": 719.359,
    "nil_replies": 0,
    "err_replies": 0,
    "hit_ratio": 1,
    "value_ops_per_sec": 3340628.092779232,
    "bytes_per_sec": 336698329.22033894,
    "resp_ver": 2,
    "used_memory": 127513280,
    "bytes_per_key": 127.51328,
    "distinct_keys_est": 1000000,
    "key_draws": 26725616,
    "server_hits": 36360288,
    "maxmemory_policy": "noeviction"
  },
  "valkey": {
    "target": "valkey",
    "version": "valkey 9.1.0",
    "workload": "get",
    "skipped": false,
    "ops": 30265648,
    "errors": 0,
    "ops_per_sec": 3783121.924371243,
    "min_us": 14.829,
    "p50_us": 199.807,
    "p99_us": 424.191,
    "p999_us": 664.575,
    "nil_replies": 0,
    "err_replies": 0,
    "hit_ratio": 1,
    "value_ops_per_sec": 3783121.924371243,
    "bytes_per_sec": 381296890.98055696,
    "resp_ver": 2,
    "used_memory": 115077456,
    "bytes_per_key": 115.077456,
    "distinct_keys_est": 1000000,
    "key_draws": 30265648,
    "server_hits": 41646544,
    "maxmemory_policy": "noeviction"
  },
  "gate": {
    "pass": false,
    "reason": "aki is 0.94x Redis, below the 2.0x bar",
    "required_speedup": 2,
    "speedup_vs_redis": 0.9412735079771013,
    "speedup_vs_valkey": 0.8311772093519745,
    "tail_regressed_vs_redis": true,
    "tail_regressed_vs_valkey": true
  },
  "generator_bound": false
}
