{
  "workload": "get",
  "cell": {
    "keyspace": 1000000,
    "value_size": 64,
    "dist": "uniform",
    "pipeline": 1,
    "connections": 512
  },
  "timestamp": "2026-07-10T21:18:13.728260259Z",
  "aki": {
    "target": "aki",
    "version": "unknown",
    "workload": "get",
    "skipped": false,
    "ops": 8103717,
    "errors": 0,
    "ops_per_sec": 1012875.0538001956,
    "min_us": 28.648,
    "p50_us": 480.511,
    "p99_us": 1005.567,
    "p999_us": 1417.215,
    "nil_replies": 0,
    "err_replies": 0,
    "hit_ratio": 1,
    "value_ops_per_sec": 1012875.0538001956,
    "bytes_per_sec": 102086596.46429735,
    "resp_ver": 2,
    "used_memory": 113449984,
    "bytes_per_key": 113.449984,
    "distinct_keys_est": 999707,
    "key_draws": 8103717
  },
  "redis": {
    "target": "redis",
    "version": "redis 8.8.0",
    "workload": "get",
    "skipped": false,
    "ops": 8659960,
    "errors": 0,
    "ops_per_sec": 1082436.163641107,
    "min_us": 33.561,
    "p50_us": 456.191,
    "p99_us": 930.815,
    "p999_us": 1373.183,
    "nil_replies": 0,
    "err_replies": 0,
    "hit_ratio": 1,
    "value_ops_per_sec": 1082436.163641107,
    "bytes_per_sec": 109097500.70080064,
    "resp_ver": 2,
    "used_memory": 127512448,
    "bytes_per_key": 127.512448,
    "distinct_keys_est": 999835,
    "key_draws": 8659960,
    "server_hits": 11874861,
    "maxmemory_policy": "noeviction"
  },
  "valkey": {
    "target": "valkey",
    "version": "valkey 9.1.0",
    "workload": "get",
    "skipped": false,
    "ops": 8229884,
    "errors": 0,
    "ops_per_sec": 1028676.5966922276,
    "min_us": 8.435,
    "p50_us": 485.631,
    "p99_us": 927.231,
    "p999_us": 1411.071,
    "nil_replies": 0,
    "err_replies": 0,
    "hit_ratio": 1,
    "value_ops_per_sec": 1028676.5966922276,
    "bytes_per_sec": 103679181.20048548,
    "resp_ver": 2,
    "used_memory": 115089232,
    "bytes_per_key": 115.089232,
    "distinct_keys_est": 999747,
    "key_draws": 8229884,
    "server_hits": 11224557,
    "maxmemory_policy": "noeviction"
  },
  "gate": {
    "pass": false,
    "reason": "aki is 0.94x Redis, below the 2.0x bar",
    "required_speedup": 2,
    "speedup_vs_redis": 0.9357365245383882,
    "speedup_vs_valkey": 0.9846389594719634,
    "tail_regressed_vs_redis": true,
    "tail_regressed_vs_valkey": true
  },
  "generator_bound": false
}
