{
  "workload": "get",
  "cell": {
    "keyspace": 1000000,
    "value_size": 1024,
    "dist": "uniform",
    "pipeline": 1,
    "connections": 512
  },
  "timestamp": "2026-07-10T21:28:15.698384541Z",
  "aki": {
    "target": "aki",
    "version": "unknown",
    "workload": "get",
    "skipped": false,
    "ops": 5281872,
    "errors": 0,
    "ops_per_sec": 660168.4773708893,
    "min_us": 11.182,
    "p50_us": 686.079,
    "p99_us": 2326.527,
    "p999_us": 3225.599,
    "nil_replies": 0,
    "err_replies": 0,
    "hit_ratio": 1,
    "value_ops_per_sec": 660168.4773708893,
    "bytes_per_sec": 701619948.630371,
    "resp_ver": 2,
    "used_memory": 1073449984,
    "bytes_per_key": 1073.449984,
    "distinct_keys_est": 994860,
    "key_draws": 5281872
  },
  "redis": {
    "target": "redis",
    "version": "redis 8.8.0",
    "workload": "get",
    "skipped": false,
    "ops": 8574000,
    "errors": 0,
    "ops_per_sec": 1071689.8441735893,
    "min_us": 21.298,
    "p50_us": 459.519,
    "p99_us": 897.023,
    "p999_us": 1371.135,
    "nil_replies": 0,
    "err_replies": 0,
    "hit_ratio": 1,
    "value_ops_per_sec": 1071689.8441735893,
    "bytes_per_sec": 1138980012.058708,
    "resp_ver": 2,
    "used_memory": 1327511528,
    "bytes_per_key": 1327.511528,
    "distinct_keys_est": 999823,
    "key_draws": 8574000,
    "server_hits": 11709566,
    "maxmemory_policy": "noeviction"
  },
  "valkey": {
    "target": "valkey",
    "version": "valkey 9.1.0",
    "workload": "get",
    "skipped": false,
    "ops": 7964921,
    "errors": 0,
    "ops_per_sec": 995554.2614168954,
    "min_us": 9.661,
    "p50_us": 500.735,
    "p99_us": 952.319,
    "p999_us": 1463.295,
    "nil_replies": 0,
    "err_replies": 0,
    "hit_ratio": 1,
    "value_ops_per_sec": 995554.2614168954,
    "bytes_per_sec": 1058064093.7298558,
    "resp_ver": 2,
    "used_memory": 1331087680,
    "bytes_per_key": 1331.08768,
    "distinct_keys_est": 999655,
    "key_draws": 7964921,
    "server_hits": 10762183,
    "maxmemory_policy": "noeviction"
  },
  "gate": {
    "pass": false,
    "reason": "aki is 0.62x Redis, below the 2.0x bar",
    "required_speedup": 2,
    "speedup_vs_redis": 0.6160070294218045,
    "speedup_vs_valkey": 0.6631165200692551,
    "tail_regressed_vs_redis": true,
    "tail_regressed_vs_valkey": true
  },
  "generator_bound": false
}
