{
  "workload": "get",
  "cell": {
    "keyspace": 1000000,
    "value_size": 1024,
    "dist": "uniform",
    "pipeline": 1,
    "connections": 50
  },
  "timestamp": "2026-07-10T21:54:32.031893519Z",
  "aki": {
    "target": "aki",
    "version": "unknown",
    "workload": "get",
    "skipped": false,
    "ops": 2718130,
    "errors": 0,
    "ops_per_sec": 339762.67064273515,
    "min_us": 6.616,
    "p50_us": 134.143,
    "p99_us": 471.039,
    "p999_us": 694.271,
    "nil_replies": 0,
    "err_replies": 0,
    "hit_ratio": 1,
    "value_ops_per_sec": 339762.67064273515,
    "bytes_per_sec": 361096225.14640516,
    "resp_ver": 2,
    "used_memory": 1073449984,
    "bytes_per_key": 1073.449984,
    "distinct_keys_est": 933896,
    "key_draws": 2718130
  },
  "redis": {
    "target": "redis",
    "version": "redis 8.8.0",
    "workload": "get",
    "skipped": false,
    "ops": 2571411,
    "errors": 0,
    "ops_per_sec": 321422.10735814733,
    "min_us": 9.943,
    "p50_us": 151.039,
    "p99_us": 380.159,
    "p999_us": 555.007,
    "nil_replies": 0,
    "err_replies": 0,
    "hit_ratio": 1,
    "value_ops_per_sec": 321422.10735814733,
    "bytes_per_sec": 341604048.51994634,
    "resp_ver": 2,
    "used_memory": 1327506240,
    "bytes_per_key": 1327.50624,
    "distinct_keys_est": 923514,
    "key_draws": 2571411,
    "server_hits": 3506329,
    "maxmemory_policy": "noeviction"
  },
  "valkey": {
    "target": "valkey",
    "version": "valkey 9.1.0",
    "workload": "get",
    "skipped": false,
    "ops": 5070664,
    "errors": 0,
    "ops_per_sec": 633820.6480239837,
    "min_us": 6.248,
    "p50_us": 48.927,
    "p99_us": 331.263,
    "p999_us": 563.199,
    "nil_replies": 0,
    "err_replies": 0,
    "hit_ratio": 1,
    "value_ops_per_sec": 633820.6480239837,
    "bytes_per_sec": 673617706.3289368,
    "resp_ver": 2,
    "used_memory": 1331080576,
    "bytes_per_key": 1331.080576,
    "distinct_keys_est": 993702,
    "key_draws": 5070664,
    "server_hits": 6897004,
    "maxmemory_policy": "noeviction"
  },
  "gate": {
    "pass": false,
    "reason": "aki is 1.06x Redis, below the 2.0x bar",
    "required_speedup": 2,
    "speedup_vs_redis": 1.057060677734129,
    "speedup_vs_valkey": 0.5360549103314769,
    "tail_regressed_vs_redis": true,
    "tail_regressed_vs_valkey": true
  },
  "generator_bound": false
}
