{
  "workload": "get",
  "cell": {
    "keyspace": 1000000,
    "value_size": 64,
    "dist": "uniform",
    "pipeline": 16,
    "connections": 512
  },
  "timestamp": "2026-07-10T20:25:45.367029508Z",
  "aki": {
    "target": "aki",
    "version": "unknown",
    "workload": "get",
    "skipped": false,
    "ops": 34205168,
    "errors": 0,
    "ops_per_sec": 4275003.105795437,
    "min_us": 45.288,
    "p50_us": 1844.223,
    "p99_us": 4139.007,
    "p999_us": 6901.759,
    "nil_replies": 0,
    "err_replies": 0,
    "hit_ratio": 1,
    "value_ops_per_sec": 4275003.105795437,
    "bytes_per_sec": 430872692.4255859,
    "resp_ver": 2,
    "used_memory": 113449984,
    "bytes_per_key": 113.449984,
    "distinct_keys_est": 1000000,
    "key_draws": 34205168
  },
  "redis": {
    "target": "redis",
    "version": "redis 8.8.0",
    "workload": "get",
    "skipped": false,
    "ops": 37906992,
    "errors": 0,
    "ops_per_sec": 4737232.637223166,
    "min_us": 63.942,
    "p50_us": 1715.199,
    "p99_us": 2260.991,
    "p999_us": 3751.935,
    "nil_replies": 0,
    "err_replies": 0,
    "hit_ratio": 1,
    "value_ops_per_sec": 4737232.637223166,
    "bytes_per_sec": 477460353.4534708,
    "resp_ver": 2,
    "used_memory": 127510832,
    "bytes_per_key": 127.510832,
    "distinct_keys_est": 1000000,
    "key_draws": 37906992,
    "server_hits": 52036592,
    "maxmemory_policy": "noeviction"
  },
  "valkey": {
    "target": "valkey",
    "version": "valkey 9.1.0",
    "workload": "get",
    "skipped": false,
    "ops": 32074912,
    "errors": 0,
    "ops_per_sec": 4008359.5982790315,
    "min_us": 46.946,
    "p50_us": 2015.231,
    "p99_us": 2555.903,
    "p999_us": 3579.903,
    "nil_replies": 0,
    "err_replies": 0,
    "hit_ratio": 1,
    "value_ops_per_sec": 4008359.5982790315,
    "bytes_per_sec": 403997726.8126079,
    "resp_ver": 2,
    "used_memory": 115092176,
    "bytes_per_key": 115.092176,
    "distinct_keys_est": 1000000,
    "key_draws": 32074912,
    "server_hits": 44098480,
    "maxmemory_policy": "noeviction"
  },
  "gate": {
    "pass": false,
    "reason": "aki is 0.90x Redis, below the 2.0x bar",
    "required_speedup": 2,
    "speedup_vs_redis": 0.9024262545614234,
    "speedup_vs_valkey": 1.0665218528873726,
    "tail_regressed_vs_redis": true,
    "tail_regressed_vs_valkey": true
  },
  "generator_bound": false
}
