{
  "workload": "get",
  "cell": {
    "keyspace": 1000000,
    "value_size": 1024,
    "dist": "uniform",
    "pipeline": 1,
    "connections": 512
  },
  "timestamp": "2026-07-10T21:28:55.809298522Z",
  "aki": {
    "target": "aki",
    "version": "unknown",
    "workload": "get",
    "skipped": false,
    "ops": 4990083,
    "errors": 0,
    "ops_per_sec": 623743.3259118012,
    "min_us": 7.449,
    "p50_us": 684.031,
    "p99_us": 3577.855,
    "p999_us": 6598.655,
    "nil_replies": 0,
    "err_replies": 0,
    "hit_ratio": 1,
    "value_ops_per_sec": 623743.3259118012,
    "bytes_per_sec": 662907716.2869369,
    "resp_ver": 2,
    "used_memory": 1073449984,
    "bytes_per_key": 1073.449984,
    "distinct_keys_est": 993163,
    "key_draws": 4990083
  },
  "redis": {
    "target": "redis",
    "version": "redis 8.8.0",
    "workload": "get",
    "skipped": false,
    "ops": 8408489,
    "errors": 0,
    "ops_per_sec": 1051009.7951267445,
    "min_us": 30.362,
    "p50_us": 466.175,
    "p99_us": 937.471,
    "p999_us": 1372.159,
    "nil_replies": 0,
    "err_replies": 0,
    "hit_ratio": 1,
    "value_ops_per_sec": 1051009.7951267445,
    "bytes_per_sec": 1117001496.932767,
    "resp_ver": 2,
    "used_memory": 1327511680,
    "bytes_per_key": 1327.51168,
    "distinct_keys_est": 999792,
    "key_draws": 8408489,
    "server_hits": 11528861,
    "maxmemory_policy": "noeviction"
  },
  "valkey": {
    "target": "valkey",
    "version": "valkey 9.1.0",
    "workload": "get",
    "skipped": false,
    "ops": 7917752,
    "errors": 0,
    "ops_per_sec": 989674.3890661106,
    "min_us": 9.819,
    "p50_us": 504.063,
    "p99_us": 959.999,
    "p999_us": 1460.223,
    "nil_replies": 0,
    "err_replies": 0,
    "hit_ratio": 1,
    "value_ops_per_sec": 989674.3890661106,
    "bytes_per_sec": 1051815030.2412663,
    "resp_ver": 2,
    "used_memory": 1331087680,
    "bytes_per_key": 1331.08768,
    "distinct_keys_est": 999630,
    "key_draws": 7917752,
    "server_hits": 10756915,
    "maxmemory_policy": "noeviction"
  },
  "gate": {
    "pass": false,
    "reason": "aki is 0.59x Redis, below the 2.0x bar",
    "required_speedup": 2,
    "speedup_vs_redis": 0.5934705164537329,
    "speedup_vs_valkey": 0.6302510530765436,
    "tail_regressed_vs_redis": true,
    "tail_regressed_vs_valkey": true
  },
  "generator_bound": false
}
