{
  "workload": "get",
  "cell": {
    "keyspace": 1000000,
    "value_size": 64,
    "dist": "uniform",
    "pipeline": 16,
    "connections": 512
  },
  "timestamp": "2026-07-10T20:21:28.341848993Z",
  "aki": {
    "target": "aki",
    "version": "unknown",
    "workload": "get",
    "skipped": false,
    "ops": 46425776,
    "errors": 0,
    "ops_per_sec": 5802487.176650504,
    "min_us": 31.142,
    "p50_us": 1354.751,
    "p99_us": 2998.271,
    "p999_us": 4143.103,
    "nil_replies": 0,
    "err_replies": 0,
    "hit_ratio": 1,
    "value_ops_per_sec": 5802487.176650504,
    "bytes_per_sec": 584826223.3475918,
    "resp_ver": 2,
    "used_memory": 113449984,
    "bytes_per_key": 113.449984,
    "distinct_keys_est": 1000000,
    "key_draws": 46425776
  },
  "redis": {
    "target": "redis",
    "version": "redis 8.8.0",
    "workload": "get",
    "skipped": false,
    "ops": 38161008,
    "errors": 0,
    "ops_per_sec": 4769040.315453456,
    "min_us": 56.026,
    "p50_us": 1701.887,
    "p99_us": 2113.535,
    "p999_us": 4513.791,
    "nil_replies": 0,
    "err_replies": 0,
    "hit_ratio": 1,
    "value_ops_per_sec": 4769040.315453456,
    "bytes_per_sec": 480666264.5631232,
    "resp_ver": 2,
    "used_memory": 127509768,
    "bytes_per_key": 127.509768,
    "distinct_keys_est": 1000000,
    "key_draws": 38161008,
    "server_hits": 52270912,
    "maxmemory_policy": "noeviction"
  },
  "valkey": {
    "target": "valkey",
    "version": "valkey 9.1.0",
    "workload": "get",
    "skipped": false,
    "ops": 32083744,
    "errors": 0,
    "ops_per_sec": 4009448.5014917315,
    "min_us": 64.454,
    "p50_us": 2013.183,
    "p99_us": 2609.151,
    "p999_us": 3465.215,
    "nil_replies": 0,
    "err_replies": 0,
    "hit_ratio": 1,
    "value_ops_per_sec": 4009448.5014917315,
    "bytes_per_sec": 404107488.59744436,
    "resp_ver": 2,
    "used_memory": 115092176,
    "bytes_per_key": 115.092176,
    "distinct_keys_est": 1000000,
    "key_draws": 32083744,
    "server_hits": 43907840,
    "maxmemory_policy": "noeviction"
  },
  "gate": {
    "pass": false,
    "reason": "aki is 1.22x Redis, below the 2.0x bar",
    "required_speedup": 2,
    "speedup_vs_redis": 1.216699124527905,
    "speedup_vs_valkey": 1.4472033184842417,
    "tail_regressed_vs_redis": true,
    "tail_regressed_vs_valkey": true
  },
  "generator_bound": false
}
