{
  "workload": "get",
  "cell": {
    "keyspace": 1000000,
    "value_size": 64,
    "dist": "uniform",
    "pipeline": 1,
    "connections": 512
  },
  "timestamp": "2026-07-10T21:15:46.708765756Z",
  "aki": {
    "target": "aki",
    "version": "unknown",
    "workload": "get",
    "skipped": false,
    "ops": 5510997,
    "errors": 0,
    "ops_per_sec": 688806.5692750401,
    "min_us": 7.366,
    "p50_us": 626.175,
    "p99_us": 3049.471,
    "p999_us": 5902.335,
    "nil_replies": 0,
    "err_replies": 0,
    "hit_ratio": 1,
    "value_ops_per_sec": 688806.5692750401,
    "bytes_per_sec": 69424285.84067626,
    "resp_ver": 2,
    "used_memory": 113449984,
    "bytes_per_key": 113.449984,
    "distinct_keys_est": 995929,
    "key_draws": 5510997
  },
  "redis": {
    "target": "redis",
    "version": "redis 8.8.0",
    "workload": "get",
    "skipped": false,
    "ops": 8652002,
    "errors": 0,
    "ops_per_sec": 1081430.9393337728,
    "min_us": 34.918,
    "p50_us": 457.983,
    "p99_us": 901.631,
    "p999_us": 1309.695,
    "nil_replies": 0,
    "err_replies": 0,
    "hit_ratio": 1,
    "value_ops_per_sec": 1081430.9393337728,
    "bytes_per_sec": 108996176.75791278,
    "resp_ver": 2,
    "used_memory": 127511840,
    "bytes_per_key": 127.51184,
    "distinct_keys_est": 999835,
    "key_draws": 8652002,
    "server_hits": 11871896,
    "maxmemory_policy": "noeviction"
  },
  "valkey": {
    "target": "valkey",
    "version": "valkey 9.1.0",
    "workload": "get",
    "skipped": false,
    "ops": 8139552,
    "errors": 0,
    "ops_per_sec": 1017386.7054861606,
    "min_us": 9.134,
    "p50_us": 488.959,
    "p99_us": 935.935,
    "p999_us": 1401.855,
    "nil_replies": 0,
    "err_replies": 0,
    "hit_ratio": 1,
    "value_ops_per_sec": 1017386.7054861606,
    "bytes_per_sec": 102541303.223056,
    "resp_ver": 2,
    "used_memory": 115089232,
    "bytes_per_key": 115.089232,
    "distinct_keys_est": 999720,
    "key_draws": 8139552,
    "server_hits": 11052774,
    "maxmemory_policy": "noeviction"
  },
  "gate": {
    "pass": false,
    "reason": "aki is 0.64x Redis, below the 2.0x bar",
    "required_speedup": 2,
    "speedup_vs_redis": 0.6369399507835302,
    "speedup_vs_valkey": 0.677035158372639,
    "tail_regressed_vs_redis": true,
    "tail_regressed_vs_valkey": true
  },
  "generator_bound": false
}
