{
  "workload": "get",
  "cell": {
    "keyspace": 1000000,
    "value_size": 64,
    "dist": "uniform",
    "pipeline": 1,
    "connections": 512
  },
  "timestamp": "2026-07-10T21:15:09.88071704Z",
  "aki": {
    "target": "aki",
    "version": "unknown",
    "workload": "get",
    "skipped": false,
    "ops": 7209028,
    "errors": 0,
    "ops_per_sec": 901044.0604579622,
    "min_us": 8.856,
    "p50_us": 503.807,
    "p99_us": 1666.047,
    "p999_us": 2433.023,
    "nil_replies": 0,
    "err_replies": 0,
    "hit_ratio": 1,
    "value_ops_per_sec": 901044.0604579622,
    "bytes_per_sec": 90815404.29101767,
    "resp_ver": 2,
    "used_memory": 113449984,
    "bytes_per_key": 113.449984,
    "distinct_keys_est": 999243,
    "key_draws": 7209028
  },
  "redis": {
    "target": "redis",
    "version": "redis 8.8.0",
    "workload": "get",
    "skipped": false,
    "ops": 8687914,
    "errors": 0,
    "ops_per_sec": 1085914.8732470227,
    "min_us": 29.871,
    "p50_us": 455.935,
    "p99_us": 897.023,
    "p999_us": 1275.903,
    "nil_replies": 0,
    "err_replies": 0,
    "hit_ratio": 1,
    "value_ops_per_sec": 1085914.8732470227,
    "bytes_per_sec": 109448124.02672713,
    "resp_ver": 2,
    "used_memory": 127511688,
    "bytes_per_key": 127.511688,
    "distinct_keys_est": 999837,
    "key_draws": 8687914,
    "server_hits": 11870401,
    "maxmemory_policy": "noeviction"
  },
  "valkey": {
    "target": "valkey",
    "version": "valkey 9.1.0",
    "workload": "get",
    "skipped": false,
    "ops": 8244412,
    "errors": 0,
    "ops_per_sec": 1030477.0821653669,
    "min_us": 10.532,
    "p50_us": 484.863,
    "p99_us": 920.575,
    "p999_us": 1352.703,
    "nil_replies": 0,
    "err_replies": 0,
    "hit_ratio": 1,
    "value_ops_per_sec": 1030477.0821653669,
    "bytes_per_sec": 103860649.13348411,
    "resp_ver": 2,
    "used_memory": 115089232,
    "bytes_per_key": 115.089232,
    "distinct_keys_est": 999751,
    "key_draws": 8244412,
    "server_hits": 11221356,
    "maxmemory_policy": "noeviction"
  },
  "gate": {
    "pass": false,
    "reason": "aki is 0.83x Redis, below the 2.0x bar",
    "required_speedup": 2,
    "speedup_vs_redis": 0.8297557042972683,
    "speedup_vs_valkey": 0.8743950506541845,
    "tail_regressed_vs_redis": true,
    "tail_regressed_vs_valkey": true
  },
  "generator_bound": false
}
