{
  "workload": "get",
  "cell": {
    "keyspace": 1000000,
    "value_size": 1024,
    "dist": "uniform",
    "pipeline": 16,
    "connections": 50
  },
  "timestamp": "2026-07-10T21:03:58.080952259Z",
  "aki": {
    "target": "aki",
    "version": "unknown",
    "workload": "get",
    "skipped": false,
    "ops": 22818720,
    "errors": 0,
    "ops_per_sec": 2852202.084263892,
    "min_us": 18.828,
    "p50_us": 265.727,
    "p99_us": 628.735,
    "p999_us": 1120.255,
    "nil_replies": 0,
    "err_replies": 0,
    "hit_ratio": 1,
    "value_ops_per_sec": 2852202.084263892,
    "bytes_per_sec": 3031288902.8024826,
    "resp_ver": 2,
    "used_memory": 1073449984,
    "bytes_per_key": 1073.449984,
    "distinct_keys_est": 1000000,
    "key_draws": 22818720
  },
  "redis": {
    "target": "redis",
    "version": "redis 8.8.0",
    "workload": "get",
    "skipped": false,
    "ops": 16439904,
    "errors": 0,
    "ops_per_sec": 2054889.35092693,
    "min_us": 39.228,
    "p50_us": 378.367,
    "p99_us": 699.391,
    "p999_us": 1031.679,
    "nil_replies": 0,
    "err_replies": 0,
    "hit_ratio": 1,
    "value_ops_per_sec": 2054889.35092693,
    "bytes_per_sec": 2183913958.0926137,
    "resp_ver": 2,
    "used_memory": 1327504880,
    "bytes_per_key": 1327.50488,
    "distinct_keys_est": 1000000,
    "key_draws": 16439904,
    "server_hits": 22595744,
    "maxmemory_policy": "noeviction"
  },
  "valkey": {
    "target": "valkey",
    "version": "valkey 9.1.0",
    "workload": "get",
    "skipped": false,
    "ops": 16779168,
    "errors": 0,
    "ops_per_sec": 2097291.1228601104,
    "min_us": 21.035,
    "p50_us": 367.615,
    "p99_us": 608.767,
    "p999_us": 1330.175,
    "nil_replies": 0,
    "err_replies": 0,
    "hit_ratio": 1,
    "value_ops_per_sec": 2097291.1228601104,
    "bytes_per_sec": 2228978096.096327,
    "resp_ver": 2,
    "used_memory": 1331091648,
    "bytes_per_key": 1331.091648,
    "distinct_keys_est": 1000000,
    "key_draws": 16779168,
    "server_hits": 23063024,
    "maxmemory_policy": "noeviction"
  },
  "gate": {
    "pass": false,
    "reason": "aki is 1.39x Redis, below the 2.0x bar",
    "required_speedup": 2,
    "speedup_vs_redis": 1.3880076233678011,
    "speedup_vs_valkey": 1.359945719111373,
    "tail_regressed_vs_redis": false,
    "tail_regressed_vs_valkey": true
  },
  "generator_bound": false
}
