{
  "workload": "get",
  "cell": {
    "keyspace": 1000000,
    "value_size": 1024,
    "dist": "uniform",
    "pipeline": 1,
    "connections": 50
  },
  "timestamp": "2026-07-10T21:56:32.031219707Z",
  "aki": {
    "target": "aki",
    "version": "unknown",
    "workload": "get",
    "skipped": false,
    "ops": 2737588,
    "errors": 0,
    "ops_per_sec": 342195.55480840866,
    "min_us": 6.387,
    "p50_us": 133.119,
    "p99_us": 466.175,
    "p999_us": 681.471,
    "nil_replies": 0,
    "err_replies": 0,
    "hit_ratio": 1,
    "value_ops_per_sec": 342195.55480840866,
    "bytes_per_sec": 363681871.0060567,
    "resp_ver": 2,
    "used_memory": 1073449984,
    "bytes_per_key": 1073.449984,
    "distinct_keys_est": 935177,
    "key_draws": 2737588
  },
  "redis": {
    "target": "redis",
    "version": "redis 8.8.0",
    "workload": "get",
    "skipped": false,
    "ops": 2617649,
    "errors": 0,
    "ops_per_sec": 327195.2546738528,
    "min_us": 10.221,
    "p50_us": 147.455,
    "p99_us": 381.951,
    "p999_us": 562.687,
    "nil_replies": 0,
    "err_replies": 0,
    "hit_ratio": 1,
    "value_ops_per_sec": 327195.2546738528,
    "bytes_per_sec": 347739688.38126785,
    "resp_ver": 2,
    "used_memory": 1327506696,
    "bytes_per_key": 1327.506696,
    "distinct_keys_est": 926975,
    "key_draws": 2617649,
    "server_hits": 3552324,
    "maxmemory_policy": "noeviction"
  },
  "valkey": {
    "target": "valkey",
    "version": "valkey 9.1.0",
    "workload": "get",
    "skipped": false,
    "ops": 5050291,
    "errors": 0,
    "ops_per_sec": 631274.7268765584,
    "min_us": 6.416,
    "p50_us": 48.831,
    "p99_us": 329.215,
    "p999_us": 556.031,
    "nil_replies": 0,
    "err_replies": 0,
    "hit_ratio": 1,
    "value_ops_per_sec": 631274.7268765584,
    "bytes_per_sec": 670911942.8755581,
    "resp_ver": 2,
    "used_memory": 1331080576,
    "bytes_per_key": 1331.080576,
    "distinct_keys_est": 993564,
    "key_draws": 5050291,
    "server_hits": 6874021,
    "maxmemory_policy": "noeviction"
  },
  "gate": {
    "pass": false,
    "reason": "aki is 1.05x Redis, below the 2.0x bar",
    "required_speedup": 2,
    "speedup_vs_redis": 1.0458451029478044,
    "speedup_vs_valkey": 0.542070734403601,
    "tail_regressed_vs_redis": true,
    "tail_regressed_vs_valkey": true
  },
  "generator_bound": false
}
