{
  "workload": "get",
  "cell": {
    "keyspace": 1000000,
    "value_size": 64,
    "dist": "uniform",
    "pipeline": 16,
    "connections": 512
  },
  "timestamp": "2026-07-10T20:23:55.223988842Z",
  "aki": {
    "target": "aki",
    "version": "unknown",
    "workload": "get",
    "skipped": false,
    "ops": 33836304,
    "errors": 0,
    "ops_per_sec": 4228932.492459248,
    "min_us": 31.132,
    "p50_us": 1865.727,
    "p99_us": 4272.127,
    "p999_us": 6574.079,
    "nil_replies": 0,
    "err_replies": 0,
    "hit_ratio": 1,
    "value_ops_per_sec": 4228932.492459248,
    "bytes_per_sec": 426229185.0995404,
    "resp_ver": 2,
    "used_memory": 113449984,
    "bytes_per_key": 113.449984,
    "distinct_keys_est": 1000000,
    "key_draws": 33836304
  },
  "redis": {
    "target": "redis",
    "version": "redis 8.8.0",
    "workload": "get",
    "skipped": false,
    "ops": 37713840,
    "errors": 0,
    "ops_per_sec": 4713309.435285903,
    "min_us": 56.752,
    "p50_us": 1722.367,
    "p99_us": 2213.887,
    "p999_us": 3928.063,
    "nil_replies": 0,
    "err_replies": 0,
    "hit_ratio": 1,
    "value_ops_per_sec": 4713309.435285903,
    "bytes_per_sec": 475049145.5700427,
    "resp_ver": 2,
    "used_memory": 127510376,
    "bytes_per_key": 127.510376,
    "distinct_keys_est": 1000000,
    "key_draws": 37713840,
    "server_hits": 51880288,
    "maxmemory_policy": "noeviction"
  },
  "valkey": {
    "target": "valkey",
    "version": "valkey 9.1.0",
    "workload": "get",
    "skipped": false,
    "ops": 32221552,
    "errors": 0,
    "ops_per_sec": 4026671.219470247,
    "min_us": 28.648,
    "p50_us": 2007.039,
    "p99_us": 2523.135,
    "p999_us": 3436.543,
    "nil_replies": 0,
    "err_replies": 0,
    "hit_ratio": 1,
    "value_ops_per_sec": 4026671.219470247,
    "bytes_per_sec": 405843393.9191794,
    "resp_ver": 2,
    "used_memory": 115092176,
    "bytes_per_key": 115.092176,
    "distinct_keys_est": 1000000,
    "key_draws": 32221552,
    "server_hits": 44278896,
    "maxmemory_policy": "noeviction"
  },
  "gate": {
    "pass": false,
    "reason": "aki is 0.90x Redis, below the 2.0x bar",
    "required_speedup": 2,
    "speedup_vs_redis": 0.897232093611254,
    "speedup_vs_valkey": 1.0502303917963312,
    "tail_regressed_vs_redis": true,
    "tail_regressed_vs_valkey": true
  },
  "generator_bound": false
}
