{
  "workload": "get",
  "cell": {
    "keyspace": 1000000,
    "value_size": 1024,
    "dist": "uniform",
    "pipeline": 16,
    "connections": 512
  },
  "timestamp": "2026-07-10T20:40:14.996647964Z",
  "aki": {
    "target": "aki",
    "version": "unknown",
    "workload": "get",
    "skipped": false,
    "ops": 30398976,
    "errors": 0,
    "ops_per_sec": 3799053.2142796903,
    "min_us": 48.695,
    "p50_us": 1945.599,
    "p99_us": 4235.263,
    "p999_us": 6381.567,
    "nil_replies": 0,
    "err_replies": 0,
    "hit_ratio": 1,
    "value_ops_per_sec": 3799053.2142796903,
    "bytes_per_sec": 4037591071.236059,
    "resp_ver": 2,
    "used_memory": 1073449984,
    "bytes_per_key": 1073.449984,
    "distinct_keys_est": 1000000,
    "key_draws": 30398976
  },
  "redis": {
    "target": "redis",
    "version": "redis 8.8.0",
    "workload": "get",
    "skipped": false,
    "ops": 16647456,
    "errors": 0,
    "ops_per_sec": 2079834.5428060738,
    "min_us": 129.774,
    "p50_us": 3915.775,
    "p99_us": 4804.607,
    "p999_us": 8269.823,
    "nil_replies": 0,
    "err_replies": 0,
    "hit_ratio": 1,
    "value_ops_per_sec": 2079834.5428060738,
    "bytes_per_sec": 2210424704.8665915,
    "resp_ver": 2,
    "used_memory": 1327515928,
    "bytes_per_key": 1327.515928,
    "distinct_keys_est": 1000000,
    "key_draws": 16647456,
    "server_hits": 22935904,
    "maxmemory_policy": "noeviction"
  },
  "valkey": {
    "target": "valkey",
    "version": "valkey 9.1.0",
    "workload": "get",
    "skipped": false,
    "ops": 14504048,
    "errors": 0,
    "ops_per_sec": 1811960.657700055,
    "min_us": 76.373,
    "p50_us": 4554.751,
    "p99_us": 5414.911,
    "p999_us": 8265.727,
    "nil_replies": 0,
    "err_replies": 0,
    "hit_ratio": 1,
    "value_ops_per_sec": 1811960.657700055,
    "bytes_per_sec": 1925731484.5413575,
    "resp_ver": 2,
    "used_memory": 1331090880,
    "bytes_per_key": 1331.09088,
    "distinct_keys_est": 1000000,
    "key_draws": 14504048,
    "server_hits": 19785600,
    "maxmemory_policy": "noeviction"
  },
  "gate": {
    "pass": false,
    "reason": "aki is 1.83x Redis, below the 2.0x bar",
    "required_speedup": 2,
    "speedup_vs_redis": 1.8266131925831364,
    "speedup_vs_valkey": 2.0966532568658955,
    "tail_regressed_vs_redis": false,
    "tail_regressed_vs_valkey": false
  },
  "generator_bound": false
}
