{
  "workload": "get",
  "cell": {
    "keyspace": 1000000,
    "value_size": 64,
    "dist": "uniform",
    "pipeline": 16,
    "connections": 512
  },
  "timestamp": "2026-07-10T20:22:05.119019466Z",
  "aki": {
    "target": "aki",
    "version": "unknown",
    "workload": "get",
    "skipped": false,
    "ops": 34781024,
    "errors": 0,
    "ops_per_sec": 4346839.235592827,
    "min_us": 29.55,
    "p50_us": 1815.551,
    "p99_us": 4026.367,
    "p999_us": 6086.655,
    "nil_replies": 0,
    "err_replies": 0,
    "hit_ratio": 1,
    "value_ops_per_sec": 4346839.235592827,
    "bytes_per_sec": 438113040.4470196,
    "resp_ver": 2,
    "used_memory": 113449984,
    "bytes_per_key": 113.449984,
    "distinct_keys_est": 1000000,
    "key_draws": 34781024
  },
  "redis": {
    "target": "redis",
    "version": "redis 8.8.0",
    "workload": "get",
    "skipped": false,
    "ops": 37820720,
    "errors": 0,
    "ops_per_sec": 4726650.767816759,
    "min_us": 40.203,
    "p50_us": 1716.223,
    "p99_us": 2195.455,
    "p999_us": 3760.127,
    "nil_replies": 0,
    "err_replies": 0,
    "hit_ratio": 1,
    "value_ops_per_sec": 4726650.767816759,
    "bytes_per_sec": 476393788.3498662,
    "resp_ver": 2,
    "used_memory": 127509920,
    "bytes_per_key": 127.50992,
    "distinct_keys_est": 1000000,
    "key_draws": 37820720,
    "server_hits": 51853712,
    "maxmemory_policy": "noeviction"
  },
  "valkey": {
    "target": "valkey",
    "version": "valkey 9.1.0",
    "workload": "get",
    "skipped": false,
    "ops": 32012064,
    "errors": 0,
    "ops_per_sec": 4000490.687719647,
    "min_us": 23.979,
    "p50_us": 2013.183,
    "p99_us": 2703.359,
    "p999_us": 3536.895,
    "nil_replies": 0,
    "err_replies": 0,
    "hit_ratio": 1,
    "value_ops_per_sec": 4000490.687719647,
    "bytes_per_sec": 403204617.57576495,
    "resp_ver": 2,
    "used_memory": 115092176,
    "bytes_per_key": 115.092176,
    "distinct_keys_est": 1000000,
    "key_draws": 32012064,
    "server_hits": 43740768,
    "maxmemory_policy": "noeviction"
  },
  "gate": {
    "pass": false,
    "reason": "aki is 0.92x Redis, below the 2.0x bar",
    "required_speedup": 2,
    "speedup_vs_redis": 0.9196446805822791,
    "speedup_vs_valkey": 1.086576516459936,
    "tail_regressed_vs_redis": true,
    "tail_regressed_vs_valkey": true
  },
  "generator_bound": false
}
