{
  "workload": "get",
  "cell": {
    "keyspace": 1000000,
    "value_size": 1024,
    "dist": "uniform",
    "pipeline": 16,
    "connections": 512
  },
  "timestamp": "2026-07-10T20:36:13.568294677Z",
  "aki": {
    "target": "aki",
    "version": "unknown",
    "workload": "get",
    "skipped": false,
    "ops": 30287024,
    "errors": 0,
    "ops_per_sec": 3784981.738088066,
    "min_us": 36.223,
    "p50_us": 1924.095,
    "p99_us": 4452.351,
    "p999_us": 6266.879,
    "nil_replies": 0,
    "err_replies": 0,
    "hit_ratio": 1,
    "value_ops_per_sec": 3784981.738088066,
    "bytes_per_sec": 4022636087.529631,
    "resp_ver": 2,
    "used_memory": 1073449984,
    "bytes_per_key": 1073.449984,
    "distinct_keys_est": 1000000,
    "key_draws": 30287024
  },
  "redis": {
    "target": "redis",
    "version": "redis 8.8.0",
    "workload": "get",
    "skipped": false,
    "ops": 16682480,
    "errors": 0,
    "ops_per_sec": 2084199.3275730873,
    "min_us": 143.976,
    "p50_us": 3907.583,
    "p99_us": 4677.631,
    "p999_us": 8388.607,
    "nil_replies": 0,
    "err_replies": 0,
    "hit_ratio": 1,
    "value_ops_per_sec": 2084199.3275730873,
    "bytes_per_sec": 2215063541.6198416,
    "resp_ver": 2,
    "used_memory": 1327515016,
    "bytes_per_key": 1327.515016,
    "distinct_keys_est": 1000000,
    "key_draws": 16682480,
    "server_hits": 22889760,
    "maxmemory_policy": "noeviction"
  },
  "valkey": {
    "target": "valkey",
    "version": "valkey 9.1.0",
    "workload": "get",
    "skipped": false,
    "ops": 15235872,
    "errors": 0,
    "ops_per_sec": 1903458.2829591972,
    "min_us": 56.461,
    "p50_us": 4235.263,
    "p99_us": 5300.223,
    "p999_us": 7167.999,
    "nil_replies": 0,
    "err_replies": 0,
    "hit_ratio": 1,
    "value_ops_per_sec": 1903458.2829591972,
    "bytes_per_sec": 2022974067.4585252,
    "resp_ver": 2,
    "used_memory": 1331090880,
    "bytes_per_key": 1331.09088,
    "distinct_keys_est": 1000000,
    "key_draws": 15235872,
    "server_hits": 21066832,
    "maxmemory_policy": "noeviction"
  },
  "gate": {
    "pass": false,
    "reason": "aki is 1.82x Redis, below the 2.0x bar",
    "required_speedup": 2,
    "speedup_vs_redis": 1.8160363493137808,
    "speedup_vs_valkey": 1.988476328571684,
    "tail_regressed_vs_redis": false,
    "tail_regressed_vs_valkey": false
  },
  "generator_bound": false
}
