{
  "workload": "get",
  "cell": {
    "keyspace": 1000000,
    "value_size": 64,
    "dist": "uniform",
    "pipeline": 16,
    "connections": 50
  },
  "timestamp": "2026-07-10T20:48:19.90727714Z",
  "aki": {
    "target": "aki",
    "version": "unknown",
    "workload": "get",
    "skipped": false,
    "ops": 25188880,
    "errors": 0,
    "ops_per_sec": 3148537.9575158595,
    "min_us": 15.101,
    "p50_us": 245.247,
    "p99_us": 566.783,
    "p999_us": 778.239,
    "nil_replies": 0,
    "err_replies": 0,
    "hit_ratio": 1,
    "value_ops_per_sec": 3148537.9575158595,
    "bytes_per_sec": 317337780.1649176,
    "resp_ver": 2,
    "used_memory": 113449984,
    "bytes_per_key": 113.449984,
    "distinct_keys_est": 1000000,
    "key_draws": 25188880
  },
  "redis": {
    "target": "redis",
    "version": "redis 8.8.0",
    "workload": "get",
    "skipped": false,
    "ops": 26194128,
    "errors": 0,
    "ops_per_sec": 3274132.197267294,
    "min_us": 17.805,
    "p50_us": 223.871,
    "p99_us": 518.655,
    "p999_us": 736.255,
    "nil_replies": 0,
    "err_replies": 0,
    "hit_ratio": 1,
    "value_ops_per_sec": 3274132.197267294,
    "bytes_per_sec": 329996390.6612515,
    "resp_ver": 2,
    "used_memory": 127512520,
    "bytes_per_key": 127.51252,
    "distinct_keys_est": 1000000,
    "key_draws": 26194128,
    "server_hits": 35935424,
    "maxmemory_policy": "noeviction"
  },
  "valkey": {
    "target": "valkey",
    "version": "valkey 9.1.0",
    "workload": "get",
    "skipped": false,
    "ops": 30135264,
    "errors": 0,
    "ops_per_sec": 3766810.3609794844,
    "min_us": 14.224,
    "p50_us": 201.343,
    "p99_us": 417.535,
    "p999_us": 626.687,
    "nil_replies": 0,
    "err_replies": 0,
    "hit_ratio": 1,
    "value_ops_per_sec": 3766810.3609794844,
    "bytes_per_sec": 379652824.8165845,
    "resp_ver": 2,
    "used_memory": 115077456,
    "bytes_per_key": 115.077456,
    "distinct_keys_est": 1000000,
    "key_draws": 30135264,
    "server_hits": 41426448,
    "maxmemory_policy": "noeviction"
  },
  "gate": {
    "pass": false,
    "reason": "aki is 0.96x Redis, below the 2.0x bar",
    "required_speedup": 2,
    "speedup_vs_redis": 0.9616404493818973,
    "speedup_vs_valkey": 0.8358631456819994,
    "tail_regressed_vs_redis": true,
    "tail_regressed_vs_valkey": true
  },
  "generator_bound": false
}
