{
  "workload": "get",
  "cell": {
    "keyspace": 1000000,
    "value_size": 1024,
    "dist": "uniform",
    "pipeline": 16,
    "connections": 512
  },
  "timestamp": "2026-07-10T20:37:34.234689207Z",
  "aki": {
    "target": "aki",
    "version": "unknown",
    "workload": "get",
    "skipped": false,
    "ops": 23388784,
    "errors": 0,
    "ops_per_sec": 2922793.8086282234,
    "min_us": 47.45,
    "p50_us": 2727.935,
    "p99_us": 5644.287,
    "p999_us": 8265.727,
    "nil_replies": 0,
    "err_replies": 0,
    "hit_ratio": 1,
    "value_ops_per_sec": 2922793.8086282234,
    "bytes_per_sec": 3106312107.156854,
    "resp_ver": 2,
    "used_memory": 1073449984,
    "bytes_per_key": 1073.449984,
    "distinct_keys_est": 1000000,
    "key_draws": 23388784
  },
  "redis": {
    "target": "redis",
    "version": "redis 8.8.0",
    "workload": "get",
    "skipped": false,
    "ops": 16828496,
    "errors": 0,
    "ops_per_sec": 2102496.8304276476,
    "min_us": 120.075,
    "p50_us": 3874.815,
    "p99_us": 4984.831,
    "p999_us": 8404.991,
    "nil_replies": 0,
    "err_replies": 0,
    "hit_ratio": 1,
    "value_ops_per_sec": 2102496.8304276476,
    "bytes_per_sec": 2234509918.2920575,
    "resp_ver": 2,
    "used_memory": 1327515320,
    "bytes_per_key": 1327.51532,
    "distinct_keys_est": 1000000,
    "key_draws": 16828496,
    "server_hits": 23131408,
    "maxmemory_policy": "noeviction"
  },
  "valkey": {
    "target": "valkey",
    "version": "valkey 9.1.0",
    "workload": "get",
    "skipped": false,
    "ops": 14635696,
    "errors": 0,
    "ops_per_sec": 1828510.746768729,
    "min_us": 76.999,
    "p50_us": 4448.255,
    "p99_us": 5521.407,
    "p999_us": 7368.703,
    "nil_replies": 0,
    "err_replies": 0,
    "hit_ratio": 1,
    "value_ops_per_sec": 1828510.746768729,
    "bytes_per_sec": 1943320697.1183703,
    "resp_ver": 2,
    "used_memory": 1331090880,
    "bytes_per_key": 1331.09088,
    "distinct_keys_est": 1000000,
    "key_draws": 14635696,
    "server_hits": 20291024,
    "maxmemory_policy": "noeviction"
  },
  "gate": {
    "pass": false,
    "reason": "aki is 1.39x Redis, below the 2.0x bar",
    "required_speedup": 2,
    "speedup_vs_redis": 1.3901537288090595,
    "speedup_vs_valkey": 1.598455909429719,
    "tail_regressed_vs_redis": true,
    "tail_regressed_vs_valkey": true
  },
  "generator_bound": false
}
