{
  "workload": "get",
  "cell": {
    "keyspace": 1000000,
    "value_size": 1024,
    "dist": "uniform",
    "pipeline": 1,
    "connections": 512
  },
  "timestamp": "2026-07-10T21:32:57.592602857Z",
  "aki": {
    "target": "aki",
    "version": "unknown",
    "workload": "get",
    "skipped": false,
    "ops": 4822632,
    "errors": 0,
    "ops_per_sec": 602773.2607277674,
    "min_us": 8.284,
    "p50_us": 701.439,
    "p99_us": 3801.087,
    "p999_us": 6713.343,
    "nil_replies": 0,
    "err_replies": 0,
    "hit_ratio": 1,
    "value_ops_per_sec": 602773.2607277674,
    "bytes_per_sec": 640620937.9010186,
    "resp_ver": 2,
    "used_memory": 1073449984,
    "bytes_per_key": 1073.449984,
    "distinct_keys_est": 991898,
    "key_draws": 4822632
  },
  "redis": {
    "target": "redis",
    "version": "redis 8.8.0",
    "workload": "get",
    "skipped": false,
    "ops": 8437129,
    "errors": 0,
    "ops_per_sec": 1054586.8244562321,
    "min_us": 26.707,
    "p50_us": 463.871,
    "p99_us": 961.023,
    "p999_us": 1452.031,
    "nil_replies": 0,
    "err_replies": 0,
    "hit_ratio": 1,
    "value_ops_per_sec": 1054586.8244562321,
    "bytes_per_sec": 1120803114.8627162,
    "resp_ver": 2,
    "used_memory": 1327512592,
    "bytes_per_key": 1327.512592,
    "distinct_keys_est": 999796,
    "key_draws": 8437129,
    "server_hits": 11558741,
    "maxmemory_policy": "noeviction"
  },
  "valkey": {
    "target": "valkey",
    "version": "valkey 9.1.0",
    "workload": "get",
    "skipped": false,
    "ops": 7944310,
    "errors": 0,
    "ops_per_sec": 992985.2220144989,
    "min_us": 9.32,
    "p50_us": 501.503,
    "p99_us": 956.415,
    "p999_us": 1497.087,
    "nil_replies": 0,
    "err_replies": 0,
    "hit_ratio": 1,
    "value_ops_per_sec": 992985.2220144989,
    "bytes_per_sec": 1055333750.6719196,
    "resp_ver": 2,
    "used_memory": 1331087680,
    "bytes_per_key": 1331.08768,
    "distinct_keys_est": 999647,
    "key_draws": 7944310,
    "server_hits": 10817574,
    "maxmemory_policy": "noeviction"
  },
  "gate": {
    "pass": false,
    "reason": "aki is 0.57x Redis, below the 2.0x bar",
    "required_speedup": 2,
    "speedup_vs_redis": 0.5715729105932746,
    "speedup_vs_valkey": 0.607031451590894,
    "tail_regressed_vs_redis": true,
    "tail_regressed_vs_valkey": true
  },
  "generator_bound": false
}
