{
  "workload": "get",
  "cell": {
    "keyspace": 1000000,
    "value_size": 64,
    "dist": "uniform",
    "pipeline": 1,
    "connections": 512
  },
  "timestamp": "2026-07-10T21:18:50.64008739Z",
  "aki": {
    "target": "aki",
    "version": "unknown",
    "workload": "get",
    "skipped": false,
    "ops": 6038629,
    "errors": 0,
    "ops_per_sec": 754758.9447107756,
    "min_us": 8.945,
    "p50_us": 562.175,
    "p99_us": 2662.399,
    "p999_us": 5189.631,
    "nil_replies": 0,
    "err_replies": 0,
    "hit_ratio": 1,
    "value_ops_per_sec": 754758.9447107756,
    "bytes_per_sec": 76071574.97710866,
    "resp_ver": 2,
    "used_memory": 113449984,
    "bytes_per_key": 113.449984,
    "distinct_keys_est": 997610,
    "key_draws": 6038629
  },
  "redis": {
    "target": "redis",
    "version": "redis 8.8.0",
    "workload": "get",
    "skipped": false,
    "ops": 8684626,
    "errors": 0,
    "ops_per_sec": 1085514.4879644916,
    "min_us": 34.207,
    "p50_us": 456.703,
    "p99_us": 898.559,
    "p999_us": 1249.279,
    "nil_replies": 0,
    "err_replies": 0,
    "hit_ratio": 1,
    "value_ops_per_sec": 1085514.4879644916,
    "bytes_per_sec": 109407765.49726246,
    "resp_ver": 2,
    "used_memory": 127512600,
    "bytes_per_key": 127.5126,
    "distinct_keys_est": 999838,
    "key_draws": 8684626,
    "server_hits": 11895309,
    "maxmemory_policy": "noeviction"
  },
  "valkey": {
    "target": "valkey",
    "version": "valkey 9.1.0",
    "workload": "get",
    "skipped": false,
    "ops": 8201759,
    "errors": 0,
    "ops_per_sec": 1025147.9078228619,
    "min_us": 8.957,
    "p50_us": 484.095,
    "p99_us": 945.151,
    "p999_us": 1570.815,
    "nil_replies": 0,
    "err_replies": 0,
    "hit_ratio": 1,
    "value_ops_per_sec": 1025147.9078228619,
    "bytes_per_sec": 103323531.88224567,
    "resp_ver": 2,
    "used_memory": 115089232,
    "bytes_per_key": 115.089232,
    "distinct_keys_est": 999735,
    "key_draws": 8201759,
    "server_hits": 11238026,
    "maxmemory_policy": "noeviction"
  },
  "gate": {
    "pass": false,
    "reason": "aki is 0.70x Redis, below the 2.0x bar",
    "required_speedup": 2,
    "speedup_vs_redis": 0.6953006644121958,
    "speedup_vs_valkey": 0.7362439497278791,
    "tail_regressed_vs_redis": true,
    "tail_regressed_vs_valkey": true
  },
  "generator_bound": false
}
