{
  "workload": "get",
  "cell": {
    "keyspace": 1000000,
    "value_size": 1024,
    "dist": "uniform",
    "pipeline": 16,
    "connections": 50
  },
  "timestamp": "2026-07-10T21:05:57.867567779Z",
  "aki": {
    "target": "aki",
    "version": "unknown",
    "workload": "get",
    "skipped": false,
    "ops": 22827600,
    "errors": 0,
    "ops_per_sec": 2853345.594658019,
    "min_us": 17.623,
    "p50_us": 264.959,
    "p99_us": 633.343,
    "p999_us": 1089.535,
    "nil_replies": 0,
    "err_replies": 0,
    "hit_ratio": 1,
    "value_ops_per_sec": 2853345.594658019,
    "bytes_per_sec": 3032504233.0288615,
    "resp_ver": 2,
    "used_memory": 1073449984,
    "bytes_per_key": 1073.449984,
    "distinct_keys_est": 1000000,
    "key_draws": 22827600
  },
  "redis": {
    "target": "redis",
    "version": "redis 8.8.0",
    "workload": "get",
    "skipped": false,
    "ops": 16525024,
    "errors": 0,
    "ops_per_sec": 2065526.0972699914,
    "min_us": 36.567,
    "p50_us": 375.039,
    "p99_us": 698.879,
    "p999_us": 1123.327,
    "nil_replies": 0,
    "err_replies": 0,
    "hit_ratio": 1,
    "value_ops_per_sec": 2065526.0972699914,
    "bytes_per_sec": 2195218553.3926687,
    "resp_ver": 2,
    "used_memory": 1327505336,
    "bytes_per_key": 1327.505336,
    "distinct_keys_est": 1000000,
    "key_draws": 16525024,
    "server_hits": 22660864,
    "maxmemory_policy": "noeviction"
  },
  "valkey": {
    "target": "valkey",
    "version": "valkey 9.1.0",
    "workload": "get",
    "skipped": false,
    "ops": 16835680,
    "errors": 0,
    "ops_per_sec": 2104398.456341045,
    "min_us": 21.382,
    "p50_us": 366.079,
    "p99_us": 602.623,
    "p999_us": 1326.079,
    "nil_replies": 0,
    "err_replies": 0,
    "hit_ratio": 1,
    "value_ops_per_sec": 2104398.456341045,
    "bytes_per_sec": 2236531690.1965876,
    "resp_ver": 2,
    "used_memory": 1331091648,
    "bytes_per_key": 1331.091648,
    "distinct_keys_est": 1000000,
    "key_draws": 16835680,
    "server_hits": 23161776,
    "maxmemory_policy": "noeviction"
  },
  "gate": {
    "pass": false,
    "reason": "aki is 1.38x Redis, below the 2.0x bar",
    "required_speedup": 2,
    "speedup_vs_redis": 1.381413480289254,
    "speedup_vs_valkey": 1.3558960690453945,
    "tail_regressed_vs_redis": false,
    "tail_regressed_vs_valkey": true
  },
  "generator_bound": false
}
