{
  "workload": "get",
  "cell": {
    "keyspace": 1000000,
    "value_size": 64,
    "dist": "uniform",
    "pipeline": 16,
    "connections": 512
  },
  "timestamp": "2026-07-10T20:23:18.545321442Z",
  "aki": {
    "target": "aki",
    "version": "unknown",
    "workload": "get",
    "skipped": false,
    "ops": 38594912,
    "errors": 0,
    "ops_per_sec": 4823637.191230756,
    "min_us": 35.031,
    "p50_us": 1631.231,
    "p99_us": 3766.271,
    "p999_us": 6197.247,
    "nil_replies": 0,
    "err_replies": 0,
    "hit_ratio": 1,
    "value_ops_per_sec": 4823637.191230756,
    "bytes_per_sec": 486169085.1188461,
    "resp_ver": 2,
    "used_memory": 113449984,
    "bytes_per_key": 113.449984,
    "distinct_keys_est": 1000000,
    "key_draws": 38594912
  },
  "redis": {
    "target": "redis",
    "version": "redis 8.8.0",
    "workload": "get",
    "skipped": false,
    "ops": 37743280,
    "errors": 0,
    "ops_per_sec": 4716912.372443614,
    "min_us": 101.024,
    "p50_us": 1721.343,
    "p99_us": 2244.607,
    "p999_us": 3737.599,
    "nil_replies": 0,
    "err_replies": 0,
    "hit_ratio": 1,
    "value_ops_per_sec": 4716912.372443614,
    "bytes_per_sec": 475412281.61801124,
    "resp_ver": 2,
    "used_memory": 127510224,
    "bytes_per_key": 127.510224,
    "distinct_keys_est": 1000000,
    "key_draws": 37743280,
    "server_hits": 51846448,
    "maxmemory_policy": "noeviction"
  },
  "valkey": {
    "target": "valkey",
    "version": "valkey 9.1.0",
    "workload": "get",
    "skipped": false,
    "ops": 32070912,
    "errors": 0,
    "ops_per_sec": 4007940.5719951903,
    "min_us": 22.225,
    "p50_us": 2014.207,
    "p99_us": 2617.343,
    "p999_us": 3643.391,
    "nil_replies": 0,
    "err_replies": 0,
    "hit_ratio": 1,
    "value_ops_per_sec": 4007940.5719951903,
    "bytes_per_sec": 403955504.5532343,
    "resp_ver": 2,
    "used_memory": 115092176,
    "bytes_per_key": 115.092176,
    "distinct_keys_est": 1000000,
    "key_draws": 32070912,
    "server_hits": 44125072,
    "maxmemory_policy": "noeviction"
  },
  "gate": {
    "pass": false,
    "reason": "aki is 1.02x Redis, below the 2.0x bar",
    "required_speedup": 2,
    "speedup_vs_redis": 1.0226259914029001,
    "speedup_vs_valkey": 1.2035201382313672,
    "tail_regressed_vs_redis": true,
    "tail_regressed_vs_valkey": true
  },
  "generator_bound": false
}
