{
  "workload": "get",
  "cell": {
    "keyspace": 1000000,
    "value_size": 1024,
    "dist": "uniform",
    "pipeline": 1,
    "connections": 512
  },
  "timestamp": "2026-07-10T21:29:35.841984826Z",
  "aki": {
    "target": "aki",
    "version": "unknown",
    "workload": "get",
    "skipped": false,
    "ops": 7584223,
    "errors": 0,
    "ops_per_sec": 947971.2754270294,
    "min_us": 30.557,
    "p50_us": 509.695,
    "p99_us": 1095.679,
    "p999_us": 1611.775,
    "nil_replies": 0,
    "err_replies": 0,
    "hit_ratio": 1,
    "value_ops_per_sec": 947971.2754270294,
    "bytes_per_sec": 1007493428.2223746,
    "resp_ver": 2,
    "used_memory": 1073449984,
    "bytes_per_key": 1073.449984,
    "distinct_keys_est": 999501,
    "key_draws": 7584223
  },
  "redis": {
    "target": "redis",
    "version": "redis 8.8.0",
    "workload": "get",
    "skipped": false,
    "ops": 8411338,
    "errors": 0,
    "ops_per_sec": 1051364.095134078,
    "min_us": 31.231,
    "p50_us": 466.431,
    "p99_us": 948.223,
    "p999_us": 1458.175,
    "nil_replies": 0,
    "err_replies": 0,
    "hit_ratio": 1,
    "value_ops_per_sec": 1051364.095134078,
    "bytes_per_sec": 1117378050.2255366,
    "resp_ver": 2,
    "used_memory": 1327511832,
    "bytes_per_key": 1327.511832,
    "distinct_keys_est": 999790,
    "key_draws": 8411338,
    "server_hits": 11533543,
    "maxmemory_policy": "noeviction"
  },
  "valkey": {
    "target": "valkey",
    "version": "valkey 9.1.0",
    "workload": "get",
    "skipped": false,
    "ops": 8033148,
    "errors": 0,
    "ops_per_sec": 1004074.3118748638,
    "min_us": 10.342,
    "p50_us": 496.639,
    "p99_us": 949.759,
    "p999_us": 1512.447,
    "nil_replies": 0,
    "err_replies": 0,
    "hit_ratio": 1,
    "value_ops_per_sec": 1004074.3118748638,
    "bytes_per_sec": 1067119066.3763236,
    "resp_ver": 2,
    "used_memory": 1331087680,
    "bytes_per_key": 1331.08768,
    "distinct_keys_est": 999682,
    "key_draws": 8033148,
    "server_hits": 10884632,
    "maxmemory_policy": "noeviction"
  },
  "gate": {
    "pass": false,
    "reason": "aki is 0.90x Redis, below the 2.0x bar",
    "required_speedup": 2,
    "speedup_vs_redis": 0.9016584072201331,
    "speedup_vs_valkey": 0.9441246172874638,
    "tail_regressed_vs_redis": true,
    "tail_regressed_vs_valkey": true
  },
  "generator_bound": false
}
