{
  "workload": "get",
  "cell": {
    "keyspace": 1000000,
    "value_size": 1024,
    "dist": "uniform",
    "pipeline": 1,
    "connections": 50
  },
  "timestamp": "2026-07-10T21:59:11.788734643Z",
  "aki": {
    "target": "aki",
    "version": "unknown",
    "workload": "get",
    "skipped": false,
    "ops": 2168586,
    "errors": 0,
    "ops_per_sec": 271065.3923564064,
    "min_us": 9.386,
    "p50_us": 170.623,
    "p99_us": 460.799,
    "p999_us": 637.951,
    "nil_replies": 0,
    "err_replies": 0,
    "hit_ratio": 1,
    "value_ops_per_sec": 271065.3923564064,
    "bytes_per_sec": 288085426.1046681,
    "resp_ver": 2,
    "used_memory": 1073449984,
    "bytes_per_key": 1073.449984,
    "distinct_keys_est": 885719,
    "key_draws": 2168586
  },
  "redis": {
    "target": "redis",
    "version": "redis 8.8.0",
    "workload": "get",
    "skipped": false,
    "ops": 2608181,
    "errors": 0,
    "ops_per_sec": 326016.136056332,
    "min_us": 10.648,
    "p50_us": 148.351,
    "p99_us": 380.927,
    "p999_us": 549.887,
    "nil_replies": 0,
    "err_replies": 0,
    "hit_ratio": 1,
    "value_ops_per_sec": 326016.136056332,
    "bytes_per_sec": 346486546.74339527,
    "resp_ver": 2,
    "used_memory": 1327507304,
    "bytes_per_key": 1327.507304,
    "distinct_keys_est": 926250,
    "key_draws": 2608181,
    "server_hits": 3555807,
    "maxmemory_policy": "noeviction"
  },
  "valkey": {
    "target": "valkey",
    "version": "valkey 9.1.0",
    "workload": "get",
    "skipped": false,
    "ops": 4988829,
    "errors": 0,
    "ops_per_sec": 623581.8905208923,
    "min_us": 6.402,
    "p50_us": 50.591,
    "p99_us": 329.983,
    "p999_us": 546.303,
    "nil_replies": 0,
    "err_replies": 0,
    "hit_ratio": 1,
    "value_ops_per_sec": 623581.8905208923,
    "bytes_per_sec": 662736078.2060462,
    "resp_ver": 2,
    "used_memory": 1331080576,
    "bytes_per_key": 1331.080576,
    "distinct_keys_est": 993194,
    "key_draws": 4988829,
    "server_hits": 6784849,
    "maxmemory_policy": "noeviction"
  },
  "gate": {
    "pass": false,
    "reason": "aki is 0.83x Redis, below the 2.0x bar",
    "required_speedup": 2,
    "speedup_vs_redis": 0.8314477793503119,
    "speedup_vs_valkey": 0.43469093069713616,
    "tail_regressed_vs_redis": true,
    "tail_regressed_vs_valkey": true
  },
  "generator_bound": false
}
