{
  "workload": "get",
  "cell": {
    "keyspace": 1000000,
    "value_size": 1024,
    "dist": "uniform",
    "pipeline": 1,
    "connections": 512
  },
  "timestamp": "2026-07-10T21:32:17.263563612Z",
  "aki": {
    "target": "aki",
    "version": "unknown",
    "workload": "get",
    "skipped": false,
    "ops": 4447307,
    "errors": 0,
    "ops_per_sec": 555864.0301857274,
    "min_us": 9.216,
    "p50_us": 731.647,
    "p99_us": 4116.479,
    "p999_us": 7368.703,
    "nil_replies": 0,
    "err_replies": 0,
    "hit_ratio": 1,
    "value_ops_per_sec": 555864.0301857274,
    "bytes_per_sec": 590766293.1138567,
    "resp_ver": 2,
    "used_memory": 1073449984,
    "bytes_per_key": 1073.449984,
    "distinct_keys_est": 988310,
    "key_draws": 4447307
  },
  "redis": {
    "target": "redis",
    "version": "redis 8.8.0",
    "workload": "get",
    "skipped": false,
    "ops": 8341826,
    "errors": 0,
    "ops_per_sec": 1042659.0544531806,
    "min_us": 37.934,
    "p50_us": 471.039,
    "p99_us": 928.255,
    "p999_us": 1373.183,
    "nil_replies": 0,
    "err_replies": 0,
    "hit_ratio": 1,
    "value_ops_per_sec": 1042659.0544531806,
    "bytes_per_sec": 1108126436.993072,
    "resp_ver": 2,
    "used_memory": 1327512440,
    "bytes_per_key": 1327.51244,
    "distinct_keys_est": 999777,
    "key_draws": 8341826,
    "server_hits": 11459302,
    "maxmemory_policy": "noeviction"
  },
  "valkey": {
    "target": "valkey",
    "version": "valkey 9.1.0",
    "workload": "get",
    "skipped": false,
    "ops": 7947495,
    "errors": 0,
    "ops_per_sec": 993396.6495136459,
    "min_us": 9.025,
    "p50_us": 500.991,
    "p99_us": 968.191,
    "p999_us": 1608.703,
    "nil_replies": 0,
    "err_replies": 0,
    "hit_ratio": 1,
    "value_ops_per_sec": 993396.6495136459,
    "bytes_per_sec": 1055771007.7965527,
    "resp_ver": 2,
    "used_memory": 1331087680,
    "bytes_per_key": 1331.08768,
    "distinct_keys_est": 999651,
    "key_draws": 7947495,
    "server_hits": 10788705,
    "maxmemory_policy": "noeviction"
  },
  "gate": {
    "pass": false,
    "reason": "aki is 0.53x Redis, below the 2.0x bar",
    "required_speedup": 2,
    "speedup_vs_redis": 0.5331215681786302,
    "speedup_vs_valkey": 0.5595589943431671,
    "tail_regressed_vs_redis": true,
    "tail_regressed_vs_valkey": true
  },
  "generator_bound": false
}
