{
  "workload": "get",
  "cell": {
    "keyspace": 1000000,
    "value_size": 1024,
    "dist": "uniform",
    "pipeline": 16,
    "connections": 50
  },
  "timestamp": "2026-07-10T21:07:17.183337822Z",
  "aki": {
    "target": "aki",
    "version": "unknown",
    "workload": "get",
    "skipped": false,
    "ops": 20748192,
    "errors": 0,
    "ops_per_sec": 2593459.9370010016,
    "min_us": 15.437,
    "p50_us": 280.831,
    "p99_us": 663.039,
    "p999_us": 1075.199,
    "nil_replies": 0,
    "err_replies": 0,
    "hit_ratio": 1,
    "value_ops_per_sec": 2593459.9370010016,
    "bytes_per_sec": 2756300632.1758595,
    "resp_ver": 2,
    "used_memory": 1073449984,
    "bytes_per_key": 1073.449984,
    "distinct_keys_est": 1000000,
    "key_draws": 20748192
  },
  "redis": {
    "target": "redis",
    "version": "redis 8.8.0",
    "workload": "get",
    "skipped": false,
    "ops": 16431200,
    "errors": 0,
    "ops_per_sec": 2053796.8480533063,
    "min_us": 43.269,
    "p50_us": 377.855,
    "p99_us": 705.023,
    "p999_us": 1068.031,
    "nil_replies": 0,
    "err_replies": 0,
    "hit_ratio": 1,
    "value_ops_per_sec": 2053796.8480533063,
    "bytes_per_sec": 2182752857.73772,
    "resp_ver": 2,
    "used_memory": 1327505640,
    "bytes_per_key": 1327.50564,
    "distinct_keys_est": 1000000,
    "key_draws": 16431200,
    "server_hits": 22519136,
    "maxmemory_policy": "noeviction"
  },
  "valkey": {
    "target": "valkey",
    "version": "valkey 9.1.0",
    "workload": "get",
    "skipped": false,
    "ops": 16832416,
    "errors": 0,
    "ops_per_sec": 2103970.4209138956,
    "min_us": 25.178,
    "p50_us": 368.127,
    "p99_us": 594.431,
    "p999_us": 1067.007,
    "nil_replies": 0,
    "err_replies": 0,
    "hit_ratio": 1,
    "value_ops_per_sec": 2103970.4209138956,
    "bytes_per_sec": 2236076779.3884654,
    "resp_ver": 2,
    "used_memory": 1331091648,
    "bytes_per_key": 1331.091648,
    "distinct_keys_est": 1000000,
    "key_draws": 16832416,
    "server_hits": 23061088,
    "maxmemory_policy": "noeviction"
  },
  "gate": {
    "pass": false,
    "reason": "aki is 1.26x Redis, below the 2.0x bar",
    "required_speedup": 2,
    "speedup_vs_redis": 1.2627636172775392,
    "speedup_vs_valkey": 1.2326503791220067,
    "tail_regressed_vs_redis": false,
    "tail_regressed_vs_valkey": true
  },
  "generator_bound": false
}
