{
  "workload": "get",
  "cell": {
    "keyspace": 1000000,
    "value_size": 1024,
    "dist": "uniform",
    "pipeline": 1,
    "connections": 50
  },
  "timestamp": "2026-07-10T21:55:11.815089955Z",
  "aki": {
    "target": "aki",
    "version": "unknown",
    "workload": "get",
    "skipped": false,
    "ops": 2168930,
    "errors": 0,
    "ops_per_sec": 271111.73680291744,
    "min_us": 9.308,
    "p50_us": 171.007,
    "p99_us": 459.775,
    "p999_us": 639.999,
    "nil_replies": 0,
    "err_replies": 0,
    "hit_ratio": 1,
    "value_ops_per_sec": 271111.73680291744,
    "bytes_per_sec": 288134678.4220083,
    "resp_ver": 2,
    "used_memory": 1073449984,
    "bytes_per_key": 1073.449984,
    "distinct_keys_est": 885757,
    "key_draws": 2168930
  },
  "redis": {
    "target": "redis",
    "version": "redis 8.8.0",
    "workload": "get",
    "skipped": false,
    "ops": 2608741,
    "errors": 0,
    "ops_per_sec": 326086.3590060469,
    "min_us": 9.717,
    "p50_us": 148.479,
    "p99_us": 378.623,
    "p999_us": 557.567,
    "nil_replies": 0,
    "err_replies": 0,
    "hit_ratio": 1,
    "value_ops_per_sec": 326086.3590060469,
    "bytes_per_sec": 346561166.06727314,
    "resp_ver": 2,
    "used_memory": 1327506392,
    "bytes_per_key": 1327.506392,
    "distinct_keys_est": 926372,
    "key_draws": 2608741,
    "server_hits": 3550722,
    "maxmemory_policy": "noeviction"
  },
  "valkey": {
    "target": "valkey",
    "version": "valkey 9.1.0",
    "workload": "get",
    "skipped": false,
    "ops": 5003831,
    "errors": 0,
    "ops_per_sec": 625476.3013995733,
    "min_us": 6.633,
    "p50_us": 50.559,
    "p99_us": 327.423,
    "p999_us": 545.279,
    "nil_replies": 0,
    "err_replies": 0,
    "hit_ratio": 1,
    "value_ops_per_sec": 625476.3013995733,
    "bytes_per_sec": 664749432.0553681,
    "resp_ver": 2,
    "used_memory": 1331080576,
    "bytes_per_key": 1331.080576,
    "distinct_keys_est": 993286,
    "key_draws": 5003831,
    "server_hits": 6806099,
    "maxmemory_policy": "noeviction"
  },
  "gate": {
    "pass": false,
    "reason": "aki is 0.83x Redis, below the 2.0x bar",
    "required_speedup": 2,
    "speedup_vs_redis": 0.8314108496574368,
    "speedup_vs_valkey": 0.43344845551506034,
    "tail_regressed_vs_redis": true,
    "tail_regressed_vs_valkey": true
  },
  "generator_bound": false
}
