{
  "workload": "get",
  "cell": {
    "keyspace": 1000000,
    "value_size": 1024,
    "dist": "uniform",
    "pipeline": 16,
    "connections": 50
  },
  "timestamp": "2026-07-10T21:02:38.002683244Z",
  "aki": {
    "target": "aki",
    "version": "unknown",
    "workload": "get",
    "skipped": false,
    "ops": 23407408,
    "errors": 0,
    "ops_per_sec": 2925801.3930444717,
    "min_us": 17.87,
    "p50_us": 259.583,
    "p99_us": 612.351,
    "p999_us": 1127.423,
    "nil_replies": 0,
    "err_replies": 0,
    "hit_ratio": 1,
    "value_ops_per_sec": 2925801.3930444717,
    "bytes_per_sec": 3109509364.9806547,
    "resp_ver": 2,
    "used_memory": 1073449984,
    "bytes_per_key": 1073.449984,
    "distinct_keys_est": 1000000,
    "key_draws": 23407408
  },
  "redis": {
    "target": "redis",
    "version": "redis 8.8.0",
    "workload": "get",
    "skipped": false,
    "ops": 16363872,
    "errors": 0,
    "ops_per_sec": 2045394.840727544,
    "min_us": 40.659,
    "p50_us": 379.135,
    "p99_us": 704.511,
    "p999_us": 1115.135,
    "nil_replies": 0,
    "err_replies": 0,
    "hit_ratio": 1,
    "value_ops_per_sec": 2045394.840727544,
    "bytes_per_sec": 2173823300.4988756,
    "resp_ver": 2,
    "used_memory": 1327504576,
    "bytes_per_key": 1327.504576,
    "distinct_keys_est": 1000000,
    "key_draws": 16363872,
    "server_hits": 22488960,
    "maxmemory_policy": "noeviction"
  },
  "valkey": {
    "target": "valkey",
    "version": "valkey 9.1.0",
    "workload": "get",
    "skipped": false,
    "ops": 16872688,
    "errors": 0,
    "ops_per_sec": 2108930.9036853993,
    "min_us": 22.509,
    "p50_us": 367.359,
    "p99_us": 591.359,
    "p999_us": 1107.967,
    "nil_replies": 0,
    "err_replies": 0,
    "hit_ratio": 1,
    "value_ops_per_sec": 2108930.9036853993,
    "bytes_per_sec": 2241348720.2065754,
    "resp_ver": 2,
    "used_memory": 1331091648,
    "bytes_per_key": 1331.091648,
    "distinct_keys_est": 1000000,
    "key_draws": 16872688,
    "server_hits": 23141040,
    "maxmemory_policy": "noeviction"
  },
  "gate": {
    "pass": false,
    "reason": "aki is 1.43x Redis, below the 2.0x bar",
    "required_speedup": 2,
    "speedup_vs_redis": 1.4304335450478445,
    "speedup_vs_valkey": 1.3873386690533933,
    "tail_regressed_vs_redis": false,
    "tail_regressed_vs_valkey": true
  },
  "generator_bound": false
}
