{
  "workload": "get",
  "cell": {
    "keyspace": 1000000,
    "value_size": 1024,
    "dist": "uniform",
    "pipeline": 1,
    "connections": 512
  },
  "timestamp": "2026-07-10T21:31:36.515820293Z",
  "aki": {
    "target": "aki",
    "version": "unknown",
    "workload": "get",
    "skipped": false,
    "ops": 7690680,
    "errors": 0,
    "ops_per_sec": 961274.2921639899,
    "min_us": 19.835,
    "p50_us": 506.111,
    "p99_us": 1053.695,
    "p999_us": 1542.143,
    "nil_replies": 0,
    "err_replies": 0,
    "hit_ratio": 1,
    "value_ops_per_sec": 961274.2921639899,
    "bytes_per_sec": 1021631748.3793788,
    "resp_ver": 2,
    "used_memory": 1073449984,
    "bytes_per_key": 1073.449984,
    "distinct_keys_est": 999555,
    "key_draws": 7690680
  },
  "redis": {
    "target": "redis",
    "version": "redis 8.8.0",
    "workload": "get",
    "skipped": false,
    "ops": 8423110,
    "errors": 0,
    "ops_per_sec": 1052841.9956558675,
    "min_us": 28.733,
    "p50_us": 466.431,
    "p99_us": 922.623,
    "p999_us": 1410.047,
    "nil_replies": 0,
    "err_replies": 0,
    "hit_ratio": 1,
    "value_ops_per_sec": 1052841.9956558675,
    "bytes_per_sec": 1118948729.129574,
    "resp_ver": 2,
    "used_memory": 1327512288,
    "bytes_per_key": 1327.512288,
    "distinct_keys_est": 999794,
    "key_draws": 8423110,
    "server_hits": 11545606,
    "maxmemory_policy": "noeviction"
  },
  "valkey": {
    "target": "valkey",
    "version": "valkey 9.1.0",
    "workload": "get",
    "skipped": false,
    "ops": 7941853,
    "errors": 0,
    "ops_per_sec": 992693.8243359497,
    "min_us": 8.701,
    "p50_us": 501.247,
    "p99_us": 956.415,
    "p999_us": 1549.311,
    "nil_replies": 0,
    "err_replies": 0,
    "hit_ratio": 1,
    "value_ops_per_sec": 992693.8243359497,
    "bytes_per_sec": 1055024052.9959639,
    "resp_ver": 2,
    "used_memory": 1331087680,
    "bytes_per_key": 1331.08768,
    "distinct_keys_est": 999647,
    "key_draws": 7941853,
    "server_hits": 10790015,
    "maxmemory_policy": "noeviction"
  },
  "gate": {
    "pass": false,
    "reason": "aki is 0.91x Redis, below the 2.0x bar",
    "required_speedup": 2,
    "speedup_vs_redis": 0.9130280670131936,
    "speedup_vs_valkey": 0.968349221681743,
    "tail_regressed_vs_redis": true,
    "tail_regressed_vs_valkey": true
  },
  "generator_bound": false
}
