{
  "workload": "get",
  "cell": {
    "keyspace": 1000000,
    "value_size": 64,
    "dist": "uniform",
    "pipeline": 16,
    "connections": 50
  },
  "timestamp": "2026-07-10T20:51:58.676873809Z",
  "aki": {
    "target": "aki",
    "version": "unknown",
    "workload": "get",
    "skipped": false,
    "ops": 23417856,
    "errors": 0,
    "ops_per_sec": 2927177.5544974864,
    "min_us": 14.801,
    "p50_us": 261.119,
    "p99_us": 625.663,
    "p999_us": 893.439,
    "nil_replies": 0,
    "err_replies": 0,
    "hit_ratio": 1,
    "value_ops_per_sec": 2927177.5544974864,
    "bytes_per_sec": 295027116.8706262,
    "resp_ver": 2,
    "used_memory": 113449984,
    "bytes_per_key": 113.449984,
    "distinct_keys_est": 1000000,
    "key_draws": 23417856
  },
  "redis": {
    "target": "redis",
    "version": "redis 8.8.0",
    "workload": "get",
    "skipped": false,
    "ops": 26425120,
    "errors": 0,
    "ops_per_sec": 3302547.6839447003,
    "min_us": 18.322,
    "p50_us": 221.695,
    "p99_us": 527.359,
    "p999_us": 736.767,
    "nil_replies": 0,
    "err_replies": 0,
    "hit_ratio": 1,
    "value_ops_per_sec": 3302547.6839447003,
    "bytes_per_sec": 332860263.47067124,
    "resp_ver": 2,
    "used_memory": 127513432,
    "bytes_per_key": 127.513432,
    "distinct_keys_est": 1000000,
    "key_draws": 26425120,
    "server_hits": 35986560,
    "maxmemory_policy": "noeviction"
  },
  "valkey": {
    "target": "valkey",
    "version": "valkey 9.1.0",
    "workload": "get",
    "skipped": false,
    "ops": 29690720,
    "errors": 0,
    "ops_per_sec": 3711243.9975402714,
    "min_us": 14.361,
    "p50_us": 202.751,
    "p99_us": 439.807,
    "p999_us": 670.207,
    "nil_replies": 0,
    "err_replies": 0,
    "hit_ratio": 1,
    "value_ops_per_sec": 3711243.9975402714,
    "bytes_per_sec": 374052355.263674,
    "resp_ver": 2,
    "used_memory": 115077456,
    "bytes_per_key": 115.077456,
    "distinct_keys_est": 1000000,
    "key_draws": 29690720,
    "server_hits": 40880032,
    "maxmemory_policy": "noeviction"
  },
  "gate": {
    "pass": false,
    "reason": "aki is 0.89x Redis, below the 2.0x bar",
    "required_speedup": 2,
    "speedup_vs_redis": 0.8863392249347158,
    "speedup_vs_valkey": 0.7887321761753077,
    "tail_regressed_vs_redis": true,
    "tail_regressed_vs_valkey": true
  },
  "generator_bound": false
}
