{
  "workload": "get",
  "cell": {
    "keyspace": 1000000,
    "value_size": 1024,
    "dist": "uniform",
    "pipeline": 16,
    "connections": 50
  },
  "timestamp": "2026-07-10T21:05:17.51960159Z",
  "aki": {
    "target": "aki",
    "version": "unknown",
    "workload": "get",
    "skipped": false,
    "ops": 20762560,
    "errors": 0,
    "ops_per_sec": 2595217.995929877,
    "min_us": 17.739,
    "p50_us": 281.087,
    "p99_us": 662.015,
    "p999_us": 1070.079,
    "nil_replies": 0,
    "err_replies": 0,
    "hit_ratio": 1,
    "value_ops_per_sec": 2595217.995929877,
    "bytes_per_sec": 2758169071.6989503,
    "resp_ver": 2,
    "used_memory": 1073449984,
    "bytes_per_key": 1073.449984,
    "distinct_keys_est": 1000000,
    "key_draws": 20762560
  },
  "redis": {
    "target": "redis",
    "version": "redis 8.8.0",
    "workload": "get",
    "skipped": false,
    "ops": 16414384,
    "errors": 0,
    "ops_per_sec": 2051715.4517934413,
    "min_us": 40.225,
    "p50_us": 378.111,
    "p99_us": 702.975,
    "p999_us": 1138.687,
    "nil_replies": 0,
    "err_replies": 0,
    "hit_ratio": 1,
    "value_ops_per_sec": 2051715.4517934413,
    "bytes_per_sec": 2180540761.41814,
    "resp_ver": 2,
    "used_memory": 1327505184,
    "bytes_per_key": 1327.505184,
    "distinct_keys_est": 1000000,
    "key_draws": 16414384,
    "server_hits": 22592768,
    "maxmemory_policy": "noeviction"
  },
  "valkey": {
    "target": "valkey",
    "version": "valkey 9.1.0",
    "workload": "get",
    "skipped": false,
    "ops": 16804992,
    "errors": 0,
    "ops_per_sec": 2100489.961434091,
    "min_us": 22.584,
    "p50_us": 367.359,
    "p99_us": 603.135,
    "p999_us": 1348.607,
    "nil_replies": 0,
    "err_replies": 0,
    "hit_ratio": 1,
    "value_ops_per_sec": 2100489.961434091,
    "bytes_per_sec": 2232377776.651939,
    "resp_ver": 2,
    "used_memory": 1331091648,
    "bytes_per_key": 1331.091648,
    "distinct_keys_est": 1000000,
    "key_draws": 16804992,
    "server_hits": 23084992,
    "maxmemory_policy": "noeviction"
  },
  "gate": {
    "pass": false,
    "reason": "aki is 1.26x Redis, below the 2.0x bar",
    "required_speedup": 2,
    "speedup_vs_redis": 1.2649015211448305,
    "speedup_vs_valkey": 1.235529825697436,
    "tail_regressed_vs_redis": false,
    "tail_regressed_vs_valkey": true
  },
  "generator_bound": false
}
