{
  "workload": "get",
  "cell": {
    "keyspace": 1000000,
    "value_size": 64,
    "dist": "uniform",
    "pipeline": 16,
    "connections": 50
  },
  "timestamp": "2026-07-10T20:50:09.266454556Z",
  "aki": {
    "target": "aki",
    "version": "unknown",
    "workload": "get",
    "skipped": false,
    "ops": 23844304,
    "errors": 0,
    "ops_per_sec": 2980487.83205625,
    "min_us": 13.511,
    "p50_us": 257.535,
    "p99_us": 604.671,
    "p999_us": 840.191,
    "nil_replies": 0,
    "err_replies": 0,
    "hit_ratio": 1,
    "value_ops_per_sec": 2980487.83205625,
    "bytes_per_sec": 300400186.0015192,
    "resp_ver": 2,
    "used_memory": 113449984,
    "bytes_per_key": 113.449984,
    "distinct_keys_est": 1000000,
    "key_draws": 23844304
  },
  "redis": {
    "target": "redis",
    "version": "redis 8.8.0",
    "workload": "get",
    "skipped": false,
    "ops": 26586656,
    "errors": 0,
    "ops_per_sec": 3323228.88145402,
    "min_us": 19.292,
    "p50_us": 219.775,
    "p99_us": 519.679,
    "p999_us": 719.359,
    "nil_replies": 0,
    "err_replies": 0,
    "hit_ratio": 1,
    "value_ops_per_sec": 3323228.88145402,
    "bytes_per_sec": 334944658.0428652,
    "resp_ver": 2,
    "used_memory": 127512976,
    "bytes_per_key": 127.512976,
    "distinct_keys_est": 1000000,
    "key_draws": 26586656,
    "server_hits": 36189920,
    "maxmemory_policy": "noeviction"
  },
  "valkey": {
    "target": "valkey",
    "version": "valkey 9.1.0",
    "workload": "get",
    "skipped": false,
    "ops": 30159808,
    "errors": 0,
    "ops_per_sec": 3769842.247410753,
    "min_us": 14.811,
    "p50_us": 200.703,
    "p99_us": 417.791,
    "p999_us": 649.727,
    "nil_replies": 0,
    "err_replies": 0,
    "hit_ratio": 1,
    "value_ops_per_sec": 3769842.247410753,
    "bytes_per_sec": 379958399.4684713,
    "resp_ver": 2,
    "used_memory": 115077456,
    "bytes_per_key": 115.077456,
    "distinct_keys_est": 1000000,
    "key_draws": 30159808,
    "server_hits": 41439024,
    "maxmemory_policy": "noeviction"
  },
  "gate": {
    "pass": false,
    "reason": "aki is 0.90x Redis, below the 2.0x bar",
    "required_speedup": 2,
    "speedup_vs_redis": 0.8968650485344213,
    "speedup_vs_valkey": 0.790613409381611,
    "tail_regressed_vs_redis": true,
    "tail_regressed_vs_valkey": true
  },
  "generator_bound": false
}
