{
  "workload": "get",
  "cell": {
    "keyspace": 1000000,
    "value_size": 1024,
    "dist": "uniform",
    "pipeline": 16,
    "connections": 512
  },
  "timestamp": "2026-07-10T20:34:53.476812071Z",
  "aki": {
    "target": "aki",
    "version": "unknown",
    "workload": "get",
    "skipped": false,
    "ops": 31025408,
    "errors": 0,
    "ops_per_sec": 3877564.435868826,
    "min_us": 64.996,
    "p50_us": 2008.063,
    "p99_us": 4677.631,
    "p999_us": 6447.103,
    "nil_replies": 0,
    "err_replies": 0,
    "hit_ratio": 1,
    "value_ops_per_sec": 3877564.435868826,
    "bytes_per_sec": 4121032031.869353,
    "resp_ver": 2,
    "used_memory": 1073449984,
    "bytes_per_key": 1073.449984,
    "distinct_keys_est": 1000000,
    "key_draws": 31025408
  },
  "redis": {
    "target": "redis",
    "version": "redis 8.8.0",
    "workload": "get",
    "skipped": false,
    "ops": 16864576,
    "errors": 0,
    "ops_per_sec": 2107023.10203944,
    "min_us": 92.165,
    "p50_us": 3868.671,
    "p99_us": 4628.479,
    "p999_us": 7708.671,
    "nil_replies": 0,
    "err_replies": 0,
    "hit_ratio": 1,
    "value_ops_per_sec": 2107023.10203944,
    "bytes_per_sec": 2239320388.077866,
    "resp_ver": 2,
    "used_memory": 1327514712,
    "bytes_per_key": 1327.514712,
    "distinct_keys_est": 1000000,
    "key_draws": 16864576,
    "server_hits": 23126608,
    "maxmemory_policy": "noeviction"
  },
  "valkey": {
    "target": "valkey",
    "version": "valkey 9.1.0",
    "workload": "get",
    "skipped": false,
    "ops": 14504864,
    "errors": 0,
    "ops_per_sec": 1812058.901250885,
    "min_us": 113.82,
    "p50_us": 4513.791,
    "p99_us": 5500.927,
    "p999_us": 8470.527,
    "nil_replies": 0,
    "err_replies": 0,
    "hit_ratio": 1,
    "value_ops_per_sec": 1812058.901250885,
    "bytes_per_sec": 1925835885.985465,
    "resp_ver": 2,
    "used_memory": 1331090880,
    "bytes_per_key": 1331.09088,
    "distinct_keys_est": 1000000,
    "key_draws": 14504864,
    "server_hits": 19925600,
    "maxmemory_policy": "noeviction"
  },
  "gate": {
    "pass": false,
    "reason": "aki is 1.84x Redis, below the 2.0x bar",
    "required_speedup": 2,
    "speedup_vs_redis": 1.8403046611665697,
    "speedup_vs_valkey": 2.139866663932447,
    "tail_regressed_vs_redis": true,
    "tail_regressed_vs_valkey": false
  },
  "generator_bound": false
}
