{
  "workload": "get",
  "cell": {
    "keyspace": 1000000,
    "value_size": 64,
    "dist": "uniform",
    "pipeline": 1,
    "connections": 512
  },
  "timestamp": "2026-07-10T21:17:00.257646766Z",
  "aki": {
    "target": "aki",
    "version": "unknown",
    "workload": "get",
    "skipped": false,
    "ops": 6029372,
    "errors": 0,
    "ops_per_sec": 753603.7385894392,
    "min_us": 8.91,
    "p50_us": 560.639,
    "p99_us": 2695.167,
    "p999_us": 5328.895,
    "nil_replies": 0,
    "err_replies": 0,
    "hit_ratio": 1,
    "value_ops_per_sec": 753603.7385894392,
    "bytes_per_sec": 75955146.7540469,
    "resp_ver": 2,
    "used_memory": 113449984,
    "bytes_per_key": 113.449984,
    "distinct_keys_est": 997587,
    "key_draws": 6029372
  },
  "redis": {
    "target": "redis",
    "version": "redis 8.8.0",
    "workload": "get",
    "skipped": false,
    "ops": 8649616,
    "errors": 0,
    "ops_per_sec": 1081139.4686499848,
    "min_us": 35.878,
    "p50_us": 457.471,
    "p99_us": 914.431,
    "p999_us": 1337.343,
    "nil_replies": 0,
    "err_replies": 0,
    "hit_ratio": 1,
    "value_ops_per_sec": 1081139.4686499848,
    "bytes_per_sec": 108966797.16252317,
    "resp_ver": 2,
    "used_memory": 127512144,
    "bytes_per_key": 127.512144,
    "distinct_keys_est": 999834,
    "key_draws": 8649616,
    "server_hits": 11867642,
    "maxmemory_policy": "noeviction"
  },
  "valkey": {
    "target": "valkey",
    "version": "valkey 9.1.0",
    "workload": "get",
    "skipped": false,
    "ops": 8114286,
    "errors": 0,
    "ops_per_sec": 1014221.8132033403,
    "min_us": 7.191,
    "p50_us": 491.775,
    "p99_us": 942.079,
    "p999_us": 1364.991,
    "nil_replies": 0,
    "err_replies": 0,
    "hit_ratio": 1,
    "value_ops_per_sec": 1014221.8132033403,
    "bytes_per_sec": 102222324.50410768,
    "resp_ver": 2,
    "used_memory": 115089232,
    "bytes_per_key": 115.089232,
    "distinct_keys_est": 999712,
    "key_draws": 8114286,
    "server_hits": 11013105,
    "maxmemory_policy": "noeviction"
  },
  "gate": {
    "pass": false,
    "reason": "aki is 0.70x Redis, below the 2.0x bar",
    "required_speedup": 2,
    "speedup_vs_redis": 0.6970458117956434,
    "speedup_vs_valkey": 0.743036413513175,
    "tail_regressed_vs_redis": true,
    "tail_regressed_vs_valkey": true
  },
  "generator_bound": false
}
