{
  "workload": "get",
  "cell": {
    "keyspace": 1000000,
    "value_size": 1024,
    "dist": "uniform",
    "pipeline": 1,
    "connections": 512
  },
  "timestamp": "2026-07-10T21:30:16.45627097Z",
  "aki": {
    "target": "aki",
    "version": "unknown",
    "workload": "get",
    "skipped": false,
    "ops": 4462070,
    "errors": 0,
    "ops_per_sec": 557687.160326627,
    "min_us": 8.872,
    "p50_us": 732.159,
    "p99_us": 4038.655,
    "p999_us": 7516.159,
    "nil_replies": 0,
    "err_replies": 0,
    "hit_ratio": 1,
    "value_ops_per_sec": 557687.160326627,
    "bytes_per_sec": 592703921.1394353,
    "resp_ver": 2,
    "used_memory": 1073449984,
    "bytes_per_key": 1073.449984,
    "distinct_keys_est": 988481,
    "key_draws": 4462070
  },
  "redis": {
    "target": "redis",
    "version": "redis 8.8.0",
    "workload": "get",
    "skipped": false,
    "ops": 8417476,
    "errors": 0,
    "ops_per_sec": 1052143.883300565,
    "min_us": 30.192,
    "p50_us": 467.199,
    "p99_us": 910.847,
    "p999_us": 1380.351,
    "nil_replies": 0,
    "err_replies": 0,
    "hit_ratio": 1,
    "value_ops_per_sec": 1052143.883300565,
    "bytes_per_sec": 1118206783.899866,
    "resp_ver": 2,
    "used_memory": 1327511984,
    "bytes_per_key": 1327.511984,
    "distinct_keys_est": 999791,
    "key_draws": 8417476,
    "server_hits": 11542171,
    "maxmemory_policy": "noeviction"
  },
  "valkey": {
    "target": "valkey",
    "version": "valkey 9.1.0",
    "workload": "get",
    "skipped": false,
    "ops": 8049480,
    "errors": 0,
    "ops_per_sec": 1006130.5936139167,
    "min_us": 10.494,
    "p50_us": 495.871,
    "p99_us": 958.463,
    "p999_us": 1501.183,
    "nil_replies": 0,
    "err_replies": 0,
    "hit_ratio": 1,
    "value_ops_per_sec": 1006130.5936139167,
    "bytes_per_sec": 1069304459.6200092,
    "resp_ver": 2,
    "used_memory": 1331087680,
    "bytes_per_key": 1331.08768,
    "distinct_keys_est": 999686,
    "key_draws": 8049480,
    "server_hits": 10939690,
    "maxmemory_policy": "noeviction"
  },
  "gate": {
    "pass": false,
    "reason": "aki is 0.53x Redis, below the 2.0x bar",
    "required_speedup": 2,
    "speedup_vs_redis": 0.5300483794832014,
    "speedup_vs_valkey": 0.5542890394809212,
    "tail_regressed_vs_redis": true,
    "tail_regressed_vs_valkey": true
  },
  "generator_bound": false
}
