{
  "workload": "get",
  "cell": {
    "keyspace": 1000000,
    "value_size": 64,
    "dist": "uniform",
    "pipeline": 16,
    "connections": 50
  },
  "timestamp": "2026-07-10T20:49:32.812040728Z",
  "aki": {
    "target": "aki",
    "version": "unknown",
    "workload": "get",
    "skipped": false,
    "ops": 25290864,
    "errors": 0,
    "ops_per_sec": 3161263.5327521665,
    "min_us": 14.204,
    "p50_us": 230.015,
    "p99_us": 554.495,
    "p999_us": 784.383,
    "nil_replies": 0,
    "err_replies": 0,
    "hit_ratio": 1,
    "value_ops_per_sec": 3161263.5327521665,
    "bytes_per_sec": 318620392.8714549,
    "resp_ver": 2,
    "used_memory": 113449984,
    "bytes_per_key": 113.449984,
    "distinct_keys_est": 1000000,
    "key_draws": 25290864
  },
  "redis": {
    "target": "redis",
    "version": "redis 8.8.0",
    "workload": "get",
    "skipped": false,
    "ops": 26372912,
    "errors": 0,
    "ops_per_sec": 3296560.883338627,
    "min_us": 17.906,
    "p50_us": 221.183,
    "p99_us": 519.423,
    "p999_us": 713.727,
    "nil_replies": 0,
    "err_replies": 0,
    "hit_ratio": 1,
    "value_ops_per_sec": 3296560.883338627,
    "bytes_per_sec": 332256856.05334264,
    "resp_ver": 2,
    "used_memory": 127512824,
    "bytes_per_key": 127.512824,
    "distinct_keys_est": 1000000,
    "key_draws": 26372912,
    "server_hits": 35951312,
    "maxmemory_policy": "noeviction"
  },
  "valkey": {
    "target": "valkey",
    "version": "valkey 9.1.0",
    "workload": "get",
    "skipped": false,
    "ops": 30255264,
    "errors": 0,
    "ops_per_sec": 3781828.1074630446,
    "min_us": 14.452,
    "p50_us": 200.703,
    "p99_us": 418.559,
    "p999_us": 625.663,
    "nil_replies": 0,
    "err_replies": 0,
    "hit_ratio": 1,
    "value_ops_per_sec": 3781828.1074630446,
    "bytes_per_sec": 381166485.9650466,
    "resp_ver": 2,
    "used_memory": 115077456,
    "bytes_per_key": 115.077456,
    "distinct_keys_est": 1000000,
    "key_draws": 30255264,
    "server_hits": 41556224,
    "maxmemory_policy": "noeviction"
  },
  "gate": {
    "pass": false,
    "reason": "aki is 0.96x Redis, below the 2.0x bar",
    "required_speedup": 2,
    "speedup_vs_redis": 0.9589580306948747,
    "speedup_vs_valkey": 0.8359088363941612,
    "tail_regressed_vs_redis": true,
    "tail_regressed_vs_valkey": true
  },
  "generator_bound": false
}
