{
  "workload": "get",
  "cell": {
    "keyspace": 1000000,
    "value_size": 64,
    "dist": "uniform",
    "pipeline": 16,
    "connections": 512
  },
  "timestamp": "2026-07-10T20:26:22.069646641Z",
  "aki": {
    "target": "aki",
    "version": "unknown",
    "workload": "get",
    "skipped": false,
    "ops": 55973184,
    "errors": 0,
    "ops_per_sec": 6996102.442182533,
    "min_us": 34.132,
    "p50_us": 1067.007,
    "p99_us": 2607.103,
    "p999_us": 3749.887,
    "nil_replies": 0,
    "err_replies": 0,
    "hit_ratio": 1,
    "value_ops_per_sec": 6996102.442182533,
    "bytes_per_sec": 705129242.4703898,
    "resp_ver": 2,
    "used_memory": 113449984,
    "bytes_per_key": 113.449984,
    "distinct_keys_est": 1000000,
    "key_draws": 55973184
  },
  "redis": {
    "target": "redis",
    "version": "redis 8.8.0",
    "workload": "get",
    "skipped": false,
    "ops": 37844224,
    "errors": 0,
    "ops_per_sec": 4729399.083571128,
    "min_us": 67.001,
    "p50_us": 1716.223,
    "p99_us": 2256.895,
    "p999_us": 3872.767,
    "nil_replies": 0,
    "err_replies": 0,
    "hit_ratio": 1,
    "value_ops_per_sec": 4729399.083571128,
    "bytes_per_sec": 476670782.2905095,
    "resp_ver": 2,
    "used_memory": 127510984,
    "bytes_per_key": 127.510984,
    "distinct_keys_est": 1000000,
    "key_draws": 37844224,
    "server_hits": 51944128,
    "maxmemory_policy": "noeviction"
  },
  "valkey": {
    "target": "valkey",
    "version": "valkey 9.1.0",
    "workload": "get",
    "skipped": false,
    "ops": 32004160,
    "errors": 0,
    "ops_per_sec": 3999591.7607455947,
    "min_us": 43.089,
    "p50_us": 2014.207,
    "p99_us": 2592.767,
    "p999_us": 7372.799,
    "nil_replies": 0,
    "err_replies": 0,
    "hit_ratio": 1,
    "value_ops_per_sec": 3999591.7607455947,
    "bytes_per_sec": 403114010.6395117,
    "resp_ver": 2,
    "used_memory": 115092176,
    "bytes_per_key": 115.092176,
    "distinct_keys_est": 1000000,
    "key_draws": 32004160,
    "server_hits": 43996768,
    "maxmemory_policy": "noeviction"
  },
  "gate": {
    "pass": false,
    "reason": "aki is 1.48x Redis, below the 2.0x bar",
    "required_speedup": 2,
    "speedup_vs_redis": 1.4792793584464938,
    "speedup_vs_valkey": 1.7492041339934994,
    "tail_regressed_vs_redis": true,
    "tail_regressed_vs_valkey": true
  },
  "generator_bound": false
}
