{
  "workload": "get",
  "cell": {
    "keyspace": 1000000,
    "value_size": 1024,
    "dist": "uniform",
    "pipeline": 16,
    "connections": 512
  },
  "timestamp": "2026-07-10T20:38:14.240211375Z",
  "aki": {
    "target": "aki",
    "version": "unknown",
    "workload": "get",
    "skipped": false,
    "ops": 30829712,
    "errors": 0,
    "ops_per_sec": 3852863.6205036878,
    "min_us": 44.036,
    "p50_us": 1929.215,
    "p99_us": 4210.687,
    "p999_us": 6266.879,
    "nil_replies": 0,
    "err_replies": 0,
    "hit_ratio": 1,
    "value_ops_per_sec": 3852863.6205036878,
    "bytes_per_sec": 4094780266.8287296,
    "resp_ver": 2,
    "used_memory": 1073449984,
    "bytes_per_key": 1073.449984,
    "distinct_keys_est": 1000000,
    "key_draws": 30829712
  },
  "redis": {
    "target": "redis",
    "version": "redis 8.8.0",
    "workload": "get",
    "skipped": false,
    "ops": 16898704,
    "errors": 0,
    "ops_per_sec": 2111312.6652842,
    "min_us": 112.425,
    "p50_us": 3858.431,
    "p99_us": 5087.231,
    "p999_us": 7929.855,
    "nil_replies": 0,
    "err_replies": 0,
    "hit_ratio": 1,
    "value_ops_per_sec": 2111312.6652842,
    "bytes_per_sec": 2243879300.0725317,
    "resp_ver": 2,
    "used_memory": 1327515472,
    "bytes_per_key": 1327.515472,
    "distinct_keys_est": 1000000,
    "key_draws": 16898704,
    "server_hits": 23175248,
    "maxmemory_policy": "noeviction"
  },
  "valkey": {
    "target": "valkey",
    "version": "valkey 9.1.0",
    "workload": "get",
    "skipped": false,
    "ops": 14399152,
    "errors": 0,
    "ops_per_sec": 1799009.3423280618,
    "min_us": 57.833,
    "p50_us": 4571.135,
    "p99_us": 5345.279,
    "p999_us": 6336.511,
    "nil_replies": 0,
    "err_replies": 0,
    "hit_ratio": 1,
    "value_ops_per_sec": 1799009.3423280618,
    "bytes_per_sec": 1911966933.2574754,
    "resp_ver": 2,
    "used_memory": 1331090880,
    "bytes_per_key": 1331.09088,
    "distinct_keys_est": 1000000,
    "key_draws": 14399152,
    "server_hits": 19747488,
    "maxmemory_policy": "noeviction"
  },
  "gate": {
    "pass": false,
    "reason": "aki is 1.82x Redis, below the 2.0x bar",
    "required_speedup": 2,
    "speedup_vs_redis": 1.8248664368169556,
    "speedup_vs_valkey": 2.141658483839653,
    "tail_regressed_vs_redis": false,
    "tail_regressed_vs_valkey": false
  },
  "generator_bound": false
}
