{
  "workload": "get",
  "cell": {
    "keyspace": 1000000,
    "value_size": 1024,
    "dist": "uniform",
    "pipeline": 16,
    "connections": 50
  },
  "timestamp": "2026-07-10T21:04:37.865196228Z",
  "aki": {
    "target": "aki",
    "version": "unknown",
    "workload": "get",
    "skipped": false,
    "ops": 23312336,
    "errors": 0,
    "ops_per_sec": 2914006.3063367535,
    "min_us": 17.874,
    "p50_us": 260.991,
    "p99_us": 618.495,
    "p999_us": 1172.479,
    "nil_replies": 0,
    "err_replies": 0,
    "hit_ratio": 1,
    "value_ops_per_sec": 2914006.3063367535,
    "bytes_per_sec": 3096973692.669238,
    "resp_ver": 2,
    "used_memory": 1073449984,
    "bytes_per_key": 1073.449984,
    "distinct_keys_est": 1000000,
    "key_draws": 23312336
  },
  "redis": {
    "target": "redis",
    "version": "redis 8.8.0",
    "workload": "get",
    "skipped": false,
    "ops": 16632768,
    "errors": 0,
    "ops_per_sec": 2078977.4837305848,
    "min_us": 26.901,
    "p50_us": 373.247,
    "p99_us": 697.343,
    "p999_us": 1112.063,
    "nil_replies": 0,
    "err_replies": 0,
    "hit_ratio": 1,
    "value_ops_per_sec": 2078977.4837305848,
    "bytes_per_sec": 2209514583.0771623,
    "resp_ver": 2,
    "used_memory": 1327505032,
    "bytes_per_key": 1327.505032,
    "distinct_keys_est": 1000000,
    "key_draws": 16632768,
    "server_hits": 22760896,
    "maxmemory_policy": "noeviction"
  },
  "valkey": {
    "target": "valkey",
    "version": "valkey 9.1.0",
    "workload": "get",
    "skipped": false,
    "ops": 16784624,
    "errors": 0,
    "ops_per_sec": 2097971.7198996274,
    "min_us": 23.973,
    "p50_us": 367.103,
    "p99_us": 600.063,
    "p999_us": 1574.911,
    "nil_replies": 0,
    "err_replies": 0,
    "hit_ratio": 1,
    "value_ops_per_sec": 2097971.7198996274,
    "bytes_per_sec": 2229701427.2952456,
    "resp_ver": 2,
    "used_memory": 1331091648,
    "bytes_per_key": 1331.091648,
    "distinct_keys_est": 1000000,
    "key_draws": 16784624,
    "server_hits": 23112880,
    "maxmemory_policy": "noeviction"
  },
  "gate": {
    "pass": false,
    "reason": "aki is 1.40x Redis, below the 2.0x bar",
    "required_speedup": 2,
    "speedup_vs_redis": 1.4016536153666108,
    "speedup_vs_valkey": 1.3889635778675642,
    "tail_regressed_vs_redis": false,
    "tail_regressed_vs_valkey": true
  },
  "generator_bound": false
}
