{
  "workload": "get",
  "cell": {
    "keyspace": 1000000,
    "value_size": 1024,
    "dist": "uniform",
    "pipeline": 16,
    "connections": 50
  },
  "timestamp": "2026-07-10T21:01:58.371536438Z",
  "aki": {
    "target": "aki",
    "version": "unknown",
    "workload": "get",
    "skipped": false,
    "ops": 23791408,
    "errors": 0,
    "ops_per_sec": 2973843.216382925,
    "min_us": 17.708,
    "p50_us": 255.871,
    "p99_us": 596.991,
    "p999_us": 1043.455,
    "nil_replies": 0,
    "err_replies": 0,
    "hit_ratio": 1,
    "value_ops_per_sec": 2973843.216382925,
    "bytes_per_sec": 3160567642.6133904,
    "resp_ver": 2,
    "used_memory": 1073449984,
    "bytes_per_key": 1073.449984,
    "distinct_keys_est": 1000000,
    "key_draws": 23791408
  },
  "redis": {
    "target": "redis",
    "version": "redis 8.8.0",
    "workload": "get",
    "skipped": false,
    "ops": 16467008,
    "errors": 0,
    "ops_per_sec": 2058266.1006825368,
    "min_us": 33.014,
    "p50_us": 376.831,
    "p99_us": 700.415,
    "p999_us": 1114.111,
    "nil_replies": 0,
    "err_replies": 0,
    "hit_ratio": 1,
    "value_ops_per_sec": 2058266.1006825368,
    "bytes_per_sec": 2187502712.456733,
    "resp_ver": 2,
    "used_memory": 1327504424,
    "bytes_per_key": 1327.504424,
    "distinct_keys_est": 1000000,
    "key_draws": 16467008,
    "server_hits": 22624656,
    "maxmemory_policy": "noeviction"
  },
  "valkey": {
    "target": "valkey",
    "version": "valkey 9.1.0",
    "workload": "get",
    "skipped": false,
    "ops": 16797712,
    "errors": 0,
    "ops_per_sec": 2099614.311624743,
    "min_us": 21.693,
    "p50_us": 368.895,
    "p99_us": 590.847,
    "p999_us": 1074.175,
    "nil_replies": 0,
    "err_replies": 0,
    "hit_ratio": 1,
    "value_ops_per_sec": 2099614.311624743,
    "bytes_per_sec": 2231447163.783318,
    "resp_ver": 2,
    "used_memory": 1331091648,
    "bytes_per_key": 1331.091648,
    "distinct_keys_est": 1000000,
    "key_draws": 16797712,
    "server_hits": 23155104,
    "maxmemory_policy": "noeviction"
  },
  "gate": {
    "pass": false,
    "reason": "aki is 1.44x Redis, below the 2.0x bar",
    "required_speedup": 2,
    "speedup_vs_redis": 1.4448293227959086,
    "speedup_vs_valkey": 1.4163759505343045,
    "tail_regressed_vs_redis": false,
    "tail_regressed_vs_valkey": true
  },
  "generator_bound": false
}
