{
  "workload": "get",
  "cell": {
    "keyspace": 1000000,
    "value_size": 64,
    "dist": "uniform",
    "pipeline": 16,
    "connections": 50
  },
  "timestamp": "2026-07-10T20:52:35.184918492Z",
  "aki": {
    "target": "aki",
    "version": "unknown",
    "workload": "get",
    "skipped": false,
    "ops": 27846400,
    "errors": 0,
    "ops_per_sec": 3480697.52652447,
    "min_us": 13.662,
    "p50_us": 216.575,
    "p99_us": 553.471,
    "p999_us": 818.175,
    "nil_replies": 0,
    "err_replies": 0,
    "hit_ratio": 1,
    "value_ops_per_sec": 3480697.52652447,
    "bytes_per_sec": 350815812.30707777,
    "resp_ver": 2,
    "used_memory": 113449984,
    "bytes_per_key": 113.449984,
    "distinct_keys_est": 1000000,
    "key_draws": 27846400
  },
  "redis": {
    "target": "redis",
    "version": "redis 8.8.0",
    "workload": "get",
    "skipped": false,
    "ops": 26418144,
    "errors": 0,
    "ops_per_sec": 3302187.576872659,
    "min_us": 18.886,
    "p50_us": 221.055,
    "p99_us": 520.703,
    "p999_us": 713.727,
    "nil_replies": 0,
    "err_replies": 0,
    "hit_ratio": 1,
    "value_ops_per_sec": 3302187.576872659,
    "bytes_per_sec": 332824018.4874417,
    "resp_ver": 2,
    "used_memory": 127513584,
    "bytes_per_key": 127.513584,
    "distinct_keys_est": 1000000,
    "key_draws": 26418144,
    "server_hits": 36006848,
    "maxmemory_policy": "noeviction"
  },
  "valkey": {
    "target": "valkey",
    "version": "valkey 9.1.0",
    "workload": "get",
    "skipped": false,
    "ops": 30031968,
    "errors": 0,
    "ops_per_sec": 3753879.70949895,
    "min_us": 14.679,
    "p50_us": 200.959,
    "p99_us": 424.959,
    "p999_us": 675.839,
    "nil_replies": 0,
    "err_replies": 0,
    "hit_ratio": 1,
    "value_ops_per_sec": 3753879.70949895,
    "bytes_per_sec": 378349543.5790769,
    "resp_ver": 2,
    "used_memory": 115077456,
    "bytes_per_key": 115.077456,
    "distinct_keys_est": 1000000,
    "key_draws": 30031968,
    "server_hits": 41345856,
    "maxmemory_policy": "noeviction"
  },
  "gate": {
    "pass": false,
    "reason": "aki is 1.05x Redis, below the 2.0x bar",
    "required_speedup": 2,
    "speedup_vs_redis": 1.0540580889171867,
    "speedup_vs_valkey": 0.9272267083350567,
    "tail_regressed_vs_redis": true,
    "tail_regressed_vs_valkey": true
  },
  "generator_bound": false
}
