{
  "workload": "get",
  "cell": {
    "keyspace": 1000000,
    "value_size": 64,
    "dist": "uniform",
    "pipeline": 16,
    "connections": 50
  },
  "timestamp": "2026-07-10T20:48:56.379236373Z",
  "aki": {
    "target": "aki",
    "version": "unknown",
    "workload": "get",
    "skipped": false,
    "ops": 27348608,
    "errors": 0,
    "ops_per_sec": 3418441.5821766313,
    "min_us": 12.882,
    "p50_us": 222.335,
    "p99_us": 553.471,
    "p999_us": 783.871,
    "nil_replies": 0,
    "err_replies": 0,
    "hit_ratio": 1,
    "value_ops_per_sec": 3418441.5821766313,
    "bytes_per_sec": 344541067.2964899,
    "resp_ver": 2,
    "used_memory": 113449984,
    "bytes_per_key": 113.449984,
    "distinct_keys_est": 1000000,
    "key_draws": 27348608
  },
  "redis": {
    "target": "redis",
    "version": "redis 8.8.0",
    "workload": "get",
    "skipped": false,
    "ops": 26457584,
    "errors": 0,
    "ops_per_sec": 3307047.9703948703,
    "min_us": 18.206,
    "p50_us": 221.567,
    "p99_us": 515.327,
    "p999_us": 686.079,
    "nil_replies": 0,
    "err_replies": 0,
    "hit_ratio": 1,
    "value_ops_per_sec": 3307047.9703948703,
    "bytes_per_sec": 333313853.675393,
    "resp_ver": 2,
    "used_memory": 127512672,
    "bytes_per_key": 127.512672,
    "distinct_keys_est": 1000000,
    "key_draws": 26457584,
    "server_hits": 36078336,
    "maxmemory_policy": "noeviction"
  },
  "valkey": {
    "target": "valkey",
    "version": "valkey 9.1.0",
    "workload": "get",
    "skipped": false,
    "ops": 30034016,
    "errors": 0,
    "ops_per_sec": 3754125.563866603,
    "min_us": 14.384,
    "p50_us": 201.471,
    "p99_us": 423.167,
    "p999_us": 652.287,
    "nil_replies": 0,
    "err_replies": 0,
    "hit_ratio": 1,
    "value_ops_per_sec": 3754125.563866603,
    "bytes_per_sec": 378374315.01185113,
    "resp_ver": 2,
    "used_memory": 115077456,
    "bytes_per_key": 115.077456,
    "distinct_keys_est": 1000000,
    "key_draws": 30034016,
    "server_hits": 41339856,
    "maxmemory_policy": "noeviction"
  },
  "gate": {
    "pass": false,
    "reason": "aki is 1.03x Redis, below the 2.0x bar",
    "required_speedup": 2,
    "speedup_vs_redis": 1.0336837000185577,
    "speedup_vs_valkey": 0.9105826440860357,
    "tail_regressed_vs_redis": true,
    "tail_regressed_vs_valkey": true
  },
  "generator_bound": false
}
