{
  "workload": "get",
  "cell": {
    "keyspace": 1000000,
    "value_size": 1024,
    "dist": "uniform",
    "pipeline": 1,
    "connections": 50
  },
  "timestamp": "2026-07-10T21:57:52.292400964Z",
  "aki": {
    "target": "aki",
    "version": "unknown",
    "workload": "get",
    "skipped": false,
    "ops": 2710863,
    "errors": 0,
    "ops_per_sec": 338851.4065384313,
    "min_us": 6.299,
    "p50_us": 135.679,
    "p99_us": 452.351,
    "p999_us": 669.183,
    "nil_replies": 0,
    "err_replies": 0,
    "hit_ratio": 1,
    "value_ops_per_sec": 338851.4065384313,
    "bytes_per_sec": 360127728.63674015,
    "resp_ver": 2,
    "used_memory": 1073449984,
    "bytes_per_key": 1073.449984,
    "distinct_keys_est": 933406,
    "key_draws": 2710863
  },
  "redis": {
    "target": "redis",
    "version": "redis 8.8.0",
    "workload": "get",
    "skipped": false,
    "ops": 2626892,
    "errors": 0,
    "ops_per_sec": 328349.67662066943,
    "min_us": 10.515,
    "p50_us": 147.839,
    "p99_us": 373.247,
    "p999_us": 534.015,
    "nil_replies": 0,
    "err_replies": 0,
    "hit_ratio": 1,
    "value_ops_per_sec": 328349.67662066943,
    "bytes_per_sec": 348966599.6111979,
    "resp_ver": 2,
    "used_memory": 1327507000,
    "bytes_per_key": 1327.507,
    "distinct_keys_est": 927659,
    "key_draws": 2626892,
    "server_hits": 3583463,
    "maxmemory_policy": "noeviction"
  },
  "valkey": {
    "target": "valkey",
    "version": "valkey 9.1.0",
    "workload": "get",
    "skipped": false,
    "ops": 4950903,
    "errors": 0,
    "ops_per_sec": 618858.3161028571,
    "min_us": 6.433,
    "p50_us": 49.631,
    "p99_us": 331.263,
    "p999_us": 544.255,
    "nil_replies": 0,
    "err_replies": 0,
    "hit_ratio": 1,
    "value_ops_per_sec": 618858.3161028571,
    "bytes_per_sec": 657715897.3536277,
    "resp_ver": 2,
    "used_memory": 1331080576,
    "bytes_per_key": 1331.080576,
    "distinct_keys_est": 992943,
    "key_draws": 4950903,
    "server_hits": 6737697,
    "maxmemory_policy": "noeviction"
  },
  "gate": {
    "pass": false,
    "reason": "aki is 1.03x Redis, below the 2.0x bar",
    "required_speedup": 2,
    "speedup_vs_redis": 1.0319833721958989,
    "speedup_vs_valkey": 0.54754278600033,
    "tail_regressed_vs_redis": true,
    "tail_regressed_vs_valkey": true
  },
  "generator_bound": false
}
