{
  "workload": "get",
  "cell": {
    "keyspace": 1000000,
    "value_size": 64,
    "dist": "uniform",
    "pipeline": 16,
    "connections": 512
  },
  "timestamp": "2026-07-10T20:22:41.82285911Z",
  "aki": {
    "target": "aki",
    "version": "unknown",
    "workload": "get",
    "skipped": false,
    "ops": 56782736,
    "errors": 0,
    "ops_per_sec": 7096033.656540013,
    "min_us": 27.462,
    "p50_us": 1049.599,
    "p99_us": 2590.719,
    "p999_us": 3661.823,
    "nil_replies": 0,
    "err_replies": 0,
    "hit_ratio": 1,
    "value_ops_per_sec": 7096033.656540013,
    "bytes_per_sec": 715201160.4946611,
    "resp_ver": 2,
    "used_memory": 113449984,
    "bytes_per_key": 113.449984,
    "distinct_keys_est": 1000000,
    "key_draws": 56782736
  },
  "redis": {
    "target": "redis",
    "version": "redis 8.8.0",
    "workload": "get",
    "skipped": false,
    "ops": 38134960,
    "errors": 0,
    "ops_per_sec": 4765955.0337398555,
    "min_us": 35.351,
    "p50_us": 1705.983,
    "p99_us": 2220.031,
    "p999_us": 3477.503,
    "nil_replies": 0,
    "err_replies": 0,
    "hit_ratio": 1,
    "value_ops_per_sec": 4765955.0337398555,
    "bytes_per_sec": 480355276.5741365,
    "resp_ver": 2,
    "used_memory": 127510072,
    "bytes_per_key": 127.510072,
    "distinct_keys_est": 1000000,
    "key_draws": 38134960,
    "server_hits": 52372960,
    "maxmemory_policy": "noeviction"
  },
  "valkey": {
    "target": "valkey",
    "version": "valkey 9.1.0",
    "workload": "get",
    "skipped": false,
    "ops": 32092352,
    "errors": 0,
    "ops_per_sec": 4010544.5377102555,
    "min_us": 30.788,
    "p50_us": 2012.159,
    "p99_us": 2635.775,
    "p999_us": 3579.903,
    "nil_replies": 0,
    "err_replies": 0,
    "hit_ratio": 1,
    "value_ops_per_sec": 4010544.5377102555,
    "bytes_per_sec": 404217964.0219857,
    "resp_ver": 2,
    "used_memory": 115092176,
    "bytes_per_key": 115.092176,
    "distinct_keys_est": 1000000,
    "key_draws": 32092352,
    "server_hits": 44139728,
    "maxmemory_policy": "noeviction"
  },
  "gate": {
    "pass": false,
    "reason": "aki is 1.49x Redis, below the 2.0x bar",
    "required_speedup": 2,
    "speedup_vs_redis": 1.4889006728566927,
    "speedup_vs_valkey": 1.769344185014676,
    "tail_regressed_vs_redis": true,
    "tail_regressed_vs_valkey": false
  },
  "generator_bound": false
}
