{
  "workload": "get",
  "cell": {
    "keyspace": 1000000,
    "value_size": 1024,
    "dist": "uniform",
    "pipeline": 1,
    "connections": 50
  },
  "timestamp": "2026-07-10T21:55:52.294551267Z",
  "aki": {
    "target": "aki",
    "version": "unknown",
    "workload": "get",
    "skipped": false,
    "ops": 2683995,
    "errors": 0,
    "ops_per_sec": 335485.9096020463,
    "min_us": 6.766,
    "p50_us": 137.343,
    "p99_us": 453.887,
    "p999_us": 655.359,
    "nil_replies": 0,
    "err_replies": 0,
    "hit_ratio": 1,
    "value_ops_per_sec": 335485.9096020463,
    "bytes_per_sec": 356550914.49094504,
    "resp_ver": 2,
    "used_memory": 1073449984,
    "bytes_per_key": 1073.449984,
    "distinct_keys_est": 931628,
    "key_draws": 2683995
  },
  "redis": {
    "target": "redis",
    "version": "redis 8.8.0",
    "workload": "get",
    "skipped": false,
    "ops": 2619761,
    "errors": 0,
    "ops_per_sec": 327464.96791795274,
    "min_us": 10.226,
    "p50_us": 147.711,
    "p99_us": 380.159,
    "p999_us": 553.471,
    "nil_replies": 0,
    "err_replies": 0,
    "hit_ratio": 1,
    "value_ops_per_sec": 327464.96791795274,
    "bytes_per_sec": 348026339.3571946,
    "resp_ver": 2,
    "used_memory": 1327506544,
    "bytes_per_key": 1327.506544,
    "distinct_keys_est": 927112,
    "key_draws": 2619761,
    "server_hits": 3553132,
    "maxmemory_policy": "noeviction"
  },
  "valkey": {
    "target": "valkey",
    "version": "valkey 9.1.0",
    "workload": "get",
    "skipped": false,
    "ops": 4982102,
    "errors": 0,
    "ops_per_sec": 622753.9649655048,
    "min_us": 6.343,
    "p50_us": 50.047,
    "p99_us": 331.007,
    "p999_us": 549.887,
    "nil_replies": 0,
    "err_replies": 0,
    "hit_ratio": 1,
    "value_ops_per_sec": 622753.9649655048,
    "bytes_per_sec": 661856166.235527,
    "resp_ver": 2,
    "used_memory": 1331080576,
    "bytes_per_key": 1331.080576,
    "distinct_keys_est": 993149,
    "key_draws": 4982102,
    "server_hits": 6789726,
    "maxmemory_policy": "noeviction"
  },
  "gate": {
    "pass": false,
    "reason": "aki is 1.02x Redis, below the 2.0x bar",
    "required_speedup": 2,
    "speedup_vs_redis": 1.0244940450732527,
    "speedup_vs_valkey": 0.5387134060569639,
    "tail_regressed_vs_redis": true,
    "tail_regressed_vs_valkey": true
  },
  "generator_bound": false
}
