{
  "workload": "get",
  "cell": {
    "keyspace": 1000000,
    "value_size": 64,
    "dist": "uniform",
    "pipeline": 1,
    "connections": 512
  },
  "timestamp": "2026-07-10T21:17:37.011466821Z",
  "aki": {
    "target": "aki",
    "version": "unknown",
    "workload": "get",
    "skipped": false,
    "ops": 5464820,
    "errors": 0,
    "ops_per_sec": 683022.5630519779,
    "min_us": 7.512,
    "p50_us": 629.247,
    "p99_us": 3184.639,
    "p999_us": 6000.639,
    "nil_replies": 0,
    "err_replies": 0,
    "hit_ratio": 1,
    "value_ops_per_sec": 683022.5630519779,
    "bytes_per_sec": 68841321.96611984,
    "resp_ver": 2,
    "used_memory": 113449984,
    "bytes_per_key": 113.449984,
    "distinct_keys_est": 995739,
    "key_draws": 5464820
  },
  "redis": {
    "target": "redis",
    "version": "redis 8.8.0",
    "workload": "get",
    "skipped": false,
    "ops": 8666564,
    "errors": 0,
    "ops_per_sec": 1083260.8120584404,
    "min_us": 38.892,
    "p50_us": 456.447,
    "p99_us": 911.359,
    "p999_us": 1464.319,
    "nil_replies": 0,
    "err_replies": 0,
    "hit_ratio": 1,
    "value_ops_per_sec": 1083260.8120584404,
    "bytes_per_sec": 109180618.62061885,
    "resp_ver": 2,
    "used_memory": 127512296,
    "bytes_per_key": 127.512296,
    "distinct_keys_est": 999836,
    "key_draws": 8666564,
    "server_hits": 11888871,
    "maxmemory_policy": "noeviction"
  },
  "valkey": {
    "target": "valkey",
    "version": "valkey 9.1.0",
    "workload": "get",
    "skipped": false,
    "ops": 8121606,
    "errors": 0,
    "ops_per_sec": 1015115.7589255262,
    "min_us": 8.509,
    "p50_us": 490.495,
    "p99_us": 928.255,
    "p999_us": 1371.135,
    "nil_replies": 0,
    "err_replies": 0,
    "hit_ratio": 1,
    "value_ops_per_sec": 1015115.7589255262,
    "bytes_per_sec": 102312426.96589607,
    "resp_ver": 2,
    "used_memory": 115089232,
    "bytes_per_key": 115.089232,
    "distinct_keys_est": 999708,
    "key_draws": 8121606,
    "server_hits": 11026719,
    "maxmemory_policy": "noeviction"
  },
  "gate": {
    "pass": false,
    "reason": "aki is 0.63x Redis, below the 2.0x bar",
    "required_speedup": 2,
    "speedup_vs_redis": 0.630524574921233,
    "speedup_vs_valkey": 0.6728518959994667,
    "tail_regressed_vs_redis": true,
    "tail_regressed_vs_valkey": true
  },
  "generator_bound": false
}
