{
  "workload": "get",
  "cell": {
    "keyspace": 1000000,
    "value_size": 64,
    "dist": "uniform",
    "pipeline": 1,
    "connections": 512
  },
  "timestamp": "2026-07-10T21:20:04.140406183Z",
  "aki": {
    "target": "aki",
    "version": "unknown",
    "workload": "get",
    "skipped": false,
    "ops": 8081385,
    "errors": 0,
    "ops_per_sec": 1010117.852108721,
    "min_us": 38.087,
    "p50_us": 482.047,
    "p99_us": 997.375,
    "p999_us": 1345.535,
    "nil_replies": 0,
    "err_replies": 0,
    "hit_ratio": 1,
    "value_ops_per_sec": 1010117.852108721,
    "bytes_per_sec": 101808694.22960828,
    "resp_ver": 2,
    "used_memory": 113449984,
    "bytes_per_key": 113.449984,
    "distinct_keys_est": 999701,
    "key_draws": 8081385
  },
  "redis": {
    "target": "redis",
    "version": "redis 8.8.0",
    "workload": "get",
    "skipped": false,
    "ops": 8756000,
    "errors": 0,
    "ops_per_sec": 1094379.1113266307,
    "min_us": 27.278,
    "p50_us": 451.583,
    "p99_us": 905.215,
    "p999_us": 1326.079,
    "nil_replies": 0,
    "err_replies": 0,
    "hit_ratio": 1,
    "value_ops_per_sec": 1094379.1113266307,
    "bytes_per_sec": 110301213.5194757,
    "resp_ver": 2,
    "used_memory": 127512904,
    "bytes_per_key": 127.512904,
    "distinct_keys_est": 999848,
    "key_draws": 8756000,
    "server_hits": 12024311,
    "maxmemory_policy": "noeviction"
  },
  "valkey": {
    "target": "valkey",
    "version": "valkey 9.1.0",
    "workload": "get",
    "skipped": false,
    "ops": 8144606,
    "errors": 0,
    "ops_per_sec": 1018016.8967889191,
    "min_us": 9.284,
    "p50_us": 490.751,
    "p99_us": 922.111,
    "p999_us": 1321.983,
    "nil_replies": 0,
    "err_replies": 0,
    "hit_ratio": 1,
    "value_ops_per_sec": 1018016.8967889191,
    "bytes_per_sec": 102604820.87357245,
    "resp_ver": 2,
    "used_memory": 115089232,
    "bytes_per_key": 115.089232,
    "distinct_keys_est": 999716,
    "key_draws": 8144606,
    "server_hits": 11104516,
    "maxmemory_policy": "noeviction"
  },
  "gate": {
    "pass": false,
    "reason": "aki is 0.92x Redis, below the 2.0x bar",
    "required_speedup": 2,
    "speedup_vs_redis": 0.9230054207487877,
    "speedup_vs_valkey": 0.9922407528744231,
    "tail_regressed_vs_redis": true,
    "tail_regressed_vs_valkey": true
  },
  "generator_bound": false
}
