{
  "workload": "get",
  "cell": {
    "keyspace": 1000000,
    "value_size": 64,
    "dist": "uniform",
    "pipeline": 16,
    "connections": 512
  },
  "timestamp": "2026-07-10T20:25:08.634612535Z",
  "aki": {
    "target": "aki",
    "version": "unknown",
    "workload": "get",
    "skipped": false,
    "ops": 38747984,
    "errors": 0,
    "ops_per_sec": 4842780.289064906,
    "min_us": 27.078,
    "p50_us": 1630.207,
    "p99_us": 3721.215,
    "p999_us": 6049.791,
    "nil_replies": 0,
    "err_replies": 0,
    "hit_ratio": 1,
    "value_ops_per_sec": 4842780.289064906,
    "bytes_per_sec": 488098569.69374967,
    "resp_ver": 2,
    "used_memory": 113449984,
    "bytes_per_key": 113.449984,
    "distinct_keys_est": 1000000,
    "key_draws": 38747984
  },
  "redis": {
    "target": "redis",
    "version": "redis 8.8.0",
    "workload": "get",
    "skipped": false,
    "ops": 37872544,
    "errors": 0,
    "ops_per_sec": 4733044.76186967,
    "min_us": 57.989,
    "p50_us": 1718.271,
    "p99_us": 2166.783,
    "p999_us": 3035.135,
    "nil_replies": 0,
    "err_replies": 0,
    "hit_ratio": 1,
    "value_ops_per_sec": 4733044.76186967,
    "bytes_per_sec": 477038248.48180115,
    "resp_ver": 2,
    "used_memory": 127510680,
    "bytes_per_key": 127.51068,
    "distinct_keys_est": 1000000,
    "key_draws": 37872544,
    "server_hits": 52060000,
    "maxmemory_policy": "noeviction"
  },
  "valkey": {
    "target": "valkey",
    "version": "valkey 9.1.0",
    "workload": "get",
    "skipped": false,
    "ops": 32016512,
    "errors": 0,
    "ops_per_sec": 4001078.9293662417,
    "min_us": 25.63,
    "p50_us": 2016.255,
    "p99_us": 2623.487,
    "p999_us": 3536.895,
    "nil_replies": 0,
    "err_replies": 0,
    "hit_ratio": 1,
    "value_ops_per_sec": 4001078.9293662417,
    "bytes_per_sec": 403263918.6691438,
    "resp_ver": 2,
    "used_memory": 115092176,
    "bytes_per_key": 115.092176,
    "distinct_keys_est": 1000000,
    "key_draws": 32016512,
    "server_hits": 43924832,
    "maxmemory_policy": "noeviction"
  },
  "gate": {
    "pass": false,
    "reason": "aki is 1.02x Redis, below the 2.0x bar",
    "required_speedup": 2,
    "speedup_vs_redis": 1.023184975574135,
    "speedup_vs_valkey": 1.2103685967104845,
    "tail_regressed_vs_redis": true,
    "tail_regressed_vs_valkey": true
  },
  "generator_bound": false
}
