{
  "workload": "get",
  "cell": {
    "keyspace": 1000000,
    "value_size": 1024,
    "dist": "uniform",
    "pipeline": 1,
    "connections": 50
  },
  "timestamp": "2026-07-10T21:53:52.265108029Z",
  "aki": {
    "target": "aki",
    "version": "unknown",
    "workload": "get",
    "skipped": false,
    "ops": 2769712,
    "errors": 0,
    "ops_per_sec": 346205.0864740167,
    "min_us": 6.651,
    "p50_us": 134.143,
    "p99_us": 435.199,
    "p999_us": 630.271,
    "nil_replies": 0,
    "err_replies": 0,
    "hit_ratio": 1,
    "value_ops_per_sec": 346205.0864740167,
    "bytes_per_sec": 367943127.17326915,
    "resp_ver": 2,
    "used_memory": 1073449984,
    "bytes_per_key": 1073.449984,
    "distinct_keys_est": 937186,
    "key_draws": 2769712
  },
  "redis": {
    "target": "redis",
    "version": "redis 8.8.0",
    "workload": "get",
    "skipped": false,
    "ops": 2648473,
    "errors": 0,
    "ops_per_sec": 331049.1202403938,
    "min_us": 9.758,
    "p50_us": 146.559,
    "p99_us": 373.759,
    "p999_us": 547.327,
    "nil_replies": 0,
    "err_replies": 0,
    "hit_ratio": 1,
    "value_ops_per_sec": 331049.1202403938,
    "bytes_per_sec": 351835532.1714439,
    "resp_ver": 2,
    "used_memory": 1327506088,
    "bytes_per_key": 1327.506088,
    "distinct_keys_est": 929188,
    "key_draws": 2648473,
    "server_hits": 3637740,
    "maxmemory_policy": "noeviction"
  },
  "valkey": {
    "target": "valkey",
    "version": "valkey 9.1.0",
    "workload": "get",
    "skipped": false,
    "ops": 4945067,
    "errors": 0,
    "ops_per_sec": 618126.3528528342,
    "min_us": 6.604,
    "p50_us": 51.039,
    "p99_us": 331.519,
    "p999_us": 570.879,
    "nil_replies": 0,
    "err_replies": 0,
    "hit_ratio": 1,
    "value_ops_per_sec": 618126.3528528342,
    "bytes_per_sec": 656937967.188341,
    "resp_ver": 2,
    "used_memory": 1331080576,
    "bytes_per_key": 1331.080576,
    "distinct_keys_est": 992900,
    "key_draws": 4945067,
    "server_hits": 6782104,
    "maxmemory_policy": "noeviction"
  },
  "gate": {
    "pass": false,
    "reason": "aki is 1.05x Redis, below the 2.0x bar",
    "required_speedup": 2,
    "speedup_vs_redis": 1.045781623653364,
    "speedup_vs_valkey": 0.5600878928332028,
    "tail_regressed_vs_redis": true,
    "tail_regressed_vs_valkey": true
  },
  "generator_bound": false
}
