{
  "workload": "get",
  "cell": {
    "keyspace": 1000000,
    "value_size": 1024,
    "dist": "uniform",
    "pipeline": 16,
    "connections": 50
  },
  "timestamp": "2026-07-10T21:06:37.472211227Z",
  "aki": {
    "target": "aki",
    "version": "unknown",
    "workload": "get",
    "skipped": false,
    "ops": 23254800,
    "errors": 0,
    "ops_per_sec": 2906745.366250394,
    "min_us": 18.612,
    "p50_us": 261.119,
    "p99_us": 617.983,
    "p999_us": 1160.191,
    "nil_replies": 0,
    "err_replies": 0,
    "hit_ratio": 1,
    "value_ops_per_sec": 2906745.366250394,
    "bytes_per_sec": 3089256860.9069347,
    "resp_ver": 2,
    "used_memory": 1073449984,
    "bytes_per_key": 1073.449984,
    "distinct_keys_est": 1000000,
    "key_draws": 23254800
  },
  "redis": {
    "target": "redis",
    "version": "redis 8.8.0",
    "workload": "get",
    "skipped": false,
    "ops": 16692336,
    "errors": 0,
    "ops_per_sec": 2086395.6878511969,
    "min_us": 40.357,
    "p50_us": 371.711,
    "p99_us": 691.711,
    "p999_us": 1084.415,
    "nil_replies": 0,
    "err_replies": 0,
    "hit_ratio": 1,
    "value_ops_per_sec": 2086395.6878511969,
    "bytes_per_sec": 2217398592.2932677,
    "resp_ver": 2,
    "used_memory": 1327505488,
    "bytes_per_key": 1327.505488,
    "distinct_keys_est": 1000000,
    "key_draws": 16692336,
    "server_hits": 22875280,
    "maxmemory_policy": "noeviction"
  },
  "valkey": {
    "target": "valkey",
    "version": "valkey 9.1.0",
    "workload": "get",
    "skipped": false,
    "ops": 16854512,
    "errors": 0,
    "ops_per_sec": 2106724.5761252576,
    "min_us": 22.31,
    "p50_us": 365.823,
    "p99_us": 599.039,
    "p999_us": 1341.439,
    "nil_replies": 0,
    "err_replies": 0,
    "hit_ratio": 1,
    "value_ops_per_sec": 2106724.5761252576,
    "bytes_per_sec": 2239003861.2829757,
    "resp_ver": 2,
    "used_memory": 1331091648,
    "bytes_per_key": 1331.091648,
    "distinct_keys_est": 1000000,
    "key_draws": 16854512,
    "server_hits": 23196032,
    "maxmemory_policy": "noeviction"
  },
  "gate": {
    "pass": false,
    "reason": "aki is 1.39x Redis, below the 2.0x bar",
    "required_speedup": 2,
    "speedup_vs_redis": 1.3931898839592047,
    "speedup_vs_valkey": 1.3797462654546686,
    "tail_regressed_vs_redis": false,
    "tail_regressed_vs_valkey": true
  },
  "generator_bound": false
}
