{
  "workload": "get",
  "cell": {
    "keyspace": 1000000,
    "value_size": 64,
    "dist": "uniform",
    "pipeline": 1,
    "connections": 50
  },
  "timestamp": "2026-07-10T21:43:07.672367868Z",
  "aki": {
    "target": "aki",
    "version": "unknown",
    "workload": "get",
    "skipped": false,
    "ops": 2193289,
    "errors": 0,
    "ops_per_sec": 274155.83584853687,
    "min_us": 9.578,
    "p50_us": 168.447,
    "p99_us": 452.351,
    "p999_us": 611.327,
    "nil_replies": 0,
    "err_replies": 0,
    "hit_ratio": 1,
    "value_ops_per_sec": 274155.83584853687,
    "bytes_per_sec": 27631995.28473097,
    "resp_ver": 2,
    "used_memory": 113449984,
    "bytes_per_key": 113.449984,
    "distinct_keys_est": 888442,
    "key_draws": 2193289
  },
  "redis": {
    "target": "redis",
    "version": "redis 8.8.0",
    "workload": "get",
    "skipped": false,
    "ops": 2685279,
    "errors": 0,
    "ops_per_sec": 335651.3236112283,
    "min_us": 8.602,
    "p50_us": 144.639,
    "p99_us": 373.503,
    "p999_us": 534.015,
    "nil_replies": 0,
    "err_replies": 0,
    "hit_ratio": 1,
    "value_ops_per_sec": 335651.3236112283,
    "bytes_per_sec": 33830135.35964144,
    "resp_ver": 2,
    "used_memory": 127513352,
    "bytes_per_key": 127.513352,
    "distinct_keys_est": 931699,
    "key_draws": 2685279,
    "server_hits": 3653363,
    "maxmemory_policy": "noeviction"
  },
  "valkey": {
    "target": "valkey",
    "version": "valkey 9.1.0",
    "workload": "get",
    "skipped": false,
    "ops": 5172622,
    "errors": 0,
    "ops_per_sec": 646559.5402162895,
    "min_us": 5.691,
    "p50_us": 47.743,
    "p99_us": 330.239,
    "p999_us": 544.767,
    "nil_replies": 0,
    "err_replies": 0,
    "hit_ratio": 1,
    "value_ops_per_sec": 646559.5402162895,
    "bytes_per_sec": 65166118.90328144,
    "resp_ver": 2,
    "used_memory": 115091984,
    "bytes_per_key": 115.091984,
    "distinct_keys_est": 994318,
    "key_draws": 5172622,
    "server_hits": 7068478,
    "maxmemory_policy": "noeviction"
  },
  "gate": {
    "pass": false,
    "reason": "aki is 0.82x Redis, below the 2.0x bar",
    "required_speedup": 2,
    "speedup_vs_redis": 0.8167875904642067,
    "speedup_vs_valkey": 0.4240225668262899,
    "tail_regressed_vs_redis": true,
    "tail_regressed_vs_valkey": true
  },
  "generator_bound": false
}
