{
  "workload": "get",
  "cell": {
    "keyspace": 1000000,
    "value_size": 1024,
    "dist": "uniform",
    "pipeline": 16,
    "connections": 50
  },
  "timestamp": "2026-07-10T21:03:17.765579738Z",
  "aki": {
    "target": "aki",
    "version": "unknown",
    "workload": "get",
    "skipped": false,
    "ops": 20770208,
    "errors": 0,
    "ops_per_sec": 2596156.50767798,
    "min_us": 15.252,
    "p50_us": 280.575,
    "p99_us": 665.087,
    "p999_us": 1041.407,
    "nil_replies": 0,
    "err_replies": 0,
    "hit_ratio": 1,
    "value_ops_per_sec": 2596156.50767798,
    "bytes_per_sec": 2759166497.628301,
    "resp_ver": 2,
    "used_memory": 1073449984,
    "bytes_per_key": 1073.449984,
    "distinct_keys_est": 1000000,
    "key_draws": 20770208
  },
  "redis": {
    "target": "redis",
    "version": "redis 8.8.0",
    "workload": "get",
    "skipped": false,
    "ops": 16476816,
    "errors": 0,
    "ops_per_sec": 2059535.632236577,
    "min_us": 40.52,
    "p50_us": 376.575,
    "p99_us": 703.487,
    "p999_us": 1146.879,
    "nil_replies": 0,
    "err_replies": 0,
    "hit_ratio": 1,
    "value_ops_per_sec": 2059535.632236577,
    "bytes_per_sec": 2188851967.9411526,
    "resp_ver": 2,
    "used_memory": 1327504728,
    "bytes_per_key": 1327.504728,
    "distinct_keys_est": 1000000,
    "key_draws": 16476816,
    "server_hits": 22662304,
    "maxmemory_policy": "noeviction"
  },
  "valkey": {
    "target": "valkey",
    "version": "valkey 9.1.0",
    "workload": "get",
    "skipped": false,
    "ops": 16820784,
    "errors": 0,
    "ops_per_sec": 2102150.077802953,
    "min_us": 21.144,
    "p50_us": 367.359,
    "p99_us": 595.455,
    "p999_us": 1434.623,
    "nil_replies": 0,
    "err_replies": 0,
    "hit_ratio": 1,
    "value_ops_per_sec": 2102150.077802953,
    "bytes_per_sec": 2234142144.3059077,
    "resp_ver": 2,
    "used_memory": 1331091648,
    "bytes_per_key": 1331.091648,
    "distinct_keys_est": 1000000,
    "key_draws": 16820784,
    "server_hits": 23105856,
    "maxmemory_policy": "noeviction"
  },
  "gate": {
    "pass": false,
    "reason": "aki is 1.26x Redis, below the 2.0x bar",
    "required_speedup": 2,
    "speedup_vs_redis": 1.260554305078302,
    "speedup_vs_valkey": 1.2350005525729801,
    "tail_regressed_vs_redis": false,
    "tail_regressed_vs_valkey": true
  },
  "generator_bound": false
}
