{
  "workload": "get",
  "cell": {
    "keyspace": 1000000,
    "value_size": 1024,
    "dist": "uniform",
    "pipeline": 16,
    "connections": 512
  },
  "timestamp": "2026-07-10T20:36:54.224017091Z",
  "aki": {
    "target": "aki",
    "version": "unknown",
    "workload": "get",
    "skipped": false,
    "ops": 25521264,
    "errors": 0,
    "ops_per_sec": 3189552.3315221327,
    "min_us": 54.867,
    "p50_us": 2496.511,
    "p99_us": 5423.103,
    "p999_us": 8126.463,
    "nil_replies": 0,
    "err_replies": 0,
    "hit_ratio": 1,
    "value_ops_per_sec": 3189552.3315221327,
    "bytes_per_sec": 3389819973.424244,
    "resp_ver": 2,
    "used_memory": 1073449984,
    "bytes_per_key": 1073.449984,
    "distinct_keys_est": 1000000,
    "key_draws": 25521264
  },
  "redis": {
    "target": "redis",
    "version": "redis 8.8.0",
    "workload": "get",
    "skipped": false,
    "ops": 16707328,
    "errors": 0,
    "ops_per_sec": 2087323.9189094296,
    "min_us": 94.033,
    "p50_us": 3903.487,
    "p99_us": 4726.783,
    "p999_us": 8007.679,
    "nil_replies": 0,
    "err_replies": 0,
    "hit_ratio": 1,
    "value_ops_per_sec": 2087323.9189094296,
    "bytes_per_sec": 2218384330.2781477,
    "resp_ver": 2,
    "used_memory": 1327515168,
    "bytes_per_key": 1327.515168,
    "distinct_keys_est": 1000000,
    "key_draws": 16707328,
    "server_hits": 22970592,
    "maxmemory_policy": "noeviction"
  },
  "valkey": {
    "target": "valkey",
    "version": "valkey 9.1.0",
    "workload": "get",
    "skipped": false,
    "ops": 14547488,
    "errors": 0,
    "ops_per_sec": 1817384.4559016621,
    "min_us": 74.36,
    "p50_us": 4485.119,
    "p99_us": 5713.919,
    "p999_us": 8204.287,
    "nil_replies": 0,
    "err_replies": 0,
    "hit_ratio": 1,
    "value_ops_per_sec": 1817384.4559016621,
    "bytes_per_sec": 1931495815.2268226,
    "resp_ver": 2,
    "used_memory": 1331090880,
    "bytes_per_key": 1331.09088,
    "distinct_keys_est": 1000000,
    "key_draws": 14547488,
    "server_hits": 20201296,
    "maxmemory_policy": "noeviction"
  },
  "gate": {
    "pass": false,
    "reason": "aki is 1.53x Redis, below the 2.0x bar",
    "required_speedup": 2,
    "speedup_vs_redis": 1.5280581526553807,
    "speedup_vs_valkey": 1.7550234465605652,
    "tail_regressed_vs_redis": true,
    "tail_regressed_vs_valkey": false
  },
  "generator_bound": false
}
