{
  "workload": "get",
  "cell": {
    "keyspace": 1000000,
    "value_size": 64,
    "dist": "uniform",
    "pipeline": 1,
    "connections": 512
  },
  "timestamp": "2026-07-10T21:16:23.450681246Z",
  "aki": {
    "target": "aki",
    "version": "unknown",
    "workload": "get",
    "skipped": false,
    "ops": 7988262,
    "errors": 0,
    "ops_per_sec": 998485.7652538301,
    "min_us": 24.775,
    "p50_us": 484.607,
    "p99_us": 1032.703,
    "p999_us": 1476.607,
    "nil_replies": 0,
    "err_replies": 0,
    "hit_ratio": 1,
    "value_ops_per_sec": 998485.7652538301,
    "bytes_per_sec": 100636343.95619878,
    "resp_ver": 2,
    "used_memory": 113449984,
    "bytes_per_key": 113.449984,
    "distinct_keys_est": 999667,
    "key_draws": 7988262
  },
  "redis": {
    "target": "redis",
    "version": "redis 8.8.0",
    "workload": "get",
    "skipped": false,
    "ops": 8639244,
    "errors": 0,
    "ops_per_sec": 1079826.452789285,
    "min_us": 38.599,
    "p50_us": 457.983,
    "p99_us": 904.191,
    "p999_us": 1350.655,
    "nil_replies": 0,
    "err_replies": 0,
    "hit_ratio": 1,
    "value_ops_per_sec": 1079826.452789285,
    "bytes_per_sec": 108834474.0469748,
    "resp_ver": 2,
    "used_memory": 127511992,
    "bytes_per_key": 127.511992,
    "distinct_keys_est": 999833,
    "key_draws": 8639244,
    "server_hits": 11844057,
    "maxmemory_policy": "noeviction"
  },
  "valkey": {
    "target": "valkey",
    "version": "valkey 9.1.0",
    "workload": "get",
    "skipped": false,
    "ops": 8159836,
    "errors": 0,
    "ops_per_sec": 1019924.1358406056,
    "min_us": 10.122,
    "p50_us": 489.727,
    "p99_us": 927.743,
    "p999_us": 1306.623,
    "nil_replies": 0,
    "err_replies": 0,
    "hit_ratio": 1,
    "value_ops_per_sec": 1019924.1358406056,
    "bytes_per_sec": 102797048.40637024,
    "resp_ver": 2,
    "used_memory": 115089232,
    "bytes_per_key": 115.089232,
    "distinct_keys_est": 999723,
    "key_draws": 8159836,
    "server_hits": 11115531,
    "maxmemory_policy": "noeviction"
  },
  "gate": {
    "pass": false,
    "reason": "aki is 0.92x Redis, below the 2.0x bar",
    "required_speedup": 2,
    "speedup_vs_redis": 0.9246724440530746,
    "speedup_vs_valkey": 0.9789804262558153,
    "tail_regressed_vs_redis": true,
    "tail_regressed_vs_valkey": true
  },
  "generator_bound": false
}
