{
  "workload": "get",
  "cell": {
    "keyspace": 1000000,
    "value_size": 64,
    "dist": "uniform",
    "pipeline": 1,
    "connections": 50
  },
  "timestamp": "2026-07-10T21:41:54.767857346Z",
  "aki": {
    "target": "aki",
    "version": "unknown",
    "workload": "get",
    "skipped": false,
    "ops": 2754633,
    "errors": 0,
    "ops_per_sec": 344320.21287385013,
    "min_us": 6.029,
    "p50_us": 134.527,
    "p99_us": 438.271,
    "p999_us": 630.271,
    "nil_replies": 0,
    "err_replies": 0,
    "hit_ratio": 1,
    "value_ops_per_sec": 344320.21287385013,
    "bytes_per_sec": 34703863.876215324,
    "resp_ver": 2,
    "used_memory": 113449984,
    "bytes_per_key": 113.449984,
    "distinct_keys_est": 936223,
    "key_draws": 2754633
  },
  "redis": {
    "target": "redis",
    "version": "redis 8.8.0",
    "workload": "get",
    "skipped": false,
    "ops": 2671105,
    "errors": 0,
    "ops_per_sec": 333879.0504595527,
    "min_us": 9.407,
    "p50_us": 145.023,
    "p99_us": 367.103,
    "p999_us": 527.359,
    "nil_replies": 0,
    "err_replies": 0,
    "hit_ratio": 1,
    "value_ops_per_sec": 333879.0504595527,
    "bytes_per_sec": 33651518.88116189,
    "resp_ver": 2,
    "used_memory": 127513048,
    "bytes_per_key": 127.513048,
    "distinct_keys_est": 930785,
    "key_draws": 2671105,
    "server_hits": 3682780,
    "maxmemory_policy": "noeviction"
  },
  "valkey": {
    "target": "valkey",
    "version": "valkey 9.1.0",
    "workload": "get",
    "skipped": false,
    "ops": 5217358,
    "errors": 0,
    "ops_per_sec": 652162.5933307414,
    "min_us": 5.634,
    "p50_us": 47.423,
    "p99_us": 321.023,
    "p999_us": 525.311,
    "nil_replies": 0,
    "err_replies": 0,
    "hit_ratio": 1,
    "value_ops_per_sec": 652162.5933307414,
    "bytes_per_sec": 65730832.311278924,
    "resp_ver": 2,
    "used_memory": 115091984,
    "bytes_per_key": 115.091984,
    "distinct_keys_est": 994581,
    "key_draws": 5217358,
    "server_hits": 7084843,
    "maxmemory_policy": "noeviction"
  },
  "gate": {
    "pass": false,
    "reason": "aki is 1.03x Redis, below the 2.0x bar",
    "required_speedup": 2,
    "speedup_vs_redis": 1.0312722897705806,
    "speedup_vs_valkey": 0.5279668236034961,
    "tail_regressed_vs_redis": true,
    "tail_regressed_vs_valkey": true
  },
  "generator_bound": false
}
