{
  "workload": "get",
  "cell": {
    "keyspace": 1000000,
    "value_size": 64,
    "dist": "uniform",
    "pipeline": 16,
    "connections": 512
  },
  "timestamp": "2026-07-10T20:24:31.933461721Z",
  "aki": {
    "target": "aki",
    "version": "unknown",
    "workload": "get",
    "skipped": false,
    "ops": 56937600,
    "errors": 0,
    "ops_per_sec": 7116290.146723292,
    "min_us": 33.235,
    "p50_us": 1044.479,
    "p99_us": 2570.239,
    "p999_us": 4833.279,
    "nil_replies": 0,
    "err_replies": 0,
    "hit_ratio": 1,
    "value_ops_per_sec": 7116290.146723292,
    "bytes_per_sec": 717242765.8011786,
    "resp_ver": 2,
    "used_memory": 113449984,
    "bytes_per_key": 113.449984,
    "distinct_keys_est": 1000000,
    "key_draws": 56937600
  },
  "redis": {
    "target": "redis",
    "version": "redis 8.8.0",
    "workload": "get",
    "skipped": false,
    "ops": 37761072,
    "errors": 0,
    "ops_per_sec": 4719017.634385655,
    "min_us": 47.55,
    "p50_us": 1720.319,
    "p99_us": 2234.367,
    "p999_us": 4530.175,
    "nil_replies": 0,
    "err_replies": 0,
    "hit_ratio": 1,
    "value_ops_per_sec": 4719017.634385655,
    "bytes_per_sec": 475624471.8921987,
    "resp_ver": 2,
    "used_memory": 127510528,
    "bytes_per_key": 127.510528,
    "distinct_keys_est": 1000000,
    "key_draws": 37761072,
    "server_hits": 51766832,
    "maxmemory_policy": "noeviction"
  },
  "valkey": {
    "target": "valkey",
    "version": "valkey 9.1.0",
    "workload": "get",
    "skipped": false,
    "ops": 32121328,
    "errors": 0,
    "ops_per_sec": 4014145.957844129,
    "min_us": 36.474,
    "p50_us": 2016.255,
    "p99_us": 2494.463,
    "p999_us": 3381.247,
    "nil_replies": 0,
    "err_replies": 0,
    "hit_ratio": 1,
    "value_ops_per_sec": 4014145.957844129,
    "bytes_per_sec": 404580955.2998595,
    "resp_ver": 2,
    "used_memory": 115092176,
    "bytes_per_key": 115.092176,
    "distinct_keys_est": 1000000,
    "key_draws": 32121328,
    "server_hits": 44145712,
    "maxmemory_policy": "noeviction"
  },
  "gate": {
    "pass": false,
    "reason": "aki is 1.51x Redis, below the 2.0x bar",
    "required_speedup": 2,
    "speedup_vs_redis": 1.5080024484057106,
    "speedup_vs_valkey": 1.7728030374224923,
    "tail_regressed_vs_redis": true,
    "tail_regressed_vs_valkey": true
  },
  "generator_bound": false
}
