{
  "workload": "set",
  "cell": {
    "keyspace": 1000000,
    "value_size": 1024,
    "dist": "uniform",
    "pipeline": 16,
    "connections": 512
  },
  "timestamp": "2026-07-10T20:46:03.408470741Z",
  "aki": {
    "target": "aki",
    "version": "unknown",
    "workload": "set",
    "skipped": false,
    "ops": 25410752,
    "errors": 0,
    "ops_per_sec": 3175447.72670369,
    "min_us": 34.5,
    "p50_us": 2510.847,
    "p99_us": 5210.111,
    "p999_us": 7294.975,
    "nil_replies": 0,
    "err_replies": 0,
    "hit_ratio": 1,
    "value_ops_per_sec": 3175447.72670369,
    "bytes_per_sec": 3390707006.0568333,
    "resp_ver": 2,
    "used_memory": 1073449984,
    "bytes_per_key": 1073.449984,
    "distinct_keys_est": 1000000,
    "key_draws": 25410752
  },
  "redis": {
    "target": "redis",
    "version": "redis 8.8.0",
    "workload": "set",
    "skipped": false,
    "ops": 24688704,
    "errors": 0,
    "ops_per_sec": 3085383.0516803516,
    "min_us": 97.045,
    "p50_us": 2629.631,
    "p99_us": 4118.527,
    "p999_us": 6668.287,
    "nil_replies": 0,
    "err_replies": 0,
    "hit_ratio": 1,
    "value_ops_per_sec": 3085383.0516803516,
    "bytes_per_sec": 3294536953.071962,
    "resp_ver": 2,
    "used_memory": 1327482480,
    "bytes_per_key": 1327.48248,
    "distinct_keys_est": 1000000,
    "key_draws": 24688704,
    "maxmemory_policy": "noeviction"
  },
  "valkey": {
    "target": "valkey",
    "version": "valkey 9.1.0",
    "workload": "set",
    "skipped": false,
    "ops": 16390512,
    "errors": 0,
    "ops_per_sec": 2047862.2114962041,
    "min_us": 60.594,
    "p50_us": 3966.975,
    "p99_us": 4681.727,
    "p999_us": 6655.999,
    "nil_replies": 0,
    "err_replies": 0,
    "hit_ratio": 1,
    "value_ops_per_sec": 2047862.2114962041,
    "bytes_per_sec": 2186684177.593083,
    "resp_ver": 2,
    "used_memory": 1331070352,
    "bytes_per_key": 1331.070352,
    "distinct_keys_est": 1000000,
    "key_draws": 16390512,
    "maxmemory_policy": "noeviction"
  },
  "gate": {
    "pass": false,
    "reason": "aki is 1.03x Redis, below the 2.0x bar",
    "required_speedup": 2,
    "speedup_vs_redis": 1.0291907596284642,
    "speedup_vs_valkey": 1.5506159100341288,
    "tail_regressed_vs_redis": true,
    "tail_regressed_vs_valkey": true
  },
  "generator_bound": false
}
