{
  "workload": "set",
  "cell": {
    "keyspace": 1000000,
    "value_size": 1024,
    "dist": "uniform",
    "pipeline": 1,
    "connections": 512
  },
  "timestamp": "2026-07-10T21:38:57.636396038Z",
  "aki": {
    "target": "aki",
    "version": "unknown",
    "workload": "set",
    "skipped": false,
    "ops": 6679249,
    "errors": 0,
    "ops_per_sec": 834831.0507306855,
    "min_us": 9.744,
    "p50_us": 531.455,
    "p99_us": 2055.167,
    "p999_us": 4036.607,
    "nil_replies": 0,
    "err_replies": 0,
    "hit_ratio": 1,
    "value_ops_per_sec": 834831.0507306855,
    "bytes_per_sec": 891423574.1315373,
    "resp_ver": 2,
    "used_memory": 1072098344,
    "bytes_per_key": 1072.098344,
    "distinct_keys_est": 998723,
    "key_draws": 6679249
  },
  "redis": {
    "target": "redis",
    "version": "redis 8.8.0",
    "workload": "set",
    "skipped": false,
    "ops": 7634999,
    "errors": 0,
    "ops_per_sec": 954320.6490692388,
    "min_us": 22.024,
    "p50_us": 517.887,
    "p99_us": 987.647,
    "p999_us": 1393.663,
    "nil_replies": 0,
    "err_replies": 0,
    "hit_ratio": 1,
    "value_ops_per_sec": 954320.6490692388,
    "bytes_per_sec": 1019013102.521995,
    "resp_ver": 2,
    "used_memory": 1326844680,
    "bytes_per_key": 1326.84468,
    "distinct_keys_est": 999520,
    "key_draws": 7634999,
    "maxmemory_policy": "noeviction"
  },
  "valkey": {
    "target": "valkey",
    "version": "valkey 9.1.0",
    "workload": "set",
    "skipped": false,
    "ops": 6756812,
    "errors": 0,
    "ops_per_sec": 844551.2012752435,
    "min_us": 8.923,
    "p50_us": 584.703,
    "p99_us": 1024.511,
    "p999_us": 1594.367,
    "nil_replies": 0,
    "err_replies": 0,
    "hit_ratio": 1,
    "value_ops_per_sec": 844551.2012752435,
    "bytes_per_sec": 901802604.4427379,
    "resp_ver": 2,
    "used_memory": 1329498096,
    "bytes_per_key": 1329.498096,
    "distinct_keys_est": 998811,
    "key_draws": 6756812,
    "maxmemory_policy": "noeviction"
  },
  "gate": {
    "pass": false,
    "reason": "aki is 0.87x Redis, below the 2.0x bar",
    "required_speedup": 2,
    "speedup_vs_redis": 0.8747909327382856,
    "speedup_vs_valkey": 0.9884907504365857,
    "tail_regressed_vs_redis": true,
    "tail_regressed_vs_valkey": true
  },
  "generator_bound": false
}
