{
  "workload": "set",
  "cell": {
    "keyspace": 1000000,
    "value_size": 1024,
    "dist": "uniform",
    "pipeline": 16,
    "connections": 50
  },
  "timestamp": "2026-07-10T21:12:24.459774854Z",
  "aki": {
    "target": "aki",
    "version": "unknown",
    "workload": "set",
    "skipped": false,
    "ops": 21397728,
    "errors": 0,
    "ops_per_sec": 2674662.358977725,
    "min_us": 16.275,
    "p50_us": 287.231,
    "p99_us": 657.919,
    "p999_us": 891.903,
    "nil_replies": 0,
    "err_replies": 0,
    "hit_ratio": 1,
    "value_ops_per_sec": 2674662.358977725,
    "bytes_per_sec": 2855974975.582871,
    "resp_ver": 2,
    "used_memory": 1073449984,
    "bytes_per_key": 1073.449984,
    "distinct_keys_est": 1000000,
    "key_draws": 21397728
  },
  "redis": {
    "target": "redis",
    "version": "redis 8.8.0",
    "workload": "set",
    "skipped": false,
    "ops": 20598016,
    "errors": 0,
    "ops_per_sec": 2574659.0303497436,
    "min_us": 28.216,
    "p50_us": 292.607,
    "p99_us": 627.199,
    "p999_us": 837.631,
    "nil_replies": 0,
    "err_replies": 0,
    "hit_ratio": 1,
    "value_ops_per_sec": 2574659.0303497436,
    "bytes_per_sec": 2749192566.156032,
    "resp_ver": 2,
    "used_memory": 1327476120,
    "bytes_per_key": 1327.47612,
    "distinct_keys_est": 1000000,
    "key_draws": 20598016,
    "maxmemory_policy": "noeviction"
  },
  "valkey": {
    "target": "valkey",
    "version": "valkey 9.1.0",
    "workload": "set",
    "skipped": false,
    "ops": 18259488,
    "errors": 0,
    "ops_per_sec": 2282341.2774164267,
    "min_us": 22.285,
    "p50_us": 336.383,
    "p99_us": 584.703,
    "p999_us": 798.719,
    "nil_replies": 0,
    "err_replies": 0,
    "hit_ratio": 1,
    "value_ops_per_sec": 2282341.2774164267,
    "bytes_per_sec": 2437058915.3919964,
    "resp_ver": 2,
    "used_memory": 1331065072,
    "bytes_per_key": 1331.065072,
    "distinct_keys_est": 1000000,
    "key_draws": 18259488,
    "maxmemory_policy": "noeviction"
  },
  "gate": {
    "pass": false,
    "reason": "aki is 1.04x Redis, below the 2.0x bar",
    "required_speedup": 2,
    "speedup_vs_redis": 1.038841387325139,
    "speedup_vs_valkey": 1.171894135834672,
    "tail_regressed_vs_redis": true,
    "tail_regressed_vs_valkey": true
  },
  "generator_bound": false
}
