{
  "workload": "set",
  "cell": {
    "keyspace": 1000000,
    "value_size": 64,
    "dist": "uniform",
    "pipeline": 16,
    "connections": 50
  },
  "timestamp": "2026-07-10T20:57:30.730049831Z",
  "aki": {
    "target": "aki",
    "version": "unknown",
    "workload": "set",
    "skipped": false,
    "ops": 27110352,
    "errors": 0,
    "ops_per_sec": 3388663.4983328497,
    "min_us": 12.814,
    "p50_us": 224.255,
    "p99_us": 561.151,
    "p999_us": 797.695,
    "nil_replies": 0,
    "err_replies": 0,
    "hit_ratio": 1,
    "value_ops_per_sec": 3388663.4983328497,
    "bytes_per_sec": 358483006.496316,
    "resp_ver": 2,
    "used_memory": 113449984,
    "bytes_per_key": 113.449984,
    "distinct_keys_est": 1000000,
    "key_draws": 27110352
  },
  "redis": {
    "target": "redis",
    "version": "redis 8.8.0",
    "workload": "set",
    "skipped": false,
    "ops": 23575872,
    "errors": 0,
    "ops_per_sec": 2946861.718867902,
    "min_us": 22.489,
    "p50_us": 251.391,
    "p99_us": 551.935,
    "p999_us": 724.991,
    "nil_replies": 0,
    "err_replies": 0,
    "hit_ratio": 1,
    "value_ops_per_sec": 2946861.718867902,
    "bytes_per_sec": 311745346.50994205,
    "resp_ver": 2,
    "used_memory": 127488600,
    "bytes_per_key": 127.4886,
    "distinct_keys_est": 1000000,
    "key_draws": 23575872,
    "maxmemory_policy": "noeviction"
  },
  "valkey": {
    "target": "valkey",
    "version": "valkey 9.1.0",
    "workload": "set",
    "skipped": false,
    "ops": 22762288,
    "errors": 0,
    "ops_per_sec": 2845211.7438856508,
    "min_us": 16.518,
    "p50_us": 271.103,
    "p99_us": 478.207,
    "p999_us": 680.959,
    "nil_replies": 0,
    "err_replies": 0,
    "hit_ratio": 1,
    "value_ops_per_sec": 2845211.7438856508,
    "bytes_per_sec": 300991987.1479994,
    "resp_ver": 2,
    "used_memory": 115063904,
    "bytes_per_key": 115.063904,
    "distinct_keys_est": 1000000,
    "key_draws": 22762288,
    "maxmemory_policy": "noeviction"
  },
  "gate": {
    "pass": false,
    "reason": "aki is 1.15x Redis, below the 2.0x bar",
    "required_speedup": 2,
    "speedup_vs_redis": 1.1499228065695173,
    "speedup_vs_valkey": 1.1910057329177959,
    "tail_regressed_vs_redis": true,
    "tail_regressed_vs_valkey": true
  },
  "generator_bound": false
}
