{
  "workload": "set",
  "cell": {
    "keyspace": 1000000,
    "value_size": 64,
    "dist": "uniform",
    "pipeline": 1,
    "connections": 512
  },
  "timestamp": "2026-07-10T21:23:01.574804392Z",
  "aki": {
    "target": "aki",
    "version": "unknown",
    "workload": "set",
    "skipped": false,
    "ops": 8052366,
    "errors": 0,
    "ops_per_sec": 1006483.9371664304,
    "min_us": 37.697,
    "p50_us": 479.999,
    "p99_us": 1030.143,
    "p999_us": 1472.511,
    "nil_replies": 0,
    "err_replies": 0,
    "hit_ratio": 1,
    "value_ops_per_sec": 1006483.9371664304,
    "bytes_per_sec": 106474863.63617787,
    "resp_ver": 2,
    "used_memory": 113419696,
    "bytes_per_key": 113.419696,
    "distinct_keys_est": 999689,
    "key_draws": 8052366
  },
  "redis": {
    "target": "redis",
    "version": "redis 8.8.0",
    "workload": "set",
    "skipped": false,
    "ops": 8304573,
    "errors": 0,
    "ops_per_sec": 1038033.1144904689,
    "min_us": 23.467,
    "p50_us": 474.623,
    "p99_us": 964.607,
    "p999_us": 1431.551,
    "nil_replies": 0,
    "err_replies": 0,
    "hit_ratio": 1,
    "value_ops_per_sec": 1038033.1144904689,
    "bytes_per_sec": 109812369.64099249,
    "resp_ver": 2,
    "used_memory": 127457816,
    "bytes_per_key": 127.457816,
    "distinct_keys_est": 999760,
    "key_draws": 8304573,
    "maxmemory_policy": "noeviction"
  },
  "valkey": {
    "target": "valkey",
    "version": "valkey 9.1.0",
    "workload": "set",
    "skipped": false,
    "ops": 8014723,
    "errors": 0,
    "ops_per_sec": 1001778.8101823308,
    "min_us": 9.552,
    "p50_us": 498.431,
    "p99_us": 940.031,
    "p999_us": 1344.511,
    "nil_replies": 0,
    "err_replies": 0,
    "hit_ratio": 1,
    "value_ops_per_sec": 1001778.8101823308,
    "bytes_per_sec": 105977125.87274092,
    "resp_ver": 2,
    "used_memory": 115035712,
    "bytes_per_key": 115.035712,
    "distinct_keys_est": 999675,
    "key_draws": 8014723,
    "maxmemory_policy": "noeviction"
  },
  "gate": {
    "pass": false,
    "reason": "aki is 0.97x Redis, below the 2.0x bar",
    "required_speedup": 2,
    "speedup_vs_redis": 0.9696067718036868,
    "speedup_vs_valkey": 1.004696772317677,
    "tail_regressed_vs_redis": true,
    "tail_regressed_vs_valkey": true
  },
  "generator_bound": false
}
