{
  "workload": "set",
  "cell": {
    "keyspace": 1000000,
    "value_size": 1024,
    "dist": "uniform",
    "pipeline": 16,
    "connections": 512
  },
  "timestamp": "2026-07-10T20:42:05.45506082Z",
  "aki": {
    "target": "aki",
    "version": "unknown",
    "workload": "set",
    "skipped": false,
    "ops": 31533904,
    "errors": 0,
    "ops_per_sec": 3941241.30999046,
    "min_us": 32.471,
    "p50_us": 2015.231,
    "p99_us": 4378.623,
    "p999_us": 5468.159,
    "nil_replies": 0,
    "err_replies": 0,
    "hit_ratio": 1,
    "value_ops_per_sec": 3941241.30999046,
    "bytes_per_sec": 4208413334.3450556,
    "resp_ver": 2,
    "used_memory": 1073449984,
    "bytes_per_key": 1073.449984,
    "distinct_keys_est": 1000000,
    "key_draws": 31533904
  },
  "redis": {
    "target": "redis",
    "version": "redis 8.8.0",
    "workload": "set",
    "skipped": false,
    "ops": 25277168,
    "errors": 0,
    "ops_per_sec": 3158736.574075589,
    "min_us": 92.515,
    "p50_us": 2582.527,
    "p99_us": 3393.535,
    "p999_us": 5070.847,
    "nil_replies": 0,
    "err_replies": 0,
    "hit_ratio": 1,
    "value_ops_per_sec": 3158736.574075589,
    "bytes_per_sec": 3372863041.32589,
    "resp_ver": 2,
    "used_memory": 1327481416,
    "bytes_per_key": 1327.481416,
    "distinct_keys_est": 1000000,
    "key_draws": 25277168,
    "maxmemory_policy": "noeviction"
  },
  "valkey": {
    "target": "valkey",
    "version": "valkey 9.1.0",
    "workload": "set",
    "skipped": false,
    "ops": 17240560,
    "errors": 0,
    "ops_per_sec": 2153914.93296239,
    "min_us": 81.697,
    "p50_us": 3780.607,
    "p99_us": 4288.511,
    "p999_us": 5079.039,
    "nil_replies": 0,
    "err_replies": 0,
    "hit_ratio": 1,
    "value_ops_per_sec": 2153914.93296239,
    "bytes_per_sec": 2299926121.043625,
    "resp_ver": 2,
    "used_memory": 1331070352,
    "bytes_per_key": 1331.070352,
    "distinct_keys_est": 1000000,
    "key_draws": 17240560,
    "maxmemory_policy": "noeviction"
  },
  "gate": {
    "pass": false,
    "reason": "aki is 1.25x Redis, below the 2.0x bar",
    "required_speedup": 2,
    "speedup_vs_redis": 1.2477271268319907,
    "speedup_vs_valkey": 1.8298036053679556,
    "tail_regressed_vs_redis": true,
    "tail_regressed_vs_valkey": true
  },
  "generator_bound": false
}
