{
  "workload": "set",
  "cell": {
    "keyspace": 1000000,
    "value_size": 64,
    "dist": "uniform",
    "pipeline": 16,
    "connections": 512
  },
  "timestamp": "2026-07-10T20:28:18.067093924Z",
  "aki": {
    "target": "aki",
    "version": "unknown",
    "workload": "set",
    "skipped": false,
    "ops": 62054736,
    "errors": 0,
    "ops_per_sec": 7756292.605312644,
    "min_us": 20.502,
    "p50_us": 989.695,
    "p99_us": 2523.135,
    "p999_us": 4984.831,
    "nil_replies": 0,
    "err_replies": 0,
    "hit_ratio": 1,
    "value_ops_per_sec": 7756292.605312644,
    "bytes_per_sec": 820529248.669692,
    "resp_ver": 2,
    "used_memory": 113449984,
    "bytes_per_key": 113.449984,
    "distinct_keys_est": 1000000,
    "key_draws": 62054736
  },
  "redis": {
    "target": "redis",
    "version": "redis 8.8.0",
    "workload": "set",
    "skipped": false,
    "ops": 29790048,
    "errors": 0,
    "ops_per_sec": 3722718.6365315407,
    "min_us": 69.873,
    "p50_us": 2187.263,
    "p99_us": 2586.623,
    "p999_us": 6344.703,
    "nil_replies": 0,
    "err_replies": 0,
    "hit_ratio": 1,
    "value_ops_per_sec": 3722718.6365315407,
    "bytes_per_sec": 393821725.7474575,
    "resp_ver": 2,
    "used_memory": 127477992,
    "bytes_per_key": 127.477992,
    "distinct_keys_est": 1000000,
    "key_draws": 29790048,
    "maxmemory_policy": "noeviction"
  },
  "valkey": {
    "target": "valkey",
    "version": "valkey 9.1.0",
    "workload": "set",
    "skipped": false,
    "ops": 23193072,
    "errors": 0,
    "ops_per_sec": 2898251.7471707403,
    "min_us": 81.925,
    "p50_us": 2805.759,
    "p99_us": 3309.567,
    "p999_us": 4136.959,
    "nil_replies": 0,
    "err_replies": 0,
    "hit_ratio": 1,
    "value_ops_per_sec": 2898251.7471707403,
    "bytes_per_sec": 306602168.0306078,
    "resp_ver": 2,
    "used_memory": 115069088,
    "bytes_per_key": 115.069088,
    "distinct_keys_est": 1000000,
    "key_draws": 23193072,
    "maxmemory_policy": "noeviction"
  },
  "gate": {
    "pass": true,
    "reason": "aki is 2.08x Redis and 2.68x Valkey on value-bearing ops/s with no tail regression",
    "required_speedup": 2,
    "speedup_vs_redis": 2.083502236564186,
    "speedup_vs_valkey": 2.67619699112898,
    "tail_regressed_vs_redis": false,
    "tail_regressed_vs_valkey": false
  },
  "generator_bound": false
}
