{
  "workload": "set",
  "cell": {
    "keyspace": 1000000,
    "value_size": 1024,
    "dist": "uniform",
    "pipeline": 16,
    "connections": 512
  },
  "timestamp": "2026-07-10T20:45:29.418288312Z",
  "aki": {
    "target": "aki",
    "version": "unknown",
    "workload": "set",
    "skipped": false,
    "ops": 25348160,
    "errors": 0,
    "ops_per_sec": 3167860.2226237482,
    "min_us": 42.764,
    "p50_us": 2531.327,
    "p99_us": 5316.607,
    "p999_us": 7577.599,
    "nil_replies": 0,
    "err_replies": 0,
    "hit_ratio": 1,
    "value_ops_per_sec": 3167860.2226237482,
    "bytes_per_sec": 3382605153.713774,
    "resp_ver": 2,
    "used_memory": 1073449984,
    "bytes_per_key": 1073.449984,
    "distinct_keys_est": 1000000,
    "key_draws": 25348160
  },
  "redis": {
    "target": "redis",
    "version": "redis 8.8.0",
    "workload": "set",
    "skipped": false,
    "ops": 24687328,
    "errors": 0,
    "ops_per_sec": 3085058.762048804,
    "min_us": 68.334,
    "p50_us": 2629.631,
    "p99_us": 4098.047,
    "p999_us": 6787.071,
    "nil_replies": 0,
    "err_replies": 0,
    "hit_ratio": 1,
    "value_ops_per_sec": 3085058.762048804,
    "bytes_per_sec": 3294190709.926136,
    "resp_ver": 2,
    "used_memory": 1327482328,
    "bytes_per_key": 1327.482328,
    "distinct_keys_est": 1000000,
    "key_draws": 24687328,
    "maxmemory_policy": "noeviction"
  },
  "valkey": {
    "target": "valkey",
    "version": "valkey 9.1.0",
    "workload": "set",
    "skipped": false,
    "ops": 16481040,
    "errors": 0,
    "ops_per_sec": 2059134.5404916746,
    "min_us": 84.816,
    "p50_us": 3944.447,
    "p99_us": 4681.727,
    "p999_us": 7020.543,
    "nil_replies": 0,
    "err_replies": 0,
    "hit_ratio": 1,
    "value_ops_per_sec": 2059134.5404916746,
    "bytes_per_sec": 2198720659.3041883,
    "resp_ver": 2,
    "used_memory": 1331070352,
    "bytes_per_key": 1331.070352,
    "distinct_keys_est": 1000000,
    "key_draws": 16481040,
    "maxmemory_policy": "noeviction"
  },
  "gate": {
    "pass": false,
    "reason": "aki is 1.03x Redis, below the 2.0x bar",
    "required_speedup": 2,
    "speedup_vs_redis": 1.0268395084053294,
    "speedup_vs_valkey": 1.5384425642567945,
    "tail_regressed_vs_redis": true,
    "tail_regressed_vs_valkey": true
  },
  "generator_bound": false
}
