{
  "workload": "set",
  "cell": {
    "keyspace": 1000000,
    "value_size": 64,
    "dist": "uniform",
    "pipeline": 1,
    "connections": 512
  },
  "timestamp": "2026-07-10T21:25:50.977237097Z",
  "aki": {
    "target": "aki",
    "version": "unknown",
    "workload": "set",
    "skipped": false,
    "ops": 6147281,
    "errors": 0,
    "ops_per_sec": 768325.9371260505,
    "min_us": 7.12,
    "p50_us": 565.247,
    "p99_us": 2592.767,
    "p999_us": 5279.743,
    "nil_replies": 0,
    "err_replies": 0,
    "hit_ratio": 1,
    "value_ops_per_sec": 768325.9371260505,
    "bytes_per_sec": 81280596.58103076,
    "resp_ver": 2,
    "used_memory": 113238672,
    "bytes_per_key": 113.238672,
    "distinct_keys_est": 997862,
    "key_draws": 6147281
  },
  "redis": {
    "target": "redis",
    "version": "redis 8.8.0",
    "workload": "set",
    "skipped": false,
    "ops": 8217341,
    "errors": 0,
    "ops_per_sec": 1027119.4322994567,
    "min_us": 26.466,
    "p50_us": 480.767,
    "p99_us": 962.559,
    "p999_us": 1380.351,
    "nil_replies": 0,
    "err_replies": 0,
    "hit_ratio": 1,
    "value_ops_per_sec": 1027119.4322994567,
    "bytes_per_sec": 108657814.12319688,
    "resp_ver": 2,
    "used_memory": 127456416,
    "bytes_per_key": 127.456416,
    "distinct_keys_est": 999743,
    "key_draws": 8217341,
    "maxmemory_policy": "noeviction"
  },
  "valkey": {
    "target": "valkey",
    "version": "valkey 9.1.0",
    "workload": "set",
    "skipped": false,
    "ops": 7994462,
    "errors": 0,
    "ops_per_sec": 999244.1318732891,
    "min_us": 9.918,
    "p50_us": 499.455,
    "p99_us": 944.639,
    "p999_us": 1355.775,
    "nil_replies": 0,
    "err_replies": 0,
    "hit_ratio": 1,
    "value_ops_per_sec": 999244.1318732891,
    "bytes_per_sec": 105709011.0286766,
    "resp_ver": 2,
    "used_memory": 115034752,
    "bytes_per_key": 115.034752,
    "distinct_keys_est": 999665,
    "key_draws": 7994462,
    "maxmemory_policy": "noeviction"
  },
  "gate": {
    "pass": false,
    "reason": "aki is 0.75x Redis, below the 2.0x bar",
    "required_speedup": 2,
    "speedup_vs_redis": 0.7480395297418977,
    "speedup_vs_valkey": 0.7689071295176536,
    "tail_regressed_vs_redis": true,
    "tail_regressed_vs_valkey": true
  },
  "generator_bound": false
}
