{
  "workload": "set",
  "cell": {
    "keyspace": 1000000,
    "value_size": 64,
    "dist": "uniform",
    "pipeline": 16,
    "connections": 512
  },
  "timestamp": "2026-07-10T20:31:41.488123569Z",
  "aki": {
    "target": "aki",
    "version": "unknown",
    "workload": "set",
    "skipped": false,
    "ops": 51225472,
    "errors": 0,
    "ops_per_sec": 6402665.771433792,
    "min_us": 28.792,
    "p50_us": 1232.895,
    "p99_us": 2764.799,
    "p999_us": 4476.927,
    "nil_replies": 0,
    "err_replies": 0,
    "hit_ratio": 1,
    "value_ops_per_sec": 6402665.771433792,
    "bytes_per_sec": 677330715.9405171,
    "resp_ver": 2,
    "used_memory": 113449984,
    "bytes_per_key": 113.449984,
    "distinct_keys_est": 1000000,
    "key_draws": 51225472
  },
  "redis": {
    "target": "redis",
    "version": "redis 8.8.0",
    "workload": "set",
    "skipped": false,
    "ops": 29520272,
    "errors": 0,
    "ops_per_sec": 3689040.7405367736,
    "min_us": 38.4,
    "p50_us": 2205.695,
    "p99_us": 2930.687,
    "p999_us": 4636.671,
    "nil_replies": 0,
    "err_replies": 0,
    "hit_ratio": 1,
    "value_ops_per_sec": 3689040.7405367736,
    "bytes_per_sec": 390258881.35723007,
    "resp_ver": 2,
    "used_memory": 127478904,
    "bytes_per_key": 127.478904,
    "distinct_keys_est": 1000000,
    "key_draws": 29520272,
    "maxmemory_policy": "noeviction"
  },
  "valkey": {
    "target": "valkey",
    "version": "valkey 9.1.0",
    "workload": "set",
    "skipped": false,
    "ops": 23312752,
    "errors": 0,
    "ops_per_sec": 2913099.2235888694,
    "min_us": 36.418,
    "p50_us": 2787.327,
    "p99_us": 3416.063,
    "p999_us": 5070.847,
    "nil_replies": 0,
    "err_replies": 0,
    "hit_ratio": 1,
    "value_ops_per_sec": 2913099.2235888694,
    "bytes_per_sec": 308172895.0506281,
    "resp_ver": 2,
    "used_memory": 115069088,
    "bytes_per_key": 115.069088,
    "distinct_keys_est": 1000000,
    "key_draws": 23312752,
    "maxmemory_policy": "noeviction"
  },
  "gate": {
    "pass": false,
    "reason": "aki is 1.74x Redis, below the 2.0x bar",
    "required_speedup": 2,
    "speedup_vs_redis": 1.7355909630052426,
    "speedup_vs_valkey": 2.1978879811535768,
    "tail_regressed_vs_redis": false,
    "tail_regressed_vs_valkey": false
  },
  "generator_bound": false
}
