{
  "workload": "set",
  "cell": {
    "keyspace": 1000000,
    "value_size": 1024,
    "dist": "uniform",
    "pipeline": 16,
    "connections": 50
  },
  "timestamp": "2026-07-10T21:12:58.225734381Z",
  "aki": {
    "target": "aki",
    "version": "unknown",
    "workload": "set",
    "skipped": false,
    "ops": 24325632,
    "errors": 0,
    "ops_per_sec": 3040643.0031810347,
    "min_us": 15.581,
    "p50_us": 249.855,
    "p99_us": 589.823,
    "p999_us": 840.703,
    "nil_replies": 0,
    "err_replies": 0,
    "hit_ratio": 1,
    "value_ops_per_sec": 3040643.0031810347,
    "bytes_per_sec": 3246764946.1467977,
    "resp_ver": 2,
    "used_memory": 1073449984,
    "bytes_per_key": 1073.449984,
    "distinct_keys_est": 1000000,
    "key_draws": 24325632
  },
  "redis": {
    "target": "redis",
    "version": "redis 8.8.0",
    "workload": "set",
    "skipped": false,
    "ops": 20449280,
    "errors": 0,
    "ops_per_sec": 2556047.046044494,
    "min_us": 31.56,
    "p50_us": 293.631,
    "p99_us": 629.759,
    "p999_us": 851.455,
    "nil_replies": 0,
    "err_replies": 0,
    "hit_ratio": 1,
    "value_ops_per_sec": 2556047.046044494,
    "bytes_per_sec": 2729318877.1356654,
    "resp_ver": 2,
    "used_memory": 1327476640,
    "bytes_per_key": 1327.47664,
    "distinct_keys_est": 1000000,
    "key_draws": 20449280,
    "maxmemory_policy": "noeviction"
  },
  "valkey": {
    "target": "valkey",
    "version": "valkey 9.1.0",
    "workload": "set",
    "skipped": false,
    "ops": 18592064,
    "errors": 0,
    "ops_per_sec": 2323861.1043823524,
    "min_us": 24.332,
    "p50_us": 332.543,
    "p99_us": 570.879,
    "p999_us": 815.615,
    "nil_replies": 0,
    "err_replies": 0,
    "hit_ratio": 1,
    "value_ops_per_sec": 2323861.1043823524,
    "bytes_per_sec": 2481393303.226691,
    "resp_ver": 2,
    "used_memory": 1331065072,
    "bytes_per_key": 1331.065072,
    "distinct_keys_est": 1000000,
    "key_draws": 18592064,
    "maxmemory_policy": "noeviction"
  },
  "gate": {
    "pass": false,
    "reason": "aki is 1.19x Redis, below the 2.0x bar",
    "required_speedup": 2,
    "speedup_vs_redis": 1.1895880429456325,
    "speedup_vs_valkey": 1.3084443805384798,
    "tail_regressed_vs_redis": false,
    "tail_regressed_vs_valkey": true
  },
  "generator_bound": false
}
