{
  "workload": "set",
  "cell": {
    "keyspace": 1000000,
    "value_size": 64,
    "dist": "uniform",
    "pipeline": 16,
    "connections": 50
  },
  "timestamp": "2026-07-10T20:59:11.777530167Z",
  "aki": {
    "target": "aki",
    "version": "unknown",
    "workload": "set",
    "skipped": false,
    "ops": 27169392,
    "errors": 0,
    "ops_per_sec": 3396082.228943458,
    "min_us": 12.865,
    "p50_us": 223.743,
    "p99_us": 561.151,
    "p999_us": 796.159,
    "nil_replies": 0,
    "err_replies": 0,
    "hit_ratio": 1,
    "value_ops_per_sec": 3396082.228943458,
    "bytes_per_sec": 359267844.6397597,
    "resp_ver": 2,
    "used_memory": 113449984,
    "bytes_per_key": 113.449984,
    "distinct_keys_est": 1000000,
    "key_draws": 27169392
  },
  "redis": {
    "target": "redis",
    "version": "redis 8.8.0",
    "workload": "set",
    "skipped": false,
    "ops": 23229136,
    "errors": 0,
    "ops_per_sec": 2903452.233628394,
    "min_us": 25.709,
    "p50_us": 255.615,
    "p99_us": 565.759,
    "p999_us": 764.415,
    "nil_replies": 0,
    "err_replies": 0,
    "hit_ratio": 1,
    "value_ops_per_sec": 2903452.233628394,
    "bytes_per_sec": 307153186.0633063,
    "resp_ver": 2,
    "used_memory": 127489056,
    "bytes_per_key": 127.489056,
    "distinct_keys_est": 1000000,
    "key_draws": 23229136,
    "maxmemory_policy": "noeviction"
  },
  "valkey": {
    "target": "valkey",
    "version": "valkey 9.1.0",
    "workload": "set",
    "skipped": false,
    "ops": 22797744,
    "errors": 0,
    "ops_per_sec": 2849565.387251338,
    "min_us": 18.047,
    "p50_us": 270.335,
    "p99_us": 484.351,
    "p999_us": 679.423,
    "nil_replies": 0,
    "err_replies": 0,
    "hit_ratio": 1,
    "value_ops_per_sec": 2849565.387251338,
    "bytes_per_sec": 301452574.63018686,
    "resp_ver": 2,
    "used_memory": 115063904,
    "bytes_per_key": 115.063904,
    "distinct_keys_est": 1000000,
    "key_draws": 22797744,
    "maxmemory_policy": "noeviction"
  },
  "gate": {
    "pass": false,
    "reason": "aki is 1.17x Redis, below the 2.0x bar",
    "required_speedup": 2,
    "speedup_vs_redis": 1.1696704321873526,
    "speedup_vs_valkey": 1.1917895424113374,
    "tail_regressed_vs_redis": false,
    "tail_regressed_vs_valkey": true
  },
  "generator_bound": false
}
