{
  "workload": "set",
  "cell": {
    "keyspace": 1000000,
    "value_size": 1024,
    "dist": "uniform",
    "pipeline": 1,
    "connections": 50
  },
  "timestamp": "2026-07-10T22:03:53.117824872Z",
  "aki": {
    "target": "aki",
    "version": "unknown",
    "workload": "set",
    "skipped": false,
    "ops": 2634791,
    "errors": 0,
    "ops_per_sec": 329331.1161077286,
    "min_us": 7.026,
    "p50_us": 139.135,
    "p99_us": 468.991,
    "p999_us": 674.303,
    "nil_replies": 0,
    "err_replies": 0,
    "hit_ratio": 1,
    "value_ops_per_sec": 329331.1161077286,
    "bytes_per_sec": 351656316.4908325,
    "resp_ver": 2,
    "used_memory": 997391368,
    "bytes_per_key": 997.391368,
    "distinct_keys_est": 928165,
    "key_draws": 2634791
  },
  "redis": {
    "target": "redis",
    "version": "redis 8.8.0",
    "workload": "set",
    "skipped": false,
    "ops": 2525345,
    "errors": 0,
    "ops_per_sec": 315657.42227998294,
    "min_us": 9.192,
    "p50_us": 152.191,
    "p99_us": 385.535,
    "p999_us": 556.031,
    "nil_replies": 0,
    "err_replies": 0,
    "hit_ratio": 1,
    "value_ops_per_sec": 315657.42227998294,
    "bytes_per_sec": 337055675.248143,
    "resp_ver": 2,
    "used_memory": 1221661056,
    "bytes_per_key": 1221.661056,
    "distinct_keys_est": 919930,
    "key_draws": 2525345,
    "maxmemory_policy": "noeviction"
  },
  "valkey": {
    "target": "valkey",
    "version": "valkey 9.1.0",
    "workload": "set",
    "skipped": false,
    "ops": 4368299,
    "errors": 0,
    "ops_per_sec": 546033.9687718486,
    "min_us": 6.591,
    "p50_us": 63.455,
    "p99_us": 344.575,
    "p999_us": 556.543,
    "nil_replies": 0,
    "err_replies": 0,
    "hit_ratio": 1,
    "value_ops_per_sec": 546033.9687718486,
    "bytes_per_sec": 583049262.1158218,
    "resp_ver": 2,
    "used_memory": 1314539856,
    "bytes_per_key": 1314.539856,
    "distinct_keys_est": 987434,
    "key_draws": 4368299,
    "maxmemory_policy": "noeviction"
  },
  "gate": {
    "pass": false,
    "reason": "aki is 1.04x Redis, below the 2.0x bar",
    "required_speedup": 2,
    "speedup_vs_redis": 1.0433181444902548,
    "speedup_vs_valkey": 0.6031330190838993,
    "tail_regressed_vs_redis": true,
    "tail_regressed_vs_valkey": true
  },
  "generator_bound": false
}
