{
  "workload": "set",
  "cell": {
    "keyspace": 1000000,
    "value_size": 64,
    "dist": "uniform",
    "pipeline": 16,
    "connections": 50
  },
  "timestamp": "2026-07-10T20:55:49.690007135Z",
  "aki": {
    "target": "aki",
    "version": "unknown",
    "workload": "set",
    "skipped": false,
    "ops": 27205920,
    "errors": 0,
    "ops_per_sec": 3400557.934553254,
    "min_us": 13.25,
    "p50_us": 222.975,
    "p99_us": 560.127,
    "p999_us": 773.119,
    "nil_replies": 0,
    "err_replies": 0,
    "hit_ratio": 1,
    "value_ops_per_sec": 3400557.934553254,
    "bytes_per_sec": 359741318.9947487,
    "resp_ver": 2,
    "used_memory": 113449984,
    "bytes_per_key": 113.449984,
    "distinct_keys_est": 1000000,
    "key_draws": 27205920
  },
  "redis": {
    "target": "redis",
    "version": "redis 8.8.0",
    "workload": "set",
    "skipped": false,
    "ops": 23538720,
    "errors": 0,
    "ops_per_sec": 2942239.376148896,
    "min_us": 22.499,
    "p50_us": 251.519,
    "p99_us": 554.495,
    "p999_us": 732.671,
    "nil_replies": 0,
    "err_replies": 0,
    "hit_ratio": 1,
    "value_ops_per_sec": 2942239.376148896,
    "bytes_per_sec": 311256359.9853026,
    "resp_ver": 2,
    "used_memory": 127488144,
    "bytes_per_key": 127.488144,
    "distinct_keys_est": 1000000,
    "key_draws": 23538720,
    "maxmemory_policy": "noeviction"
  },
  "valkey": {
    "target": "valkey",
    "version": "valkey 9.1.0",
    "workload": "set",
    "skipped": false,
    "ops": 22787632,
    "errors": 0,
    "ops_per_sec": 2848334.2553158225,
    "min_us": 19.636,
    "p50_us": 270.335,
    "p99_us": 488.959,
    "p999_us": 693.247,
    "nil_replies": 0,
    "err_replies": 0,
    "hit_ratio": 1,
    "value_ops_per_sec": 2848334.2553158225,
    "bytes_per_sec": 301322309.83476394,
    "resp_ver": 2,
    "used_memory": 115063904,
    "bytes_per_key": 115.063904,
    "distinct_keys_est": 1000000,
    "key_draws": 22787632,
    "maxmemory_policy": "noeviction"
  },
  "gate": {
    "pass": false,
    "reason": "aki is 1.16x Redis, below the 2.0x bar",
    "required_speedup": 2,
    "speedup_vs_redis": 1.1557720157372962,
    "speedup_vs_valkey": 1.1938760095332284,
    "tail_regressed_vs_redis": true,
    "tail_regressed_vs_valkey": true
  },
  "generator_bound": false
}
