{
  "workload": "set",
  "cell": {
    "keyspace": 1000000,
    "value_size": 1024,
    "dist": "uniform",
    "pipeline": 1,
    "connections": 512
  },
  "timestamp": "2026-07-10T21:35:33.793871475Z",
  "aki": {
    "target": "aki",
    "version": "unknown",
    "workload": "set",
    "skipped": false,
    "ops": 6935382,
    "errors": 0,
    "ops_per_sec": 866854.0077186907,
    "min_us": 9.888,
    "p50_us": 520.703,
    "p99_us": 1790.975,
    "p999_us": 2658.303,
    "nil_replies": 0,
    "err_replies": 0,
    "hit_ratio": 1,
    "value_ops_per_sec": 866854.0077186907,
    "bytes_per_sec": 925617271.3654656,
    "resp_ver": 2,
    "used_memory": 1072389696,
    "bytes_per_key": 1072.389696,
    "distinct_keys_est": 998998,
    "key_draws": 6935382
  },
  "redis": {
    "target": "redis",
    "version": "redis 8.8.0",
    "workload": "set",
    "skipped": false,
    "ops": 7741764,
    "errors": 0,
    "ops_per_sec": 967634.555182626,
    "min_us": 31.041,
    "p50_us": 512.255,
    "p99_us": 986.111,
    "p999_us": 1353.727,
    "nil_replies": 0,
    "err_replies": 0,
    "hit_ratio": 1,
    "value_ops_per_sec": 967634.555182626,
    "bytes_per_sec": 1033229554.3176004,
    "resp_ver": 2,
    "used_memory": 1326911208,
    "bytes_per_key": 1326.911208,
    "distinct_keys_est": 999571,
    "key_draws": 7741764,
    "maxmemory_policy": "noeviction"
  },
  "valkey": {
    "target": "valkey",
    "version": "valkey 9.1.0",
    "workload": "set",
    "skipped": false,
    "ops": 6910735,
    "errors": 0,
    "ops_per_sec": 863785.4887028954,
    "min_us": 10.852,
    "p50_us": 575.999,
    "p99_us": 1038.335,
    "p999_us": 1480.703,
    "nil_replies": 0,
    "err_replies": 0,
    "hit_ratio": 1,
    "value_ops_per_sec": 863785.4887028954,
    "bytes_per_sec": 922340770.3239022,
    "resp_ver": 2,
    "used_memory": 1329703152,
    "bytes_per_key": 1329.703152,
    "distinct_keys_est": 998967,
    "key_draws": 6910735,
    "maxmemory_policy": "noeviction"
  },
  "gate": {
    "pass": false,
    "reason": "aki is 0.90x Redis, below the 2.0x bar",
    "required_speedup": 2,
    "speedup_vs_redis": 0.8958485443454274,
    "speedup_vs_valkey": 1.00355240861988,
    "tail_regressed_vs_redis": true,
    "tail_regressed_vs_valkey": true
  },
  "generator_bound": false
}
