{
  "workload": "set",
  "cell": {
    "keyspace": 1000000,
    "value_size": 64,
    "dist": "uniform",
    "pipeline": 16,
    "connections": 50
  },
  "timestamp": "2026-07-10T20:58:04.411558744Z",
  "aki": {
    "target": "aki",
    "version": "unknown",
    "workload": "set",
    "skipped": false,
    "ops": 25328944,
    "errors": 0,
    "ops_per_sec": 3166022.2211000146,
    "min_us": 14.45,
    "p50_us": 228.735,
    "p99_us": 558.079,
    "p999_us": 782.847,
    "nil_replies": 0,
    "err_replies": 0,
    "hit_ratio": 1,
    "value_ops_per_sec": 3166022.2211000146,
    "bytes_per_sec": 334930142.1514734,
    "resp_ver": 2,
    "used_memory": 113449984,
    "bytes_per_key": 113.449984,
    "distinct_keys_est": 1000000,
    "key_draws": 25328944
  },
  "redis": {
    "target": "redis",
    "version": "redis 8.8.0",
    "workload": "set",
    "skipped": false,
    "ops": 23377232,
    "errors": 0,
    "ops_per_sec": 2922035.383626146,
    "min_us": 23.063,
    "p50_us": 253.439,
    "p99_us": 553.471,
    "p999_us": 736.767,
    "nil_replies": 0,
    "err_replies": 0,
    "hit_ratio": 1,
    "value_ops_per_sec": 2922035.383626146,
    "bytes_per_sec": 309119031.6993069,
    "resp_ver": 2,
    "used_memory": 127488752,
    "bytes_per_key": 127.488752,
    "distinct_keys_est": 1000000,
    "key_draws": 23377232,
    "maxmemory_policy": "noeviction"
  },
  "valkey": {
    "target": "valkey",
    "version": "valkey 9.1.0",
    "workload": "set",
    "skipped": false,
    "ops": 22757664,
    "errors": 0,
    "ops_per_sec": 2844613.889505233,
    "min_us": 18.928,
    "p50_us": 271.359,
    "p99_us": 474.623,
    "p999_us": 679.935,
    "nil_replies": 0,
    "err_replies": 0,
    "hit_ratio": 1,
    "value_ops_per_sec": 2844613.889505233,
    "bytes_per_sec": 300928739.7738055,
    "resp_ver": 2,
    "used_memory": 115063904,
    "bytes_per_key": 115.063904,
    "distinct_keys_est": 1000000,
    "key_draws": 22757664,
    "maxmemory_policy": "noeviction"
  },
  "gate": {
    "pass": false,
    "reason": "aki is 1.08x Redis, below the 2.0x bar",
    "required_speedup": 2,
    "speedup_vs_redis": 1.0834989332576423,
    "speedup_vs_valkey": 1.1129883857983567,
    "tail_regressed_vs_redis": true,
    "tail_regressed_vs_valkey": true
  },
  "generator_bound": false
}
