{
  "workload": "set",
  "cell": {
    "keyspace": 1000000,
    "value_size": 1024,
    "dist": "uniform",
    "pipeline": 16,
    "connections": 512
  },
  "timestamp": "2026-07-10T20:43:47.424834363Z",
  "aki": {
    "target": "aki",
    "version": "unknown",
    "workload": "set",
    "skipped": false,
    "ops": 25458656,
    "errors": 0,
    "ops_per_sec": 3181996.334388681,
    "min_us": 49.808,
    "p50_us": 2514.943,
    "p99_us": 5308.415,
    "p999_us": 8151.039,
    "nil_replies": 0,
    "err_replies": 0,
    "hit_ratio": 1,
    "value_ops_per_sec": 3181996.334388681,
    "bytes_per_sec": 3397699589.443009,
    "resp_ver": 2,
    "used_memory": 1073449984,
    "bytes_per_key": 1073.449984,
    "distinct_keys_est": 1000000,
    "key_draws": 25458656
  },
  "redis": {
    "target": "redis",
    "version": "redis 8.8.0",
    "workload": "set",
    "skipped": false,
    "ops": 24901856,
    "errors": 0,
    "ops_per_sec": 3111879.4539453997,
    "min_us": 111.531,
    "p50_us": 2609.151,
    "p99_us": 4046.847,
    "p999_us": 5316.607,
    "nil_replies": 0,
    "err_replies": 0,
    "hit_ratio": 1,
    "value_ops_per_sec": 3111879.4539453997,
    "bytes_per_sec": 3322829524.759249,
    "resp_ver": 2,
    "used_memory": 1327481872,
    "bytes_per_key": 1327.481872,
    "distinct_keys_est": 1000000,
    "key_draws": 24901856,
    "maxmemory_policy": "noeviction"
  },
  "valkey": {
    "target": "valkey",
    "version": "valkey 9.1.0",
    "workload": "set",
    "skipped": false,
    "ops": 16724272,
    "errors": 0,
    "ops_per_sec": 2089516.2175455957,
    "min_us": 85.262,
    "p50_us": 3889.151,
    "p99_us": 4587.519,
    "p999_us": 6774.783,
    "nil_replies": 0,
    "err_replies": 0,
    "hit_ratio": 1,
    "value_ops_per_sec": 2089516.2175455957,
    "bytes_per_sec": 2231161844.0024047,
    "resp_ver": 2,
    "used_memory": 1331070352,
    "bytes_per_key": 1331.070352,
    "distinct_keys_est": 1000000,
    "key_draws": 16724272,
    "maxmemory_policy": "noeviction"
  },
  "gate": {
    "pass": false,
    "reason": "aki is 1.02x Redis, below the 2.0x bar",
    "required_speedup": 2,
    "speedup_vs_redis": 1.0225320040448174,
    "speedup_vs_valkey": 1.5228387832884798,
    "tail_regressed_vs_redis": true,
    "tail_regressed_vs_valkey": true
  },
  "generator_bound": false
}
