{
  "workload": "set",
  "cell": {
    "keyspace": 1000000,
    "value_size": 1024,
    "dist": "uniform",
    "pipeline": 1,
    "connections": 50
  },
  "timestamp": "2026-07-10T22:02:45.629899967Z",
  "aki": {
    "target": "aki",
    "version": "unknown",
    "workload": "set",
    "skipped": false,
    "ops": 2729421,
    "errors": 0,
    "ops_per_sec": 341170.4519765398,
    "min_us": 6.346,
    "p50_us": 133.503,
    "p99_us": 472.831,
    "p999_us": 703.999,
    "nil_replies": 0,
    "err_replies": 0,
    "hit_ratio": 1,
    "value_ops_per_sec": 341170.4519765398,
    "bytes_per_sec": 364298259.72016394,
    "resp_ver": 2,
    "used_memory": 1004235760,
    "bytes_per_key": 1004.23576,
    "distinct_keys_est": 934631,
    "key_draws": 2729421
  },
  "redis": {
    "target": "redis",
    "version": "redis 8.8.0",
    "workload": "set",
    "skipped": false,
    "ops": 2519647,
    "errors": 0,
    "ops_per_sec": 314947.8302482035,
    "min_us": 9.779,
    "p50_us": 152.959,
    "p99_us": 387.583,
    "p999_us": 564.223,
    "nil_replies": 0,
    "err_replies": 0,
    "hit_ratio": 1,
    "value_ops_per_sec": 314947.8302482035,
    "bytes_per_sec": 336297991.64836204,
    "resp_ver": 2,
    "used_memory": 1221028000,
    "bytes_per_key": 1221.028,
    "distinct_keys_est": 919451,
    "key_draws": 2519647,
    "maxmemory_policy": "noeviction"
  },
  "valkey": {
    "target": "valkey",
    "version": "valkey 9.1.0",
    "workload": "set",
    "skipped": false,
    "ops": 4465202,
    "errors": 0,
    "ops_per_sec": 558144.9905997536,
    "min_us": 6.24,
    "p50_us": 61.535,
    "p99_us": 344.575,
    "p999_us": 553.471,
    "nil_replies": 0,
    "err_replies": 0,
    "hit_ratio": 1,
    "value_ops_per_sec": 558144.9905997536,
    "bytes_per_sec": 595981280.8183908,
    "resp_ver": 2,
    "used_memory": 1316062672,
    "bytes_per_key": 1316.062672,
    "distinct_keys_est": 988592,
    "key_draws": 4465202,
    "maxmemory_policy": "noeviction"
  },
  "gate": {
    "pass": false,
    "reason": "aki is 1.08x Redis, below the 2.0x bar",
    "required_speedup": 2,
    "speedup_vs_redis": 1.0832602075958766,
    "speedup_vs_valkey": 0.6112577515206861,
    "tail_regressed_vs_redis": true,
    "tail_regressed_vs_valkey": true
  },
  "generator_bound": false
}
