{
  "workload": "set",
  "cell": {
    "keyspace": 1000000,
    "value_size": 1024,
    "dist": "uniform",
    "pipeline": 1,
    "connections": 50
  },
  "timestamp": "2026-07-10T22:01:38.150665196Z",
  "aki": {
    "target": "aki",
    "version": "unknown",
    "workload": "set",
    "skipped": false,
    "ops": 2161654,
    "errors": 0,
    "ops_per_sec": 270200.2694154132,
    "min_us": 9.477,
    "p50_us": 171.007,
    "p99_us": 459.263,
    "p999_us": 616.447,
    "nil_replies": 0,
    "err_replies": 0,
    "hit_ratio": 1,
    "value_ops_per_sec": 270200.2694154132,
    "bytes_per_sec": 288516980.2255524,
    "resp_ver": 2,
    "used_memory": 951634976,
    "bytes_per_key": 951.634976,
    "distinct_keys_est": 884934,
    "key_draws": 2161654
  },
  "redis": {
    "target": "redis",
    "version": "redis 8.8.0",
    "workload": "set",
    "skipped": false,
    "ops": 2516567,
    "errors": 0,
    "ops_per_sec": 314564.3534518242,
    "min_us": 10.45,
    "p50_us": 152.831,
    "p99_us": 393.215,
    "p999_us": 572.927,
    "nil_replies": 0,
    "err_replies": 0,
    "hit_ratio": 1,
    "value_ops_per_sec": 314564.3534518242,
    "bytes_per_sec": 335888529.3590093,
    "resp_ver": 2,
    "used_memory": 1220752560,
    "bytes_per_key": 1220.75256,
    "distinct_keys_est": 919243,
    "key_draws": 2516567,
    "maxmemory_policy": "noeviction"
  },
  "valkey": {
    "target": "valkey",
    "version": "valkey 9.1.0",
    "workload": "set",
    "skipped": false,
    "ops": 4513318,
    "errors": 0,
    "ops_per_sec": 564151.7829007511,
    "min_us": 6.447,
    "p50_us": 61.151,
    "p99_us": 338.431,
    "p999_us": 562.687,
    "nil_replies": 0,
    "err_replies": 0,
    "hit_ratio": 1,
    "value_ops_per_sec": 564151.7829007511,
    "bytes_per_sec": 602395248.9949025,
    "resp_ver": 2,
    "used_memory": 1316824368,
    "bytes_per_key": 1316.824368,
    "distinct_keys_est": 989171,
    "key_draws": 4513318,
    "maxmemory_policy": "noeviction"
  },
  "gate": {
    "pass": false,
    "reason": "aki is 0.86x Redis, below the 2.0x bar",
    "required_speedup": 2,
    "speedup_vs_redis": 0.858966588077802,
    "speedup_vs_valkey": 0.47894959761732847,
    "tail_regressed_vs_redis": true,
    "tail_regressed_vs_valkey": true
  },
  "generator_bound": false
}
