{
  "workload": "set",
  "cell": {
    "keyspace": 1000000,
    "value_size": 1024,
    "dist": "uniform",
    "pipeline": 1,
    "connections": 512
  },
  "timestamp": "2026-07-10T21:37:15.719038179Z",
  "aki": {
    "target": "aki",
    "version": "unknown",
    "workload": "set",
    "skipped": false,
    "ops": 5884670,
    "errors": 0,
    "ops_per_sec": 735527.439030618,
    "min_us": 8.126,
    "p50_us": 575.487,
    "p99_us": 2738.175,
    "p999_us": 5214.207,
    "nil_replies": 0,
    "err_replies": 0,
    "hit_ratio": 1,
    "value_ops_per_sec": 735527.439030618,
    "bytes_per_sec": 785388324.6247756,
    "resp_ver": 2,
    "used_memory": 1070520768,
    "bytes_per_key": 1070.520768,
    "distinct_keys_est": 997234,
    "key_draws": 5884670
  },
  "redis": {
    "target": "redis",
    "version": "redis 8.8.0",
    "workload": "set",
    "skipped": false,
    "ops": 7565775,
    "errors": 0,
    "ops_per_sec": 945642.5322817927,
    "min_us": 31.002,
    "p50_us": 520.703,
    "p99_us": 1035.775,
    "p999_us": 1606.655,
    "nil_replies": 0,
    "err_replies": 0,
    "hit_ratio": 1,
    "value_ops_per_sec": 945642.5322817927,
    "bytes_per_sec": 1009746690.0935878,
    "resp_ver": 2,
    "used_memory": 1326817712,
    "bytes_per_key": 1326.817712,
    "distinct_keys_est": 999500,
    "key_draws": 7565775,
    "maxmemory_policy": "noeviction"
  },
  "valkey": {
    "target": "valkey",
    "version": "valkey 9.1.0",
    "workload": "set",
    "skipped": false,
    "ops": 6840564,
    "errors": 0,
    "ops_per_sec": 854965.184319889,
    "min_us": 17.491,
    "p50_us": 582.655,
    "p99_us": 1030.143,
    "p999_us": 1393.663,
    "nil_replies": 0,
    "err_replies": 0,
    "hit_ratio": 1,
    "value_ops_per_sec": 854965.184319889,
    "bytes_per_sec": 912922520.1878101,
    "resp_ver": 2,
    "used_memory": 1329624176,
    "bytes_per_key": 1329.624176,
    "distinct_keys_est": 998907,
    "key_draws": 6840564,
    "maxmemory_policy": "noeviction"
  },
  "gate": {
    "pass": false,
    "reason": "aki is 0.78x Redis, below the 2.0x bar",
    "required_speedup": 2,
    "speedup_vs_redis": 0.7778070612537102,
    "speedup_vs_valkey": 0.8603010421011684,
    "tail_regressed_vs_redis": true,
    "tail_regressed_vs_valkey": true
  },
  "generator_bound": false
}
