{
  "workload": "set",
  "cell": {
    "keyspace": 1000000,
    "value_size": 64,
    "dist": "uniform",
    "pipeline": 16,
    "connections": 512
  },
  "timestamp": "2026-07-10T20:29:59.745069323Z",
  "aki": {
    "target": "aki",
    "version": "unknown",
    "workload": "set",
    "skipped": false,
    "ops": 51978464,
    "errors": 0,
    "ops_per_sec": 6496764.755960923,
    "min_us": 24.103,
    "p50_us": 1212.415,
    "p99_us": 2721.791,
    "p999_us": 5099.519,
    "nil_replies": 0,
    "err_replies": 0,
    "hit_ratio": 1,
    "value_ops_per_sec": 6496764.755960923,
    "bytes_per_sec": 687285242.590317,
    "resp_ver": 2,
    "used_memory": 113449984,
    "bytes_per_key": 113.449984,
    "distinct_keys_est": 1000000,
    "key_draws": 51978464
  },
  "redis": {
    "target": "redis",
    "version": "redis 8.8.0",
    "workload": "set",
    "skipped": false,
    "ops": 29911616,
    "errors": 0,
    "ops_per_sec": 3737963.979491959,
    "min_us": 100.132,
    "p50_us": 2177.023,
    "p99_us": 3004.415,
    "p999_us": 4866.047,
    "nil_replies": 0,
    "err_replies": 0,
    "hit_ratio": 1,
    "value_ops_per_sec": 3737963.979491959,
    "bytes_per_sec": 395434521.4245798,
    "resp_ver": 2,
    "used_memory": 127478448,
    "bytes_per_key": 127.478448,
    "distinct_keys_est": 1000000,
    "key_draws": 29911616,
    "maxmemory_policy": "noeviction"
  },
  "valkey": {
    "target": "valkey",
    "version": "valkey 9.1.0",
    "workload": "set",
    "skipped": false,
    "ops": 23329552,
    "errors": 0,
    "ops_per_sec": 2915171.5374721005,
    "min_us": 40.548,
    "p50_us": 2787.327,
    "p99_us": 3424.255,
    "p999_us": 4251.647,
    "nil_replies": 0,
    "err_replies": 0,
    "hit_ratio": 1,
    "value_ops_per_sec": 2915171.5374721005,
    "bytes_per_sec": 308392123.6726802,
    "resp_ver": 2,
    "used_memory": 115069088,
    "bytes_per_key": 115.069088,
    "distinct_keys_est": 1000000,
    "key_draws": 23329552,
    "maxmemory_policy": "noeviction"
  },
  "gate": {
    "pass": false,
    "reason": "aki is 1.74x Redis, below the 2.0x bar",
    "required_speedup": 2,
    "speedup_vs_redis": 1.7380490533362292,
    "speedup_vs_valkey": 2.228604619814109,
    "tail_regressed_vs_redis": false,
    "tail_regressed_vs_valkey": false
  },
  "generator_bound": false
}
