{
  "workload": "set",
  "cell": {
    "keyspace": 1000000,
    "value_size": 1024,
    "dist": "uniform",
    "pipeline": 1,
    "connections": 50
  },
  "timestamp": "2026-07-10T22:03:19.374093034Z",
  "aki": {
    "target": "aki",
    "version": "unknown",
    "workload": "set",
    "skipped": false,
    "ops": 2158719,
    "errors": 0,
    "ops_per_sec": 269833.6301728385,
    "min_us": 8.477,
    "p50_us": 170.879,
    "p99_us": 464.895,
    "p999_us": 619.007,
    "nil_replies": 0,
    "err_replies": 0,
    "hit_ratio": 1,
    "value_ops_per_sec": 269833.6301728385,
    "bytes_per_sec": 288125474.96510154,
    "resp_ver": 2,
    "used_memory": 951285744,
    "bytes_per_key": 951.285744,
    "distinct_keys_est": 884604,
    "key_draws": 2158719
  },
  "redis": {
    "target": "redis",
    "version": "redis 8.8.0",
    "workload": "set",
    "skipped": false,
    "ops": 2530162,
    "errors": 0,
    "ops_per_sec": 316264.86412796326,
    "min_us": 9.963,
    "p50_us": 151.935,
    "p99_us": 387.583,
    "p999_us": 570.879,
    "nil_replies": 0,
    "err_replies": 0,
    "hit_ratio": 1,
    "value_ops_per_sec": 316264.86412796326,
    "bytes_per_sec": 337704312.39719903,
    "resp_ver": 2,
    "used_memory": 1222196024,
    "bytes_per_key": 1222.196024,
    "distinct_keys_est": 920335,
    "key_draws": 2530162,
    "maxmemory_policy": "noeviction"
  },
  "valkey": {
    "target": "valkey",
    "version": "valkey 9.1.0",
    "workload": "set",
    "skipped": false,
    "ops": 4502586,
    "errors": 0,
    "ops_per_sec": 562815.8944183718,
    "min_us": 6.277,
    "p50_us": 61.215,
    "p99_us": 339.711,
    "p999_us": 540.671,
    "nil_replies": 0,
    "err_replies": 0,
    "hit_ratio": 1,
    "value_ops_per_sec": 562815.8944183718,
    "bytes_per_sec": 600968802.7884742,
    "resp_ver": 2,
    "used_memory": 1316650928,
    "bytes_per_key": 1316.650928,
    "distinct_keys_est": 989039,
    "key_draws": 4502586,
    "maxmemory_policy": "noeviction"
  },
  "gate": {
    "pass": false,
    "reason": "aki is 0.85x Redis, below the 2.0x bar",
    "required_speedup": 2,
    "speedup_vs_redis": 0.8531887692199084,
    "speedup_vs_valkey": 0.47943498548791236,
    "tail_regressed_vs_redis": true,
    "tail_regressed_vs_valkey": true
  },
  "generator_bound": false
}
