{
  "workload": "set",
  "cell": {
    "keyspace": 1000000,
    "value_size": 64,
    "dist": "uniform",
    "pipeline": 16,
    "connections": 512
  },
  "timestamp": "2026-07-10T20:32:15.417338011Z",
  "aki": {
    "target": "aki",
    "version": "unknown",
    "workload": "set",
    "skipped": false,
    "ops": 47638032,
    "errors": 0,
    "ops_per_sec": 5954051.683135408,
    "min_us": 23.626,
    "p50_us": 1324.031,
    "p99_us": 2883.583,
    "p999_us": 5021.695,
    "nil_replies": 0,
    "err_replies": 0,
    "hit_ratio": 1,
    "value_ops_per_sec": 5954051.683135408,
    "bytes_per_sec": 629872449.6865907,
    "resp_ver": 2,
    "used_memory": 113449984,
    "bytes_per_key": 113.449984,
    "distinct_keys_est": 1000000,
    "key_draws": 47638032
  },
  "redis": {
    "target": "redis",
    "version": "redis 8.8.0",
    "workload": "set",
    "skipped": false,
    "ops": 29442288,
    "errors": 0,
    "ops_per_sec": 3679291.2695718273,
    "min_us": 60.306,
    "p50_us": 2209.791,
    "p99_us": 2975.743,
    "p999_us": 4464.639,
    "nil_replies": 0,
    "err_replies": 0,
    "hit_ratio": 1,
    "value_ops_per_sec": 3679291.2695718273,
    "bytes_per_sec": 389227508.742657,
    "resp_ver": 2,
    "used_memory": 127479056,
    "bytes_per_key": 127.479056,
    "distinct_keys_est": 1000000,
    "key_draws": 29442288,
    "maxmemory_policy": "noeviction"
  },
  "valkey": {
    "target": "valkey",
    "version": "valkey 9.1.0",
    "workload": "set",
    "skipped": false,
    "ops": 23301984,
    "errors": 0,
    "ops_per_sec": 2911720.5728264283,
    "min_us": 31.71,
    "p50_us": 2795.519,
    "p99_us": 3303.423,
    "p999_us": 4284.415,
    "nil_replies": 0,
    "err_replies": 0,
    "hit_ratio": 1,
    "value_ops_per_sec": 2911720.5728264283,
    "bytes_per_sec": 308027030.2266379,
    "resp_ver": 2,
    "used_memory": 115069088,
    "bytes_per_key": 115.069088,
    "distinct_keys_est": 1000000,
    "key_draws": 23301984,
    "maxmemory_policy": "noeviction"
  },
  "gate": {
    "pass": false,
    "reason": "aki is 1.62x Redis, below the 2.0x bar",
    "required_speedup": 2,
    "speedup_vs_redis": 1.6182604873868285,
    "speedup_vs_valkey": 2.0448568240721556,
    "tail_regressed_vs_redis": false,
    "tail_regressed_vs_valkey": false
  },
  "generator_bound": false
}
