{
  "workload": "set",
  "cell": {
    "keyspace": 1000000,
    "value_size": 1024,
    "dist": "uniform",
    "pipeline": 1,
    "connections": 512
  },
  "timestamp": "2026-07-10T21:36:07.767022515Z",
  "aki": {
    "target": "aki",
    "version": "unknown",
    "workload": "set",
    "skipped": false,
    "ops": 6466732,
    "errors": 0,
    "ops_per_sec": 808263.3937700419,
    "min_us": 8.543,
    "p50_us": 531.455,
    "p99_us": 2469.887,
    "p999_us": 5283.839,
    "nil_replies": 0,
    "err_replies": 0,
    "hit_ratio": 1,
    "value_ops_per_sec": 808263.3937700419,
    "bytes_per_sec": 863054898.3885398,
    "resp_ver": 2,
    "used_memory": 1071787944,
    "bytes_per_key": 1071.787944,
    "distinct_keys_est": 998430,
    "key_draws": 6466732
  },
  "redis": {
    "target": "redis",
    "version": "redis 8.8.0",
    "workload": "set",
    "skipped": false,
    "ops": 7642652,
    "errors": 0,
    "ops_per_sec": 955281.921107115,
    "min_us": 19.391,
    "p50_us": 515.327,
    "p99_us": 1017.855,
    "p999_us": 1468.415,
    "nil_replies": 0,
    "err_replies": 0,
    "hit_ratio": 1,
    "value_ops_per_sec": 955281.921107115,
    "bytes_per_sec": 1020039521.2038593,
    "resp_ver": 2,
    "used_memory": 1326862400,
    "bytes_per_key": 1326.8624,
    "distinct_keys_est": 999534,
    "key_draws": 7642652,
    "maxmemory_policy": "noeviction"
  },
  "valkey": {
    "target": "valkey",
    "version": "valkey 9.1.0",
    "workload": "set",
    "skipped": false,
    "ops": 6768396,
    "errors": 0,
    "ops_per_sec": 845963.5812950474,
    "min_us": 9.326,
    "p50_us": 587.263,
    "p99_us": 1045.503,
    "p999_us": 1485.823,
    "nil_replies": 0,
    "err_replies": 0,
    "hit_ratio": 1,
    "value_ops_per_sec": 845963.5812950474,
    "bytes_per_sec": 903310735.8138247,
    "resp_ver": 2,
    "used_memory": 1329517776,
    "bytes_per_key": 1329.517776,
    "distinct_keys_est": 998826,
    "key_draws": 6768396,
    "maxmemory_policy": "noeviction"
  },
  "gate": {
    "pass": false,
    "reason": "aki is 0.85x Redis, below the 2.0x bar",
    "required_speedup": 2,
    "speedup_vs_redis": 0.8460993303770604,
    "speedup_vs_valkey": 0.9554352121550055,
    "tail_regressed_vs_redis": true,
    "tail_regressed_vs_valkey": true
  },
  "generator_bound": false
}
