{
  "workload": "set",
  "cell": {
    "keyspace": 1000000,
    "value_size": 1024,
    "dist": "uniform",
    "pipeline": 16,
    "connections": 512
  },
  "timestamp": "2026-07-10T20:44:55.424855887Z",
  "aki": {
    "target": "aki",
    "version": "unknown",
    "workload": "set",
    "skipped": false,
    "ops": 33082304,
    "errors": 0,
    "ops_per_sec": 4134724.757456728,
    "min_us": 36.445,
    "p50_us": 1794.047,
    "p99_us": 3817.471,
    "p999_us": 5165.055,
    "nil_replies": 0,
    "err_replies": 0,
    "hit_ratio": 1,
    "value_ops_per_sec": 4134724.757456728,
    "bytes_per_sec": 4415012888.531793,
    "resp_ver": 2,
    "used_memory": 1073449984,
    "bytes_per_key": 1073.449984,
    "distinct_keys_est": 1000000,
    "key_draws": 33082304
  },
  "redis": {
    "target": "redis",
    "version": "redis 8.8.0",
    "workload": "set",
    "skipped": false,
    "ops": 24710800,
    "errors": 0,
    "ops_per_sec": 3088004.2296095565,
    "min_us": 55.633,
    "p50_us": 2625.535,
    "p99_us": 3940.351,
    "p999_us": 11665.407,
    "nil_replies": 0,
    "err_replies": 0,
    "hit_ratio": 1,
    "value_ops_per_sec": 3088004.2296095565,
    "bytes_per_sec": 3297335816.490557,
    "resp_ver": 2,
    "used_memory": 1327482176,
    "bytes_per_key": 1327.482176,
    "distinct_keys_est": 1000000,
    "key_draws": 24710800,
    "maxmemory_policy": "noeviction"
  },
  "valkey": {
    "target": "valkey",
    "version": "valkey 9.1.0",
    "workload": "set",
    "skipped": false,
    "ops": 16669824,
    "errors": 0,
    "ops_per_sec": 2082675.0205966712,
    "min_us": 42.683,
    "p50_us": 3909.631,
    "p99_us": 4427.775,
    "p999_us": 5775.359,
    "nil_replies": 0,
    "err_replies": 0,
    "hit_ratio": 1,
    "value_ops_per_sec": 2082675.0205966712,
    "bytes_per_sec": 2223856898.968433,
    "resp_ver": 2,
    "used_memory": 1331070352,
    "bytes_per_key": 1331.070352,
    "distinct_keys_est": 1000000,
    "key_draws": 16669824,
    "maxmemory_policy": "noeviction"
  },
  "gate": {
    "pass": false,
    "reason": "aki is 1.34x Redis, below the 2.0x bar",
    "required_speedup": 2,
    "speedup_vs_redis": 1.3389634372293322,
    "speedup_vs_valkey": 1.9852952172404503,
    "tail_regressed_vs_redis": false,
    "tail_regressed_vs_valkey": false
  },
  "generator_bound": false
}
