{
  "workload": "set",
  "cell": {
    "keyspace": 1000000,
    "value_size": 1024,
    "dist": "uniform",
    "pipeline": 16,
    "connections": 50
  },
  "timestamp": "2026-07-10T21:10:09.389623989Z",
  "aki": {
    "target": "aki",
    "version": "unknown",
    "workload": "set",
    "skipped": false,
    "ops": 21677984,
    "errors": 0,
    "ops_per_sec": 2709658.8613685593,
    "min_us": 17.662,
    "p50_us": 263.935,
    "p99_us": 662.015,
    "p999_us": 946.175,
    "nil_replies": 0,
    "err_replies": 0,
    "hit_ratio": 1,
    "value_ops_per_sec": 2709658.8613685593,
    "bytes_per_sec": 2893343814.503538,
    "resp_ver": 2,
    "used_memory": 1073449984,
    "bytes_per_key": 1073.449984,
    "distinct_keys_est": 1000000,
    "key_draws": 21677984
  },
  "redis": {
    "target": "redis",
    "version": "redis 8.8.0",
    "workload": "set",
    "skipped": false,
    "ops": 20671376,
    "errors": 0,
    "ops_per_sec": 2583834.3857287522,
    "min_us": 33.392,
    "p50_us": 291.839,
    "p99_us": 627.711,
    "p999_us": 834.559,
    "nil_replies": 0,
    "err_replies": 0,
    "hit_ratio": 1,
    "value_ops_per_sec": 2583834.3857287522,
    "bytes_per_sec": 2758989947.0695057,
    "resp_ver": 2,
    "used_memory": 1327474776,
    "bytes_per_key": 1327.474776,
    "distinct_keys_est": 1000000,
    "key_draws": 20671376,
    "maxmemory_policy": "noeviction"
  },
  "valkey": {
    "target": "valkey",
    "version": "valkey 9.1.0",
    "workload": "set",
    "skipped": false,
    "ops": 18401504,
    "errors": 0,
    "ops_per_sec": 2300073.6391886226,
    "min_us": 23.386,
    "p50_us": 334.591,
    "p99_us": 577.535,
    "p999_us": 834.559,
    "nil_replies": 0,
    "err_replies": 0,
    "hit_ratio": 1,
    "value_ops_per_sec": 2300073.6391886226,
    "bytes_per_sec": 2455993317.0342803,
    "resp_ver": 2,
    "used_memory": 1331064720,
    "bytes_per_key": 1331.06472,
    "distinct_keys_est": 1000000,
    "key_draws": 18401504,
    "maxmemory_policy": "noeviction"
  },
  "gate": {
    "pass": false,
    "reason": "aki is 1.05x Redis, below the 2.0x bar",
    "required_speedup": 2,
    "speedup_vs_redis": 1.04869680360892,
    "speedup_vs_valkey": 1.178074829953889,
    "tail_regressed_vs_redis": true,
    "tail_regressed_vs_valkey": true
  },
  "generator_bound": false
}
