{
  "workload": "set",
  "cell": {
    "keyspace": 1000000,
    "value_size": 1024,
    "dist": "uniform",
    "pipeline": 1,
    "connections": 50
  },
  "timestamp": "2026-07-10T22:02:11.888218348Z",
  "aki": {
    "target": "aki",
    "version": "unknown",
    "workload": "set",
    "skipped": false,
    "ops": 2617608,
    "errors": 0,
    "ops_per_sec": 327194.40126601316,
    "min_us": 6.86,
    "p50_us": 139.263,
    "p99_us": 473.855,
    "p999_us": 686.079,
    "nil_replies": 0,
    "err_replies": 0,
    "hit_ratio": 1,
    "value_ops_per_sec": 327194.40126601316,
    "bytes_per_sec": 349374761.06583434,
    "resp_ver": 2,
    "used_memory": 996094256,
    "bytes_per_key": 996.094256,
    "distinct_keys_est": 926940,
    "key_draws": 2617608
  },
  "redis": {
    "target": "redis",
    "version": "redis 8.8.0",
    "workload": "set",
    "skipped": false,
    "ops": 2506295,
    "errors": 0,
    "ops_per_sec": 313274.95888207026,
    "min_us": 9.304,
    "p50_us": 153.983,
    "p99_us": 395.519,
    "p999_us": 572.927,
    "nil_replies": 0,
    "err_replies": 0,
    "hit_ratio": 1,
    "value_ops_per_sec": 313274.95888207026,
    "bytes_per_sec": 334511718.3441414,
    "resp_ver": 2,
    "used_memory": 1219665320,
    "bytes_per_key": 1219.66532,
    "distinct_keys_est": 918420,
    "key_draws": 2506295,
    "maxmemory_policy": "noeviction"
  },
  "valkey": {
    "target": "valkey",
    "version": "valkey 9.1.0",
    "workload": "set",
    "skipped": false,
    "ops": 4495165,
    "errors": 0,
    "ops_per_sec": 561894.3810360772,
    "min_us": 6.56,
    "p50_us": 61.343,
    "p99_us": 339.455,
    "p999_us": 568.319,
    "nil_replies": 0,
    "err_replies": 0,
    "hit_ratio": 1,
    "value_ops_per_sec": 561894.3810360772,
    "bytes_per_sec": 599984827.7085896,
    "resp_ver": 2,
    "used_memory": 1316536464,
    "bytes_per_key": 1316.536464,
    "distinct_keys_est": 988952,
    "key_draws": 4495165,
    "maxmemory_policy": "noeviction"
  },
  "gate": {
    "pass": false,
    "reason": "aki is 1.04x Redis, below the 2.0x bar",
    "required_speedup": 2,
    "speedup_vs_redis": 1.044432030040367,
    "speedup_vs_valkey": 0.5823058786647757,
    "tail_regressed_vs_redis": true,
    "tail_regressed_vs_valkey": true
  },
  "generator_bound": false
}
