{
  "workload": "set",
  "cell": {
    "keyspace": 1000000,
    "value_size": 1024,
    "dist": "uniform",
    "pipeline": 1,
    "connections": 512
  },
  "timestamp": "2026-07-10T21:40:05.670369177Z",
  "aki": {
    "target": "aki",
    "version": "unknown",
    "workload": "set",
    "skipped": false,
    "ops": 7624874,
    "errors": 0,
    "ops_per_sec": 953028.7998356047,
    "min_us": 24.453,
    "p50_us": 509.439,
    "p99_us": 1080.319,
    "p999_us": 1559.551,
    "nil_replies": 0,
    "err_replies": 0,
    "hit_ratio": 1,
    "value_ops_per_sec": 953028.7998356047,
    "bytes_per_sec": 1017633672.199153,
    "resp_ver": 2,
    "used_memory": 1072942128,
    "bytes_per_key": 1072.942128,
    "distinct_keys_est": 999520,
    "key_draws": 7624874
  },
  "redis": {
    "target": "redis",
    "version": "redis 8.8.0",
    "workload": "set",
    "skipped": false,
    "ops": 7603747,
    "errors": 0,
    "ops_per_sec": 950418.1697541941,
    "min_us": 27.474,
    "p50_us": 520.191,
    "p99_us": 1030.655,
    "p999_us": 1532.927,
    "nil_replies": 0,
    "err_replies": 0,
    "hit_ratio": 1,
    "value_ops_per_sec": 950418.1697541941,
    "bytes_per_sec": 1014846057.0163169,
    "resp_ver": 2,
    "used_memory": 1326835720,
    "bytes_per_key": 1326.83572,
    "distinct_keys_est": 999513,
    "key_draws": 7603747,
    "maxmemory_policy": "noeviction"
  },
  "valkey": {
    "target": "valkey",
    "version": "valkey 9.1.0",
    "workload": "set",
    "skipped": false,
    "ops": 6808638,
    "errors": 0,
    "ops_per_sec": 850983.3870878234,
    "min_us": 8.164,
    "p50_us": 584.191,
    "p99_us": 1029.119,
    "p999_us": 1410.047,
    "nil_replies": 0,
    "err_replies": 0,
    "hit_ratio": 1,
    "value_ops_per_sec": 850983.3870878234,
    "bytes_per_sec": 908670816.3541845,
    "resp_ver": 2,
    "used_memory": 1329571696,
    "bytes_per_key": 1329.571696,
    "distinct_keys_est": 998867,
    "key_draws": 6808638,
    "maxmemory_policy": "noeviction"
  },
  "gate": {
    "pass": false,
    "reason": "aki is 1.00x Redis, below the 2.0x bar",
    "required_speedup": 2,
    "speedup_vs_redis": 1.0027468225718852,
    "speedup_vs_valkey": 1.119914694336154,
    "tail_regressed_vs_redis": true,
    "tail_regressed_vs_valkey": true
  },
  "generator_bound": false
}
