{
  "workload": "set",
  "cell": {
    "keyspace": 1000000,
    "value_size": 1024,
    "dist": "uniform",
    "pipeline": 16,
    "connections": 50
  },
  "timestamp": "2026-07-10T21:09:01.874328184Z",
  "aki": {
    "target": "aki",
    "version": "unknown",
    "workload": "set",
    "skipped": false,
    "ops": 23020496,
    "errors": 0,
    "ops_per_sec": 2877460.982775691,
    "min_us": 19.174,
    "p50_us": 268.287,
    "p99_us": 603.135,
    "p999_us": 804.863,
    "nil_replies": 0,
    "err_replies": 0,
    "hit_ratio": 1,
    "value_ops_per_sec": 2877460.982775691,
    "bytes_per_sec": 3072521086.672536,
    "resp_ver": 2,
    "used_memory": 1073449984,
    "bytes_per_key": 1073.449984,
    "distinct_keys_est": 1000000,
    "key_draws": 23020496
  },
  "redis": {
    "target": "redis",
    "version": "redis 8.8.0",
    "workload": "set",
    "skipped": false,
    "ops": 21361856,
    "errors": 0,
    "ops_per_sec": 2670099.7252621856,
    "min_us": 25.702,
    "p50_us": 282.367,
    "p99_us": 597.503,
    "p999_us": 808.959,
    "nil_replies": 0,
    "err_replies": 0,
    "hit_ratio": 1,
    "value_ops_per_sec": 2670099.7252621856,
    "bytes_per_sec": 2851102956.74785,
    "resp_ver": 2,
    "used_memory": 1327474472,
    "bytes_per_key": 1327.474472,
    "distinct_keys_est": 1000000,
    "key_draws": 21361856,
    "maxmemory_policy": "noeviction"
  },
  "valkey": {
    "target": "valkey",
    "version": "valkey 9.1.0",
    "workload": "set",
    "skipped": false,
    "ops": 18714224,
    "errors": 0,
    "ops_per_sec": 2339185.1799624665,
    "min_us": 23.209,
    "p50_us": 329.983,
    "p99_us": 570.879,
    "p999_us": 790.527,
    "nil_replies": 0,
    "err_replies": 0,
    "hit_ratio": 1,
    "value_ops_per_sec": 2339185.1799624665,
    "bytes_per_sec": 2497756182.160814,
    "resp_ver": 2,
    "used_memory": 1331064720,
    "bytes_per_key": 1331.06472,
    "distinct_keys_est": 1000000,
    "key_draws": 18714224,
    "maxmemory_policy": "noeviction"
  },
  "gate": {
    "pass": false,
    "reason": "aki is 1.08x Redis, below the 2.0x bar",
    "required_speedup": 2,
    "speedup_vs_redis": 1.077660491685622,
    "speedup_vs_valkey": 1.2301125226955574,
    "tail_regressed_vs_redis": true,
    "tail_regressed_vs_valkey": true
  },
  "generator_bound": false
}
