{
  "workload": "set",
  "cell": {
    "keyspace": 1000000,
    "value_size": 64,
    "dist": "uniform",
    "pipeline": 16,
    "connections": 512
  },
  "timestamp": "2026-07-10T20:28:51.941837763Z",
  "aki": {
    "target": "aki",
    "version": "unknown",
    "workload": "set",
    "skipped": false,
    "ops": 49259184,
    "errors": 0,
    "ops_per_sec": 6156751.597262646,
    "min_us": 26.283,
    "p50_us": 1279.999,
    "p99_us": 2818.047,
    "p999_us": 4694.015,
    "nil_replies": 0,
    "err_replies": 0,
    "hit_ratio": 1,
    "value_ops_per_sec": 6156751.597262646,
    "bytes_per_sec": 651315748.0397121,
    "resp_ver": 2,
    "used_memory": 113449984,
    "bytes_per_key": 113.449984,
    "distinct_keys_est": 1000000,
    "key_draws": 49259184
  },
  "redis": {
    "target": "redis",
    "version": "redis 8.8.0",
    "workload": "set",
    "skipped": false,
    "ops": 29758064,
    "errors": 0,
    "ops_per_sec": 3718803.580682279,
    "min_us": 93.343,
    "p50_us": 2191.359,
    "p99_us": 2957.311,
    "p999_us": 4206.591,
    "nil_replies": 0,
    "err_replies": 0,
    "hit_ratio": 1,
    "value_ops_per_sec": 3718803.580682279,
    "bytes_per_sec": 393407540.18421024,
    "resp_ver": 2,
    "used_memory": 127478144,
    "bytes_per_key": 127.478144,
    "distinct_keys_est": 1000000,
    "key_draws": 29758064,
    "maxmemory_policy": "noeviction"
  },
  "valkey": {
    "target": "valkey",
    "version": "valkey 9.1.0",
    "workload": "set",
    "skipped": false,
    "ops": 23256448,
    "errors": 0,
    "ops_per_sec": 2906142.350257607,
    "min_us": 41.969,
    "p50_us": 2793.471,
    "p99_us": 3383.295,
    "p999_us": 4349.951,
    "nil_replies": 0,
    "err_replies": 0,
    "hit_ratio": 1,
    "value_ops_per_sec": 2906142.350257607,
    "bytes_per_sec": 307436898.34513605,
    "resp_ver": 2,
    "used_memory": 115069088,
    "bytes_per_key": 115.069088,
    "distinct_keys_est": 1000000,
    "key_draws": 23256448,
    "maxmemory_policy": "noeviction"
  },
  "gate": {
    "pass": false,
    "reason": "aki is 1.66x Redis, below the 2.0x bar",
    "required_speedup": 2,
    "speedup_vs_redis": 1.6555732142575497,
    "speedup_vs_valkey": 2.118530634508285,
    "tail_regressed_vs_redis": false,
    "tail_regressed_vs_valkey": false
  },
  "generator_bound": false
}
