{
  "workload": "set",
  "cell": {
    "keyspace": 1000000,
    "value_size": 1024,
    "dist": "uniform",
    "pipeline": 1,
    "connections": 50
  },
  "timestamp": "2026-07-10T22:04:26.865855249Z",
  "aki": {
    "target": "aki",
    "version": "unknown",
    "workload": "set",
    "skipped": false,
    "ops": 2706048,
    "errors": 0,
    "ops_per_sec": 338248.16951259476,
    "min_us": 6.439,
    "p50_us": 134.143,
    "p99_us": 479.743,
    "p999_us": 696.831,
    "nil_replies": 0,
    "err_replies": 0,
    "hit_ratio": 1,
    "value_ops_per_sec": 338248.16951259476,
    "bytes_per_sec": 361177854.6875167,
    "resp_ver": 2,
    "used_memory": 1002599136,
    "bytes_per_key": 1002.599136,
    "distinct_keys_est": 933085,
    "key_draws": 2706048
  },
  "redis": {
    "target": "redis",
    "version": "redis 8.8.0",
    "workload": "set",
    "skipped": false,
    "ops": 2537913,
    "errors": 0,
    "ops_per_sec": 317231.4662393263,
    "min_us": 8.922,
    "p50_us": 151.295,
    "p99_us": 391.167,
    "p999_us": 560.639,
    "nil_replies": 0,
    "err_replies": 0,
    "hit_ratio": 1,
    "value_ops_per_sec": 317231.4662393263,
    "bytes_per_sec": 338736444.05539936,
    "resp_ver": 2,
    "used_memory": 1222954808,
    "bytes_per_key": 1222.954808,
    "distinct_keys_est": 920909,
    "key_draws": 2537913,
    "maxmemory_policy": "noeviction"
  },
  "valkey": {
    "target": "valkey",
    "version": "valkey 9.1.0",
    "workload": "set",
    "skipped": false,
    "ops": 4438637,
    "errors": 0,
    "ops_per_sec": 554814.3683677397,
    "min_us": 6.773,
    "p50_us": 62.943,
    "p99_us": 341.247,
    "p999_us": 560.127,
    "nil_replies": 0,
    "err_replies": 0,
    "hit_ratio": 1,
    "value_ops_per_sec": 554814.3683677397,
    "bytes_per_sec": 592424861.2558997,
    "resp_ver": 2,
    "used_memory": 1315655120,
    "bytes_per_key": 1315.65512,
    "distinct_keys_est": 988282,
    "key_draws": 4438637,
    "maxmemory_policy": "noeviction"
  },
  "gate": {
    "pass": false,
    "reason": "aki is 1.07x Redis, below the 2.0x bar",
    "required_speedup": 2,
    "speedup_vs_redis": 1.066250373969564,
    "speedup_vs_valkey": 0.6096600751485919,
    "tail_regressed_vs_redis": true,
    "tail_regressed_vs_valkey": true
  },
  "generator_bound": false
}
