{
  "workload": "set",
  "cell": {
    "keyspace": 1000000,
    "value_size": 64,
    "dist": "uniform",
    "pipeline": 1,
    "connections": 512
  },
  "timestamp": "2026-07-10T21:22:27.698240586Z",
  "aki": {
    "target": "aki",
    "version": "unknown",
    "workload": "set",
    "skipped": false,
    "ops": 6171849,
    "errors": 0,
    "ops_per_sec": 771401.8293275057,
    "min_us": 7.574,
    "p50_us": 562.175,
    "p99_us": 2586.623,
    "p999_us": 5513.215,
    "nil_replies": 0,
    "err_replies": 0,
    "hit_ratio": 1,
    "value_ops_per_sec": 771401.8293275057,
    "bytes_per_sec": 81605968.8756339,
    "resp_ver": 2,
    "used_memory": 113242600,
    "bytes_per_key": 113.2426,
    "distinct_keys_est": 997901,
    "key_draws": 6171849
  },
  "redis": {
    "target": "redis",
    "version": "redis 8.8.0",
    "workload": "set",
    "skipped": false,
    "ops": 8190027,
    "errors": 0,
    "ops_per_sec": 1023690.2258532702,
    "min_us": 30.269,
    "p50_us": 482.559,
    "p99_us": 962.559,
    "p999_us": 1504.255,
    "nil_replies": 0,
    "err_replies": 0,
    "hit_ratio": 1,
    "value_ops_per_sec": 1023690.2258532702,
    "bytes_per_sec": 108295077.27034712,
    "resp_ver": 2,
    "used_memory": 127454160,
    "bytes_per_key": 127.45416,
    "distinct_keys_est": 999732,
    "key_draws": 8190027,
    "maxmemory_policy": "noeviction"
  },
  "valkey": {
    "target": "valkey",
    "version": "valkey 9.1.0",
    "workload": "set",
    "skipped": false,
    "ops": 8022158,
    "errors": 0,
    "ops_per_sec": 1002705.1721521072,
    "min_us": 9.761,
    "p50_us": 497.407,
    "p99_us": 946.687,
    "p999_us": 1372.159,
    "nil_replies": 0,
    "err_replies": 0,
    "hit_ratio": 1,
    "value_ops_per_sec": 1002705.1721521072,
    "bytes_per_sec": 106075121.00268511,
    "resp_ver": 2,
    "used_memory": 115035808,
    "bytes_per_key": 115.035808,
    "distinct_keys_est": 999676,
    "key_draws": 8022158,
    "maxmemory_policy": "noeviction"
  },
  "gate": {
    "pass": false,
    "reason": "aki is 0.75x Redis, below the 2.0x bar",
    "required_speedup": 2,
    "speedup_vs_redis": 0.7535500582556837,
    "speedup_vs_valkey": 0.7693206844359295,
    "tail_regressed_vs_redis": true,
    "tail_regressed_vs_valkey": true
  },
  "generator_bound": false
}
