{
  "workload": "set",
  "cell": {
    "keyspace": 1000000,
    "value_size": 64,
    "dist": "uniform",
    "pipeline": 16,
    "connections": 512
  },
  "timestamp": "2026-07-10T20:31:07.558122526Z",
  "aki": {
    "target": "aki",
    "version": "unknown",
    "workload": "set",
    "skipped": false,
    "ops": 55700352,
    "errors": 0,
    "ops_per_sec": 6961823.252881364,
    "min_us": 38.696,
    "p50_us": 1065.983,
    "p99_us": 2607.103,
    "p999_us": 4020.223,
    "nil_replies": 0,
    "err_replies": 0,
    "hit_ratio": 1,
    "value_ops_per_sec": 6961823.252881364,
    "bytes_per_sec": 736483387.4796194,
    "resp_ver": 2,
    "used_memory": 113449984,
    "bytes_per_key": 113.449984,
    "distinct_keys_est": 1000000,
    "key_draws": 55700352
  },
  "redis": {
    "target": "redis",
    "version": "redis 8.8.0",
    "workload": "set",
    "skipped": false,
    "ops": 29406176,
    "errors": 0,
    "ops_per_sec": 3674795.188910354,
    "min_us": 59.374,
    "p50_us": 2213.887,
    "p99_us": 2846.719,
    "p999_us": 4403.199,
    "nil_replies": 0,
    "err_replies": 0,
    "hit_ratio": 1,
    "value_ops_per_sec": 3674795.188910354,
    "bytes_per_sec": 388751841.415214,
    "resp_ver": 2,
    "used_memory": 127478752,
    "bytes_per_key": 127.478752,
    "distinct_keys_est": 1000000,
    "key_draws": 29406176,
    "maxmemory_policy": "noeviction"
  },
  "valkey": {
    "target": "valkey",
    "version": "valkey 9.1.0",
    "workload": "set",
    "skipped": false,
    "ops": 23307552,
    "errors": 0,
    "ops_per_sec": 2912442.1275532823,
    "min_us": 30.539,
    "p50_us": 2787.327,
    "p99_us": 3385.343,
    "p999_us": 5017.599,
    "nil_replies": 0,
    "err_replies": 0,
    "hit_ratio": 1,
    "value_ops_per_sec": 2912442.1275532823,
    "bytes_per_sec": 308103384.4945053,
    "resp_ver": 2,
    "used_memory": 115069088,
    "bytes_per_key": 115.069088,
    "distinct_keys_est": 1000000,
    "key_draws": 23307552,
    "maxmemory_policy": "noeviction"
  },
  "gate": {
    "pass": false,
    "reason": "aki is 1.89x Redis, below the 2.0x bar",
    "required_speedup": 2,
    "speedup_vs_redis": 1.8944792553039331,
    "speedup_vs_valkey": 2.3903730779811005,
    "tail_regressed_vs_redis": false,
    "tail_regressed_vs_valkey": false
  },
  "generator_bound": false
}
