{
  "workload": "set",
  "cell": {
    "keyspace": 1000000,
    "value_size": 64,
    "dist": "uniform",
    "pipeline": 16,
    "connections": 50
  },
  "timestamp": "2026-07-10T20:55:16.013359948Z",
  "aki": {
    "target": "aki",
    "version": "unknown",
    "workload": "set",
    "skipped": false,
    "ops": 25198320,
    "errors": 0,
    "ops_per_sec": 3149723.7530414485,
    "min_us": 14.874,
    "p50_us": 245.247,
    "p99_us": 562.175,
    "p999_us": 744.959,
    "nil_replies": 0,
    "err_replies": 0,
    "hit_ratio": 1,
    "value_ops_per_sec": 3149723.7530414485,
    "bytes_per_sec": 333205907.30510384,
    "resp_ver": 2,
    "used_memory": 113449984,
    "bytes_per_key": 113.449984,
    "distinct_keys_est": 1000000,
    "key_draws": 25198320
  },
  "redis": {
    "target": "redis",
    "version": "redis 8.8.0",
    "workload": "set",
    "skipped": false,
    "ops": 23834480,
    "errors": 0,
    "ops_per_sec": 2979215.6869689976,
    "min_us": 19.126,
    "p50_us": 248.575,
    "p99_us": 544.255,
    "p999_us": 737.791,
    "nil_replies": 0,
    "err_replies": 0,
    "hit_ratio": 1,
    "value_ops_per_sec": 2979215.6869689976,
    "bytes_per_sec": 315168053.97491527,
    "resp_ver": 2,
    "used_memory": 127487992,
    "bytes_per_key": 127.487992,
    "distinct_keys_est": 1000000,
    "key_draws": 23834480,
    "maxmemory_policy": "noeviction"
  },
  "valkey": {
    "target": "valkey",
    "version": "valkey 9.1.0",
    "workload": "set",
    "skipped": false,
    "ops": 22909136,
    "errors": 0,
    "ops_per_sec": 2863536.9923087815,
    "min_us": 16.56,
    "p50_us": 269.823,
    "p99_us": 468.735,
    "p999_us": 675.327,
    "nil_replies": 0,
    "err_replies": 0,
    "hit_ratio": 1,
    "value_ops_per_sec": 2863536.9923087815,
    "bytes_per_sec": 302930665.96814734,
    "resp_ver": 2,
    "used_memory": 115063904,
    "bytes_per_key": 115.063904,
    "distinct_keys_est": 1000000,
    "key_draws": 22909136,
    "maxmemory_policy": "noeviction"
  },
  "gate": {
    "pass": false,
    "reason": "aki is 1.06x Redis, below the 2.0x bar",
    "required_speedup": 2,
    "speedup_vs_redis": 1.0572325349984724,
    "speedup_vs_valkey": 1.099941701993493,
    "tail_regressed_vs_redis": true,
    "tail_regressed_vs_valkey": true
  },
  "generator_bound": false
}
