{
  "workload": "set",
  "cell": {
    "keyspace": 1000000,
    "value_size": 1024,
    "dist": "uniform",
    "pipeline": 16,
    "connections": 50
  },
  "timestamp": "2026-07-10T21:11:50.692644989Z",
  "aki": {
    "target": "aki",
    "version": "unknown",
    "workload": "set",
    "skipped": false,
    "ops": 21810512,
    "errors": 0,
    "ops_per_sec": 2726242.52030658,
    "min_us": 17.146,
    "p50_us": 263.167,
    "p99_us": 655.871,
    "p999_us": 881.151,
    "nil_replies": 0,
    "err_replies": 0,
    "hit_ratio": 1,
    "value_ops_per_sec": 2726242.52030658,
    "bytes_per_sec": 2911051640.8981457,
    "resp_ver": 2,
    "used_memory": 1073449984,
    "bytes_per_key": 1073.449984,
    "distinct_keys_est": 1000000,
    "key_draws": 21810512
  },
  "redis": {
    "target": "redis",
    "version": "redis 8.8.0",
    "workload": "set",
    "skipped": false,
    "ops": 20636432,
    "errors": 0,
    "ops_per_sec": 2579425.2354146764,
    "min_us": 26.375,
    "p50_us": 292.095,
    "p99_us": 625.663,
    "p999_us": 842.239,
    "nil_replies": 0,
    "err_replies": 0,
    "hit_ratio": 1,
    "value_ops_per_sec": 2579425.2354146764,
    "bytes_per_sec": 2754281909.466365,
    "resp_ver": 2,
    "used_memory": 1327475232,
    "bytes_per_key": 1327.475232,
    "distinct_keys_est": 1000000,
    "key_draws": 20636432,
    "maxmemory_policy": "noeviction"
  },
  "valkey": {
    "target": "valkey",
    "version": "valkey 9.1.0",
    "workload": "set",
    "skipped": false,
    "ops": 18256224,
    "errors": 0,
    "ops_per_sec": 2281914.9065857935,
    "min_us": 23.708,
    "p50_us": 336.127,
    "p99_us": 586.239,
    "p999_us": 842.239,
    "nil_replies": 0,
    "err_replies": 0,
    "hit_ratio": 1,
    "value_ops_per_sec": 2281914.9065857935,
    "bytes_per_sec": 2436603651.4705806,
    "resp_ver": 2,
    "used_memory": 1331065072,
    "bytes_per_key": 1331.065072,
    "distinct_keys_est": 1000000,
    "key_draws": 18256224,
    "maxmemory_policy": "noeviction"
  },
  "gate": {
    "pass": false,
    "reason": "aki is 1.06x Redis, below the 2.0x bar",
    "required_speedup": 2,
    "speedup_vs_redis": 1.0569186045310208,
    "speedup_vs_valkey": 1.1947169951159968,
    "tail_regressed_vs_redis": true,
    "tail_regressed_vs_valkey": true
  },
  "generator_bound": false
}
