{
  "workload": "set",
  "cell": {
    "keyspace": 1000000,
    "value_size": 1024,
    "dist": "uniform",
    "pipeline": 1,
    "connections": 50
  },
  "timestamp": "2026-07-10T22:01:04.414439997Z",
  "aki": {
    "target": "aki",
    "version": "unknown",
    "workload": "set",
    "skipped": false,
    "ops": 2774695,
    "errors": 0,
    "ops_per_sec": 346829.39744489844,
    "min_us": 6.406,
    "p50_us": 131.007,
    "p99_us": 467.455,
    "p999_us": 689.663,
    "nil_replies": 0,
    "err_replies": 0,
    "hit_ratio": 1,
    "value_ops_per_sec": 346829.39744489844,
    "bytes_per_sec": 370340796.4200144,
    "resp_ver": 2,
    "used_memory": 1007224720,
    "bytes_per_key": 1007.22472,
    "distinct_keys_est": 937454,
    "key_draws": 2774695
  },
  "redis": {
    "target": "redis",
    "version": "redis 8.8.0",
    "workload": "set",
    "skipped": false,
    "ops": 2529057,
    "errors": 0,
    "ops_per_sec": 316125.4802004689,
    "min_us": 10.682,
    "p50_us": 152.447,
    "p99_us": 385.279,
    "p999_us": 564.735,
    "nil_replies": 0,
    "err_replies": 0,
    "hit_ratio": 1,
    "value_ops_per_sec": 316125.4802004689,
    "bytes_per_sec": 337555470.00279826,
    "resp_ver": 2,
    "used_memory": 1222069784,
    "bytes_per_key": 1222.069784,
    "distinct_keys_est": 920240,
    "key_draws": 2529057,
    "maxmemory_policy": "noeviction"
  },
  "valkey": {
    "target": "valkey",
    "version": "valkey 9.1.0",
    "workload": "set",
    "skipped": false,
    "ops": 4468892,
    "errors": 0,
    "ops_per_sec": 558599.5392666652,
    "min_us": 6.414,
    "p50_us": 62.303,
    "p99_us": 338.431,
    "p999_us": 548.351,
    "nil_replies": 0,
    "err_replies": 0,
    "hit_ratio": 1,
    "value_ops_per_sec": 558599.5392666652,
    "bytes_per_sec": 596466641.7062678,
    "resp_ver": 2,
    "used_memory": 1316111216,
    "bytes_per_key": 1316.111216,
    "distinct_keys_est": 988629,
    "key_draws": 4468892,
    "maxmemory_policy": "noeviction"
  },
  "gate": {
    "pass": false,
    "reason": "aki is 1.10x Redis, below the 2.0x bar",
    "required_speedup": 2,
    "speedup_vs_redis": 1.0971257274957995,
    "speedup_vs_valkey": 0.6208909479234791,
    "tail_regressed_vs_redis": true,
    "tail_regressed_vs_valkey": true
  },
  "generator_bound": false
}
