{
  "workload": "set",
  "cell": {
    "keyspace": 1000000,
    "value_size": 64,
    "dist": "uniform",
    "pipeline": 1,
    "connections": 512
  },
  "timestamp": "2026-07-10T21:21:53.800994115Z",
  "aki": {
    "target": "aki",
    "version": "unknown",
    "workload": "set",
    "skipped": false,
    "ops": 7738726,
    "errors": 0,
    "ops_per_sec": 967297.0259980067,
    "min_us": 9.434,
    "p50_us": 465.663,
    "p99_us": 1616.895,
    "p999_us": 2545.663,
    "nil_replies": 0,
    "err_replies": 0,
    "hit_ratio": 1,
    "value_ops_per_sec": 967297.0259980067,
    "bytes_per_sec": 102329392.98119612,
    "resp_ver": 2,
    "used_memory": 113407272,
    "bytes_per_key": 113.407272,
    "distinct_keys_est": 999564,
    "key_draws": 7738726
  },
  "redis": {
    "target": "redis",
    "version": "redis 8.8.0",
    "workload": "set",
    "skipped": false,
    "ops": 8316333,
    "errors": 0,
    "ops_per_sec": 1039496.3570126448,
    "min_us": 25.154,
    "p50_us": 477.439,
    "p99_us": 906.751,
    "p999_us": 1229.823,
    "nil_replies": 0,
    "err_replies": 0,
    "hit_ratio": 1,
    "value_ops_per_sec": 1039496.3570126448,
    "bytes_per_sec": 109967162.15002269,
    "resp_ver": 2,
    "used_memory": 127459416,
    "bytes_per_key": 127.459416,
    "distinct_keys_est": 999776,
    "key_draws": 8316333,
    "maxmemory_policy": "noeviction"
  },
  "valkey": {
    "target": "valkey",
    "version": "valkey 9.1.0",
    "workload": "set",
    "skipped": false,
    "ops": 8000833,
    "errors": 0,
    "ops_per_sec": 1000029.0276951616,
    "min_us": 7.636,
    "p50_us": 499.711,
    "p99_us": 937.983,
    "p999_us": 1356.799,
    "nil_replies": 0,
    "err_replies": 0,
    "hit_ratio": 1,
    "value_ops_per_sec": 1000029.0276951616,
    "bytes_per_sec": 105792019.66005963,
    "resp_ver": 2,
    "used_memory": 115035008,
    "bytes_per_key": 115.035008,
    "distinct_keys_est": 999667,
    "key_draws": 8000833,
    "maxmemory_policy": "noeviction"
  },
  "gate": {
    "pass": false,
    "reason": "aki is 0.93x Redis, below the 2.0x bar",
    "required_speedup": 2,
    "speedup_vs_redis": 0.9305439306953148,
    "speedup_vs_valkey": 0.9672689484098329,
    "tail_regressed_vs_redis": true,
    "tail_regressed_vs_valkey": true
  },
  "generator_bound": false
}
