{
  "workload": "set",
  "cell": {
    "keyspace": 1000000,
    "value_size": 1024,
    "dist": "uniform",
    "pipeline": 16,
    "connections": 512
  },
  "timestamp": "2026-07-10T20:46:37.411201713Z",
  "aki": {
    "target": "aki",
    "version": "unknown",
    "workload": "set",
    "skipped": false,
    "ops": 33164592,
    "errors": 0,
    "ops_per_sec": 4144914.9548953706,
    "min_us": 31.535,
    "p50_us": 1783.807,
    "p99_us": 3831.807,
    "p999_us": 5222.399,
    "nil_replies": 0,
    "err_replies": 0,
    "hit_ratio": 1,
    "value_ops_per_sec": 4144914.9548953706,
    "bytes_per_sec": 4425893870.376952,
    "resp_ver": 2,
    "used_memory": 1073449984,
    "bytes_per_key": 1073.449984,
    "distinct_keys_est": 1000000,
    "key_draws": 33164592
  },
  "redis": {
    "target": "redis",
    "version": "redis 8.8.0",
    "workload": "set",
    "skipped": false,
    "ops": 24683072,
    "errors": 0,
    "ops_per_sec": 3084505.5251151836,
    "min_us": 43.817,
    "p50_us": 2631.679,
    "p99_us": 3993.599,
    "p999_us": 6369.279,
    "nil_replies": 0,
    "err_replies": 0,
    "hit_ratio": 1,
    "value_ops_per_sec": 3084505.5251151836,
    "bytes_per_sec": 3293599925.007358,
    "resp_ver": 2,
    "used_memory": 1327483000,
    "bytes_per_key": 1327.483,
    "distinct_keys_est": 1000000,
    "key_draws": 24683072,
    "maxmemory_policy": "noeviction"
  },
  "valkey": {
    "target": "valkey",
    "version": "valkey 9.1.0",
    "workload": "set",
    "skipped": false,
    "ops": 16554272,
    "errors": 0,
    "ops_per_sec": 2068220.700592429,
    "min_us": 73.331,
    "p50_us": 3923.967,
    "p99_us": 4714.495,
    "p999_us": 6864.895,
    "nil_replies": 0,
    "err_replies": 0,
    "hit_ratio": 1,
    "value_ops_per_sec": 2068220.700592429,
    "bytes_per_sec": 2208422745.381051,
    "resp_ver": 2,
    "used_memory": 1331070352,
    "bytes_per_key": 1331.070352,
    "distinct_keys_est": 1000000,
    "key_draws": 16554272,
    "maxmemory_policy": "noeviction"
  },
  "gate": {
    "pass": false,
    "reason": "aki is 1.34x Redis, below the 2.0x bar",
    "required_speedup": 2,
    "speedup_vs_redis": 1.343785874638882,
    "speedup_vs_valkey": 2.0040970258677353,
    "tail_regressed_vs_redis": false,
    "tail_regressed_vs_valkey": false
  },
  "generator_bound": false
}
