{
  "workload": "set",
  "cell": {
    "keyspace": 1000000,
    "value_size": 64,
    "dist": "uniform",
    "pipeline": 1,
    "connections": 512
  },
  "timestamp": "2026-07-10T21:26:24.874431682Z",
  "aki": {
    "target": "aki",
    "version": "unknown",
    "workload": "set",
    "skipped": false,
    "ops": 8091491,
    "errors": 0,
    "ops_per_sec": 1011343.8841885054,
    "min_us": 30.772,
    "p50_us": 481.023,
    "p99_us": 1007.103,
    "p999_us": 1419.263,
    "nil_replies": 0,
    "err_replies": 0,
    "hit_ratio": 1,
    "value_ops_per_sec": 1011343.8841885054,
    "bytes_per_sec": 106988994.12039983,
    "resp_ver": 2,
    "used_memory": 113421104,
    "bytes_per_key": 113.421104,
    "distinct_keys_est": 999703,
    "key_draws": 8091491
  },
  "redis": {
    "target": "redis",
    "version": "redis 8.8.0",
    "workload": "set",
    "skipped": false,
    "ops": 8339097,
    "errors": 0,
    "ops_per_sec": 1042359.6343281842,
    "min_us": 28.546,
    "p50_us": 474.367,
    "p99_us": 952.831,
    "p999_us": 1414.143,
    "nil_replies": 0,
    "err_replies": 0,
    "hit_ratio": 1,
    "value_ops_per_sec": 1042359.6343281842,
    "bytes_per_sec": 110270075.417166,
    "resp_ver": 2,
    "used_memory": 127459928,
    "bytes_per_key": 127.459928,
    "distinct_keys_est": 999770,
    "key_draws": 8339097,
    "maxmemory_policy": "noeviction"
  },
  "valkey": {
    "target": "valkey",
    "version": "valkey 9.1.0",
    "workload": "set",
    "skipped": false,
    "ops": 8016880,
    "errors": 0,
    "ops_per_sec": 1002059.2584748138,
    "min_us": 9.542,
    "p50_us": 498.175,
    "p99_us": 943.103,
    "p999_us": 1377.279,
    "nil_replies": 0,
    "err_replies": 0,
    "hit_ratio": 1,
    "value_ops_per_sec": 1002059.2584748138,
    "bytes_per_sec": 106006788.23276256,
    "resp_ver": 2,
    "used_memory": 115035680,
    "bytes_per_key": 115.03568,
    "distinct_keys_est": 999674,
    "key_draws": 8016880,
    "maxmemory_policy": "noeviction"
  },
  "gate": {
    "pass": false,
    "reason": "aki is 0.97x Redis, below the 2.0x bar",
    "required_speedup": 2,
    "speedup_vs_redis": 0.9702446745650612,
    "speedup_vs_valkey": 1.0092655455604724,
    "tail_regressed_vs_redis": true,
    "tail_regressed_vs_valkey": true
  },
  "generator_bound": false
}
