{
  "workload": "set",
  "cell": {
    "keyspace": 1000000,
    "value_size": 1024,
    "dist": "uniform",
    "pipeline": 1,
    "connections": 512
  },
  "timestamp": "2026-07-10T21:37:49.705307974Z",
  "aki": {
    "target": "aki",
    "version": "unknown",
    "workload": "set",
    "skipped": false,
    "ops": 6402127,
    "errors": 0,
    "ops_per_sec": 800217.8716303438,
    "min_us": 7.8,
    "p50_us": 537.599,
    "p99_us": 2504.703,
    "p999_us": 5218.303,
    "nil_replies": 0,
    "err_replies": 0,
    "hit_ratio": 1,
    "value_ops_per_sec": 800217.8716303438,
    "bytes_per_sec": 854464008.1448873,
    "resp_ver": 2,
    "used_memory": 1071684144,
    "bytes_per_key": 1071.684144,
    "distinct_keys_est": 998332,
    "key_draws": 6402127
  },
  "redis": {
    "target": "redis",
    "version": "redis 8.8.0",
    "workload": "set",
    "skipped": false,
    "ops": 7537970,
    "errors": 0,
    "ops_per_sec": 942197.6083418211,
    "min_us": 27.385,
    "p50_us": 520.447,
    "p99_us": 1064.959,
    "p999_us": 1649.663,
    "nil_replies": 0,
    "err_replies": 0,
    "hit_ratio": 1,
    "value_ops_per_sec": 942197.6083418211,
    "bytes_per_sec": 1006068247.5971665,
    "resp_ver": 2,
    "used_memory": 1326790088,
    "bytes_per_key": 1326.790088,
    "distinct_keys_est": 999474,
    "key_draws": 7537970,
    "maxmemory_policy": "noeviction"
  },
  "valkey": {
    "target": "valkey",
    "version": "valkey 9.1.0",
    "workload": "set",
    "skipped": false,
    "ops": 6842452,
    "errors": 0,
    "ops_per_sec": 855261.7614710729,
    "min_us": 10.181,
    "p50_us": 582.143,
    "p99_us": 1030.143,
    "p999_us": 1476.607,
    "nil_replies": 0,
    "err_replies": 0,
    "hit_ratio": 1,
    "value_ops_per_sec": 855261.7614710729,
    "bytes_per_sec": 913239198.1858526,
    "resp_ver": 2,
    "used_memory": 1329626800,
    "bytes_per_key": 1329.6268,
    "distinct_keys_est": 998909,
    "key_draws": 6842452,
    "maxmemory_policy": "noeviction"
  },
  "gate": {
    "pass": false,
    "reason": "aki is 0.85x Redis, below the 2.0x bar",
    "required_speedup": 2,
    "speedup_vs_redis": 0.849310022171094,
    "speedup_vs_valkey": 0.9356408852582722,
    "tail_regressed_vs_redis": true,
    "tail_regressed_vs_valkey": true
  },
  "generator_bound": false
}
