{
  "workload": "set",
  "cell": {
    "keyspace": 1000000,
    "value_size": 1024,
    "dist": "uniform",
    "pipeline": 16,
    "connections": 512
  },
  "timestamp": "2026-07-10T20:42:39.43628642Z",
  "aki": {
    "target": "aki",
    "version": "unknown",
    "workload": "set",
    "skipped": false,
    "ops": 25867888,
    "errors": 0,
    "ops_per_sec": 3233037.8682169565,
    "min_us": 27.88,
    "p50_us": 2453.503,
    "p99_us": 5197.823,
    "p999_us": 7573.503,
    "nil_replies": 0,
    "err_replies": 0,
    "hit_ratio": 1,
    "value_ops_per_sec": 3233037.8682169565,
    "bytes_per_sec": 3452201195.335789,
    "resp_ver": 2,
    "used_memory": 1073449984,
    "bytes_per_key": 1073.449984,
    "distinct_keys_est": 1000000,
    "key_draws": 25867888
  },
  "redis": {
    "target": "redis",
    "version": "redis 8.8.0",
    "workload": "set",
    "skipped": false,
    "ops": 24976480,
    "errors": 0,
    "ops_per_sec": 3121205.598448426,
    "min_us": 109.357,
    "p50_us": 2603.007,
    "p99_us": 3958.783,
    "p999_us": 5148.671,
    "nil_replies": 0,
    "err_replies": 0,
    "hit_ratio": 1,
    "value_ops_per_sec": 3121205.598448426,
    "bytes_per_sec": 3332787912.845548,
    "resp_ver": 2,
    "used_memory": 1327481568,
    "bytes_per_key": 1327.481568,
    "distinct_keys_est": 1000000,
    "key_draws": 24976480,
    "maxmemory_policy": "noeviction"
  },
  "valkey": {
    "target": "valkey",
    "version": "valkey 9.1.0",
    "workload": "set",
    "skipped": false,
    "ops": 16684688,
    "errors": 0,
    "ops_per_sec": 2084621.341995147,
    "min_us": 62.463,
    "p50_us": 3899.391,
    "p99_us": 4612.095,
    "p999_us": 5644.287,
    "nil_replies": 0,
    "err_replies": 0,
    "hit_ratio": 1,
    "value_ops_per_sec": 2084621.341995147,
    "bytes_per_sec": 2225935156.3129,
    "resp_ver": 2,
    "used_memory": 1331070352,
    "bytes_per_key": 1331.070352,
    "distinct_keys_est": 1000000,
    "key_draws": 16684688,
    "maxmemory_policy": "noeviction"
  },
  "gate": {
    "pass": false,
    "reason": "aki is 1.04x Redis, below the 2.0x bar",
    "required_speedup": 2,
    "speedup_vs_redis": 1.035829831211415,
    "speedup_vs_valkey": 1.5508993422866353,
    "tail_regressed_vs_redis": true,
    "tail_regressed_vs_valkey": true
  },
  "generator_bound": false
}
