{
  "workload": "set",
  "cell": {
    "keyspace": 1000000,
    "value_size": 64,
    "dist": "uniform",
    "pipeline": 16,
    "connections": 512
  },
  "timestamp": "2026-07-10T20:29:25.845530844Z",
  "aki": {
    "target": "aki",
    "version": "unknown",
    "workload": "set",
    "skipped": false,
    "ops": 56187392,
    "errors": 0,
    "ops_per_sec": 7022143.4076952245,
    "min_us": 33.34,
    "p50_us": 1062.911,
    "p99_us": 2533.375,
    "p999_us": 4012.031,
    "nil_replies": 0,
    "err_replies": 0,
    "hit_ratio": 1,
    "value_ops_per_sec": 7022143.4076952245,
    "bytes_per_sec": 742864580.0937093,
    "resp_ver": 2,
    "used_memory": 113449984,
    "bytes_per_key": 113.449984,
    "distinct_keys_est": 1000000,
    "key_draws": 56187392
  },
  "redis": {
    "target": "redis",
    "version": "redis 8.8.0",
    "workload": "set",
    "skipped": false,
    "ops": 29812912,
    "errors": 0,
    "ops_per_sec": 3725490.566677461,
    "min_us": 68.894,
    "p50_us": 2185.215,
    "p99_us": 2994.175,
    "p999_us": 4599.807,
    "nil_replies": 0,
    "err_replies": 0,
    "hit_ratio": 1,
    "value_ops_per_sec": 3725490.566677461,
    "bytes_per_sec": 394114965.0256873,
    "resp_ver": 2,
    "used_memory": 127478296,
    "bytes_per_key": 127.478296,
    "distinct_keys_est": 1000000,
    "key_draws": 29812912,
    "maxmemory_policy": "noeviction"
  },
  "valkey": {
    "target": "valkey",
    "version": "valkey 9.1.0",
    "workload": "set",
    "skipped": false,
    "ops": 23132400,
    "errors": 0,
    "ops_per_sec": 2890557.5397149283,
    "min_us": 40.066,
    "p50_us": 2803.711,
    "p99_us": 3581.951,
    "p999_us": 4710.399,
    "nil_replies": 0,
    "err_replies": 0,
    "hit_ratio": 1,
    "value_ops_per_sec": 2890557.5397149283,
    "bytes_per_sec": 305788231.0736844,
    "resp_ver": 2,
    "used_memory": 115069088,
    "bytes_per_key": 115.069088,
    "distinct_keys_est": 1000000,
    "key_draws": 23132400,
    "maxmemory_policy": "noeviction"
  },
  "gate": {
    "pass": false,
    "reason": "aki is 1.88x Redis, below the 2.0x bar",
    "required_speedup": 2,
    "speedup_vs_redis": 1.8848909377209477,
    "speedup_vs_valkey": 2.429338738708436,
    "tail_regressed_vs_redis": false,
    "tail_regressed_vs_valkey": false
  },
  "generator_bound": false
}
