{
  "workload": "set",
  "cell": {
    "keyspace": 1000000,
    "value_size": 64,
    "dist": "uniform",
    "pipeline": 16,
    "connections": 512
  },
  "timestamp": "2026-07-10T20:30:33.656524955Z",
  "aki": {
    "target": "aki",
    "version": "unknown",
    "workload": "set",
    "skipped": false,
    "ops": 47960128,
    "errors": 0,
    "ops_per_sec": 5994399.050455327,
    "min_us": 26.771,
    "p50_us": 1315.839,
    "p99_us": 2859.007,
    "p999_us": 5038.079,
    "nil_replies": 0,
    "err_replies": 0,
    "hit_ratio": 1,
    "value_ops_per_sec": 5994399.050455327,
    "bytes_per_sec": 634140640.7361147,
    "resp_ver": 2,
    "used_memory": 113449984,
    "bytes_per_key": 113.449984,
    "distinct_keys_est": 1000000,
    "key_draws": 47960128
  },
  "redis": {
    "target": "redis",
    "version": "redis 8.8.0",
    "workload": "set",
    "skipped": false,
    "ops": 29600624,
    "errors": 0,
    "ops_per_sec": 3699018.8885890264,
    "min_us": 61.782,
    "p50_us": 2203.647,
    "p99_us": 2875.391,
    "p999_us": 4087.807,
    "nil_replies": 0,
    "err_replies": 0,
    "hit_ratio": 1,
    "value_ops_per_sec": 3699018.8885890264,
    "bytes_per_sec": 391314489.7048501,
    "resp_ver": 2,
    "used_memory": 127478600,
    "bytes_per_key": 127.4786,
    "distinct_keys_est": 1000000,
    "key_draws": 29600624,
    "maxmemory_policy": "noeviction"
  },
  "valkey": {
    "target": "valkey",
    "version": "valkey 9.1.0",
    "workload": "set",
    "skipped": false,
    "ops": 23223072,
    "errors": 0,
    "ops_per_sec": 2901813.8832224878,
    "min_us": 41.93,
    "p50_us": 2803.711,
    "p99_us": 3323.903,
    "p999_us": 4440.063,
    "nil_replies": 0,
    "err_replies": 0,
    "hit_ratio": 1,
    "value_ops_per_sec": 2901813.8832224878,
    "bytes_per_sec": 306978987.28559136,
    "resp_ver": 2,
    "used_memory": 115069088,
    "bytes_per_key": 115.069088,
    "distinct_keys_est": 1000000,
    "key_draws": 23223072,
    "maxmemory_policy": "noeviction"
  },
  "gate": {
    "pass": false,
    "reason": "aki is 1.62x Redis, below the 2.0x bar",
    "required_speedup": 2,
    "speedup_vs_redis": 1.6205375617159563,
    "speedup_vs_valkey": 2.0657420812248986,
    "tail_regressed_vs_redis": false,
    "tail_regressed_vs_valkey": false
  },
  "generator_bound": false
}
