{
  "workload": "set",
  "cell": {
    "keyspace": 1000000,
    "value_size": 64,
    "dist": "uniform",
    "pipeline": 16,
    "connections": 50
  },
  "timestamp": "2026-07-10T20:58:38.094156656Z",
  "aki": {
    "target": "aki",
    "version": "unknown",
    "workload": "set",
    "skipped": false,
    "ops": 24058320,
    "errors": 0,
    "ops_per_sec": 3007205.4903836073,
    "min_us": 13.304,
    "p50_us": 254.975,
    "p99_us": 598.527,
    "p999_us": 804.351,
    "nil_replies": 0,
    "err_replies": 0,
    "hit_ratio": 1,
    "value_ops_per_sec": 3007205.4903836073,
    "bytes_per_sec": 318129066.5676729,
    "resp_ver": 2,
    "used_memory": 113449984,
    "bytes_per_key": 113.449984,
    "distinct_keys_est": 1000000,
    "key_draws": 24058320
  },
  "redis": {
    "target": "redis",
    "version": "redis 8.8.0",
    "workload": "set",
    "skipped": false,
    "ops": 23439456,
    "errors": 0,
    "ops_per_sec": 2929822.763023192,
    "min_us": 20.254,
    "p50_us": 252.031,
    "p99_us": 557.055,
    "p999_us": 772.607,
    "nil_replies": 0,
    "err_replies": 0,
    "hit_ratio": 1,
    "value_ops_per_sec": 2929822.763023192,
    "bytes_per_sec": 309942816.9370419,
    "resp_ver": 2,
    "used_memory": 127488904,
    "bytes_per_key": 127.488904,
    "distinct_keys_est": 1000000,
    "key_draws": 23439456,
    "maxmemory_policy": "noeviction"
  },
  "valkey": {
    "target": "valkey",
    "version": "valkey 9.1.0",
    "workload": "set",
    "skipped": false,
    "ops": 22871040,
    "errors": 0,
    "ops_per_sec": 2858766.110331622,
    "min_us": 16.446,
    "p50_us": 270.079,
    "p99_us": 473.599,
    "p999_us": 668.159,
    "nil_replies": 0,
    "err_replies": 0,
    "hit_ratio": 1,
    "value_ops_per_sec": 2858766.110331622,
    "bytes_per_sec": 302425934.72879285,
    "resp_ver": 2,
    "used_memory": 115063904,
    "bytes_per_key": 115.063904,
    "distinct_keys_est": 1000000,
    "key_draws": 22871040,
    "maxmemory_policy": "noeviction"
  },
  "gate": {
    "pass": false,
    "reason": "aki is 1.03x Redis, below the 2.0x bar",
    "required_speedup": 2,
    "speedup_vs_redis": 1.0264120848322464,
    "speedup_vs_valkey": 1.0519242828280086,
    "tail_regressed_vs_redis": true,
    "tail_regressed_vs_valkey": true
  },
  "generator_bound": false
}
