{
  "workload": "set",
  "cell": {
    "keyspace": 1000000,
    "value_size": 64,
    "dist": "uniform",
    "pipeline": 1,
    "connections": 512
  },
  "timestamp": "2026-07-10T21:25:17.089691292Z",
  "aki": {
    "target": "aki",
    "version": "unknown",
    "workload": "set",
    "skipped": false,
    "ops": 6650827,
    "errors": 0,
    "ops_per_sec": 830994.2148337548,
    "min_us": 8.734,
    "p50_us": 514.047,
    "p99_us": 2357.247,
    "p999_us": 4898.815,
    "nil_replies": 0,
    "err_replies": 0,
    "hit_ratio": 1,
    "value_ops_per_sec": 830994.2148337548,
    "bytes_per_sec": 87910180.24757977,
    "resp_ver": 2,
    "used_memory": 113320368,
    "bytes_per_key": 113.320368,
    "distinct_keys_est": 998685,
    "key_draws": 6650827
  },
  "redis": {
    "target": "redis",
    "version": "redis 8.8.0",
    "workload": "set",
    "skipped": false,
    "ops": 8238727,
    "errors": 0,
    "ops_per_sec": 1029782.8836779656,
    "min_us": 25.108,
    "p50_us": 478.719,
    "p99_us": 971.775,
    "p999_us": 1432.575,
    "nil_replies": 0,
    "err_replies": 0,
    "hit_ratio": 1,
    "value_ops_per_sec": 1029782.8836779656,
    "bytes_per_sec": 108939605.66142933,
    "resp_ver": 2,
    "used_memory": 127457368,
    "bytes_per_key": 127.457368,
    "distinct_keys_est": 999752,
    "key_draws": 8238727,
    "maxmemory_policy": "noeviction"
  },
  "valkey": {
    "target": "valkey",
    "version": "valkey 9.1.0",
    "workload": "set",
    "skipped": false,
    "ops": 7963081,
    "errors": 0,
    "ops_per_sec": 995298.4463244943,
    "min_us": 10.015,
    "p50_us": 500.223,
    "p99_us": 937.471,
    "p999_us": 1390.591,
    "nil_replies": 0,
    "err_replies": 0,
    "hit_ratio": 1,
    "value_ops_per_sec": 995298.4463244943,
    "bytes_per_sec": 105291606.47641374,
    "resp_ver": 2,
    "used_memory": 115033696,
    "bytes_per_key": 115.033696,
    "distinct_keys_est": 999654,
    "key_draws": 7963081,
    "maxmemory_policy": "noeviction"
  },
  "gate": {
    "pass": false,
    "reason": "aki is 0.81x Redis, below the 2.0x bar",
    "required_speedup": 2,
    "speedup_vs_redis": 0.8069606011179575,
    "speedup_vs_valkey": 0.834919634309193,
    "tail_regressed_vs_redis": true,
    "tail_regressed_vs_valkey": true
  },
  "generator_bound": false
}
