{
  "workload": "set",
  "cell": {
    "keyspace": 1000000,
    "value_size": 64,
    "dist": "uniform",
    "pipeline": 1,
    "connections": 512
  },
  "timestamp": "2026-07-10T21:23:35.44656208Z",
  "aki": {
    "target": "aki",
    "version": "unknown",
    "workload": "set",
    "skipped": false,
    "ops": 6590882,
    "errors": 0,
    "ops_per_sec": 823799.972761943,
    "min_us": 8.784,
    "p50_us": 518.143,
    "p99_us": 2392.063,
    "p999_us": 4796.415,
    "nil_replies": 0,
    "err_replies": 0,
    "hit_ratio": 1,
    "value_ops_per_sec": 823799.972761943,
    "bytes_per_sec": 87149136.56946449,
    "resp_ver": 2,
    "used_memory": 113312016,
    "bytes_per_key": 113.312016,
    "distinct_keys_est": 998602,
    "key_draws": 6590882
  },
  "redis": {
    "target": "redis",
    "version": "redis 8.8.0",
    "workload": "set",
    "skipped": false,
    "ops": 8185556,
    "errors": 0,
    "ops_per_sec": 1023139.9324943029,
    "min_us": 24.171,
    "p50_us": 482.047,
    "p99_us": 960.511,
    "p999_us": 1457.151,
    "nil_replies": 0,
    "err_replies": 0,
    "hit_ratio": 1,
    "value_ops_per_sec": 1023139.9324943029,
    "bytes_per_sec": 108236870.73738414,
    "resp_ver": 2,
    "used_memory": 127454496,
    "bytes_per_key": 127.454496,
    "distinct_keys_est": 999732,
    "key_draws": 8185556,
    "maxmemory_policy": "noeviction"
  },
  "valkey": {
    "target": "valkey",
    "version": "valkey 9.1.0",
    "workload": "set",
    "skipped": false,
    "ops": 8013263,
    "errors": 0,
    "ops_per_sec": 1001628.9090187837,
    "min_us": 8.853,
    "p50_us": 498.431,
    "p99_us": 929.791,
    "p999_us": 1308.671,
    "nil_replies": 0,
    "err_replies": 0,
    "hit_ratio": 1,
    "value_ops_per_sec": 1001628.9090187837,
    "bytes_per_sec": 105961278.84402227,
    "resp_ver": 2,
    "used_memory": 115035520,
    "bytes_per_key": 115.03552,
    "distinct_keys_est": 999673,
    "key_draws": 8013263,
    "maxmemory_policy": "noeviction"
  },
  "gate": {
    "pass": false,
    "reason": "aki is 0.81x Redis, below the 2.0x bar",
    "required_speedup": 2,
    "speedup_vs_redis": 0.8051684296532235,
    "speedup_vs_valkey": 0.8224602598271195,
    "tail_regressed_vs_redis": true,
    "tail_regressed_vs_valkey": true
  },
  "generator_bound": false
}
