{
  "workload": "set",
  "cell": {
    "keyspace": 1000000,
    "value_size": 64,
    "dist": "uniform",
    "pipeline": 16,
    "connections": 512
  },
  "timestamp": "2026-07-10T20:32:49.346834015Z",
  "aki": {
    "target": "aki",
    "version": "unknown",
    "workload": "set",
    "skipped": false,
    "ops": 60675168,
    "errors": 0,
    "ops_per_sec": 7583501.775273227,
    "min_us": 29.52,
    "p50_us": 976.895,
    "p99_us": 2390.015,
    "p999_us": 3723.263,
    "nil_replies": 0,
    "err_replies": 0,
    "hit_ratio": 1,
    "value_ops_per_sec": 7583501.775273227,
    "bytes_per_sec": 802250052.2303098,
    "resp_ver": 2,
    "used_memory": 113449984,
    "bytes_per_key": 113.449984,
    "distinct_keys_est": 1000000,
    "key_draws": 60675168
  },
  "redis": {
    "target": "redis",
    "version": "redis 8.8.0",
    "workload": "set",
    "skipped": false,
    "ops": 29458592,
    "errors": 0,
    "ops_per_sec": 3681331.141309858,
    "min_us": 66.527,
    "p50_us": 2211.839,
    "p99_us": 2658.303,
    "p999_us": 4792.319,
    "nil_replies": 0,
    "err_replies": 0,
    "hit_ratio": 1,
    "value_ops_per_sec": 3681331.141309858,
    "bytes_per_sec": 389443272.3849945,
    "resp_ver": 2,
    "used_memory": 127479208,
    "bytes_per_key": 127.479208,
    "distinct_keys_est": 1000000,
    "key_draws": 29458592,
    "maxmemory_policy": "noeviction"
  },
  "valkey": {
    "target": "valkey",
    "version": "valkey 9.1.0",
    "workload": "set",
    "skipped": false,
    "ops": 23290800,
    "errors": 0,
    "ops_per_sec": 2910320.0951971314,
    "min_us": 69.61,
    "p50_us": 2795.519,
    "p99_us": 3280.895,
    "p999_us": 4513.791,
    "nil_replies": 0,
    "err_replies": 0,
    "hit_ratio": 1,
    "value_ops_per_sec": 2910320.0951971314,
    "bytes_per_sec": 307878869.37373626,
    "resp_ver": 2,
    "used_memory": 115069088,
    "bytes_per_key": 115.069088,
    "distinct_keys_est": 1000000,
    "key_draws": 23290800,
    "maxmemory_policy": "noeviction"
  },
  "gate": {
    "pass": true,
    "reason": "aki is 2.06x Redis and 2.61x Valkey on value-bearing ops/s with no tail regression",
    "required_speedup": 2,
    "speedup_vs_redis": 2.0599890322756824,
    "speedup_vs_valkey": 2.60572773001437,
    "tail_regressed_vs_redis": false,
    "tail_regressed_vs_valkey": false
  },
  "generator_bound": false
}
