{
  "workload": "set",
  "cell": {
    "keyspace": 1000000,
    "value_size": 1024,
    "dist": "uniform",
    "pipeline": 1,
    "connections": 50
  },
  "timestamp": "2026-07-10T22:00:30.676670567Z",
  "aki": {
    "target": "aki",
    "version": "unknown",
    "workload": "set",
    "skipped": false,
    "ops": 2732485,
    "errors": 0,
    "ops_per_sec": 341553.38739833265,
    "min_us": 6.204,
    "p50_us": 135.935,
    "p99_us": 440.319,
    "p999_us": 618.495,
    "nil_replies": 0,
    "err_replies": 0,
    "hit_ratio": 1,
    "value_ops_per_sec": 341553.38739833265,
    "bytes_per_sec": 364707141.88948655,
    "resp_ver": 2,
    "used_memory": 1004446352,
    "bytes_per_key": 1004.446352,
    "distinct_keys_est": 934830,
    "key_draws": 2732485
  },
  "redis": {
    "target": "redis",
    "version": "redis 8.8.0",
    "workload": "set",
    "skipped": false,
    "ops": 2639488,
    "errors": 0,
    "ops_per_sec": 329923.89237051684,
    "min_us": 8.92,
    "p50_us": 146.175,
    "p99_us": 370.943,
    "p999_us": 553.983,
    "nil_replies": 0,
    "err_replies": 0,
    "hit_ratio": 1,
    "value_ops_per_sec": 329923.89237051684,
    "bytes_per_sec": 352289278.2249954,
    "resp_ver": 2,
    "used_memory": 1233076592,
    "bytes_per_key": 1233.076592,
    "distinct_keys_est": 928570,
    "key_draws": 2639488,
    "maxmemory_policy": "noeviction"
  },
  "valkey": {
    "target": "valkey",
    "version": "valkey 9.1.0",
    "workload": "set",
    "skipped": false,
    "ops": 4497754,
    "errors": 0,
    "ops_per_sec": 562152.4695892585,
    "min_us": 6.438,
    "p50_us": 62.015,
    "p99_us": 333.567,
    "p999_us": 537.087,
    "nil_replies": 0,
    "err_replies": 0,
    "hit_ratio": 1,
    "value_ops_per_sec": 562152.4695892585,
    "bytes_per_sec": 600260404.215509,
    "resp_ver": 2,
    "used_memory": 1316586576,
    "bytes_per_key": 1316.586576,
    "distinct_keys_est": 988990,
    "key_draws": 4497754,
    "maxmemory_policy": "noeviction"
  },
  "gate": {
    "pass": false,
    "reason": "aki is 1.04x Redis, below the 2.0x bar",
    "required_speedup": 2,
    "speedup_vs_redis": 1.0352490234770735,
    "speedup_vs_valkey": 0.6075814051797932,
    "tail_regressed_vs_redis": true,
    "tail_regressed_vs_valkey": true
  },
  "generator_bound": false
}
