{
  "workload": "set",
  "cell": {
    "keyspace": 1000000,
    "value_size": 64,
    "dist": "uniform",
    "pipeline": 16,
    "connections": 50
  },
  "timestamp": "2026-07-10T20:56:23.368493105Z",
  "aki": {
    "target": "aki",
    "version": "unknown",
    "workload": "set",
    "skipped": false,
    "ops": 25366208,
    "errors": 0,
    "ops_per_sec": 3170660.270107476,
    "min_us": 13.253,
    "p50_us": 228.735,
    "p99_us": 560.127,
    "p999_us": 788.479,
    "nil_replies": 0,
    "err_replies": 0,
    "hit_ratio": 1,
    "value_ops_per_sec": 3170660.270107476,
    "bytes_per_sec": 335420803.1818287,
    "resp_ver": 2,
    "used_memory": 113449984,
    "bytes_per_key": 113.449984,
    "distinct_keys_est": 1000000,
    "key_draws": 25366208
  },
  "redis": {
    "target": "redis",
    "version": "redis 8.8.0",
    "workload": "set",
    "skipped": false,
    "ops": 23540992,
    "errors": 0,
    "ops_per_sec": 2942503.8263046686,
    "min_us": 19.716,
    "p50_us": 251.007,
    "p99_us": 556.543,
    "p999_us": 766.463,
    "nil_replies": 0,
    "err_replies": 0,
    "hit_ratio": 1,
    "value_ops_per_sec": 2942503.8263046686,
    "bytes_per_sec": 311284331.7033405,
    "resp_ver": 2,
    "used_memory": 127488296,
    "bytes_per_key": 127.488296,
    "distinct_keys_est": 1000000,
    "key_draws": 23540992,
    "maxmemory_policy": "noeviction"
  },
  "valkey": {
    "target": "valkey",
    "version": "valkey 9.1.0",
    "workload": "set",
    "skipped": false,
    "ops": 22810368,
    "errors": 0,
    "ops_per_sec": 2851180.58064612,
    "min_us": 20.364,
    "p50_us": 270.079,
    "p99_us": 488.959,
    "p999_us": 691.711,
    "nil_replies": 0,
    "err_replies": 0,
    "hit_ratio": 1,
    "value_ops_per_sec": 2851180.58064612,
    "bytes_per_sec": 301623432.9064067,
    "resp_ver": 2,
    "used_memory": 115063904,
    "bytes_per_key": 115.063904,
    "distinct_keys_est": 1000000,
    "key_draws": 22810368,
    "maxmemory_policy": "noeviction"
  },
  "gate": {
    "pass": false,
    "reason": "aki is 1.08x Redis, below the 2.0x bar",
    "required_speedup": 2,
    "speedup_vs_redis": 1.0775381978311094,
    "speedup_vs_valkey": 1.112051720480278,
    "tail_regressed_vs_redis": true,
    "tail_regressed_vs_valkey": true
  },
  "generator_bound": false
}
