{
  "workload": "set",
  "cell": {
    "keyspace": 1000000,
    "value_size": 1024,
    "dist": "uniform",
    "pipeline": 16,
    "connections": 512
  },
  "timestamp": "2026-07-10T20:43:13.426048009Z",
  "aki": {
    "target": "aki",
    "version": "unknown",
    "workload": "set",
    "skipped": false,
    "ops": 33669824,
    "errors": 0,
    "ops_per_sec": 4207878.143793039,
    "min_us": 36.49,
    "p50_us": 1761.279,
    "p99_us": 3729.407,
    "p999_us": 4956.159,
    "nil_replies": 0,
    "err_replies": 0,
    "hit_ratio": 1,
    "value_ops_per_sec": 4207878.143793039,
    "bytes_per_sec": 4493125366.142692,
    "resp_ver": 2,
    "used_memory": 1073449984,
    "bytes_per_key": 1073.449984,
    "distinct_keys_est": 1000000,
    "key_draws": 33669824
  },
  "redis": {
    "target": "redis",
    "version": "redis 8.8.0",
    "workload": "set",
    "skipped": false,
    "ops": 24677616,
    "errors": 0,
    "ops_per_sec": 3083791.6882075523,
    "min_us": 91.736,
    "p50_us": 2633.727,
    "p99_us": 3944.447,
    "p999_us": 6217.727,
    "nil_replies": 0,
    "err_replies": 0,
    "hit_ratio": 1,
    "value_ops_per_sec": 3083791.6882075523,
    "bytes_per_sec": 3292837705.4172482,
    "resp_ver": 2,
    "used_memory": 1327481720,
    "bytes_per_key": 1327.48172,
    "distinct_keys_est": 1000000,
    "key_draws": 24677616,
    "maxmemory_policy": "noeviction"
  },
  "valkey": {
    "target": "valkey",
    "version": "valkey 9.1.0",
    "workload": "set",
    "skipped": false,
    "ops": 16781152,
    "errors": 0,
    "ops_per_sec": 2096783.1515238557,
    "min_us": 68.009,
    "p50_us": 3876.863,
    "p99_us": 4456.447,
    "p999_us": 7221.247,
    "nil_replies": 0,
    "err_replies": 0,
    "hit_ratio": 1,
    "value_ops_per_sec": 2096783.1515238557,
    "bytes_per_sec": 2238921368.344507,
    "resp_ver": 2,
    "used_memory": 1331070352,
    "bytes_per_key": 1331.070352,
    "distinct_keys_est": 1000000,
    "key_draws": 16781152,
    "maxmemory_policy": "noeviction"
  },
  "gate": {
    "pass": false,
    "reason": "aki is 1.36x Redis, below the 2.0x bar",
    "required_speedup": 2,
    "speedup_vs_redis": 1.364514393071362,
    "speedup_vs_valkey": 2.0068256179638446,
    "tail_regressed_vs_redis": false,
    "tail_regressed_vs_valkey": false
  },
  "generator_bound": false
}
