{
  "workload": "set",
  "cell": {
    "keyspace": 1000000,
    "value_size": 64,
    "dist": "uniform",
    "pipeline": 16,
    "connections": 50
  },
  "timestamp": "2026-07-10T20:59:45.460115111Z",
  "aki": {
    "target": "aki",
    "version": "unknown",
    "workload": "set",
    "skipped": false,
    "ops": 26714784,
    "errors": 0,
    "ops_per_sec": 3339214.7294357372,
    "min_us": 15.657,
    "p50_us": 220.031,
    "p99_us": 521.727,
    "p999_us": 693.759,
    "nil_replies": 0,
    "err_replies": 0,
    "hit_ratio": 1,
    "value_ops_per_sec": 3339214.7294357372,
    "bytes_per_sec": 353251934.9503372,
    "resp_ver": 2,
    "used_memory": 113449984,
    "bytes_per_key": 113.449984,
    "distinct_keys_est": 1000000,
    "key_draws": 26714784
  },
  "redis": {
    "target": "redis",
    "version": "redis 8.8.0",
    "workload": "set",
    "skipped": false,
    "ops": 23886800,
    "errors": 0,
    "ops_per_sec": 2985756.203588523,
    "min_us": 20.622,
    "p50_us": 248.063,
    "p99_us": 540.159,
    "p999_us": 723.967,
    "nil_replies": 0,
    "err_replies": 0,
    "hit_ratio": 1,
    "value_ops_per_sec": 2985756.203588523,
    "bytes_per_sec": 315859991.3768184,
    "resp_ver": 2,
    "used_memory": 127489208,
    "bytes_per_key": 127.489208,
    "distinct_keys_est": 1000000,
    "key_draws": 23886800,
    "maxmemory_policy": "noeviction"
  },
  "valkey": {
    "target": "valkey",
    "version": "valkey 9.1.0",
    "workload": "set",
    "skipped": false,
    "ops": 22889392,
    "errors": 0,
    "ops_per_sec": 2861084.82070141,
    "min_us": 17.698,
    "p50_us": 269.567,
    "p99_us": 475.391,
    "p999_us": 676.351,
    "nil_replies": 0,
    "err_replies": 0,
    "hit_ratio": 1,
    "value_ops_per_sec": 2861084.82070141,
    "bytes_per_sec": 302671227.8134969,
    "resp_ver": 2,
    "used_memory": 115063904,
    "bytes_per_key": 115.063904,
    "distinct_keys_est": 1000000,
    "key_draws": 22889392,
    "maxmemory_policy": "noeviction"
  },
  "gate": {
    "pass": false,
    "reason": "aki is 1.12x Redis, below the 2.0x bar",
    "required_speedup": 2,
    "speedup_vs_redis": 1.1183815763063305,
    "speedup_vs_valkey": 1.1671149017585263,
    "tail_regressed_vs_redis": false,
    "tail_regressed_vs_valkey": true
  },
  "generator_bound": false
}
