{
  "workload": "set",
  "cell": {
    "keyspace": 1000000,
    "value_size": 1024,
    "dist": "uniform",
    "pipeline": 16,
    "connections": 512
  },
  "timestamp": "2026-07-10T20:44:21.421322984Z",
  "aki": {
    "target": "aki",
    "version": "unknown",
    "workload": "set",
    "skipped": false,
    "ops": 25617952,
    "errors": 0,
    "ops_per_sec": 3201564.9780828203,
    "min_us": 33.188,
    "p50_us": 2492.415,
    "p99_us": 5107.711,
    "p999_us": 7004.159,
    "nil_replies": 0,
    "err_replies": 0,
    "hit_ratio": 1,
    "value_ops_per_sec": 3201564.9780828203,
    "bytes_per_sec": 3418594786.3451424,
    "resp_ver": 2,
    "used_memory": 1073449984,
    "bytes_per_key": 1073.449984,
    "distinct_keys_est": 1000000,
    "key_draws": 25617952
  },
  "redis": {
    "target": "redis",
    "version": "redis 8.8.0",
    "workload": "set",
    "skipped": false,
    "ops": 24668208,
    "errors": 0,
    "ops_per_sec": 3082677.6933389585,
    "min_us": 78.648,
    "p50_us": 2631.679,
    "p99_us": 4108.287,
    "p999_us": 6930.431,
    "nil_replies": 0,
    "err_replies": 0,
    "hit_ratio": 1,
    "value_ops_per_sec": 3082677.6933389585,
    "bytes_per_sec": 3291648238.6544456,
    "resp_ver": 2,
    "used_memory": 1327482024,
    "bytes_per_key": 1327.482024,
    "distinct_keys_est": 1000000,
    "key_draws": 24668208,
    "maxmemory_policy": "noeviction"
  },
  "valkey": {
    "target": "valkey",
    "version": "valkey 9.1.0",
    "workload": "set",
    "skipped": false,
    "ops": 16356544,
    "errors": 0,
    "ops_per_sec": 2043596.4254684676,
    "min_us": 74.184,
    "p50_us": 3981.311,
    "p99_us": 4591.615,
    "p999_us": 7200.767,
    "nil_replies": 0,
    "err_replies": 0,
    "hit_ratio": 1,
    "value_ops_per_sec": 2043596.4254684676,
    "bytes_per_sec": 2182129225.6677823,
    "resp_ver": 2,
    "used_memory": 1331070352,
    "bytes_per_key": 1331.070352,
    "distinct_keys_est": 1000000,
    "key_draws": 16356544,
    "maxmemory_policy": "noeviction"
  },
  "gate": {
    "pass": false,
    "reason": "aki is 1.04x Redis, below the 2.0x bar",
    "required_speedup": 2,
    "speedup_vs_redis": 1.0385662390203014,
    "speedup_vs_valkey": 1.5666326962521004,
    "tail_regressed_vs_redis": true,
    "tail_regressed_vs_valkey": true
  },
  "generator_bound": false
}
