{
  "workload": "set",
  "cell": {
    "keyspace": 1000000,
    "value_size": 1024,
    "dist": "uniform",
    "pipeline": 1,
    "connections": 512
  },
  "timestamp": "2026-07-10T21:38:23.663285543Z",
  "aki": {
    "target": "aki",
    "version": "unknown",
    "workload": "set",
    "skipped": false,
    "ops": 7730254,
    "errors": 0,
    "ops_per_sec": 966225.170390363,
    "min_us": 31.395,
    "p50_us": 503.295,
    "p99_us": 1057.791,
    "p999_us": 1533.951,
    "nil_replies": 0,
    "err_replies": 0,
    "hit_ratio": 1,
    "value_ops_per_sec": 966225.170390363,
    "bytes_per_sec": 1031724605.9153546,
    "resp_ver": 2,
    "used_memory": 1072990888,
    "bytes_per_key": 1072.990888,
    "distinct_keys_est": 999566,
    "key_draws": 7730254
  },
  "redis": {
    "target": "redis",
    "version": "redis 8.8.0",
    "workload": "set",
    "skipped": false,
    "ops": 7561407,
    "errors": 0,
    "ops_per_sec": 945111.7965383336,
    "min_us": 34.335,
    "p50_us": 520.703,
    "p99_us": 1071.103,
    "p999_us": 1623.039,
    "nil_replies": 0,
    "err_replies": 0,
    "hit_ratio": 1,
    "value_ops_per_sec": 945111.7965383336,
    "bytes_per_sec": 1009179993.3475984,
    "resp_ver": 2,
    "used_memory": 1326814128,
    "bytes_per_key": 1326.814128,
    "distinct_keys_est": 999497,
    "key_draws": 7561407,
    "maxmemory_policy": "noeviction"
  },
  "valkey": {
    "target": "valkey",
    "version": "valkey 9.1.0",
    "workload": "set",
    "skipped": false,
    "ops": 6838357,
    "errors": 0,
    "ops_per_sec": 854710.7706083617,
    "min_us": 9.754,
    "p50_us": 582.143,
    "p99_us": 1035.775,
    "p999_us": 1504.255,
    "nil_replies": 0,
    "err_replies": 0,
    "hit_ratio": 1,
    "value_ops_per_sec": 854710.7706083617,
    "bytes_per_sec": 912650860.068095,
    "resp_ver": 2,
    "used_memory": 1329616304,
    "bytes_per_key": 1329.616304,
    "distinct_keys_est": 998901,
    "key_draws": 6838357,
    "maxmemory_policy": "noeviction"
  },
  "gate": {
    "pass": false,
    "reason": "aki is 1.02x Redis, below the 2.0x bar",
    "required_speedup": 2,
    "speedup_vs_redis": 1.0223395517116192,
    "speedup_vs_valkey": 1.1304703340787763,
    "tail_regressed_vs_redis": false,
    "tail_regressed_vs_valkey": true
  },
  "generator_bound": false
}
