{
  "workload": "set",
  "cell": {
    "keyspace": 1000000,
    "value_size": 1024,
    "dist": "uniform",
    "pipeline": 1,
    "connections": 50
  },
  "timestamp": "2026-07-10T22:05:00.614543614Z",
  "aki": {
    "target": "aki",
    "version": "unknown",
    "workload": "set",
    "skipped": false,
    "ops": 2149722,
    "errors": 0,
    "ops_per_sec": 268699.9458251231,
    "min_us": 9.349,
    "p50_us": 170.367,
    "p99_us": 466.431,
    "p999_us": 651.775,
    "nil_replies": 0,
    "err_replies": 0,
    "hit_ratio": 1,
    "value_ops_per_sec": 268699.9458251231,
    "bytes_per_sec": 286914937.99019873,
    "resp_ver": 2,
    "used_memory": 950110792,
    "bytes_per_key": 950.110792,
    "distinct_keys_est": 883505,
    "key_draws": 2149722
  },
  "redis": {
    "target": "redis",
    "version": "redis 8.8.0",
    "workload": "set",
    "skipped": false,
    "ops": 2538799,
    "errors": 0,
    "ops_per_sec": 317334.84193619987,
    "min_us": 9.538,
    "p50_us": 151.423,
    "p99_us": 389.119,
    "p999_us": 562.687,
    "nil_replies": 0,
    "err_replies": 0,
    "hit_ratio": 1,
    "value_ops_per_sec": 317334.84193619987,
    "bytes_per_sec": 338846808.602492,
    "resp_ver": 2,
    "used_memory": 1223068128,
    "bytes_per_key": 1223.068128,
    "distinct_keys_est": 920995,
    "key_draws": 2538799,
    "maxmemory_policy": "noeviction"
  },
  "valkey": {
    "target": "valkey",
    "version": "valkey 9.1.0",
    "workload": "set",
    "skipped": false,
    "ops": 4446358,
    "errors": 0,
    "ops_per_sec": 555785.9922717001,
    "min_us": 6.261,
    "p50_us": 62.335,
    "p99_us": 343.807,
    "p999_us": 578.047,
    "nil_replies": 0,
    "err_replies": 0,
    "hit_ratio": 1,
    "value_ops_per_sec": 555785.9922717001,
    "bytes_per_sec": 593462370.5908782,
    "resp_ver": 2,
    "used_memory": 1315752400,
    "bytes_per_key": 1315.7524,
    "distinct_keys_est": 988356,
    "key_draws": 4446358,
    "maxmemory_policy": "noeviction"
  },
  "gate": {
    "pass": false,
    "reason": "aki is 0.85x Redis, below the 2.0x bar",
    "required_speedup": 2,
    "speedup_vs_redis": 0.846739501359719,
    "speedup_vs_valkey": 0.4834593702638104,
    "tail_regressed_vs_redis": true,
    "tail_regressed_vs_valkey": true
  },
  "generator_bound": false
}
