{
  "workload": "set",
  "cell": {
    "keyspace": 1000000,
    "value_size": 64,
    "dist": "uniform",
    "pipeline": 1,
    "connections": 512
  },
  "timestamp": "2026-07-10T21:24:09.303294799Z",
  "aki": {
    "target": "aki",
    "version": "unknown",
    "workload": "set",
    "skipped": false,
    "ops": 6138282,
    "errors": 0,
    "ops_per_sec": 767238.870985678,
    "min_us": 7.002,
    "p50_us": 564.735,
    "p99_us": 2631.679,
    "p999_us": 5337.087,
    "nil_replies": 0,
    "err_replies": 0,
    "hit_ratio": 1,
    "value_ops_per_sec": 767238.870985678,
    "bytes_per_sec": 81165594.3506957,
    "resp_ver": 2,
    "used_memory": 113236592,
    "bytes_per_key": 113.236592,
    "distinct_keys_est": 997843,
    "key_draws": 6138282
  },
  "redis": {
    "target": "redis",
    "version": "redis 8.8.0",
    "workload": "set",
    "skipped": false,
    "ops": 8202994,
    "errors": 0,
    "ops_per_sec": 1025318.2372491935,
    "min_us": 32.241,
    "p50_us": 481.535,
    "p99_us": 966.655,
    "p999_us": 1419.263,
    "nil_replies": 0,
    "err_replies": 0,
    "hit_ratio": 1,
    "value_ops_per_sec": 1025318.2372491935,
    "bytes_per_sec": 108467283.59797229,
    "resp_ver": 2,
    "used_memory": 127455240,
    "bytes_per_key": 127.45524,
    "distinct_keys_est": 999737,
    "key_draws": 8202994,
    "maxmemory_policy": "noeviction"
  },
  "valkey": {
    "target": "valkey",
    "version": "valkey 9.1.0",
    "workload": "set",
    "skipped": false,
    "ops": 7988726,
    "errors": 0,
    "ops_per_sec": 998522.691691857,
    "min_us": 9.782,
    "p50_us": 499.455,
    "p99_us": 958.975,
    "p999_us": 1438.719,
    "nil_replies": 0,
    "err_replies": 0,
    "hit_ratio": 1,
    "value_ops_per_sec": 998522.691691857,
    "bytes_per_sec": 105632683.43192996,
    "resp_ver": 2,
    "used_memory": 115034752,
    "bytes_per_key": 115.034752,
    "distinct_keys_est": 999665,
    "key_draws": 7988726,
    "maxmemory_policy": "noeviction"
  },
  "gate": {
    "pass": false,
    "reason": "aki is 0.75x Redis, below the 2.0x bar",
    "required_speedup": 2,
    "speedup_vs_redis": 0.7482934011240143,
    "speedup_vs_valkey": 0.7683739962741349,
    "tail_regressed_vs_redis": true,
    "tail_regressed_vs_valkey": true
  },
  "generator_bound": false
}
