{
  "workload": "set",
  "cell": {
    "keyspace": 1000000,
    "value_size": 1024,
    "dist": "uniform",
    "pipeline": 16,
    "connections": 50
  },
  "timestamp": "2026-07-10T21:09:35.627234002Z",
  "aki": {
    "target": "aki",
    "version": "unknown",
    "workload": "set",
    "skipped": false,
    "ops": 24263904,
    "errors": 0,
    "ops_per_sec": 3032894.8635898577,
    "min_us": 14.345,
    "p50_us": 250.367,
    "p99_us": 591.871,
    "p999_us": 859.647,
    "nil_replies": 0,
    "err_replies": 0,
    "hit_ratio": 1,
    "value_ops_per_sec": 3032894.8635898577,
    "bytes_per_sec": 3238491583.5965824,
    "resp_ver": 2,
    "used_memory": 1073449984,
    "bytes_per_key": 1073.449984,
    "distinct_keys_est": 1000000,
    "key_draws": 24263904
  },
  "redis": {
    "target": "redis",
    "version": "redis 8.8.0",
    "workload": "set",
    "skipped": false,
    "ops": 20567760,
    "errors": 0,
    "ops_per_sec": 2570902.6063590767,
    "min_us": 30.152,
    "p50_us": 291.839,
    "p99_us": 632.831,
    "p999_us": 885.247,
    "nil_replies": 0,
    "err_replies": 0,
    "hit_ratio": 1,
    "value_ops_per_sec": 2570902.6063590767,
    "bytes_per_sec": 2745181413.1894345,
    "resp_ver": 2,
    "used_memory": 1327474624,
    "bytes_per_key": 1327.474624,
    "distinct_keys_est": 1000000,
    "key_draws": 20567760,
    "maxmemory_policy": "noeviction"
  },
  "valkey": {
    "target": "valkey",
    "version": "valkey 9.1.0",
    "workload": "set",
    "skipped": false,
    "ops": 18537856,
    "errors": 0,
    "ops_per_sec": 2317145.7303473135,
    "min_us": 22.298,
    "p50_us": 333.055,
    "p99_us": 574.463,
    "p999_us": 778.751,
    "nil_replies": 0,
    "err_replies": 0,
    "hit_ratio": 1,
    "value_ops_per_sec": 2317145.7303473135,
    "bytes_per_sec": 2474222732.713438,
    "resp_ver": 2,
    "used_memory": 1331064720,
    "bytes_per_key": 1331.06472,
    "distinct_keys_est": 1000000,
    "key_draws": 18537856,
    "maxmemory_policy": "noeviction"
  },
  "gate": {
    "pass": false,
    "reason": "aki is 1.18x Redis, below the 2.0x bar",
    "required_speedup": 2,
    "speedup_vs_redis": 1.1797004118662653,
    "speedup_vs_valkey": 1.308892584470836,
    "tail_regressed_vs_redis": false,
    "tail_regressed_vs_valkey": true
  },
  "generator_bound": false
}
