{
  "workload": "set",
  "cell": {
    "keyspace": 1000000,
    "value_size": 1024,
    "dist": "uniform",
    "pipeline": 1,
    "connections": 512
  },
  "timestamp": "2026-07-10T21:36:41.74702573Z",
  "aki": {
    "target": "aki",
    "version": "unknown",
    "workload": "set",
    "skipped": false,
    "ops": 7778969,
    "errors": 0,
    "ops_per_sec": 972310.9129451718,
    "min_us": 25.944,
    "p50_us": 498.175,
    "p99_us": 1070.079,
    "p999_us": 1499.135,
    "nil_replies": 0,
    "err_replies": 0,
    "hit_ratio": 1,
    "value_ops_per_sec": 972310.9129451718,
    "bytes_per_sec": 1038222894.7303538,
    "resp_ver": 2,
    "used_memory": 1073012072,
    "bytes_per_key": 1073.012072,
    "distinct_keys_est": 999586,
    "key_draws": 7778969
  },
  "redis": {
    "target": "redis",
    "version": "redis 8.8.0",
    "workload": "set",
    "skipped": false,
    "ops": 7701763,
    "errors": 0,
    "ops_per_sec": 962666.479756131,
    "min_us": 18.25,
    "p50_us": 513.535,
    "p99_us": 1019.903,
    "p999_us": 1491.967,
    "nil_replies": 0,
    "err_replies": 0,
    "hit_ratio": 1,
    "value_ops_per_sec": 962666.479756131,
    "bytes_per_sec": 1027924667.8769972,
    "resp_ver": 2,
    "used_memory": 1326887688,
    "bytes_per_key": 1326.887688,
    "distinct_keys_est": 999553,
    "key_draws": 7701763,
    "maxmemory_policy": "noeviction"
  },
  "valkey": {
    "target": "valkey",
    "version": "valkey 9.1.0",
    "workload": "set",
    "skipped": false,
    "ops": 6788360,
    "errors": 0,
    "ops_per_sec": 848490.1434152479,
    "min_us": 9.183,
    "p50_us": 585.215,
    "p99_us": 1022.975,
    "p999_us": 1625.087,
    "nil_replies": 0,
    "err_replies": 0,
    "hit_ratio": 1,
    "value_ops_per_sec": 848490.1434152479,
    "bytes_per_sec": 906008563.3593616,
    "resp_ver": 2,
    "used_memory": 1329548016,
    "bytes_per_key": 1329.548016,
    "distinct_keys_est": 998849,
    "key_draws": 6788360,
    "maxmemory_policy": "noeviction"
  },
  "gate": {
    "pass": false,
    "reason": "aki is 1.01x Redis, below the 2.0x bar",
    "required_speedup": 2,
    "speedup_vs_redis": 1.0100184574739572,
    "speedup_vs_valkey": 1.1459307105578556,
    "tail_regressed_vs_redis": true,
    "tail_regressed_vs_valkey": true
  },
  "generator_bound": false
}
