{
  "workload": "set",
  "cell": {
    "keyspace": 1000000,
    "value_size": 1024,
    "dist": "uniform",
    "pipeline": 16,
    "connections": 50
  },
  "timestamp": "2026-07-10T21:10:43.154582153Z",
  "aki": {
    "target": "aki",
    "version": "unknown",
    "workload": "set",
    "skipped": false,
    "ops": 21360352,
    "errors": 0,
    "ops_per_sec": 2669977.145107275,
    "min_us": 18.089,
    "p50_us": 286.975,
    "p99_us": 669.695,
    "p999_us": 947.199,
    "nil_replies": 0,
    "err_replies": 0,
    "hit_ratio": 1,
    "value_ops_per_sec": 2669977.145107275,
    "bytes_per_sec": 2850972145.2079697,
    "resp_ver": 2,
    "used_memory": 1073449984,
    "bytes_per_key": 1073.449984,
    "distinct_keys_est": 1000000,
    "key_draws": 21360352
  },
  "redis": {
    "target": "redis",
    "version": "redis 8.8.0",
    "workload": "set",
    "skipped": false,
    "ops": 20641744,
    "errors": 0,
    "ops_per_sec": 2580131.6471864823,
    "min_us": 31.414,
    "p50_us": 291.583,
    "p99_us": 629.247,
    "p999_us": 869.887,
    "nil_replies": 0,
    "err_replies": 0,
    "hit_ratio": 1,
    "value_ops_per_sec": 2580131.6471864823,
    "bytes_per_sec": 2755036125.5428114,
    "resp_ver": 2,
    "used_memory": 1327474928,
    "bytes_per_key": 1327.474928,
    "distinct_keys_est": 1000000,
    "key_draws": 20641744,
    "maxmemory_policy": "noeviction"
  },
  "valkey": {
    "target": "valkey",
    "version": "valkey 9.1.0",
    "workload": "set",
    "skipped": false,
    "ops": 18426736,
    "errors": 0,
    "ops_per_sec": 2303262.1312186145,
    "min_us": 25.271,
    "p50_us": 335.615,
    "p99_us": 569.855,
    "p999_us": 805.375,
    "nil_replies": 0,
    "err_replies": 0,
    "hit_ratio": 1,
    "value_ops_per_sec": 2303262.1312186145,
    "bytes_per_sec": 2459397972.3686357,
    "resp_ver": 2,
    "used_memory": 1331064720,
    "bytes_per_key": 1331.06472,
    "distinct_keys_est": 1000000,
    "key_draws": 18426736,
    "maxmemory_policy": "noeviction"
  },
  "gate": {
    "pass": false,
    "reason": "aki is 1.03x Redis, below the 2.0x bar",
    "required_speedup": 2,
    "speedup_vs_redis": 1.0348220595715591,
    "speedup_vs_valkey": 1.1592154922004636,
    "tail_regressed_vs_redis": true,
    "tail_regressed_vs_valkey": true
  },
  "generator_bound": false
}
