{
  "workload": "set",
  "cell": {
    "keyspace": 1000000,
    "value_size": 1024,
    "dist": "uniform",
    "pipeline": 1,
    "connections": 512
  },
  "timestamp": "2026-07-10T21:39:31.621748747Z",
  "aki": {
    "target": "aki",
    "version": "unknown",
    "workload": "set",
    "skipped": false,
    "ops": 6489267,
    "errors": 0,
    "ops_per_sec": 811082.8115850976,
    "min_us": 8.213,
    "p50_us": 529.919,
    "p99_us": 2488.319,
    "p999_us": 5197.823,
    "nil_replies": 0,
    "err_replies": 0,
    "hit_ratio": 1,
    "value_ops_per_sec": 811082.8115850976,
    "bytes_per_sec": 866065405.2073638,
    "resp_ver": 2,
    "used_memory": 1071835392,
    "bytes_per_key": 1071.835392,
    "distinct_keys_est": 998475,
    "key_draws": 6489267
  },
  "redis": {
    "target": "redis",
    "version": "redis 8.8.0",
    "workload": "set",
    "skipped": false,
    "ops": 7590133,
    "errors": 0,
    "ops_per_sec": 948700.1921504571,
    "min_us": 32.095,
    "p50_us": 519.679,
    "p99_us": 1019.903,
    "p999_us": 1468.415,
    "nil_replies": 0,
    "err_replies": 0,
    "hit_ratio": 1,
    "value_ops_per_sec": 948700.1921504571,
    "bytes_per_sec": 1013011611.3602879,
    "resp_ver": 2,
    "used_memory": 1326822320,
    "bytes_per_key": 1326.82232,
    "distinct_keys_est": 999503,
    "key_draws": 7590133,
    "maxmemory_policy": "noeviction"
  },
  "valkey": {
    "target": "valkey",
    "version": "valkey 9.1.0",
    "workload": "set",
    "skipped": false,
    "ops": 6312540,
    "errors": 0,
    "ops_per_sec": 789026.4521809932,
    "min_us": 8.693,
    "p50_us": 630.271,
    "p99_us": 1127.423,
    "p999_us": 1608.703,
    "nil_replies": 0,
    "err_replies": 0,
    "hit_ratio": 1,
    "value_ops_per_sec": 789026.4521809932,
    "bytes_per_sec": 842513935.3315995,
    "resp_ver": 2,
    "used_memory": 1328656912,
    "bytes_per_key": 1328.656912,
    "distinct_keys_est": 998172,
    "key_draws": 6312540,
    "maxmemory_policy": "noeviction"
  },
  "gate": {
    "pass": false,
    "reason": "aki is 0.85x Redis, below the 2.0x bar",
    "required_speedup": 2,
    "speedup_vs_redis": 0.8549411271295133,
    "speedup_vs_valkey": 1.0279538909540196,
    "tail_regressed_vs_redis": true,
    "tail_regressed_vs_valkey": true
  },
  "generator_bound": false
}
