{
  "workload": "set",
  "cell": {
    "keyspace": 1000000,
    "value_size": 64,
    "dist": "uniform",
    "pipeline": 16,
    "connections": 50
  },
  "timestamp": "2026-07-10T20:56:57.044514843Z",
  "aki": {
    "target": "aki",
    "version": "unknown",
    "workload": "set",
    "skipped": false,
    "ops": 23833104,
    "errors": 0,
    "ops_per_sec": 2979064.924654547,
    "min_us": 16.711,
    "p50_us": 256.895,
    "p99_us": 607.743,
    "p999_us": 871.935,
    "nil_replies": 0,
    "err_replies": 0,
    "hit_ratio": 1,
    "value_ops_per_sec": 2979064.924654547,
    "bytes_per_sec": 315152111.6868823,
    "resp_ver": 2,
    "used_memory": 113449984,
    "bytes_per_key": 113.449984,
    "distinct_keys_est": 1000000,
    "key_draws": 23833104
  },
  "redis": {
    "target": "redis",
    "version": "redis 8.8.0",
    "workload": "set",
    "skipped": false,
    "ops": 23472176,
    "errors": 0,
    "ops_per_sec": 2933871.1062414655,
    "min_us": 23.786,
    "p50_us": 251.775,
    "p99_us": 558.591,
    "p999_us": 751.103,
    "nil_replies": 0,
    "err_replies": 0,
    "hit_ratio": 1,
    "value_ops_per_sec": 2933871.1062414655,
    "bytes_per_sec": 310371096.985129,
    "resp_ver": 2,
    "used_memory": 127488448,
    "bytes_per_key": 127.488448,
    "distinct_keys_est": 1000000,
    "key_draws": 23472176,
    "maxmemory_policy": "noeviction"
  },
  "valkey": {
    "target": "valkey",
    "version": "valkey 9.1.0",
    "workload": "set",
    "skipped": false,
    "ops": 22769632,
    "errors": 0,
    "ops_per_sec": 2846084.042182509,
    "min_us": 19.219,
    "p50_us": 271.103,
    "p99_us": 478.463,
    "p999_us": 685.567,
    "nil_replies": 0,
    "err_replies": 0,
    "hit_ratio": 1,
    "value_ops_per_sec": 2846084.042182509,
    "bytes_per_sec": 301084240.78851265,
    "resp_ver": 2,
    "used_memory": 115063904,
    "bytes_per_key": 115.063904,
    "distinct_keys_est": 1000000,
    "key_draws": 22769632,
    "maxmemory_policy": "noeviction"
  },
  "gate": {
    "pass": false,
    "reason": "aki is 1.02x Redis, below the 2.0x bar",
    "required_speedup": 2,
    "speedup_vs_redis": 1.0154041594795822,
    "speedup_vs_valkey": 1.0467241587040637,
    "tail_regressed_vs_redis": true,
    "tail_regressed_vs_valkey": true
  },
  "generator_bound": false
}
