{
  "workload": "set",
  "cell": {
    "keyspace": 1000000,
    "value_size": 1024,
    "dist": "uniform",
    "pipeline": 16,
    "connections": 50
  },
  "timestamp": "2026-07-10T21:13:31.996485877Z",
  "aki": {
    "target": "aki",
    "version": "unknown",
    "workload": "set",
    "skipped": false,
    "ops": 23353504,
    "errors": 0,
    "ops_per_sec": 2919115.4778599576,
    "min_us": 18.37,
    "p50_us": 249.983,
    "p99_us": 573.951,
    "p999_us": 820.223,
    "nil_replies": 0,
    "err_replies": 0,
    "hit_ratio": 1,
    "value_ops_per_sec": 2919115.4778599576,
    "bytes_per_sec": 3116999237.285574,
    "resp_ver": 2,
    "used_memory": 1073449984,
    "bytes_per_key": 1073.449984,
    "distinct_keys_est": 1000000,
    "key_draws": 23353504
  },
  "redis": {
    "target": "redis",
    "version": "redis 8.8.0",
    "workload": "set",
    "skipped": false,
    "ops": 21172928,
    "errors": 0,
    "ops_per_sec": 2646514.229287755,
    "min_us": 31.868,
    "p50_us": 283.903,
    "p99_us": 599.551,
    "p999_us": 822.783,
    "nil_replies": 0,
    "err_replies": 0,
    "hit_ratio": 1,
    "value_ops_per_sec": 2646514.229287755,
    "bytes_per_sec": 2825918651.357981,
    "resp_ver": 2,
    "used_memory": 1327477160,
    "bytes_per_key": 1327.47716,
    "distinct_keys_est": 1000000,
    "key_draws": 21172928,
    "maxmemory_policy": "noeviction"
  },
  "valkey": {
    "target": "valkey",
    "version": "valkey 9.1.0",
    "workload": "set",
    "skipped": false,
    "ops": 18385488,
    "errors": 0,
    "ops_per_sec": 2298101.690692324,
    "min_us": 23.661,
    "p50_us": 335.103,
    "p99_us": 583.679,
    "p999_us": 819.711,
    "nil_replies": 0,
    "err_replies": 0,
    "hit_ratio": 1,
    "value_ops_per_sec": 2298101.690692324,
    "bytes_per_sec": 2453887691.1992164,
    "resp_ver": 2,
    "used_memory": 1331065072,
    "bytes_per_key": 1331.065072,
    "distinct_keys_est": 1000000,
    "key_draws": 18385488,
    "maxmemory_policy": "noeviction"
  },
  "gate": {
    "pass": false,
    "reason": "aki is 1.10x Redis, below the 2.0x bar",
    "required_speedup": 2,
    "speedup_vs_redis": 1.1030038854714816,
    "speedup_vs_valkey": 1.2702290284554585,
    "tail_regressed_vs_redis": false,
    "tail_regressed_vs_valkey": false
  },
  "generator_bound": false
}
