{
  "workload": "set",
  "cell": {
    "keyspace": 1000000,
    "value_size": 1024,
    "dist": "uniform",
    "pipeline": 16,
    "connections": 50
  },
  "timestamp": "2026-07-10T21:11:16.925602547Z",
  "aki": {
    "target": "aki",
    "version": "unknown",
    "workload": "set",
    "skipped": false,
    "ops": 23616096,
    "errors": 0,
    "ops_per_sec": 2951957.1378765926,
    "min_us": 16.284,
    "p50_us": 259.711,
    "p99_us": 600.575,
    "p999_us": 833.023,
    "nil_replies": 0,
    "err_replies": 0,
    "hit_ratio": 1,
    "value_ops_per_sec": 2951957.1378765926,
    "bytes_per_sec": 3152067131.2073665,
    "resp_ver": 2,
    "used_memory": 1073449984,
    "bytes_per_key": 1073.449984,
    "distinct_keys_est": 1000000,
    "key_draws": 23616096
  },
  "redis": {
    "target": "redis",
    "version": "redis 8.8.0",
    "workload": "set",
    "skipped": false,
    "ops": 20518592,
    "errors": 0,
    "ops_per_sec": 2564735.098907858,
    "min_us": 25.513,
    "p50_us": 293.631,
    "p99_us": 631.295,
    "p999_us": 841.215,
    "nil_replies": 0,
    "err_replies": 0,
    "hit_ratio": 1,
    "value_ops_per_sec": 2564735.098907858,
    "bytes_per_sec": 2738595908.3923516,
    "resp_ver": 2,
    "used_memory": 1327475080,
    "bytes_per_key": 1327.47508,
    "distinct_keys_est": 1000000,
    "key_draws": 20518592,
    "maxmemory_policy": "noeviction"
  },
  "valkey": {
    "target": "valkey",
    "version": "valkey 9.1.0",
    "workload": "set",
    "skipped": false,
    "ops": 18353392,
    "errors": 0,
    "ops_per_sec": 2294058.6501429537,
    "min_us": 22.21,
    "p50_us": 336.383,
    "p99_us": 578.047,
    "p999_us": 780.799,
    "nil_replies": 0,
    "err_replies": 0,
    "hit_ratio": 1,
    "value_ops_per_sec": 2294058.6501429537,
    "bytes_per_sec": 2449570599.566113,
    "resp_ver": 2,
    "used_memory": 1331064720,
    "bytes_per_key": 1331.06472,
    "distinct_keys_est": 1000000,
    "key_draws": 18353392,
    "maxmemory_policy": "noeviction"
  },
  "gate": {
    "pass": false,
    "reason": "aki is 1.15x Redis, below the 2.0x bar",
    "required_speedup": 2,
    "speedup_vs_redis": 1.1509793503171635,
    "speedup_vs_valkey": 1.2867836389852727,
    "tail_regressed_vs_redis": false,
    "tail_regressed_vs_valkey": true
  },
  "generator_bound": false
}
