{
  "workload": "mixed",
  "cell": {
    "keyspace": 4628197,
    "value_size": 16,
    "dist": "uniform",
    "pipeline": 16,
    "connections": 64
  },
  "timestamp": "2026-07-15T17:16:09.822761709Z",
  "aki": {
    "target": "aki",
    "version": "unknown",
    "workload": "mixed",
    "skipped": false,
    "ops": 5229888,
    "errors": 0,
    "ops_per_sec": 522903.65648655046,
    "min_us": 316.973,
    "p50_us": 1905.663,
    "p99_us": 3188.735,
    "p999_us": 3704.831,
    "nil_replies": 0,
    "err_replies": 0,
    "hit_ratio": 1,
    "value_ops_per_sec": 522903.65648655046,
    "bytes_per_sec": 28361302.47733183,
    "resp_ver": 2,
    "used_memory": 294814896,
    "bytes_per_key": 63.69972928982928,
    "coverage_sampled": 2000,
    "coverage_retrievable": 2000,
    "coverage_fraction": 1,
    "coverage_keyspace": 4628197,
    "distinct_keys_est": 3133181,
    "key_draws": 5229888
  },
  "redis": {
    "target": "redis",
    "version": "redis 8.8.0",
    "workload": "mixed",
    "skipped": false,
    "ops": 24335968,
    "errors": 0,
    "ops_per_sec": 2433462.4930681214,
    "min_us": 20.954,
    "p50_us": 282.367,
    "p99_us": 2859.007,
    "p999_us": 5160.959,
    "nil_replies": 12971925,
    "err_replies": 0,
    "hit_ratio": 0.4669649056080284,
    "value_ops_per_sec": 1136341.5833762328,
    "bytes_per_sec": 108638516.55558583,
    "resp_ver": 2,
    "used_memory": 133799408,
    "bytes_per_key": 28.90961815151775,
    "coverage_sampled": 2000,
    "coverage_retrievable": 772,
    "coverage_missing": 1228,
    "coverage_fraction": 0.386,
    "coverage_keyspace": 4628197,
    "distinct_keys_est": 4604330,
    "key_draws": 24335968,
    "server_hits": 13094786,
    "server_misses": 19411340,
    "evicted_keys": 1818685,
    "maxmemory": 134217728,
    "maxmemory_policy": "allkeys-lfu"
  },
  "valkey": {
    "target": "valkey",
    "version": "valkey 9.1.0",
    "workload": "mixed",
    "skipped": false,
    "ops": 27681488,
    "errors": 0,
    "ops_per_sec": 2767898.63455351,
    "min_us": 13.603,
    "p50_us": 248.319,
    "p99_us": 3737.599,
    "p999_us": 6914.047,
    "nil_replies": 12875444,
    "err_replies": 0,
    "hit_ratio": 0.5348716803085152,
    "value_ops_per_sec": 1480470.593587281,
    "bytes_per_sec": 126952232.03031686,
    "resp_ver": 2,
    "used_memory": 134043216,
    "bytes_per_key": 28.96229698087614,
    "coverage_sampled": 2000,
    "coverage_retrievable": 907,
    "coverage_missing": 1093,
    "coverage_fraction": 0.4535,
    "coverage_keyspace": 4628197,
    "distinct_keys_est": 4616596,
    "key_draws": 27681488,
    "server_hits": 17663227,
    "server_misses": 19262699,
    "evicted_keys": 1777272,
    "maxmemory": 134217728,
    "maxmemory_policy": "allkeys-lfu"
  },
  "gate": {
    "pass": false,
    "reason": "aki is 0.46x Redis, below the 2.0x bar",
    "required_speedup": 2,
    "speedup_vs_redis": 0.4601641479430236,
    "speedup_vs_valkey": 0.35320097457627936,
    "tail_regressed_vs_redis": true,
    "tail_regressed_vs_valkey": false
  },
  "generator_bound": false
}
