{
  "workload": "mixed",
  "cell": {
    "keyspace": 9418787,
    "value_size": 128,
    "dist": "zipfian",
    "zipf_s": 0.99,
    "pipeline": 16,
    "connections": 64
  },
  "timestamp": "2026-07-15T18:34:48.644520129Z",
  "aki": {
    "target": "aki",
    "version": "unknown",
    "workload": "mixed",
    "skipped": false,
    "ops": 3614736,
    "errors": 0,
    "ops_per_sec": 359332.51444581425,
    "min_us": 296.446,
    "p50_us": 1283.071,
    "p99_us": 57802.751,
    "p999_us": 71827.455,
    "nil_replies": 78382,
    "err_replies": 8619,
    "hit_ratio": 0.9759315756392721,
    "value_ops_per_sec": 350683.947001525,
    "bytes_per_sec": 57867868.46019733,
    "resp_ver": 2,
    "used_memory": 1160704672,
    "bytes_per_key": 123.23292500403714,
    "coverage_sampled": 2000,
    "coverage_retrievable": 1449,
    "coverage_missing": 551,
    "coverage_fraction": 0.7245,
    "coverage_keyspace": 9418787,
    "distinct_keys_est": 958909,
    "key_draws": 3614736
  },
  "redis": {
    "target": "redis",
    "version": "redis 8.8.0",
    "workload": "mixed",
    "skipped": false,
    "ops": 23135936,
    "errors": 0,
    "ops_per_sec": 2313504.388031891,
    "min_us": 25.219,
    "p50_us": 328.191,
    "p99_us": 2666.495,
    "p999_us": 4771.839,
    "nil_replies": 5554887,
    "err_replies": 0,
    "hit_ratio": 0.759902214459791,
    "value_ops_per_sec": 1758037.1076278777,
    "bytes_per_sec": 306113024.0532343,
    "resp_ver": 2,
    "used_memory": 133652576,
    "bytes_per_key": 14.18999877585086,
    "coverage_sampled": 2000,
    "coverage_retrievable": 139,
    "coverage_missing": 1861,
    "coverage_fraction": 0.0695,
    "coverage_keyspace": 9418787,
    "distinct_keys_est": 3496949,
    "key_draws": 23135936,
    "server_hits": 21971530,
    "server_misses": 9006956,
    "evicted_keys": 805542,
    "maxmemory": 134217728,
    "maxmemory_policy": "allkeys-lfu"
  },
  "valkey": {
    "target": "valkey",
    "version": "valkey 9.1.0",
    "workload": "mixed",
    "skipped": false,
    "ops": 26799344,
    "errors": 0,
    "ops_per_sec": 2679719.9931915966,
    "min_us": 14.91,
    "p50_us": 261.247,
    "p99_us": 3624.959,
    "p999_us": 6742.015,
    "nil_replies": 6292124,
    "err_replies": 0,
    "hit_ratio": 0.7652135067186719,
    "value_ops_per_sec": 2050557.9330142774,
    "bytes_per_sec": 356433238.0558332,
    "resp_ver": 2,
    "used_memory": 133911504,
    "bytes_per_key": 14.217489364607141,
    "coverage_sampled": 2000,
    "coverage_retrievable": 154,
    "coverage_missing": 1846,
    "coverage_fraction": 0.077,
    "coverage_keyspace": 9418787,
    "distinct_keys_est": 3818365,
    "key_draws": 26799344,
    "server_hits": 25587982,
    "server_misses": 10183158,
    "evicted_keys": 942903,
    "maxmemory": 134217728,
    "maxmemory_policy": "allkeys-lfu"
  },
  "gate": {
    "pass": false,
    "reason": "aki is 0.20x Redis, below the 2.0x bar",
    "required_speedup": 2,
    "speedup_vs_redis": 0.19947471272361447,
    "speedup_vs_valkey": 0.17101879510715748,
    "tail_regressed_vs_redis": true,
    "tail_regressed_vs_valkey": true
  },
  "generator_bound": false
}
