{
  "workload": "mixed",
  "cell": {
    "keyspace": 588674,
    "value_size": 128,
    "dist": "uniform",
    "pipeline": 16,
    "connections": 64
  },
  "timestamp": "2026-07-15T17:32:45.964310244Z",
  "aki": {
    "target": "aki",
    "version": "unknown",
    "workload": "mixed",
    "skipped": false,
    "ops": 17673552,
    "errors": 0,
    "ops_per_sec": 1767203.5361184452,
    "min_us": 20.495,
    "p50_us": 385.791,
    "p99_us": 3477.503,
    "p999_us": 6316.031,
    "nil_replies": 0,
    "err_replies": 0,
    "hit_ratio": 1,
    "value_ops_per_sec": 1767203.5361184452,
    "bytes_per_sec": 293606075.115585,
    "resp_ver": 2,
    "used_memory": 103258560,
    "bytes_per_key": 175.40873216754943,
    "coverage_sampled": 2000,
    "coverage_retrievable": 2000,
    "coverage_fraction": 1,
    "coverage_keyspace": 588674,
    "distinct_keys_est": 588674,
    "key_draws": 17673552
  },
  "redis": {
    "target": "redis",
    "version": "redis 8.8.0",
    "workload": "mixed",
    "skipped": false,
    "ops": 24574592,
    "errors": 0,
    "ops_per_sec": 2457308.5217731385,
    "min_us": 24.171,
    "p50_us": 320.767,
    "p99_us": 2580.479,
    "p999_us": 4730.879,
    "nil_replies": 0,
    "err_replies": 0,
    "hit_ratio": 1,
    "value_ops_per_sec": 2457308.5217731385,
    "bytes_per_sec": 408260937.8925059,
    "resp_ver": 2,
    "used_memory": 125062424,
    "bytes_per_key": 212.44767732225307,
    "coverage_sampled": 2000,
    "coverage_retrievable": 2000,
    "coverage_fraction": 1,
    "coverage_keyspace": 588674,
    "distinct_keys_est": 588674,
    "key_draws": 24574592,
    "server_hits": 33135896,
    "maxmemory": 134217728,
    "maxmemory_policy": "allkeys-lfu"
  },
  "valkey": {
    "target": "valkey",
    "version": "valkey 9.1.0",
    "workload": "mixed",
    "skipped": false,
    "ops": 29138704,
    "errors": 0,
    "ops_per_sec": 2913650.4881502963,
    "min_us": 13.923,
    "p50_us": 228.735,
    "p99_us": 3807.231,
    "p999_us": 7114.751,
    "nil_replies": 0,
    "err_replies": 0,
    "hit_ratio": 1,
    "value_ops_per_sec": 2913650.4881502963,
    "bytes_per_sec": 484078274.21454406,
    "resp_ver": 2,
    "used_memory": 123760976,
    "bytes_per_key": 210.2368645464213,
    "coverage_sampled": 2000,
    "coverage_retrievable": 2000,
    "coverage_fraction": 1,
    "coverage_keyspace": 588674,
    "distinct_keys_est": 588674,
    "key_draws": 29138704,
    "server_hits": 39374262,
    "maxmemory": 134217728,
    "maxmemory_policy": "allkeys-lfu"
  },
  "gate": {
    "pass": false,
    "reason": "aki is 0.72x Redis, below the 2.0x bar",
    "required_speedup": 2,
    "speedup_vs_redis": 0.7191622543364115,
    "speedup_vs_valkey": 0.6065255744659813,
    "tail_regressed_vs_redis": true,
    "tail_regressed_vs_valkey": false
  },
  "generator_bound": false
}
