{
  "workload": "mixed",
  "cell": {
    "keyspace": 9418787,
    "value_size": 128,
    "dist": "zipfian",
    "zipf_s": 0.99,
    "pipeline": 16,
    "connections": 64
  },
  "timestamp": "2026-07-15T18:20:52.123488666Z",
  "aki": {
    "target": "aki",
    "version": "unknown",
    "workload": "mixed",
    "skipped": false,
    "ops": 3619488,
    "errors": 0,
    "ops_per_sec": 361332.42826775473,
    "min_us": 314.528,
    "p50_us": 1289.215,
    "p99_us": 57638.911,
    "p999_us": 71958.527,
    "nil_replies": 78462,
    "err_replies": 8609,
    "hit_ratio": 0.9759438351501649,
    "value_ops_per_sec": 352640.15580775443,
    "bytes_per_sec": 58190102.47168172,
    "resp_ver": 2,
    "used_memory": 1160704672,
    "bytes_per_key": 123.23292500403714,
    "coverage_sampled": 2000,
    "coverage_retrievable": 1449,
    "coverage_missing": 551,
    "coverage_fraction": 0.7245,
    "coverage_keyspace": 9418787,
    "distinct_keys_est": 959822,
    "key_draws": 3619488
  },
  "redis": {
    "target": "redis",
    "version": "redis 8.8.0",
    "workload": "mixed",
    "skipped": false,
    "ops": 23169776,
    "errors": 0,
    "ops_per_sec": 2316794.1240378204,
    "min_us": 26.107,
    "p50_us": 324.351,
    "p99_us": 2715.647,
    "p999_us": 4915.199,
    "nil_replies": 5561668,
    "err_replies": 0,
    "hit_ratio": 0.7599602171380508,
    "value_ops_per_sec": 1760671.3655679421,
    "bytes_per_sec": 306565828.45643777,
    "resp_ver": 2,
    "used_memory": 133621000,
    "bytes_per_key": 14.186646327175676,
    "coverage_sampled": 2000,
    "coverage_retrievable": 143,
    "coverage_missing": 1857,
    "coverage_fraction": 0.0715,
    "coverage_keyspace": 9418787,
    "distinct_keys_est": 3500033,
    "key_draws": 23169776,
    "server_hits": 22014558,
    "server_misses": 9023404,
    "evicted_keys": 805475,
    "maxmemory": 134217728,
    "maxmemory_policy": "allkeys-lfu"
  },
  "valkey": {
    "target": "valkey",
    "version": "valkey 9.1.0",
    "workload": "mixed",
    "skipped": false,
    "ops": 26940432,
    "errors": 0,
    "ops_per_sec": 2693762.0008784905,
    "min_us": 15.054,
    "p50_us": 261.119,
    "p99_us": 3616.767,
    "p999_us": 6684.671,
    "nil_replies": 6286945,
    "err_replies": 0,
    "hit_ratio": 0.7666353308662608,
    "value_ops_per_sec": 2065133.122818442,
    "bytes_per_sec": 358802665.9485043,
    "resp_ver": 2,
    "used_memory": 133941456,
    "bytes_per_key": 14.22066939192913,
    "coverage_sampled": 2000,
    "coverage_retrievable": 166,
    "coverage_missing": 1834,
    "coverage_fraction": 0.083,
    "coverage_keyspace": 9418787,
    "distinct_keys_est": 3830267,
    "key_draws": 26940432,
    "server_hits": 25849897,
    "server_misses": 10190525,
    "evicted_keys": 950446,
    "maxmemory": 134217728,
    "maxmemory_policy": "allkeys-lfu"
  },
  "gate": {
    "pass": false,
    "reason": "aki is 0.20x Redis, below the 2.0x bar",
    "required_speedup": 2,
    "speedup_vs_redis": 0.20028732374709962,
    "speedup_vs_valkey": 0.1707590430424553,
    "tail_regressed_vs_redis": true,
    "tail_regressed_vs_valkey": true
  },
  "generator_bound": false
}
