{
  "workload": "mixed",
  "cell": {
    "keyspace": 1157049,
    "value_size": 16,
    "dist": "zipfian",
    "zipf_s": 0.99,
    "pipeline": 16,
    "connections": 64
  },
  "timestamp": "2026-07-15T17:24:16.981205165Z",
  "aki": {
    "target": "aki",
    "version": "unknown",
    "workload": "mixed",
    "skipped": false,
    "ops": 17695728,
    "errors": 0,
    "ops_per_sec": 1769389.448256997,
    "min_us": 21.099,
    "p50_us": 378.111,
    "p99_us": 3579.903,
    "p999_us": 6299.647,
    "nil_replies": 0,
    "err_replies": 0,
    "hit_ratio": 1,
    "value_ops_per_sec": 1769389.448256997,
    "bytes_per_sec": 88795553.42293344,
    "resp_ver": 2,
    "used_memory": 73639088,
    "bytes_per_key": 63.643880250533904,
    "coverage_sampled": 2000,
    "coverage_retrievable": 2000,
    "coverage_fraction": 1,
    "coverage_keyspace": 1157049,
    "distinct_keys_est": 1014363,
    "key_draws": 17695728
  },
  "redis": {
    "target": "redis",
    "version": "redis 8.8.0",
    "workload": "mixed",
    "skipped": false,
    "ops": 25079536,
    "errors": 0,
    "ops_per_sec": 2507705.869504875,
    "min_us": 22.252,
    "p50_us": 286.719,
    "p99_us": 3035.135,
    "p999_us": 5439.487,
    "nil_replies": 0,
    "err_replies": 0,
    "hit_ratio": 1,
    "value_ops_per_sec": 2507705.869504875,
    "bytes_per_sec": 125846985.06579341,
    "resp_ver": 2,
    "used_memory": 86481664,
    "bytes_per_key": 74.7433030061821,
    "coverage_sampled": 2000,
    "coverage_retrievable": 2000,
    "coverage_fraction": 1,
    "coverage_keyspace": 1157049,
    "distinct_keys_est": 1082901,
    "key_draws": 25079536,
    "server_hits": 33705874,
    "maxmemory": 134217728,
    "maxmemory_policy": "allkeys-lfu"
  },
  "valkey": {
    "target": "valkey",
    "version": "valkey 9.1.0",
    "workload": "mixed",
    "skipped": false,
    "ops": 30253088,
    "errors": 0,
    "ops_per_sec": 3025055.5408375934,
    "min_us": 13.551,
    "p50_us": 207.487,
    "p99_us": 3864.575,
    "p999_us": 6983.679,
    "nil_replies": 0,
    "err_replies": 0,
    "hit_ratio": 1,
    "value_ops_per_sec": 3025055.5408375934,
    "bytes_per_sec": 151809424.73905614,
    "resp_ver": 2,
    "used_memory": 74493648,
    "bytes_per_key": 64.38244879862478,
    "coverage_sampled": 2000,
    "coverage_retrievable": 2000,
    "coverage_fraction": 1,
    "coverage_keyspace": 1157049,
    "distinct_keys_est": 1109432,
    "key_draws": 30253088,
    "server_hits": 40862528,
    "maxmemory": 134217728,
    "maxmemory_policy": "allkeys-lfu"
  },
  "gate": {
    "pass": false,
    "reason": "aki is 0.71x Redis, below the 2.0x bar",
    "required_speedup": 2,
    "speedup_vs_redis": 0.7055809334634399,
    "speedup_vs_valkey": 0.584911392326727,
    "tail_regressed_vs_redis": true,
    "tail_regressed_vs_valkey": false
  },
  "generator_bound": false
}
