{
  "workload": "mixed",
  "cell": {
    "keyspace": 2354696,
    "value_size": 128,
    "dist": "zipfian",
    "zipf_s": 0.99,
    "pipeline": 16,
    "connections": 64
  },
  "timestamp": "2026-07-15T18:06:55.296186263Z",
  "aki": {
    "target": "aki",
    "version": "unknown",
    "workload": "mixed",
    "skipped": false,
    "ops": 5201712,
    "errors": 0,
    "ops_per_sec": 520086.88715446275,
    "min_us": 287.36,
    "p50_us": 1913.855,
    "p99_us": 3233.791,
    "p999_us": 3739.647,
    "nil_replies": 0,
    "err_replies": 0,
    "hit_ratio": 1,
    "value_ops_per_sec": 520086.88715446275,
    "bytes_per_sec": 84982794.38425398,
    "resp_ver": 2,
    "used_memory": 413242944,
    "bytes_per_key": 175.49736526498538,
    "coverage_sampled": 2000,
    "coverage_retrievable": 2000,
    "coverage_fraction": 1,
    "coverage_keyspace": 2354696,
    "distinct_keys_est": 861560,
    "key_draws": 5201712
  },
  "redis": {
    "target": "redis",
    "version": "redis 8.8.0",
    "workload": "mixed",
    "skipped": false,
    "ops": 22988624,
    "errors": 0,
    "ops_per_sec": 2298631.467070208,
    "min_us": 23.912,
    "p50_us": 331.007,
    "p99_us": 2789.375,
    "p999_us": 4988.927,
    "nil_replies": 3453437,
    "err_replies": 0,
    "hit_ratio": 0.8497762632509018,
    "value_ops_per_sec": 1953322.4586778597,
    "bytes_per_sec": 330360851.6648931,
    "resp_ver": 2,
    "used_memory": 133675928,
    "bytes_per_key": 56.76993038591818,
    "coverage_sampled": 2000,
    "coverage_retrievable": 494,
    "coverage_missing": 1506,
    "coverage_fraction": 0.247,
    "coverage_keyspace": 2354696,
    "distinct_keys_est": 1789370,
    "key_draws": 22988624,
    "server_hits": 24963073,
    "server_misses": 5805271,
    "evicted_keys": 501764,
    "maxmemory": 134217728,
    "maxmemory_policy": "allkeys-lfu"
  },
  "valkey": {
    "target": "valkey",
    "version": "valkey 9.1.0",
    "workload": "mixed",
    "skipped": false,
    "ops": 27154736,
    "errors": 0,
    "ops_per_sec": 2715136.503042006,
    "min_us": 14.926,
    "p50_us": 250.239,
    "p99_us": 3858.431,
    "p999_us": 7012.351,
    "nil_replies": 3741956,
    "err_replies": 0,
    "hit_ratio": 0.8621987707779594,
    "value_ops_per_sec": 2340987.3554171845,
    "bytes_per_sec": 394639606.338067,
    "resp_ver": 2,
    "used_memory": 133936912,
    "bytes_per_key": 56.88076592477331,
    "coverage_sampled": 2000,
    "coverage_retrievable": 538,
    "coverage_missing": 1462,
    "coverage_fraction": 0.269,
    "coverage_keyspace": 2354696,
    "distinct_keys_est": 1889592,
    "key_draws": 27154736,
    "server_hits": 30045614,
    "server_misses": 6312724,
    "evicted_keys": 503657,
    "maxmemory": 134217728,
    "maxmemory_policy": "allkeys-lfu"
  },
  "gate": {
    "pass": false,
    "reason": "aki is 0.27x Redis, below the 2.0x bar",
    "required_speedup": 2,
    "speedup_vs_redis": 0.26625756789101407,
    "speedup_vs_valkey": 0.22216561142500435,
    "tail_regressed_vs_redis": true,
    "tail_regressed_vs_valkey": false
  },
  "generator_bound": false
}
