{
  "workload": "mixed",
  "cell": {
    "keyspace": 511793,
    "value_size": 4096,
    "dist": "zipfian",
    "zipf_s": 0.99,
    "pipeline": 16,
    "connections": 64
  },
  "timestamp": "2026-07-15T20:12:49.014351008Z",
  "aki": {
    "target": "aki",
    "version": "unknown",
    "workload": "mixed",
    "skipped": false,
    "ops": 10273280,
    "errors": 0,
    "ops_per_sec": 1027185.4847934091,
    "min_us": 50.876,
    "p50_us": 656.895,
    "p99_us": 5013.503,
    "p999_us": 6873.087,
    "nil_replies": 0,
    "err_replies": 0,
    "hit_ratio": 1,
    "value_ops_per_sec": 1027185.4847934091,
    "bytes_per_sec": 4244289880.591381,
    "resp_ver": 2,
    "used_memory": 143695280,
    "bytes_per_key": 280.76835751954405,
    "coverage_sampled": 2000,
    "coverage_retrievable": 2000,
    "coverage_fraction": 1,
    "coverage_keyspace": 511793,
    "distinct_keys_est": 477256,
    "key_draws": 10273280
  },
  "redis": {
    "target": "redis",
    "version": "redis 8.8.0",
    "workload": "mixed",
    "skipped": false,
    "ops": 16842048,
    "errors": 0,
    "ops_per_sec": 1683961.1860503054,
    "min_us": 29.843,
    "p50_us": 439.551,
    "p99_us": 2760.703,
    "p999_us": 5046.271,
    "nil_replies": 3927407,
    "err_replies": 0,
    "hit_ratio": 0.7668094165270162,
    "value_ops_per_sec": 1291277.2945293768,
    "bytes_per_sec": 5348058130.604808,
    "resp_ver": 2,
    "used_memory": 130716456,
    "bytes_per_key": 255.40883912050379,
    "coverage_sampled": 2000,
    "coverage_retrievable": 95,
    "coverage_missing": 1905,
    "coverage_fraction": 0.0475,
    "coverage_keyspace": 511793,
    "distinct_keys_est": 502409,
    "key_draws": 16842048,
    "server_hits": 16648442,
    "server_misses": 6076542,
    "evicted_keys": 669135,
    "maxmemory": 134217728,
    "maxmemory_policy": "allkeys-lfu"
  },
  "valkey": {
    "target": "valkey",
    "version": "valkey 9.1.0",
    "workload": "mixed",
    "skipped": false,
    "ops": 16457024,
    "errors": 0,
    "ops_per_sec": 1645530.3897464052,
    "min_us": 21.333,
    "p50_us": 454.655,
    "p99_us": 3563.519,
    "p999_us": 7155.711,
    "nil_replies": 3852347,
    "err_replies": 0,
    "hit_ratio": 0.7659147243146756,
    "value_ops_per_sec": 1260335.9548140387,
    "bytes_per_sec": 5219970253.613443,
    "resp_ver": 2,
    "used_memory": 130570288,
    "bytes_per_key": 255.12323927838014,
    "coverage_sampled": 2000,
    "coverage_retrievable": 99,
    "coverage_missing": 1901,
    "coverage_fraction": 0.0495,
    "coverage_keyspace": 511793,
    "distinct_keys_est": 501694,
    "key_draws": 16457024,
    "server_hits": 16276799,
    "server_misses": 5991245,
    "evicted_keys": 659328,
    "maxmemory": 134217728,
    "maxmemory_policy": "allkeys-lfu"
  },
  "gate": {
    "pass": false,
    "reason": "aki is 0.80x Redis, below the 2.0x bar",
    "required_speedup": 2,
    "speedup_vs_redis": 0.7954801723418985,
    "speedup_vs_valkey": 0.8150092686556493,
    "tail_regressed_vs_redis": true,
    "tail_regressed_vs_valkey": true
  },
  "generator_bound": false
}
