{
  "workload": "mixed",
  "cell": {
    "keyspace": 18512790,
    "value_size": 16,
    "dist": "uniform",
    "pipeline": 16,
    "connections": 64
  },
  "timestamp": "2026-07-15T17:22:39.330477453Z",
  "aki": {
    "target": "aki",
    "version": "unknown",
    "workload": "mixed",
    "skipped": false,
    "ops": 4761296,
    "errors": 0,
    "ops_per_sec": 476024.73803373775,
    "min_us": 421.132,
    "p50_us": 2103.295,
    "p99_us": 3395.583,
    "p999_us": 3915.775,
    "nil_replies": 0,
    "err_replies": 0,
    "hit_ratio": 1,
    "value_ops_per_sec": 476024.73803373775,
    "bytes_per_sec": 26130915.504242502,
    "resp_ver": 2,
    "used_memory": 1179571360,
    "bytes_per_key": 63.716563521759824,
    "coverage_sampled": 2000,
    "coverage_retrievable": 2000,
    "coverage_fraction": 1,
    "coverage_keyspace": 18512790,
    "distinct_keys_est": 4198542,
    "key_draws": 4761296
  },
  "redis": {
    "target": "redis",
    "version": "redis 8.8.0",
    "workload": "mixed",
    "skipped": false,
    "ops": 23191744,
    "errors": 0,
    "ops_per_sec": 2319092.7927479884,
    "min_us": 20.492,
    "p50_us": 280.575,
    "p99_us": 2945.023,
    "p999_us": 5013.503,
    "nil_replies": 18645046,
    "err_replies": 0,
    "hit_ratio": 0.19604812816146988,
    "value_ops_per_sec": 454653.8010509987,
    "bytes_per_sec": 93745200.17202759,
    "resp_ver": 2,
    "used_memory": 133796640,
    "bytes_per_key": 7.227254238826238,
    "coverage_sampled": 2000,
    "coverage_retrievable": 190,
    "coverage_missing": 1810,
    "coverage_fraction": 0.095,
    "coverage_keyspace": 18512790,
    "distinct_keys_est": 13222880,
    "key_draws": 23191744,
    "server_hits": 3193734,
    "server_misses": 27688720,
    "evicted_keys": 2567836,
    "maxmemory": 134217728,
    "maxmemory_policy": "allkeys-lfu"
  },
  "valkey": {
    "target": "valkey",
    "version": "valkey 9.1.0",
    "workload": "mixed",
    "skipped": false,
    "ops": 26361424,
    "errors": 0,
    "ops_per_sec": 2635958.200558924,
    "min_us": 12.61,
    "p50_us": 263.935,
    "p99_us": 3590.143,
    "p999_us": 6606.847,
    "nil_replies": 20708806,
    "err_replies": 0,
    "hit_ratio": 0.21442764245209212,
    "value_ops_per_sec": 565222.3025481091,
    "bytes_per_sec": 107425955.22796164,
    "resp_ver": 2,
    "used_memory": 134046064,
    "bytes_per_key": 7.240727302583781,
    "coverage_sampled": 2000,
    "coverage_retrievable": 229,
    "coverage_missing": 1771,
    "coverage_fraction": 0.1145,
    "coverage_keyspace": 18512790,
    "distinct_keys_est": 14054368,
    "key_draws": 26361424,
    "server_hits": 4336880,
    "server_misses": 30781338,
    "evicted_keys": 2886619,
    "maxmemory": 134217728,
    "maxmemory_policy": "allkeys-lfu"
  },
  "gate": {
    "pass": false,
    "reason": "aki is 1.05x Redis, below the 2.0x bar",
    "required_speedup": 2,
    "speedup_vs_redis": 1.047004857175585,
    "speedup_vs_valkey": 0.8421902955487514,
    "tail_regressed_vs_redis": true,
    "tail_regressed_vs_valkey": false
  },
  "generator_bound": false
}
