{
  "workload": "mixed",
  "cell": {
    "keyspace": 9418787,
    "value_size": 128,
    "dist": "uniform",
    "pipeline": 16,
    "connections": 64
  },
  "timestamp": "2026-07-15T18:03:22.172788736Z",
  "aki": {
    "target": "aki",
    "version": "unknown",
    "workload": "mixed",
    "skipped": false,
    "ops": 776320,
    "errors": 0,
    "ops_per_sec": 77169.04133683944,
    "min_us": 173.615,
    "p50_us": 1781.759,
    "p99_us": 67174.399,
    "p999_us": 69074.943,
    "nil_replies": 216645,
    "err_replies": 24042,
    "hit_ratio": 0.6899641900247321,
    "value_ops_per_sec": 53243.87510095749,
    "bytes_per_sec": 10209354.526638236,
    "resp_ver": 2,
    "used_memory": 1160704672,
    "bytes_per_key": 123.23292500403714,
    "coverage_sampled": 2000,
    "coverage_retrievable": 1449,
    "coverage_missing": 551,
    "coverage_fraction": 0.7245,
    "coverage_keyspace": 9418787,
    "distinct_keys_est": 745403,
    "key_draws": 776320
  },
  "redis": {
    "target": "redis",
    "version": "redis 8.8.0",
    "workload": "mixed",
    "skipped": false,
    "ops": 22058576,
    "errors": 0,
    "ops_per_sec": 2205746.7411539615,
    "min_us": 23.539,
    "p50_us": 329.983,
    "p99_us": 2559.999,
    "p999_us": 4280.319,
    "nil_replies": 18350873,
    "err_replies": 0,
    "hit_ratio": 0.16808442213132888,
    "value_ops_per_sec": 370751.6663549255,
    "bytes_per_sec": 128794591.89972626,
    "resp_ver": 2,
    "used_memory": 133830816,
    "bytes_per_key": 14.208922656388769,
    "coverage_sampled": 2000,
    "coverage_retrievable": 133,
    "coverage_missing": 1867,
    "coverage_fraction": 0.0665,
    "coverage_keyspace": 9418787,
    "distinct_keys_est": 8514393,
    "key_draws": 22058576,
    "server_hits": 2141635,
    "server_misses": 27411809,
    "evicted_keys": 2814611,
    "maxmemory": 134217728,
    "maxmemory_policy": "allkeys-lfu"
  },
  "valkey": {
    "target": "valkey",
    "version": "valkey 9.1.0",
    "workload": "mixed",
    "skipped": false,
    "ops": 27107056,
    "errors": 0,
    "ops_per_sec": 2710425.6959646335,
    "min_us": 12.336,
    "p50_us": 264.191,
    "p99_us": 3629.055,
    "p999_us": 6586.367,
    "nil_replies": 22548704,
    "err_replies": 0,
    "hit_ratio": 0.16816108691404924,
    "value_ops_per_sec": 455788.1310331811,
    "bytes_per_sec": 158290179.36815077,
    "resp_ver": 2,
    "used_memory": 134020696,
    "bytes_per_key": 14.229082364852289,
    "coverage_sampled": 2000,
    "coverage_retrievable": 155,
    "coverage_missing": 1845,
    "coverage_fraction": 0.0775,
    "coverage_keyspace": 9418787,
    "distinct_keys_est": 8888738,
    "key_draws": 27107056,
    "server_hits": 2646587,
    "server_misses": 33669025,
    "evicted_keys": 3508615,
    "maxmemory": 134217728,
    "maxmemory_policy": "allkeys-lfu"
  },
  "gate": {
    "pass": false,
    "reason": "aki is 0.14x Redis, below the 2.0x bar",
    "required_speedup": 2,
    "speedup_vs_redis": 0.14361061576453288,
    "speedup_vs_valkey": 0.11681716015786592,
    "tail_regressed_vs_redis": true,
    "tail_regressed_vs_valkey": true
  },
  "generator_bound": false
}
