{
  "workload": "mixed",
  "cell": {
    "keyspace": 3508960,
    "value_size": 512,
    "dist": "zipfian",
    "zipf_s": 0.99,
    "pipeline": 16,
    "connections": 64
  },
  "timestamp": "2026-07-15T19:43:06.037850236Z",
  "aki": {
    "target": "aki",
    "version": "unknown",
    "workload": "mixed",
    "skipped": false,
    "ops": 2594208,
    "errors": 0,
    "ops_per_sec": 258080.62640628708,
    "min_us": 319.206,
    "p50_us": 1252.351,
    "p99_us": 63012.863,
    "p999_us": 69337.087,
    "nil_replies": 97426,
    "err_replies": 10878,
    "hit_ratio": 0.958251612823644,
    "value_ops_per_sec": 247306.17649236092,
    "bytes_per_sec": 136363070.23527336,
    "resp_ver": 2,
    "used_memory": 1074965504,
    "bytes_per_key": 306.3487483470886,
    "coverage_sampled": 2000,
    "coverage_retrievable": 1052,
    "coverage_missing": 948,
    "coverage_fraction": 0.526,
    "coverage_keyspace": 3508960,
    "distinct_keys_est": 606724,
    "key_draws": 2594208
  },
  "redis": {
    "target": "redis",
    "version": "redis 8.8.0",
    "workload": "mixed",
    "skipped": false,
    "ops": 22831920,
    "errors": 0,
    "ops_per_sec": 2283001.7426252756,
    "min_us": 20.707,
    "p50_us": 338.431,
    "p99_us": 2650.111,
    "p999_us": 4648.959,
    "nil_replies": 5019132,
    "err_replies": 0,
    "hit_ratio": 0.7801703930287072,
    "value_ops_per_sec": 1781130.3668291848,
    "bytes_per_sec": 991508554.0473856,
    "resp_ver": 2,
    "used_memory": 132896488,
    "bytes_per_key": 37.87346906205828,
    "coverage_sampled": 2000,
    "coverage_retrievable": 96,
    "coverage_missing": 1904,
    "coverage_fraction": 0.048,
    "coverage_keyspace": 3508960,
    "distinct_keys_est": 2249937,
    "key_draws": 22831920,
    "server_hits": 22606498,
    "server_misses": 8115468,
    "evicted_keys": 824626,
    "maxmemory": 134217728,
    "maxmemory_policy": "allkeys-lfu"
  },
  "valkey": {
    "target": "valkey",
    "version": "valkey 9.1.0",
    "workload": "mixed",
    "skipped": false,
    "ops": 25022400,
    "errors": 0,
    "ops_per_sec": 2502012.7484370912,
    "min_us": 16.381,
    "p50_us": 292.607,
    "p99_us": 3659.775,
    "p999_us": 6701.055,
    "nil_replies": 5443660,
    "err_replies": 0,
    "hit_ratio": 0.7824485261205959,
    "value_ops_per_sec": 1957696.1873495434,
    "bytes_per_sec": 1089560565.6377244,
    "resp_ver": 2,
    "used_memory": 133052976,
    "bytes_per_key": 37.91806575167571,
    "coverage_sampled": 2000,
    "coverage_retrievable": 99,
    "coverage_missing": 1901,
    "coverage_fraction": 0.0495,
    "coverage_keyspace": 3508960,
    "distinct_keys_est": 2340275,
    "key_draws": 25022400,
    "server_hits": 24752468,
    "server_misses": 8772222,
    "evicted_keys": 905506,
    "maxmemory": 134217728,
    "maxmemory_policy": "allkeys-lfu"
  },
  "gate": {
    "pass": false,
    "reason": "aki is 0.14x Redis, below the 2.0x bar",
    "required_speedup": 2,
    "speedup_vs_redis": 0.13884788059204328,
    "speedup_vs_valkey": 0.12632510503439257,
    "tail_regressed_vs_redis": true,
    "tail_regressed_vs_valkey": true
  },
  "generator_bound": false
}
