{
  "workload": "mixed",
  "cell": {
    "keyspace": 4628197,
    "value_size": 16,
    "dist": "uniform",
    "pipeline": 16,
    "connections": 64
  },
  "timestamp": "2026-07-15T17:17:16.547936169Z",
  "aki": {
    "target": "aki",
    "version": "unknown",
    "workload": "mixed",
    "skipped": false,
    "ops": 5230416,
    "errors": 0,
    "ops_per_sec": 522962.82778273214,
    "min_us": 362.827,
    "p50_us": 1906.687,
    "p99_us": 3178.495,
    "p999_us": 3723.263,
    "nil_replies": 0,
    "err_replies": 0,
    "hit_ratio": 1,
    "value_ops_per_sec": 522962.82778273214,
    "bytes_per_sec": 28364531.441395484,
    "resp_ver": 2,
    "used_memory": 294814896,
    "bytes_per_key": 63.69972928982928,
    "coverage_sampled": 2000,
    "coverage_retrievable": 2000,
    "coverage_fraction": 1,
    "coverage_keyspace": 4628197,
    "distinct_keys_est": 3133386,
    "key_draws": 5230416
  },
  "redis": {
    "target": "redis",
    "version": "redis 8.8.0",
    "workload": "mixed",
    "skipped": false,
    "ops": 23771296,
    "errors": 0,
    "ops_per_sec": 2377075.000013495,
    "min_us": 21.635,
    "p50_us": 292.351,
    "p99_us": 2889.727,
    "p999_us": 5185.535,
    "nil_replies": 12671595,
    "err_replies": 0,
    "hit_ratio": 0.4669371413321344,
    "value_ops_per_sec": 1109944.6052383846,
    "bytes_per_sec": 106119953.38834265,
    "resp_ver": 2,
    "used_memory": 133788352,
    "bytes_per_key": 28.90722931629747,
    "coverage_sampled": 2000,
    "coverage_retrievable": 754,
    "coverage_missing": 1246,
    "coverage_fraction": 0.377,
    "coverage_keyspace": 4628197,
    "distinct_keys_est": 4601223,
    "key_draws": 23771296,
    "server_hits": 12719278,
    "server_misses": 18851548,
    "evicted_keys": 1759738,
    "maxmemory": 134217728,
    "maxmemory_policy": "allkeys-lfu"
  },
  "valkey": {
    "target": "valkey",
    "version": "valkey 9.1.0",
    "workload": "mixed",
    "skipped": false,
    "ops": 27233440,
    "errors": 0,
    "ops_per_sec": 2723252.729095483,
    "min_us": 14.037,
    "p50_us": 252.543,
    "p99_us": 3737.599,
    "p999_us": 6746.111,
    "nil_replies": 12639212,
    "err_replies": 0,
    "hit_ratio": 0.5358936660223608,
    "value_ops_per_sec": 1459373.8885003773,
    "bytes_per_sec": 124954536.89871402,
    "resp_ver": 2,
    "used_memory": 134028848,
    "bytes_per_key": 28.959192532210707,
    "coverage_sampled": 2000,
    "coverage_retrievable": 910,
    "coverage_missing": 1090,
    "coverage_fraction": 0.455,
    "coverage_keyspace": 4628197,
    "distinct_keys_est": 4615442,
    "key_draws": 27233440,
    "server_hits": 17412834,
    "server_misses": 18910666,
    "evicted_keys": 1732752,
    "maxmemory": 134217728,
    "maxmemory_policy": "allkeys-lfu"
  },
  "gate": {
    "pass": false,
    "reason": "aki is 0.47x Redis, below the 2.0x bar",
    "required_speedup": 2,
    "speedup_vs_redis": 0.47116119607646056,
    "speedup_vs_valkey": 0.35834739260691995,
    "tail_regressed_vs_redis": true,
    "tail_regressed_vs_valkey": false
  },
  "generator_bound": false
}
