{
  "workload": "mixed",
  "cell": {
    "keyspace": 31987,
    "value_size": 4096,
    "dist": "zipfian",
    "zipf_s": 0.99,
    "pipeline": 16,
    "connections": 64
  },
  "timestamp": "2026-07-15T20:10:14.286275375Z",
  "aki": {
    "target": "aki",
    "version": "unknown",
    "workload": "mixed",
    "skipped": false,
    "ops": 14116352,
    "errors": 0,
    "ops_per_sec": 1411564.538914216,
    "min_us": 44.632,
    "p50_us": 543.231,
    "p99_us": 3411.967,
    "p999_us": 5697.535,
    "nil_replies": 0,
    "err_replies": 0,
    "hit_ratio": 1,
    "value_ops_per_sec": 1411564.538914216,
    "bytes_per_sec": 5831487248.229287,
    "resp_ver": 2,
    "used_memory": 140979856,
    "bytes_per_key": 4407.411010723106,
    "coverage_sampled": 2000,
    "coverage_retrievable": 2000,
    "coverage_fraction": 1,
    "coverage_keyspace": 31987,
    "distinct_keys_est": 31987,
    "key_draws": 14116352
  },
  "redis": {
    "target": "redis",
    "version": "redis 8.8.0",
    "workload": "mixed",
    "skipped": false,
    "ops": 15053648,
    "errors": 0,
    "ops_per_sec": 1505199.815499783,
    "min_us": 30.202,
    "p50_us": 503.551,
    "p99_us": 2680.831,
    "p999_us": 5103.615,
    "nil_replies": 423835,
    "err_replies": 0,
    "hit_ratio": 0.9718450305201769,
    "value_ops_per_sec": 1462820.9606333512,
    "bytes_per_sec": 6044562118.459564,
    "resp_ver": 2,
    "used_memory": 129631784,
    "bytes_per_key": 4052.6396348516587,
    "coverage_sampled": 2000,
    "coverage_retrievable": 1536,
    "coverage_missing": 464,
    "coverage_fraction": 0.768,
    "coverage_keyspace": 31987,
    "distinct_keys_est": 31987,
    "key_draws": 15053648,
    "server_hits": 19530316,
    "server_misses": 668514,
    "evicted_keys": 73367,
    "maxmemory": 134217728,
    "maxmemory_policy": "allkeys-lfu"
  },
  "valkey": {
    "target": "valkey",
    "version": "valkey 9.1.0",
    "workload": "mixed",
    "skipped": false,
    "ops": 15118144,
    "errors": 0,
    "ops_per_sec": 1511676.743541212,
    "min_us": 21.952,
    "p50_us": 503.295,
    "p99_us": 3618.815,
    "p999_us": 7245.823,
    "nil_replies": 439265,
    "err_replies": 0,
    "hit_ratio": 0.9709445154114156,
    "value_ops_per_sec": 1467754.243216329,
    "bytes_per_sec": 6064990713.6091385,
    "resp_ver": 2,
    "used_memory": 129212752,
    "bytes_per_key": 4039.5395629474474,
    "coverage_sampled": 2000,
    "coverage_retrievable": 1538,
    "coverage_missing": 462,
    "coverage_fraction": 0.769,
    "coverage_keyspace": 31987,
    "distinct_keys_est": 31987,
    "key_draws": 15118144,
    "server_hits": 19720597,
    "server_misses": 707655,
    "evicted_keys": 77743,
    "maxmemory": 134217728,
    "maxmemory_policy": "allkeys-lfu"
  },
  "gate": {
    "pass": false,
    "reason": "aki is 0.96x Redis, below the 2.0x bar",
    "required_speedup": 2,
    "speedup_vs_redis": 0.9649605638020506,
    "speedup_vs_valkey": 0.9617172257809434,
    "tail_regressed_vs_redis": true,
    "tail_regressed_vs_valkey": false
  },
  "generator_bound": false
}
