{
  "workload": "mixed",
  "cell": {
    "keyspace": 127948,
    "value_size": 4096,
    "dist": "uniform",
    "pipeline": 16,
    "connections": 64
  },
  "timestamp": "2026-07-15T20:06:45.96448724Z",
  "aki": {
    "target": "aki",
    "version": "unknown",
    "workload": "mixed",
    "skipped": false,
    "ops": 6329328,
    "errors": 0,
    "ops_per_sec": 632870.3949919704,
    "min_us": 57.4,
    "p50_us": 984.063,
    "p99_us": 5496.831,
    "p999_us": 48365.567,
    "nil_replies": 0,
    "err_replies": 0,
    "hit_ratio": 1,
    "value_ops_per_sec": 632870.3949919704,
    "bytes_per_sec": 2616191394.9464526,
    "resp_ver": 2,
    "used_memory": 138499008,
    "bytes_per_key": 1082.463250695595,
    "coverage_sampled": 2000,
    "coverage_retrievable": 2000,
    "coverage_fraction": 1,
    "coverage_keyspace": 127948,
    "distinct_keys_est": 127948,
    "key_draws": 6329328
  },
  "redis": {
    "target": "redis",
    "version": "redis 8.8.0",
    "workload": "mixed",
    "skipped": false,
    "ops": 20245424,
    "errors": 0,
    "ops_per_sec": 2024414.750123048,
    "min_us": 21.273,
    "p50_us": 338.431,
    "p99_us": 3274.751,
    "p999_us": 5988.351,
    "nil_replies": 14616490,
    "err_replies": 0,
    "hit_ratio": 0.27803487840017577,
    "value_ops_per_sec": 562857.9088819838,
    "bytes_per_sec": 2376243470.592713,
    "resp_ver": 2,
    "used_memory": 131719600,
    "bytes_per_key": 1029.4776002751119,
    "coverage_sampled": 2000,
    "coverage_retrievable": 407,
    "coverage_missing": 1593,
    "coverage_fraction": 0.2035,
    "coverage_keyspace": 127948,
    "distinct_keys_est": 127948,
    "key_draws": 20245424,
    "server_hits": 5394037,
    "server_misses": 21923063,
    "evicted_keys": 2426201,
    "maxmemory": 134217728,
    "maxmemory_policy": "allkeys-lfu"
  },
  "valkey": {
    "target": "valkey",
    "version": "valkey 9.1.0",
    "workload": "mixed",
    "skipped": false,
    "ops": 21829632,
    "errors": 0,
    "ops_per_sec": 2182734.4380806703,
    "min_us": 16.52,
    "p50_us": 303.615,
    "p99_us": 4186.111,
    "p999_us": 7725.055,
    "nil_replies": 15761243,
    "err_replies": 0,
    "hit_ratio": 0.2779886074121634,
    "value_ops_per_sec": 606775.3067926165,
    "bytes_per_sec": 2561663880.304692,
    "resp_ver": 2,
    "used_memory": 131665728,
    "bytes_per_key": 1029.056554225154,
    "coverage_sampled": 2000,
    "coverage_retrievable": 400,
    "coverage_missing": 1600,
    "coverage_fraction": 0.2,
    "coverage_keyspace": 127948,
    "distinct_keys_est": 127948,
    "key_draws": 21829632,
    "server_hits": 5817331,
    "server_misses": 23662353,
    "evicted_keys": 2617388,
    "maxmemory": 134217728,
    "maxmemory_policy": "allkeys-lfu"
  },
  "gate": {
    "pass": false,
    "reason": "aki is 1.12x Redis, below the 2.0x bar",
    "required_speedup": 2,
    "speedup_vs_redis": 1.1243874963915028,
    "speedup_vs_valkey": 1.0430061802239303,
    "tail_regressed_vs_redis": true,
    "tail_regressed_vs_valkey": true
  },
  "generator_bound": false
}
