{
  "workload": "mixed",
  "cell": {
    "keyspace": 511793,
    "value_size": 4096,
    "dist": "uniform",
    "pipeline": 16,
    "connections": 64
  },
  "timestamp": "2026-07-15T20:07:43.964551045Z",
  "aki": {
    "target": "aki",
    "version": "unknown",
    "workload": "mixed",
    "skipped": false,
    "ops": 5845776,
    "errors": 0,
    "ops_per_sec": 584362.0659408655,
    "min_us": 57.567,
    "p50_us": 986.623,
    "p99_us": 5746.687,
    "p999_us": 186253.311,
    "nil_replies": 0,
    "err_replies": 0,
    "hit_ratio": 1,
    "value_ops_per_sec": 584362.0659408655,
    "bytes_per_sec": 2416388207.1310406,
    "resp_ver": 2,
    "used_memory": 144551344,
    "bytes_per_key": 282.44103377732796,
    "coverage_sampled": 2000,
    "coverage_retrievable": 2000,
    "coverage_fraction": 1,
    "coverage_keyspace": 511793,
    "distinct_keys_est": 511785,
    "key_draws": 5845776
  },
  "redis": {
    "target": "redis",
    "version": "redis 8.8.0",
    "workload": "mixed",
    "skipped": false,
    "ops": 23567744,
    "errors": 0,
    "ops_per_sec": 2356574.085311313,
    "min_us": 20.048,
    "p50_us": 270.591,
    "p99_us": 3368.959,
    "p999_us": 6012.927,
    "nil_replies": 20149143,
    "err_replies": 0,
    "hit_ratio": 0.14505423174997148,
    "value_ops_per_sec": 341831.0435067243,
    "bytes_per_sec": 1484193682.0265436,
    "resp_ver": 2,
    "used_memory": 131733736,
    "bytes_per_key": 257.3965177327552,
    "coverage_sampled": 2000,
    "coverage_retrievable": 99,
    "coverage_missing": 1901,
    "coverage_fraction": 0.0495,
    "coverage_keyspace": 511793,
    "distinct_keys_est": 511793,
    "key_draws": 23567744,
    "server_hits": 1583437,
    "server_misses": 30246873,
    "evicted_keys": 3346614,
    "maxmemory": 134217728,
    "maxmemory_policy": "allkeys-lfu"
  },
  "valkey": {
    "target": "valkey",
    "version": "valkey 9.1.0",
    "workload": "mixed",
    "skipped": false,
    "ops": 25204816,
    "errors": 0,
    "ops_per_sec": 2520258.72192803,
    "min_us": 13.737,
    "p50_us": 246.399,
    "p99_us": 4182.015,
    "p999_us": 7790.591,
    "nil_replies": 21549235,
    "err_replies": 0,
    "hit_ratio": 0.1450350202913602,
    "value_ops_per_sec": 365525.7748743093,
    "bytes_per_sec": 1587085219.8534164,
    "resp_ver": 2,
    "used_memory": 131766048,
    "bytes_per_key": 257.4596526329981,
    "coverage_sampled": 2000,
    "coverage_retrievable": 92,
    "coverage_missing": 1908,
    "coverage_fraction": 0.046,
    "coverage_keyspace": 511793,
    "distinct_keys_est": 511793,
    "key_draws": 25204816,
    "server_hits": 1693299,
    "server_misses": 32324737,
    "evicted_keys": 3579948,
    "maxmemory": 134217728,
    "maxmemory_policy": "allkeys-lfu"
  },
  "gate": {
    "pass": false,
    "reason": "aki is 1.71x Redis, below the 2.0x bar",
    "required_speedup": 2,
    "speedup_vs_redis": 1.7095055497186589,
    "speedup_vs_valkey": 1.5986890832576879,
    "tail_regressed_vs_redis": true,
    "tail_regressed_vs_valkey": true
  },
  "generator_bound": false
}
