{
  "workload": "mixed",
  "cell": {
    "keyspace": 18512790,
    "value_size": 16,
    "dist": "zipfian",
    "zipf_s": 0.99,
    "pipeline": 16,
    "connections": 64
  },
  "timestamp": "2026-07-15T17:29:14.801925016Z",
  "aki": {
    "target": "aki",
    "version": "unknown",
    "workload": "mixed",
    "skipped": false,
    "ops": 4758688,
    "errors": 0,
    "ops_per_sec": 475768.16351982596,
    "min_us": 381.666,
    "p50_us": 2101.247,
    "p99_us": 3446.783,
    "p999_us": 4012.031,
    "nil_replies": 0,
    "err_replies": 0,
    "hit_ratio": 1,
    "value_ops_per_sec": 475768.16351982596,
    "bytes_per_sec": 24247748.214457136,
    "resp_ver": 2,
    "used_memory": 1179571360,
    "bytes_per_key": 63.716563521759824,
    "coverage_sampled": 2000,
    "coverage_retrievable": 2000,
    "coverage_fraction": 1,
    "coverage_keyspace": 18512790,
    "distinct_keys_est": 1342210,
    "key_draws": 4758688
  },
  "redis": {
    "target": "redis",
    "version": "redis 8.8.0",
    "workload": "mixed",
    "skipped": false,
    "ops": 24295328,
    "errors": 0,
    "ops_per_sec": 2429382.327216849,
    "min_us": 25.475,
    "p50_us": 287.231,
    "p99_us": 2955.263,
    "p999_us": 5165.055,
    "nil_replies": 6335668,
    "err_replies": 0,
    "hit_ratio": 0.7392227839031439,
    "value_ops_per_sec": 1795854.7670903376,
    "bytes_per_sec": 112410533.53768636,
    "resp_ver": 2,
    "used_memory": 133825912,
    "bytes_per_key": 7.228835415947569,
    "coverage_sampled": 2000,
    "coverage_retrievable": 192,
    "coverage_missing": 1808,
    "coverage_fraction": 0.096,
    "coverage_keyspace": 18512790,
    "distinct_keys_est": 4479706,
    "key_draws": 24295328,
    "server_hits": 22262572,
    "server_misses": 10153118,
    "evicted_keys": 825497,
    "maxmemory": 134217728,
    "maxmemory_policy": "allkeys-lfu"
  },
  "valkey": {
    "target": "valkey",
    "version": "valkey 9.1.0",
    "workload": "mixed",
    "skipped": false,
    "ops": 26916192,
    "errors": 0,
    "ops_per_sec": 2691327.8651042664,
    "min_us": 14.769,
    "p50_us": 255.615,
    "p99_us": 3641.343,
    "p999_us": 6692.863,
    "nil_replies": 6401238,
    "err_replies": 0,
    "hit_ratio": 0.7621789144615999,
    "value_ops_per_sec": 2051273.3506854249,
    "bytes_per_sec": 125642546.3571781,
    "resp_ver": 2,
    "used_memory": 134025488,
    "bytes_per_key": 7.239615854768514,
    "coverage_sampled": 2000,
    "coverage_retrievable": 250,
    "coverage_missing": 1750,
    "coverage_fraction": 0.125,
    "coverage_keyspace": 18512790,
    "distinct_keys_est": 4800040,
    "key_draws": 26916192,
    "server_hits": 25613453,
    "server_misses": 10257985,
    "evicted_keys": 765061,
    "maxmemory": 134217728,
    "maxmemory_policy": "allkeys-lfu"
  },
  "gate": {
    "pass": false,
    "reason": "aki is 0.26x Redis, below the 2.0x bar",
    "required_speedup": 2,
    "speedup_vs_redis": 0.2649257457999627,
    "speedup_vs_valkey": 0.23193796349026322,
    "tail_regressed_vs_redis": true,
    "tail_regressed_vs_valkey": false
  },
  "generator_bound": false
}
