{
  "workload": "mixed",
  "cell": {
    "keyspace": 9418787,
    "value_size": 128,
    "dist": "uniform",
    "pipeline": 16,
    "connections": 64
  },
  "timestamp": "2026-07-15T17:49:25.54460282Z",
  "aki": {
    "target": "aki",
    "version": "unknown",
    "workload": "mixed",
    "skipped": false,
    "ops": 794960,
    "errors": 0,
    "ops_per_sec": 79233.24916327879,
    "min_us": 252.093,
    "p50_us": 1667.071,
    "p99_us": 67043.327,
    "p999_us": 73662.463,
    "nil_replies": 221756,
    "err_replies": 24705,
    "hit_ratio": 0.6899705645567072,
    "value_ops_per_sec": 54668.609656849716,
    "bytes_per_sec": 10484137.82819084,
    "resp_ver": 2,
    "used_memory": 1160704672,
    "bytes_per_key": 123.23292500403714,
    "coverage_sampled": 2000,
    "coverage_retrievable": 1449,
    "coverage_missing": 551,
    "coverage_fraction": 0.7245,
    "coverage_keyspace": 9418787,
    "distinct_keys_est": 762614,
    "key_draws": 794960
  },
  "redis": {
    "target": "redis",
    "version": "redis 8.8.0",
    "workload": "mixed",
    "skipped": false,
    "ops": 22194656,
    "errors": 0,
    "ops_per_sec": 2219183.7641057954,
    "min_us": 21.411,
    "p50_us": 328.959,
    "p99_us": 2559.999,
    "p999_us": 4386.815,
    "nil_replies": 18461264,
    "err_replies": 0,
    "hit_ratio": 0.16821130275684382,
    "value_ops_per_sec": 373291.7920170722,
    "bytes_per_sec": 129616042.98846367,
    "resp_ver": 2,
    "used_memory": 133788616,
    "bytes_per_key": 14.204442249304503,
    "coverage_sampled": 2000,
    "coverage_retrievable": 149,
    "coverage_missing": 1851,
    "coverage_fraction": 0.0745,
    "coverage_keyspace": 9418787,
    "distinct_keys_est": 8527500,
    "key_draws": 22194656,
    "server_hits": 2162922,
    "server_misses": 27619248,
    "evicted_keys": 2838632,
    "maxmemory": 134217728,
    "maxmemory_policy": "allkeys-lfu"
  },
  "valkey": {
    "target": "valkey",
    "version": "valkey 9.1.0",
    "workload": "mixed",
    "skipped": false,
    "ops": 26876000,
    "errors": 0,
    "ops_per_sec": 2687398.3894916414,
    "min_us": 13.176,
    "p50_us": 265.471,
    "p99_us": 3665.919,
    "p999_us": 6737.919,
    "nil_replies": 22352635,
    "err_replies": 0,
    "hit_ratio": 0.16830499330257478,
    "value_ops_per_sec": 452302.567944741,
    "bytes_per_sec": 156996098.54279006,
    "resp_ver": 2,
    "used_memory": 134043024,
    "bytes_per_key": 14.231452946117159,
    "coverage_sampled": 2000,
    "coverage_retrievable": 119,
    "coverage_missing": 1881,
    "coverage_fraction": 0.0595,
    "coverage_keyspace": 9418787,
    "distinct_keys_est": 8875612,
    "key_draws": 26876000,
    "server_hits": 2644729,
    "server_misses": 33631487,
    "evicted_keys": 3502092,
    "maxmemory": 134217728,
    "maxmemory_policy": "allkeys-lfu"
  },
  "gate": {
    "pass": false,
    "reason": "aki is 0.15x Redis, below the 2.0x bar",
    "required_speedup": 2,
    "speedup_vs_redis": 0.14645007156854253,
    "speedup_vs_valkey": 0.12086734308244902,
    "tail_regressed_vs_redis": true,
    "tail_regressed_vs_valkey": true
  },
  "generator_bound": false
}
