{
  "workload": "mixed",
  "cell": {
    "keyspace": 18512790,
    "value_size": 16,
    "dist": "uniform",
    "pipeline": 16,
    "connections": 64
  },
  "timestamp": "2026-07-15T17:19:57.729015341Z",
  "aki": {
    "target": "aki",
    "version": "unknown",
    "workload": "mixed",
    "skipped": false,
    "ops": 4758368,
    "errors": 0,
    "ops_per_sec": 475756.69779630547,
    "min_us": 385.707,
    "p50_us": 2099.199,
    "p99_us": 3452.927,
    "p999_us": 3964.927,
    "nil_replies": 0,
    "err_replies": 0,
    "hit_ratio": 1,
    "value_ops_per_sec": 475756.69779630547,
    "bytes_per_sec": 26116217.464697905,
    "resp_ver": 2,
    "used_memory": 1179571360,
    "bytes_per_key": 63.716563521759824,
    "coverage_sampled": 2000,
    "coverage_retrievable": 2000,
    "coverage_fraction": 1,
    "coverage_keyspace": 18512790,
    "distinct_keys_est": 4196271,
    "key_draws": 4758368
  },
  "redis": {
    "target": "redis",
    "version": "redis 8.8.0",
    "workload": "mixed",
    "skipped": false,
    "ops": 23678240,
    "errors": 0,
    "ops_per_sec": 2367654.851185949,
    "min_us": 20.532,
    "p50_us": 278.271,
    "p99_us": 2926.591,
    "p999_us": 5226.495,
    "nil_replies": 19054495,
    "err_replies": 0,
    "hit_ratio": 0.19527401529843436,
    "value_ops_per_sec": 462341.46963189734,
    "bytes_per_sec": 95675254.21632591,
    "resp_ver": 2,
    "used_memory": 133789360,
    "bytes_per_key": 7.226860997180868,
    "coverage_sampled": 2000,
    "coverage_retrievable": 203,
    "coverage_missing": 1797,
    "coverage_fraction": 0.1015,
    "coverage_keyspace": 18512790,
    "distinct_keys_est": 13359487,
    "key_draws": 23678240,
    "server_hits": 3216119,
    "server_misses": 28027191,
    "evicted_keys": 2398213,
    "maxmemory": 134217728,
    "maxmemory_policy": "allkeys-lfu"
  },
  "valkey": {
    "target": "valkey",
    "version": "valkey 9.1.0",
    "workload": "mixed",
    "skipped": false,
    "ops": 26615168,
    "errors": 0,
    "ops_per_sec": 2661211.4198687836,
    "min_us": 13.24,
    "p50_us": 257.919,
    "p99_us": 3694.591,
    "p999_us": 6717.439,
    "nil_replies": 20905143,
    "err_replies": 0,
    "hit_ratio": 0.2145402576455651,
    "value_ops_per_sec": 570936.983667969,
    "bytes_per_sec": 108460514.80646677,
    "resp_ver": 2,
    "used_memory": 134037400,
    "bytes_per_key": 7.240259301812423,
    "coverage_sampled": 2000,
    "coverage_retrievable": 226,
    "coverage_missing": 1774,
    "coverage_fraction": 0.113,
    "coverage_keyspace": 18512790,
    "distinct_keys_est": 14115516,
    "key_draws": 26615168,
    "server_hits": 4384336,
    "server_misses": 31093748,
    "evicted_keys": 2921451,
    "maxmemory": 134217728,
    "maxmemory_policy": "allkeys-lfu"
  },
  "gate": {
    "pass": false,
    "reason": "aki is 1.03x Redis, below the 2.0x bar",
    "required_speedup": 2,
    "speedup_vs_redis": 1.0290158444473712,
    "speedup_vs_valkey": 0.8332910836145516,
    "tail_regressed_vs_redis": true,
    "tail_regressed_vs_valkey": false
  },
  "generator_bound": false
}
