{
  "workload": "mixed",
  "cell": {
    "keyspace": 127948,
    "value_size": 4096,
    "dist": "zipfian",
    "zipf_s": 0.99,
    "pipeline": 16,
    "connections": 64
  },
  "timestamp": "2026-07-15T20:11:51.081014062Z",
  "aki": {
    "target": "aki",
    "version": "unknown",
    "workload": "mixed",
    "skipped": false,
    "ops": 11031568,
    "errors": 0,
    "ops_per_sec": 1103062.2098784598,
    "min_us": 46.87,
    "p50_us": 649.727,
    "p99_us": 4308.991,
    "p999_us": 8278.015,
    "nil_replies": 0,
    "err_replies": 0,
    "hit_ratio": 1,
    "value_ops_per_sec": 1103062.2098784598,
    "bytes_per_sec": 4557340186.297142,
    "resp_ver": 2,
    "used_memory": 135971776,
    "bytes_per_key": 1062.7112264357395,
    "coverage_sampled": 2000,
    "coverage_retrievable": 2000,
    "coverage_fraction": 1,
    "coverage_keyspace": 127948,
    "distinct_keys_est": 127942,
    "key_draws": 11031568
  },
  "redis": {
    "target": "redis",
    "version": "redis 8.8.0",
    "workload": "mixed",
    "skipped": false,
    "ops": 15793264,
    "errors": 0,
    "ops_per_sec": 1579093.3807694481,
    "min_us": 30.884,
    "p50_us": 474.623,
    "p99_us": 2791.423,
    "p999_us": 4927.487,
    "nil_replies": 2352997,
    "err_replies": 0,
    "hit_ratio": 0.8510126215834801,
    "value_ops_per_sec": 1343828.3976937286,
    "bytes_per_sec": 5559493239.46822,
    "resp_ver": 2,
    "used_memory": 130185384,
    "bytes_per_key": 1017.4866664582487,
    "coverage_sampled": 2000,
    "coverage_retrievable": 369,
    "coverage_missing": 1631,
    "coverage_fraction": 0.1845,
    "coverage_keyspace": 127948,
    "distinct_keys_est": 127947,
    "key_draws": 15793264,
    "server_hits": 17676993,
    "server_misses": 3720199,
    "evicted_keys": 407694,
    "maxmemory": 134217728,
    "maxmemory_policy": "allkeys-lfu"
  },
  "valkey": {
    "target": "valkey",
    "version": "valkey 9.1.0",
    "workload": "mixed",
    "skipped": false,
    "ops": 15773920,
    "errors": 0,
    "ops_per_sec": 1577259.229630294,
    "min_us": 21.734,
    "p50_us": 475.135,
    "p99_us": 3647.487,
    "p999_us": 7319.551,
    "nil_replies": 2346430,
    "err_replies": 0,
    "hit_ratio": 0.8512462342905252,
    "value_ops_per_sec": 1342635.9797227625,
    "bytes_per_sec": 5554546386.249753,
    "resp_ver": 2,
    "used_memory": 129713840,
    "bytes_per_key": 1013.8012317503986,
    "coverage_sampled": 2000,
    "coverage_retrievable": 354,
    "coverage_missing": 1646,
    "coverage_fraction": 0.177,
    "coverage_keyspace": 127948,
    "distinct_keys_est": 127947,
    "key_draws": 15773920,
    "server_hits": 17669410,
    "server_misses": 3694128,
    "evicted_keys": 405513,
    "maxmemory": 134217728,
    "maxmemory_policy": "allkeys-lfu"
  },
  "gate": {
    "pass": false,
    "reason": "aki is 0.82x Redis, below the 2.0x bar",
    "required_speedup": 2,
    "speedup_vs_redis": 0.8208356154487653,
    "speedup_vs_valkey": 0.8215646135940945,
    "tail_regressed_vs_redis": true,
    "tail_regressed_vs_valkey": true
  },
  "generator_bound": false
}
