{
  "workload": "mixed",
  "cell": {
    "keyspace": 127948,
    "value_size": 4096,
    "dist": "zipfian",
    "zipf_s": 0.99,
    "pipeline": 16,
    "connections": 64
  },
  "timestamp": "2026-07-15T20:11:02.755205238Z",
  "aki": {
    "target": "aki",
    "version": "unknown",
    "workload": "mixed",
    "skipped": false,
    "ops": 11209968,
    "errors": 0,
    "ops_per_sec": 1120907.7758230823,
    "min_us": 42.273,
    "p50_us": 643.071,
    "p99_us": 4243.455,
    "p999_us": 7045.119,
    "nil_replies": 0,
    "err_replies": 0,
    "hit_ratio": 1,
    "value_ops_per_sec": 1120907.7758230823,
    "bytes_per_sec": 4631069734.995042,
    "resp_ver": 2,
    "used_memory": 140723136,
    "bytes_per_key": 1099.8463125644794,
    "coverage_sampled": 2000,
    "coverage_retrievable": 2000,
    "coverage_fraction": 1,
    "coverage_keyspace": 127948,
    "distinct_keys_est": 127942,
    "key_draws": 11209968
  },
  "redis": {
    "target": "redis",
    "version": "redis 8.8.0",
    "workload": "mixed",
    "skipped": false,
    "ops": 16138992,
    "errors": 0,
    "ops_per_sec": 1613681.3438206005,
    "min_us": 34.088,
    "p50_us": 461.567,
    "p99_us": 2717.695,
    "p999_us": 5054.463,
    "nil_replies": 2401154,
    "err_replies": 0,
    "hit_ratio": 0.8512203240450209,
    "value_ops_per_sec": 1373598.3563923764,
    "bytes_per_sec": 5682640866.092025,
    "resp_ver": 2,
    "used_memory": 130407576,
    "bytes_per_key": 1019.223246944071,
    "coverage_sampled": 2000,
    "coverage_retrievable": 378,
    "coverage_missing": 1622,
    "coverage_fraction": 0.189,
    "coverage_keyspace": 127948,
    "distinct_keys_est": 127947,
    "key_draws": 16138992,
    "server_hits": 17941845,
    "server_misses": 3766723,
    "evicted_keys": 413376,
    "maxmemory": 134217728,
    "maxmemory_policy": "allkeys-lfu"
  },
  "valkey": {
    "target": "valkey",
    "version": "valkey 9.1.0",
    "workload": "mixed",
    "skipped": false,
    "ops": 15672560,
    "errors": 0,
    "ops_per_sec": 1567111.776195858,
    "min_us": 20.509,
    "p50_us": 477.183,
    "p99_us": 3733.503,
    "p999_us": 7376.895,
    "nil_replies": 2336319,
    "err_replies": 0,
    "hit_ratio": 0.8509293312643244,
    "value_ops_per_sec": 1333501.3757347888,
    "bytes_per_sec": 5516774495.016384,
    "resp_ver": 2,
    "used_memory": 129430480,
    "bytes_per_key": 1011.5865820489574,
    "coverage_sampled": 2000,
    "coverage_retrievable": 361,
    "coverage_missing": 1639,
    "coverage_fraction": 0.1805,
    "coverage_keyspace": 127948,
    "distinct_keys_est": 127947,
    "key_draws": 15672560,
    "server_hits": 17508302,
    "server_misses": 3671034,
    "evicted_keys": 402423,
    "maxmemory": 134217728,
    "maxmemory_policy": "allkeys-lfu"
  },
  "gate": {
    "pass": false,
    "reason": "aki is 0.82x Redis, below the 2.0x bar",
    "required_speedup": 2,
    "speedup_vs_redis": 0.8160375051460009,
    "speedup_vs_valkey": 0.8405748926996324,
    "tail_regressed_vs_redis": true,
    "tail_regressed_vs_valkey": true
  },
  "generator_bound": false
}
