{
  "workload": "mixed",
  "cell": {
    "keyspace": 2354696,
    "value_size": 128,
    "dist": "zipfian",
    "zipf_s": 0.99,
    "pipeline": 16,
    "connections": 64
  },
  "timestamp": "2026-07-15T18:05:56.118680152Z",
  "aki": {
    "target": "aki",
    "version": "unknown",
    "workload": "mixed",
    "skipped": false,
    "ops": 5156976,
    "errors": 0,
    "ops_per_sec": 515614.6403371274,
    "min_us": 329.665,
    "p50_us": 1929.215,
    "p99_us": 3246.079,
    "p999_us": 3723.263,
    "nil_replies": 0,
    "err_replies": 0,
    "hit_ratio": 1,
    "value_ops_per_sec": 515614.6403371274,
    "bytes_per_sec": 84252063.28955266,
    "resp_ver": 2,
    "used_memory": 413242944,
    "bytes_per_key": 175.49736526498538,
    "coverage_sampled": 2000,
    "coverage_retrievable": 2000,
    "coverage_fraction": 1,
    "coverage_keyspace": 2354696,
    "distinct_keys_est": 857171,
    "key_draws": 5156976
  },
  "redis": {
    "target": "redis",
    "version": "redis 8.8.0",
    "workload": "mixed",
    "skipped": false,
    "ops": 23955600,
    "errors": 0,
    "ops_per_sec": 2395428.118028162,
    "min_us": 26.166,
    "p50_us": 318.719,
    "p99_us": 2646.015,
    "p999_us": 4734.975,
    "nil_replies": 3556558,
    "err_replies": 0,
    "hit_ratio": 0.8515354238674882,
    "value_ops_per_sec": 2039791.8978292106,
    "bytes_per_sec": 344824676.4360615,
    "resp_ver": 2,
    "used_memory": 133676680,
    "bytes_per_key": 56.770249747738134,
    "coverage_sampled": 2000,
    "coverage_retrievable": 526,
    "coverage_missing": 1474,
    "coverage_fraction": 0.263,
    "coverage_keyspace": 2354696,
    "distinct_keys_est": 1814726,
    "key_draws": 23955600,
    "server_hits": 26136206,
    "server_misses": 6001980,
    "evicted_keys": 520251,
    "maxmemory": 134217728,
    "maxmemory_policy": "allkeys-lfu"
  },
  "valkey": {
    "target": "valkey",
    "version": "valkey 9.1.0",
    "workload": "mixed",
    "skipped": false,
    "ops": 27285968,
    "errors": 0,
    "ops_per_sec": 2728271.7299701273,
    "min_us": 15.011,
    "p50_us": 249.087,
    "p99_us": 3825.663,
    "p999_us": 6909.951,
    "nil_replies": 3791554,
    "err_replies": 0,
    "hit_ratio": 0.8610438156344682,
    "value_ops_per_sec": 2349161.50046113,
    "bytes_per_sec": 396136083.00068736,
    "resp_ver": 2,
    "used_memory": 133936528,
    "bytes_per_key": 56.88060284639716,
    "coverage_sampled": 2000,
    "coverage_retrievable": 530,
    "coverage_missing": 1470,
    "coverage_fraction": 0.265,
    "coverage_keyspace": 2354696,
    "distinct_keys_est": 1892568,
    "key_draws": 27285968,
    "server_hits": 30118850,
    "server_misses": 6411726,
    "evicted_keys": 568465,
    "maxmemory": 134217728,
    "maxmemory_policy": "allkeys-lfu"
  },
  "gate": {
    "pass": false,
    "reason": "aki is 0.25x Redis, below the 2.0x bar",
    "required_speedup": 2,
    "speedup_vs_redis": 0.252778060784463,
    "speedup_vs_valkey": 0.21948880067884413,
    "tail_regressed_vs_redis": true,
    "tail_regressed_vs_valkey": false
  },
  "generator_bound": false
}
