{
  "workload": "mixed",
  "cell": {
    "keyspace": 3508960,
    "value_size": 512,
    "dist": "zipfian",
    "zipf_s": 0.99,
    "pipeline": 16,
    "connections": 64
  },
  "timestamp": "2026-07-15T20:03:36.907107962Z",
  "aki": {
    "target": "aki",
    "version": "unknown",
    "workload": "mixed",
    "skipped": false,
    "ops": 2568048,
    "errors": 0,
    "ops_per_sec": 256021.46055871825,
    "min_us": 283.526,
    "p50_us": 1263.615,
    "p99_us": 63012.863,
    "p999_us": 68812.799,
    "nil_replies": 96416,
    "err_replies": 10747,
    "hit_ratio": 0.9582706398011253,
    "value_ops_per_sec": 245337.84881242146,
    "bytes_per_sec": 135276294.79897124,
    "resp_ver": 2,
    "used_memory": 1074965504,
    "bytes_per_key": 306.3487483470886,
    "coverage_sampled": 2000,
    "coverage_retrievable": 1052,
    "coverage_missing": 948,
    "coverage_fraction": 0.526,
    "coverage_keyspace": 3508960,
    "distinct_keys_est": 602123,
    "key_draws": 2568048
  },
  "redis": {
    "target": "redis",
    "version": "redis 8.8.0",
    "workload": "mixed",
    "skipped": false,
    "ops": 22315536,
    "errors": 0,
    "ops_per_sec": 2231405.0036003143,
    "min_us": 25.451,
    "p50_us": 344.831,
    "p99_us": 2740.223,
    "p999_us": 4845.567,
    "nil_replies": 4920527,
    "err_replies": 0,
    "hit_ratio": 0.7795021817983668,
    "value_ops_per_sec": 1739385.0687822376,
    "bytes_per_sec": 968332432.7446398,
    "resp_ver": 2,
    "used_memory": 132868472,
    "bytes_per_key": 37.86548493000775,
    "coverage_sampled": 2000,
    "coverage_retrievable": 96,
    "coverage_missing": 1904,
    "coverage_fraction": 0.048,
    "coverage_keyspace": 3508960,
    "distinct_keys_est": 2227815,
    "key_draws": 22315536,
    "server_hits": 21974463,
    "server_misses": 7927313,
    "evicted_keys": 804179,
    "maxmemory": 134217728,
    "maxmemory_policy": "allkeys-lfu"
  },
  "valkey": {
    "target": "valkey",
    "version": "valkey 9.1.0",
    "workload": "mixed",
    "skipped": false,
    "ops": 24947600,
    "errors": 0,
    "ops_per_sec": 2494549.5149010317,
    "min_us": 15.715,
    "p50_us": 295.679,
    "p99_us": 3573.759,
    "p999_us": 6799.359,
    "nil_replies": 5472359,
    "err_replies": 0,
    "hit_ratio": 0.780645873751383,
    "value_ops_per_sec": 1947359.7856760041,
    "bytes_per_sec": 1083994751.890825,
    "resp_ver": 2,
    "used_memory": 133042512,
    "bytes_per_key": 37.915083671515205,
    "coverage_sampled": 2000,
    "coverage_retrievable": 85,
    "coverage_missing": 1915,
    "coverage_fraction": 0.0425,
    "coverage_keyspace": 3508960,
    "distinct_keys_est": 2337538,
    "key_draws": 24947600,
    "server_hits": 24646940,
    "server_misses": 8800012,
    "evicted_keys": 906887,
    "maxmemory": 134217728,
    "maxmemory_policy": "allkeys-lfu"
  },
  "gate": {
    "pass": false,
    "reason": "aki is 0.14x Redis, below the 2.0x bar",
    "required_speedup": 2,
    "speedup_vs_redis": 0.1410486114981918,
    "speedup_vs_valkey": 0.1259848594065812,
    "tail_regressed_vs_redis": true,
    "tail_regressed_vs_valkey": true
  },
  "generator_bound": false
}
