{
  "workload": "mixed",
  "cell": {
    "keyspace": 1157049,
    "value_size": 16,
    "dist": "uniform",
    "pipeline": 16,
    "connections": 64
  },
  "timestamp": "2026-07-15T17:15:03.082319549Z",
  "aki": {
    "target": "aki",
    "version": "unknown",
    "workload": "mixed",
    "skipped": false,
    "ops": 17760752,
    "errors": 0,
    "ops_per_sec": 1775931.1167549735,
    "min_us": 19.81,
    "p50_us": 386.303,
    "p99_us": 3465.215,
    "p999_us": 6156.287,
    "nil_replies": 0,
    "err_replies": 0,
    "hit_ratio": 1,
    "value_ops_per_sec": 1775931.1167549735,
    "bytes_per_sec": 94929375.47534537,
    "resp_ver": 2,
    "used_memory": 73639088,
    "bytes_per_key": 63.643880250533904,
    "coverage_sampled": 2000,
    "coverage_retrievable": 2000,
    "coverage_fraction": 1,
    "coverage_keyspace": 1157049,
    "distinct_keys_est": 1157049,
    "key_draws": 17760752
  },
  "redis": {
    "target": "redis",
    "version": "redis 8.8.0",
    "workload": "mixed",
    "skipped": false,
    "ops": 25757920,
    "errors": 0,
    "ops_per_sec": 2575633.7914367975,
    "min_us": 19.621,
    "p50_us": 282.623,
    "p99_us": 2981.887,
    "p999_us": 5357.567,
    "nil_replies": 0,
    "err_replies": 0,
    "hit_ratio": 1,
    "value_ops_per_sec": 2575633.7914367975,
    "bytes_per_sec": 137676009.937322,
    "resp_ver": 2,
    "used_memory": 86492048,
    "bytes_per_key": 74.75227756127873,
    "coverage_sampled": 2000,
    "coverage_retrievable": 2000,
    "coverage_fraction": 1,
    "coverage_keyspace": 1157049,
    "distinct_keys_est": 1157049,
    "key_draws": 25757920,
    "server_hits": 34548076,
    "maxmemory": 134217728,
    "maxmemory_policy": "allkeys-lfu"
  },
  "valkey": {
    "target": "valkey",
    "version": "valkey 9.1.0",
    "workload": "mixed",
    "skipped": false,
    "ops": 30352640,
    "errors": 0,
    "ops_per_sec": 3035100.87971726,
    "min_us": 13.383,
    "p50_us": 211.455,
    "p99_us": 3901.439,
    "p999_us": 7176.191,
    "nil_replies": 0,
    "err_replies": 0,
    "hit_ratio": 1,
    "value_ops_per_sec": 3035100.87971726,
    "bytes_per_sec": 162235971.2926173,
    "resp_ver": 2,
    "used_memory": 74485392,
    "bytes_per_key": 64.37531340505026,
    "coverage_sampled": 2000,
    "coverage_retrievable": 2000,
    "coverage_fraction": 1,
    "coverage_keyspace": 1157049,
    "distinct_keys_est": 1157049,
    "key_draws": 30352640,
    "server_hits": 40819784,
    "maxmemory": 134217728,
    "maxmemory_policy": "allkeys-lfu"
  },
  "gate": {
    "pass": false,
    "reason": "aki is 0.69x Redis, below the 2.0x bar",
    "required_speedup": 2,
    "speedup_vs_redis": 0.6895122756423707,
    "speedup_vs_valkey": 0.5851308365474868,
    "tail_regressed_vs_redis": true,
    "tail_regressed_vs_valkey": false
  },
  "generator_bound": false
}
