{
  "workload": "mixed",
  "cell": {
    "keyspace": 219310,
    "value_size": 512,
    "dist": "zipfian",
    "zipf_s": 0.99,
    "pipeline": 16,
    "connections": 64
  },
  "timestamp": "2026-07-15T19:19:57.861731863Z",
  "aki": {
    "target": "aki",
    "version": "unknown",
    "workload": "mixed",
    "skipped": false,
    "ops": 9956640,
    "errors": 0,
    "ops_per_sec": 995536.655630034,
    "min_us": 77.998,
    "p50_us": 901.631,
    "p99_us": 3442.687,
    "p999_us": 6533.119,
    "nil_replies": 0,
    "err_replies": 0,
    "hit_ratio": 1,
    "value_ops_per_sec": 995536.655630034,
    "bytes_per_sec": 544270995.9122765,
    "resp_ver": 2,
    "used_memory": 123514656,
    "bytes_per_key": 563.1966440198805,
    "coverage_sampled": 2000,
    "coverage_retrievable": 2000,
    "coverage_fraction": 1,
    "coverage_keyspace": 219310,
    "distinct_keys_est": 218341,
    "key_draws": 9956640
  },
  "redis": {
    "target": "redis",
    "version": "redis 8.8.0",
    "workload": "mixed",
    "skipped": false,
    "ops": 23914320,
    "errors": 0,
    "ops_per_sec": 2391302.258461186,
    "min_us": 22.525,
    "p50_us": 319.999,
    "p99_us": 2709.503,
    "p999_us": 4980.735,
    "nil_replies": 365728,
    "err_replies": 0,
    "hit_ratio": 0.9847067363822178,
    "value_ops_per_sec": 2354731.4426327413,
    "bytes_per_sec": 1288518785.3401902,
    "resp_ver": 2,
    "used_memory": 132738488,
    "bytes_per_key": 605.2550636085906,
    "coverage_sampled": 2000,
    "coverage_retrievable": 1709,
    "coverage_missing": 291,
    "coverage_fraction": 0.8545,
    "coverage_keyspace": 219310,
    "distinct_keys_est": 219309,
    "key_draws": 23914320,
    "server_hits": 31608799,
    "server_misses": 617197,
    "evicted_keys": 60020,
    "maxmemory": 134217728,
    "maxmemory_policy": "allkeys-lfu"
  },
  "valkey": {
    "target": "valkey",
    "version": "valkey 9.1.0",
    "workload": "mixed",
    "skipped": false,
    "ops": 25802016,
    "errors": 0,
    "ops_per_sec": 2580007.955438898,
    "min_us": 17.099,
    "p50_us": 270.335,
    "p99_us": 3831.807,
    "p999_us": 7073.791,
    "nil_replies": 386595,
    "err_replies": 0,
    "hit_ratio": 0.9850168684493491,
    "value_ops_per_sec": 2541351.356840831,
    "bytes_per_sec": 1390612047.0003228,
    "resp_ver": 2,
    "used_memory": 132980688,
    "bytes_per_key": 606.3594364142082,
    "coverage_sampled": 2000,
    "coverage_retrievable": 1743,
    "coverage_missing": 257,
    "coverage_fraction": 0.8715,
    "coverage_keyspace": 219310,
    "distinct_keys_est": 219309,
    "key_draws": 25802016,
    "server_hits": 34125419,
    "server_misses": 700979,
    "evicted_keys": 69512,
    "maxmemory": 134217728,
    "maxmemory_policy": "allkeys-lfu"
  },
  "gate": {
    "pass": false,
    "reason": "aki is 0.42x Redis, below the 2.0x bar",
    "required_speedup": 2,
    "speedup_vs_redis": 0.4227813998682414,
    "speedup_vs_valkey": 0.39173515025785,
    "tail_regressed_vs_redis": true,
    "tail_regressed_vs_valkey": false
  },
  "generator_bound": false
}
