{
  "workload": "mixed",
  "cell": {
    "keyspace": 2354696,
    "value_size": 128,
    "dist": "uniform",
    "pipeline": 16,
    "connections": 64
  },
  "timestamp": "2026-07-15T17:34:32.269117822Z",
  "aki": {
    "target": "aki",
    "version": "unknown",
    "workload": "mixed",
    "skipped": false,
    "ops": 5138768,
    "errors": 0,
    "ops_per_sec": 513780.0868584979,
    "min_us": 312.698,
    "p50_us": 1937.407,
    "p99_us": 3262.463,
    "p999_us": 3741.695,
    "nil_replies": 0,
    "err_replies": 0,
    "hit_ratio": 1,
    "value_ops_per_sec": 513780.0868584979,
    "bytes_per_sec": 85794012.97226852,
    "resp_ver": 2,
    "used_memory": 413242944,
    "bytes_per_key": 175.49736526498538,
    "coverage_sampled": 2000,
    "coverage_retrievable": 2000,
    "coverage_fraction": 1,
    "coverage_keyspace": 2354696,
    "distinct_keys_est": 2089696,
    "key_draws": 5138768
  },
  "redis": {
    "target": "redis",
    "version": "redis 8.8.0",
    "workload": "mixed",
    "skipped": false,
    "ops": 22381408,
    "errors": 0,
    "ops_per_sec": 2237986.3469388564,
    "min_us": 19.906,
    "p50_us": 334.847,
    "p99_us": 2582.527,
    "p999_us": 4489.215,
    "nil_replies": 14600929,
    "err_replies": 0,
    "hit_ratio": 0.34763134651760963,
    "value_ops_per_sec": 777994.207274381,
    "bytes_per_sec": 182452724.95290428,
    "resp_ver": 2,
    "used_memory": 133755576,
    "bytes_per_key": 56.80375555910402,
    "coverage_sampled": 2000,
    "coverage_retrievable": 489,
    "coverage_missing": 1511,
    "coverage_fraction": 0.2445,
    "coverage_keyspace": 2354696,
    "distinct_keys_est": 2354504,
    "key_draws": 22381408,
    "server_hits": 8178142,
    "server_misses": 21921124,
    "evicted_keys": 2239126,
    "maxmemory": 134217728,
    "maxmemory_policy": "allkeys-lfu"
  },
  "valkey": {
    "target": "valkey",
    "version": "valkey 9.1.0",
    "workload": "mixed",
    "skipped": false,
    "ops": 26539728,
    "errors": 0,
    "ops_per_sec": 2653674.100054991,
    "min_us": 13.469,
    "p50_us": 273.151,
    "p99_us": 3700.735,
    "p999_us": 6655.999,
    "nil_replies": 17280203,
    "err_replies": 0,
    "hit_ratio": 0.34889298790100637,
    "value_ops_per_sec": 925848.2856836999,
    "bytes_per_sec": 216780612.57914552,
    "resp_ver": 2,
    "used_memory": 133955208,
    "bytes_per_key": 56.888535929903476,
    "coverage_sampled": 2000,
    "coverage_retrievable": 510,
    "coverage_missing": 1490,
    "coverage_fraction": 0.255,
    "coverage_keyspace": 2354696,
    "distinct_keys_est": 2354664,
    "key_draws": 26539728,
    "server_hits": 9795437,
    "server_misses": 25964409,
    "evicted_keys": 2724242,
    "maxmemory": 134217728,
    "maxmemory_policy": "allkeys-lfu"
  },
  "gate": {
    "pass": false,
    "reason": "aki is 0.66x Redis, below the 2.0x bar",
    "required_speedup": 2,
    "speedup_vs_redis": 0.6603906328023588,
    "speedup_vs_valkey": 0.5549290254170455,
    "tail_regressed_vs_redis": true,
    "tail_regressed_vs_valkey": false
  },
  "generator_bound": false
}
