{
  "workload": "mixed",
  "cell": {
    "keyspace": 877240,
    "value_size": 512,
    "dist": "zipfian",
    "zipf_s": 0.99,
    "pipeline": 16,
    "connections": 64
  },
  "timestamp": "2026-07-15T19:21:39.065936217Z",
  "aki": {
    "target": "aki",
    "version": "unknown",
    "workload": "mixed",
    "skipped": false,
    "ops": 4790480,
    "errors": 0,
    "ops_per_sec": 478953.35388405295,
    "min_us": 417.522,
    "p50_us": 2079.743,
    "p99_us": 3444.735,
    "p999_us": 3919.871,
    "nil_replies": 0,
    "err_replies": 0,
    "hit_ratio": 1,
    "value_ops_per_sec": 478953.35388405295,
    "bytes_per_sec": 262037483.79421616,
    "resp_ver": 2,
    "used_memory": 494308608,
    "bytes_per_key": 563.4816105056769,
    "coverage_sampled": 2000,
    "coverage_retrievable": 2000,
    "coverage_fraction": 1,
    "coverage_keyspace": 877240,
    "distinct_keys_est": 541038,
    "key_draws": 4790480
  },
  "redis": {
    "target": "redis",
    "version": "redis 8.8.0",
    "workload": "mixed",
    "skipped": false,
    "ops": 23057280,
    "errors": 0,
    "ops_per_sec": 2305558.9063903554,
    "min_us": 27.764,
    "p50_us": 331.007,
    "p99_us": 2768.895,
    "p999_us": 4890.623,
    "nil_replies": 3239072,
    "err_replies": 0,
    "hit_ratio": 0.8595206372998029,
    "value_ops_per_sec": 1981675.460552875,
    "bytes_per_sec": 1094580239.9244175,
    "resp_ver": 2,
    "used_memory": 132787000,
    "bytes_per_key": 151.36906661802928,
    "coverage_sampled": 2000,
    "coverage_retrievable": 439,
    "coverage_missing": 1561,
    "coverage_fraction": 0.2195,
    "coverage_keyspace": 877240,
    "distinct_keys_est": 843319,
    "key_draws": 23057280,
    "server_hits": 25764449,
    "server_misses": 5398647,
    "evicted_keys": 549712,
    "maxmemory": 134217728,
    "maxmemory_policy": "allkeys-lfu"
  },
  "valkey": {
    "target": "valkey",
    "version": "valkey 9.1.0",
    "workload": "mixed",
    "skipped": false,
    "ops": 24981248,
    "errors": 0,
    "ops_per_sec": 2497927.6158421403,
    "min_us": 15.963,
    "p50_us": 291.583,
    "p99_us": 3710.975,
    "p999_us": 6946.815,
    "nil_replies": 3416813,
    "err_replies": 0,
    "hit_ratio": 0.8632248877237838,
    "value_ops_per_sec": 2156273.2857274706,
    "bytes_per_sec": 1190673944.2704458,
    "resp_ver": 2,
    "used_memory": 133003472,
    "bytes_per_key": 151.61583147143313,
    "coverage_sampled": 2000,
    "coverage_retrievable": 452,
    "coverage_missing": 1548,
    "coverage_fraction": 0.226,
    "coverage_keyspace": 877240,
    "distinct_keys_est": 849851,
    "key_draws": 24981248,
    "server_hits": 28000608,
    "server_misses": 5622804,
    "evicted_keys": 579741,
    "maxmemory": 134217728,
    "maxmemory_policy": "allkeys-lfu"
  },
  "gate": {
    "pass": false,
    "reason": "aki is 0.24x Redis, below the 2.0x bar",
    "required_speedup": 2,
    "speedup_vs_redis": 0.24169111613787053,
    "speedup_vs_valkey": 0.22212089583184097,
    "tail_regressed_vs_redis": true,
    "tail_regressed_vs_valkey": false
  },
  "generator_bound": false
}
