{
  "workload": "mixed",
  "cell": {
    "keyspace": 877240,
    "value_size": 512,
    "dist": "zipfian",
    "zipf_s": 0.99,
    "pipeline": 16,
    "connections": 64
  },
  "timestamp": "2026-07-15T19:22:33.615121766Z",
  "aki": {
    "target": "aki",
    "version": "unknown",
    "workload": "mixed",
    "skipped": false,
    "ops": 4800688,
    "errors": 0,
    "ops_per_sec": 479959.5460405995,
    "min_us": 425.345,
    "p50_us": 2080.767,
    "p99_us": 3426.303,
    "p999_us": 3899.391,
    "nil_replies": 0,
    "err_replies": 0,
    "hit_ratio": 1,
    "value_ops_per_sec": 479959.5460405995,
    "bytes_per_sec": 262587957.58307463,
    "resp_ver": 2,
    "used_memory": 494308608,
    "bytes_per_key": 563.4816105056769,
    "coverage_sampled": 2000,
    "coverage_retrievable": 2000,
    "coverage_fraction": 1,
    "coverage_keyspace": 877240,
    "distinct_keys_est": 541618,
    "key_draws": 4800688
  },
  "redis": {
    "target": "redis",
    "version": "redis 8.8.0",
    "workload": "mixed",
    "skipped": false,
    "ops": 22286848,
    "errors": 0,
    "ops_per_sec": 2228474.483040867,
    "min_us": 26.915,
    "p50_us": 346.111,
    "p99_us": 2756.607,
    "p999_us": 4939.775,
    "nil_replies": 3056126,
    "err_replies": 0,
    "hit_ratio": 0.8628731169163086,
    "value_ops_per_sec": 1922890.7231499322,
    "bytes_per_sec": 1061831476.6245475,
    "resp_ver": 2,
    "used_memory": 132832728,
    "bytes_per_key": 151.4211937440153,
    "coverage_sampled": 2000,
    "coverage_retrievable": 437,
    "coverage_missing": 1563,
    "coverage_fraction": 0.2185,
    "coverage_keyspace": 877240,
    "distinct_keys_est": 840312,
    "key_draws": 22286848,
    "server_hits": 24872702,
    "server_misses": 5102578,
    "evicted_keys": 507058,
    "maxmemory": 134217728,
    "maxmemory_policy": "allkeys-lfu"
  },
  "valkey": {
    "target": "valkey",
    "version": "valkey 9.1.0",
    "workload": "mixed",
    "skipped": false,
    "ops": 24923008,
    "errors": 0,
    "ops_per_sec": 2492118.7843664056,
    "min_us": 16.632,
    "p50_us": 290.815,
    "p99_us": 3725.311,
    "p999_us": 6889.471,
    "nil_replies": 3411401,
    "err_replies": 0,
    "hit_ratio": 0.863122420857065,
    "value_ops_per_sec": 2151003.598225698,
    "bytes_per_sec": 1187773508.380155,
    "resp_ver": 2,
    "used_memory": 132980496,
    "bytes_per_key": 151.58964023528338,
    "coverage_sampled": 2000,
    "coverage_retrievable": 406,
    "coverage_missing": 1594,
    "coverage_fraction": 0.203,
    "coverage_keyspace": 877240,
    "distinct_keys_est": 849700,
    "key_draws": 24923008,
    "server_hits": 27909347,
    "server_misses": 5609647,
    "evicted_keys": 578945,
    "maxmemory": 134217728,
    "maxmemory_policy": "allkeys-lfu"
  },
  "gate": {
    "pass": false,
    "reason": "aki is 0.25x Redis, below the 2.0x bar",
    "required_speedup": 2,
    "speedup_vs_redis": 0.2496031315052405,
    "speedup_vs_valkey": 0.2231328420075655,
    "tail_regressed_vs_redis": true,
    "tail_regressed_vs_valkey": false
  },
  "generator_bound": false
}
