{
  "workload": "mixed",
  "cell": {
    "keyspace": 219310,
    "value_size": 512,
    "dist": "uniform",
    "pipeline": 16,
    "connections": 64
  },
  "timestamp": "2026-07-15T18:35:35.207391659Z",
  "aki": {
    "target": "aki",
    "version": "unknown",
    "workload": "mixed",
    "skipped": false,
    "ops": 9757440,
    "errors": 0,
    "ops_per_sec": 975625.3245452723,
    "min_us": 91.241,
    "p50_us": 921.087,
    "p99_us": 3504.127,
    "p999_us": 6369.279,
    "nil_replies": 0,
    "err_replies": 0,
    "hit_ratio": 1,
    "value_ops_per_sec": 975625.3245452723,
    "bytes_per_sec": 536142152.15415514,
    "resp_ver": 2,
    "used_memory": 123514656,
    "bytes_per_key": 563.1966440198805,
    "coverage_sampled": 2000,
    "coverage_retrievable": 2000,
    "coverage_fraction": 1,
    "coverage_keyspace": 219310,
    "distinct_keys_est": 219310,
    "key_draws": 9757440
  },
  "redis": {
    "target": "redis",
    "version": "redis 8.8.0",
    "workload": "mixed",
    "skipped": false,
    "ops": 22517312,
    "errors": 0,
    "ops_per_sec": 2251585.5253435713,
    "min_us": 30.62,
    "p50_us": 352.255,
    "p99_us": 2686.975,
    "p999_us": 4870.143,
    "nil_replies": 2619253,
    "err_replies": 0,
    "hit_ratio": 0.8836782560902474,
    "value_ops_per_sec": 1989677.1704736508,
    "bytes_per_sec": 1102447688.8677123,
    "resp_ver": 2,
    "used_memory": 132823600,
    "bytes_per_key": 605.643153526971,
    "coverage_sampled": 2000,
    "coverage_retrievable": 1759,
    "coverage_missing": 241,
    "coverage_fraction": 0.8795,
    "coverage_keyspace": 219310,
    "distinct_keys_est": 219310,
    "key_draws": 22517312,
    "server_hits": 26487365,
    "server_misses": 3943443,
    "evicted_keys": 430979,
    "maxmemory": 134217728,
    "maxmemory_policy": "allkeys-lfu"
  },
  "valkey": {
    "target": "valkey",
    "version": "valkey 9.1.0",
    "workload": "mixed",
    "skipped": false,
    "ops": 23218512,
    "errors": 0,
    "ops_per_sec": 2321742.217188151,
    "min_us": 17.761,
    "p50_us": 326.143,
    "p99_us": 3659.775,
    "p999_us": 6766.591,
    "nil_replies": 2623097,
    "err_replies": 0,
    "hit_ratio": 0.8870256199019128,
    "value_ops_per_sec": 2059444.829453761,
    "bytes_per_sec": 1140801137.1805406,
    "resp_ver": 2,
    "used_memory": 133010360,
    "bytes_per_key": 606.4947334822854,
    "coverage_sampled": 2000,
    "coverage_retrievable": 1721,
    "coverage_missing": 279,
    "coverage_fraction": 0.8605,
    "coverage_keyspace": 219310,
    "distinct_keys_est": 219310,
    "key_draws": 23218512,
    "server_hits": 27539573,
    "server_misses": 3965517,
    "evicted_keys": 434662,
    "maxmemory": 134217728,
    "maxmemory_policy": "allkeys-lfu"
  },
  "gate": {
    "pass": false,
    "reason": "aki is 0.49x Redis, below the 2.0x bar",
    "required_speedup": 2,
    "speedup_vs_redis": 0.4903435286001802,
    "speedup_vs_valkey": 0.47373219743111217,
    "tail_regressed_vs_redis": true,
    "tail_regressed_vs_valkey": false
  },
  "generator_bound": false
}
