{
  "workload": "mixed",
  "cell": {
    "keyspace": 877240,
    "value_size": 512,
    "dist": "uniform",
    "pipeline": 16,
    "connections": 64
  },
  "timestamp": "2026-07-15T18:37:16.231719592Z",
  "aki": {
    "target": "aki",
    "version": "unknown",
    "workload": "mixed",
    "skipped": false,
    "ops": 4800752,
    "errors": 0,
    "ops_per_sec": 479986.6393931175,
    "min_us": 360.621,
    "p50_us": 2081.791,
    "p99_us": 3403.775,
    "p999_us": 3903.487,
    "nil_replies": 0,
    "err_replies": 0,
    "hit_ratio": 1,
    "value_ops_per_sec": 479986.6393931175,
    "bytes_per_sec": 264117271.2730996,
    "resp_ver": 2,
    "used_memory": 494308608,
    "bytes_per_key": 563.4816105056769,
    "coverage_sampled": 2000,
    "coverage_retrievable": 2000,
    "coverage_fraction": 1,
    "coverage_keyspace": 877240,
    "distinct_keys_est": 873506,
    "key_draws": 4800752
  },
  "redis": {
    "target": "redis",
    "version": "redis 8.8.0",
    "workload": "mixed",
    "skipped": false,
    "ops": 22770704,
    "errors": 0,
    "ops_per_sec": 2276904.754040691,
    "min_us": 21.842,
    "p50_us": 343.039,
    "p99_us": 2564.095,
    "p999_us": 4288.511,
    "nil_replies": 15946943,
    "err_replies": 0,
    "hit_ratio": 0.2996728164399309,
    "value_ops_per_sec": 682326.460408842,
    "bytes_per_sec": 431680678.414805,
    "resp_ver": 2,
    "used_memory": 133353056,
    "bytes_per_key": 152.0143358715973,
    "coverage_sampled": 2000,
    "coverage_retrievable": 443,
    "coverage_missing": 1557,
    "coverage_fraction": 0.2215,
    "coverage_keyspace": 877240,
    "distinct_keys_est": 877240,
    "key_draws": 22770704,
    "server_hits": 6764290,
    "server_misses": 23910474,
    "evicted_keys": 2597527,
    "maxmemory": 134217728,
    "maxmemory_policy": "allkeys-lfu"
  },
  "valkey": {
    "target": "valkey",
    "version": "valkey 9.1.0",
    "workload": "mixed",
    "skipped": false,
    "ops": 26033152,
    "errors": 0,
    "ops_per_sec": 2603103.460701093,
    "min_us": 13.33,
    "p50_us": 287.231,
    "p99_us": 3549.183,
    "p999_us": 6680.575,
    "nil_replies": 18210153,
    "err_replies": 0,
    "hit_ratio": 0.3005014145040908,
    "value_ops_per_sec": 782236.2720411724,
    "bytes_per_sec": 494635773.3820938,
    "resp_ver": 2,
    "used_memory": 133654520,
    "bytes_per_key": 152.35798641192832,
    "coverage_sampled": 2000,
    "coverage_retrievable": 424,
    "coverage_missing": 1576,
    "coverage_fraction": 0.212,
    "coverage_keyspace": 877240,
    "distinct_keys_est": 877240,
    "key_draws": 26033152,
    "server_hits": 7775914,
    "server_misses": 27360386,
    "evicted_keys": 2979733,
    "maxmemory": 134217728,
    "maxmemory_policy": "allkeys-lfu"
  },
  "gate": {
    "pass": false,
    "reason": "aki is 0.70x Redis, below the 2.0x bar",
    "required_speedup": 2,
    "speedup_vs_redis": 0.7034559953977385,
    "speedup_vs_valkey": 0.6136082620416429,
    "tail_regressed_vs_redis": true,
    "tail_regressed_vs_valkey": false
  },
  "generator_bound": false
}
