{
  "workload": "mixed",
  "cell": {
    "keyspace": 127948,
    "value_size": 4096,
    "dist": "uniform",
    "pipeline": 16,
    "connections": 64
  },
  "timestamp": "2026-07-15T20:05:57.67875602Z",
  "aki": {
    "target": "aki",
    "version": "unknown",
    "workload": "mixed",
    "skipped": false,
    "ops": 6268816,
    "errors": 0,
    "ops_per_sec": 626842.4467939308,
    "min_us": 45.106,
    "p50_us": 978.431,
    "p99_us": 5509.119,
    "p999_us": 51412.991,
    "nil_replies": 0,
    "err_replies": 0,
    "hit_ratio": 1,
    "value_ops_per_sec": 626842.4467939308,
    "bytes_per_sec": 2591272780.710844,
    "resp_ver": 2,
    "used_memory": 136999872,
    "bytes_per_key": 1070.746490761872,
    "coverage_sampled": 2000,
    "coverage_retrievable": 2000,
    "coverage_fraction": 1,
    "coverage_keyspace": 127948,
    "distinct_keys_est": 127948,
    "key_draws": 6268816
  },
  "redis": {
    "target": "redis",
    "version": "redis 8.8.0",
    "workload": "mixed",
    "skipped": false,
    "ops": 21529488,
    "errors": 0,
    "ops_per_sec": 2152725.875763571,
    "min_us": 19.948,
    "p50_us": 315.391,
    "p99_us": 3131.391,
    "p999_us": 5730.303,
    "nil_replies": 15547150,
    "err_replies": 0,
    "hit_ratio": 0.27786717454683546,
    "value_ops_per_sec": 598171.8566722854,
    "bytes_per_sec": 2525373993.911285,
    "resp_ver": 2,
    "used_memory": 131596416,
    "bytes_per_key": 1028.514834151374,
    "coverage_sampled": 2000,
    "coverage_retrievable": 408,
    "coverage_missing": 1592,
    "coverage_fraction": 0.204,
    "coverage_keyspace": 127948,
    "distinct_keys_est": 127948,
    "key_draws": 21529488,
    "server_hits": 5731973,
    "server_misses": 23325651,
    "evicted_keys": 2581283,
    "maxmemory": 134217728,
    "maxmemory_policy": "allkeys-lfu"
  },
  "valkey": {
    "target": "valkey",
    "version": "valkey 9.1.0",
    "workload": "mixed",
    "skipped": false,
    "ops": 22190192,
    "errors": 0,
    "ops_per_sec": 2218750.307431492,
    "min_us": 15.267,
    "p50_us": 298.751,
    "p99_us": 4190.207,
    "p999_us": 7913.471,
    "nil_replies": 16024845,
    "err_replies": 0,
    "hit_ratio": 0.27784108402487007,
    "value_ops_per_sec": 616459.9905972795,
    "bytes_per_sec": 2602590201.2909155,
    "resp_ver": 2,
    "used_memory": 131741480,
    "bytes_per_key": 1029.648607246694,
    "coverage_sampled": 2000,
    "coverage_retrievable": 408,
    "coverage_missing": 1592,
    "coverage_fraction": 0.204,
    "coverage_keyspace": 127948,
    "distinct_keys_est": 127948,
    "key_draws": 22190192,
    "server_hits": 5903736,
    "server_misses": 24032708,
    "evicted_keys": 2661176,
    "maxmemory": 134217728,
    "maxmemory_policy": "allkeys-lfu"
  },
  "gate": {
    "pass": false,
    "reason": "aki is 1.05x Redis, below the 2.0x bar",
    "required_speedup": 2,
    "speedup_vs_redis": 1.047930356137355,
    "speedup_vs_valkey": 1.016842060076911,
    "tail_regressed_vs_redis": true,
    "tail_regressed_vs_valkey": true
  },
  "generator_bound": false
}
