{
  "workload": "mixed",
  "cell": {
    "keyspace": 31987,
    "value_size": 4096,
    "dist": "uniform",
    "pipeline": 16,
    "connections": 64
  },
  "timestamp": "2026-07-15T20:04:23.032879997Z",
  "aki": {
    "target": "aki",
    "version": "unknown",
    "workload": "mixed",
    "skipped": false,
    "ops": 11149200,
    "errors": 0,
    "ops_per_sec": 1114739.3244994462,
    "min_us": 46.275,
    "p50_us": 664.063,
    "p99_us": 3999.743,
    "p999_us": 5693.439,
    "nil_replies": 0,
    "err_replies": 0,
    "hit_ratio": 1,
    "value_ops_per_sec": 1114739.3244994462,
    "bytes_per_sec": 4607387582.210279,
    "resp_ver": 2,
    "used_memory": 138530448,
    "bytes_per_key": 4330.835902085222,
    "coverage_sampled": 2000,
    "coverage_retrievable": 2000,
    "coverage_fraction": 1,
    "coverage_keyspace": 31987,
    "distinct_keys_est": 31987,
    "key_draws": 11149200
  },
  "redis": {
    "target": "redis",
    "version": "redis 8.8.0",
    "workload": "mixed",
    "skipped": false,
    "ops": 15438736,
    "errors": 0,
    "ops_per_sec": 1543712.3459695373,
    "min_us": 34.209,
    "p50_us": 481.023,
    "p99_us": 2805.759,
    "p999_us": 5042.175,
    "nil_replies": 3028018,
    "err_replies": 0,
    "hit_ratio": 0.803868788222041,
    "value_ops_per_sec": 1240942.172917936,
    "bytes_per_sec": 5139040938.678203,
    "resp_ver": 2,
    "used_memory": 130688968,
    "bytes_per_key": 4085.6900615875197,
    "coverage_sampled": 2000,
    "coverage_retrievable": 1553,
    "coverage_missing": 447,
    "coverage_fraction": 0.7765,
    "coverage_keyspace": 31987,
    "distinct_keys_est": 31987,
    "key_draws": 15438736,
    "server_hits": 16251481,
    "server_misses": 4534347,
    "evicted_keys": 501205,
    "maxmemory": 134217728,
    "maxmemory_policy": "allkeys-lfu"
  },
  "valkey": {
    "target": "valkey",
    "version": "valkey 9.1.0",
    "workload": "mixed",
    "skipped": false,
    "ops": 14304912,
    "errors": 0,
    "ops_per_sec": 1430367.930891716,
    "min_us": 26.247,
    "p50_us": 543.231,
    "p99_us": 3631.103,
    "p999_us": 6701.055,
    "nil_replies": 2864294,
    "err_replies": 0,
    "hit_ratio": 0.7997684991001692,
    "value_ops_per_sec": 1143963.2132502822,
    "bytes_per_sec": 4737669522.040591,
    "resp_ver": 2,
    "used_memory": 130042920,
    "bytes_per_key": 4065.492856472942,
    "coverage_sampled": 2000,
    "coverage_retrievable": 1520,
    "coverage_missing": 480,
    "coverage_fraction": 0.76,
    "coverage_keyspace": 31987,
    "distinct_keys_est": 31987,
    "key_draws": 14304912,
    "server_hits": 14937128,
    "server_misses": 4279000,
    "evicted_keys": 473869,
    "maxmemory": 134217728,
    "maxmemory_policy": "allkeys-lfu"
  },
  "gate": {
    "pass": false,
    "reason": "aki is 0.90x Redis, below the 2.0x bar",
    "required_speedup": 2,
    "speedup_vs_redis": 0.8983007821212667,
    "speedup_vs_valkey": 0.9744538212310134,
    "tail_regressed_vs_redis": true,
    "tail_regressed_vs_valkey": true
  },
  "generator_bound": false
}
