{
  "workload": "mixed",
  "cell": {
    "keyspace": 3508960,
    "value_size": 512,
    "dist": "uniform",
    "pipeline": 16,
    "connections": 64
  },
  "timestamp": "2026-07-15T18:58:41.640934186Z",
  "aki": {
    "target": "aki",
    "version": "unknown",
    "workload": "mixed",
    "skipped": false,
    "ops": 725536,
    "errors": 0,
    "ops_per_sec": 72448.1277335295,
    "min_us": 260.348,
    "p50_us": 1665.023,
    "p99_us": 65568.767,
    "p999_us": 68943.871,
    "nil_replies": 296897,
    "err_replies": 32950,
    "hit_ratio": 0.5453747298548934,
    "value_ops_per_sec": 39511.378091166465,
    "bytes_per_sec": 24820051.187649406,
    "resp_ver": 2,
    "used_memory": 1074965504,
    "bytes_per_key": 306.3487483470886,
    "coverage_sampled": 2000,
    "coverage_retrievable": 1052,
    "coverage_missing": 948,
    "coverage_fraction": 0.526,
    "coverage_keyspace": 3508960,
    "distinct_keys_est": 655596,
    "key_draws": 725536
  },
  "redis": {
    "target": "redis",
    "version": "redis 8.8.0",
    "workload": "mixed",
    "skipped": false,
    "ops": 22699440,
    "errors": 0,
    "ops_per_sec": 2269624.5496637477,
    "min_us": 22.515,
    "p50_us": 336.895,
    "p99_us": 2633.727,
    "p999_us": 4534.271,
    "nil_replies": 19245478,
    "err_replies": 0,
    "hit_ratio": 0.1521606700429614,
    "value_ops_per_sec": 345347.5922227904,
    "bytes_per_sec": 259911769.7404355,
    "resp_ver": 2,
    "used_memory": 133595072,
    "bytes_per_key": 38.072554831061055,
    "coverage_sampled": 2000,
    "coverage_retrievable": 114,
    "coverage_missing": 1886,
    "coverage_fraction": 0.057,
    "coverage_keyspace": 3508960,
    "distinct_keys_est": 3503593,
    "key_draws": 22699440,
    "server_hits": 1737931,
    "server_misses": 28849373,
    "evicted_keys": 3124519,
    "maxmemory": 134217728,
    "maxmemory_policy": "allkeys-lfu"
  },
  "valkey": {
    "target": "valkey",
    "version": "valkey 9.1.0",
    "workload": "mixed",
    "skipped": false,
    "ops": 26263264,
    "errors": 0,
    "ops_per_sec": 2626106.0802042955,
    "min_us": 13.583,
    "p50_us": 281.087,
    "p99_us": 3586.047,
    "p999_us": 6660.095,
    "nil_replies": 22272189,
    "err_replies": 0,
    "hit_ratio": 0.15196416561170767,
    "value_ops_per_sec": 399074.019286078,
    "bytes_per_sec": 300469341.4241319,
    "resp_ver": 2,
    "used_memory": 133810720,
    "bytes_per_key": 38.13401121699877,
    "coverage_sampled": 2000,
    "coverage_retrievable": 112,
    "coverage_missing": 1888,
    "coverage_fraction": 0.056,
    "coverage_keyspace": 3508960,
    "distinct_keys_est": 3507025,
    "key_draws": 26263264,
    "server_hits": 2018996,
    "server_misses": 33568564,
    "evicted_keys": 3654187,
    "maxmemory": 134217728,
    "maxmemory_policy": "allkeys-lfu"
  },
  "gate": {
    "pass": false,
    "reason": "aki is 0.11x Redis, below the 2.0x bar",
    "required_speedup": 2,
    "speedup_vs_redis": 0.1144104634894252,
    "speedup_vs_valkey": 0.09900764314813126,
    "tail_regressed_vs_redis": true,
    "tail_regressed_vs_valkey": true
  },
  "generator_bound": false
}
