{
  "workload": "mixed",
  "cell": {
    "keyspace": 2354696,
    "value_size": 128,
    "dist": "uniform",
    "pipeline": 16,
    "connections": 64
  },
  "timestamp": "2026-07-15T17:35:31.191138439Z",
  "aki": {
    "target": "aki",
    "version": "unknown",
    "workload": "mixed",
    "skipped": false,
    "ops": 5152160,
    "errors": 0,
    "ops_per_sec": 515121.59376853437,
    "min_us": 267.888,
    "p50_us": 1934.335,
    "p99_us": 3250.175,
    "p999_us": 3727.359,
    "nil_replies": 0,
    "err_replies": 0,
    "hit_ratio": 1,
    "value_ops_per_sec": 515121.59376853437,
    "bytes_per_sec": 86018003.99761096,
    "resp_ver": 2,
    "used_memory": 413242944,
    "bytes_per_key": 175.49736526498538,
    "coverage_sampled": 2000,
    "coverage_retrievable": 2000,
    "coverage_fraction": 1,
    "coverage_keyspace": 2354696,
    "distinct_keys_est": 2091244,
    "key_draws": 5152160
  },
  "redis": {
    "target": "redis",
    "version": "redis 8.8.0",
    "workload": "mixed",
    "skipped": false,
    "ops": 21621488,
    "errors": 0,
    "ops_per_sec": 2161959.791313832,
    "min_us": 17.436,
    "p50_us": 343.807,
    "p99_us": 2740.223,
    "p999_us": 4620.287,
    "nil_replies": 14164480,
    "err_replies": 0,
    "hit_ratio": 0.3448887514124837,
    "value_ops_per_sec": 745635.6130302214,
    "bytes_per_sec": 175477984.98980564,
    "resp_ver": 2,
    "used_memory": 133750656,
    "bytes_per_key": 56.80166611740964,
    "coverage_sampled": 2000,
    "coverage_retrievable": 485,
    "coverage_missing": 1515,
    "coverage_fraction": 0.2425,
    "coverage_keyspace": 2354696,
    "distinct_keys_est": 2354431,
    "key_draws": 21621488,
    "server_hits": 7839329,
    "server_misses": 21227977,
    "evicted_keys": 2204665,
    "maxmemory": 134217728,
    "maxmemory_policy": "allkeys-lfu"
  },
  "valkey": {
    "target": "valkey",
    "version": "valkey 9.1.0",
    "workload": "mixed",
    "skipped": false,
    "ops": 26748512,
    "errors": 0,
    "ops_per_sec": 2674698.080489107,
    "min_us": 13.967,
    "p50_us": 268.799,
    "p99_us": 3661.823,
    "p999_us": 6647.807,
    "nil_replies": 17416231,
    "err_replies": 0,
    "hit_ratio": 0.34888972515555255,
    "value_ops_per_sec": 933174.6781759285,
    "bytes_per_sec": 218496926.21906596,
    "resp_ver": 2,
    "used_memory": 133971936,
    "bytes_per_key": 56.895640031664385,
    "coverage_sampled": 2000,
    "coverage_retrievable": 533,
    "coverage_missing": 1467,
    "coverage_fraction": 0.2665,
    "coverage_keyspace": 2354696,
    "distinct_keys_est": 2354668,
    "key_draws": 26748512,
    "server_hits": 9864554,
    "server_misses": 26142782,
    "evicted_keys": 2742222,
    "maxmemory": 134217728,
    "maxmemory_policy": "allkeys-lfu"
  },
  "gate": {
    "pass": false,
    "reason": "aki is 0.69x Redis, below the 2.0x bar",
    "required_speedup": 2,
    "speedup_vs_redis": 0.6908489680034313,
    "speedup_vs_valkey": 0.552009828187194,
    "tail_regressed_vs_redis": true,
    "tail_regressed_vs_valkey": false
  },
  "generator_bound": false
}
