{
  "workload": "mixed",
  "cell": {
    "keyspace": 18512790,
    "value_size": 16,
    "dist": "zipfian",
    "zipf_s": 0.99,
    "pipeline": 16,
    "connections": 64
  },
  "timestamp": "2026-07-15T17:31:58.412949089Z",
  "aki": {
    "target": "aki",
    "version": "unknown",
    "workload": "mixed",
    "skipped": false,
    "ops": 4774096,
    "errors": 0,
    "ops_per_sec": 477322.6956706255,
    "min_us": 289.47,
    "p50_us": 2089.983,
    "p99_us": 3457.023,
    "p999_us": 3993.599,
    "nil_replies": 0,
    "err_replies": 0,
    "hit_ratio": 1,
    "value_ops_per_sec": 477322.6956706255,
    "bytes_per_sec": 24327032.769586366,
    "resp_ver": 2,
    "used_memory": 1179571360,
    "bytes_per_key": 63.716563521759824,
    "coverage_sampled": 2000,
    "coverage_retrievable": 2000,
    "coverage_fraction": 1,
    "coverage_keyspace": 18512790,
    "distinct_keys_est": 1345691,
    "key_draws": 4774096
  },
  "redis": {
    "target": "redis",
    "version": "redis 8.8.0",
    "workload": "mixed",
    "skipped": false,
    "ops": 24427488,
    "errors": 0,
    "ops_per_sec": 2442604.786708641,
    "min_us": 25.475,
    "p50_us": 289.791,
    "p99_us": 2867.199,
    "p999_us": 5099.519,
    "nil_replies": 6351447,
    "err_replies": 0,
    "hit_ratio": 0.739987713841063,
    "value_ops_per_sec": 1807497.5319337645,
    "bytes_per_sec": 113055945.44581805,
    "resp_ver": 2,
    "used_memory": 133792664,
    "bytes_per_key": 7.227039468389152,
    "coverage_sampled": 2000,
    "coverage_retrievable": 216,
    "coverage_missing": 1784,
    "coverage_fraction": 0.108,
    "coverage_keyspace": 18512790,
    "distinct_keys_est": 4496246,
    "key_draws": 24427488,
    "server_hits": 22396674,
    "server_misses": 10174744,
    "evicted_keys": 829463,
    "maxmemory": 134217728,
    "maxmemory_policy": "allkeys-lfu"
  },
  "valkey": {
    "target": "valkey",
    "version": "valkey 9.1.0",
    "workload": "mixed",
    "skipped": false,
    "ops": 26927248,
    "errors": 0,
    "ops_per_sec": 2692600.4721350595,
    "min_us": 14.515,
    "p50_us": 251.647,
    "p99_us": 3665.919,
    "p999_us": 6684.671,
    "nil_replies": 6452775,
    "err_replies": 0,
    "hit_ratio": 0.7603626259913379,
    "value_ops_per_sec": 2047352.76573813,
    "bytes_per_sec": 125614210.70199646,
    "resp_ver": 2,
    "used_memory": 134025600,
    "bytes_per_key": 7.239621904639981,
    "coverage_sampled": 2000,
    "coverage_retrievable": 237,
    "coverage_missing": 1763,
    "coverage_fraction": 0.1185,
    "coverage_keyspace": 18512790,
    "distinct_keys_est": 4801235,
    "key_draws": 26927248,
    "server_hits": 25540081,
    "server_misses": 10333263,
    "evicted_keys": 837527,
    "maxmemory": 134217728,
    "maxmemory_policy": "allkeys-lfu"
  },
  "gate": {
    "pass": false,
    "reason": "aki is 0.26x Redis, below the 2.0x bar",
    "required_speedup": 2,
    "speedup_vs_redis": 0.26407930701844906,
    "speedup_vs_valkey": 0.23314140272183959,
    "tail_regressed_vs_redis": true,
    "tail_regressed_vs_valkey": false
  },
  "generator_bound": false
}
