{
  "workload": "mixed",
  "cell": {
    "keyspace": 4628197,
    "value_size": 16,
    "dist": "zipfian",
    "zipf_s": 0.99,
    "pipeline": 16,
    "connections": 64
  },
  "timestamp": "2026-07-15T17:25:24.382373419Z",
  "aki": {
    "target": "aki",
    "version": "unknown",
    "workload": "mixed",
    "skipped": false,
    "ops": 5243024,
    "errors": 0,
    "ops_per_sec": 524212.30929189496,
    "min_us": 338.717,
    "p50_us": 1899.519,
    "p99_us": 3194.879,
    "p999_us": 3706.879,
    "nil_replies": 0,
    "err_replies": 0,
    "hit_ratio": 1,
    "value_ops_per_sec": 524212.30929189496,
    "bytes_per_sec": 26519142.2414297,
    "resp_ver": 2,
    "used_memory": 294814896,
    "bytes_per_key": 63.69972928982928,
    "coverage_sampled": 2000,
    "coverage_retrievable": 2000,
    "coverage_fraction": 1,
    "coverage_keyspace": 4628197,
    "distinct_keys_est": 1068783,
    "key_draws": 5243024
  },
  "redis": {
    "target": "redis",
    "version": "redis 8.8.0",
    "workload": "mixed",
    "skipped": false,
    "ops": 24890784,
    "errors": 0,
    "ops_per_sec": 2488951.6887140037,
    "min_us": 23.417,
    "p50_us": 286.975,
    "p99_us": 2957.311,
    "p999_us": 5234.687,
    "nil_replies": 3430327,
    "err_replies": 0,
    "hit_ratio": 0.862184855246022,
    "value_ops_per_sec": 2145936.451448225,
    "bytes_per_sec": 119735485.82628433,
    "resp_ver": 2,
    "used_memory": 133787120,
    "bytes_per_key": 28.906963121924154,
    "coverage_sampled": 2000,
    "coverage_retrievable": 803,
    "coverage_missing": 1197,
    "coverage_fraction": 0.4015,
    "coverage_keyspace": 4628197,
    "distinct_keys_est": 2698718,
    "key_draws": 24890784,
    "server_hits": 27734973,
    "server_misses": 5689579,
    "evicted_keys": 449265,
    "maxmemory": 134217728,
    "maxmemory_policy": "allkeys-lfu"
  },
  "valkey": {
    "target": "valkey",
    "version": "valkey 9.1.0",
    "workload": "mixed",
    "skipped": false,
    "ops": 27346992,
    "errors": 0,
    "ops_per_sec": 2734494.96193854,
    "min_us": 14.388,
    "p50_us": 247.295,
    "p99_us": 3827.711,
    "p999_us": 7004.159,
    "nil_replies": 2999866,
    "err_replies": 0,
    "hit_ratio": 0.8903036209613109,
    "value_ops_per_sec": 2434530.7661143444,
    "bytes_per_sec": 132931595.60559,
    "resp_ver": 2,
    "used_memory": 134039288,
    "bytes_per_key": 28.96144827024433,
    "coverage_sampled": 2000,
    "coverage_retrievable": 917,
    "coverage_missing": 1083,
    "coverage_fraction": 0.4585,
    "coverage_keyspace": 4628197,
    "distinct_keys_est": 2820105,
    "key_draws": 27346992,
    "server_hits": 31546185,
    "server_misses": 5101117,
    "evicted_keys": 397605,
    "maxmemory": 134217728,
    "maxmemory_policy": "allkeys-lfu"
  },
  "gate": {
    "pass": false,
    "reason": "aki is 0.24x Redis, below the 2.0x bar",
    "required_speedup": 2,
    "speedup_vs_redis": 0.2442813760575811,
    "speedup_vs_valkey": 0.21532375626066494,
    "tail_regressed_vs_redis": true,
    "tail_regressed_vs_valkey": false
  },
  "generator_bound": false
}
