{
  "workload": "mixed",
  "cell": {
    "keyspace": 588674,
    "value_size": 128,
    "dist": "zipfian",
    "zipf_s": 0.99,
    "pipeline": 16,
    "connections": 64
  },
  "timestamp": "2026-07-15T18:04:57.135761421Z",
  "aki": {
    "target": "aki",
    "version": "unknown",
    "workload": "mixed",
    "skipped": false,
    "ops": 17826208,
    "errors": 0,
    "ops_per_sec": 1782412.5569978997,
    "min_us": 14.907,
    "p50_us": 383.231,
    "p99_us": 3424.255,
    "p999_us": 5832.703,
    "nil_replies": 0,
    "err_replies": 0,
    "hit_ratio": 1,
    "value_ops_per_sec": 1782412.5569978997,
    "bytes_per_sec": 290532008.83529055,
    "resp_ver": 2,
    "used_memory": 103258560,
    "bytes_per_key": 175.40873216754943,
    "coverage_sampled": 2000,
    "coverage_retrievable": 2000,
    "coverage_fraction": 1,
    "coverage_keyspace": 588674,
    "distinct_keys_est": 574553,
    "key_draws": 17826208
  },
  "redis": {
    "target": "redis",
    "version": "redis 8.8.0",
    "workload": "mixed",
    "skipped": false,
    "ops": 23891072,
    "errors": 0,
    "ops_per_sec": 2388950.710350348,
    "min_us": 24.679,
    "p50_us": 316.415,
    "p99_us": 2852.863,
    "p999_us": 5087.231,
    "nil_replies": 0,
    "err_replies": 0,
    "hit_ratio": 1,
    "value_ops_per_sec": 2388950.710350348,
    "bytes_per_sec": 389396883.5235067,
    "resp_ver": 2,
    "used_memory": 125064552,
    "bytes_per_key": 212.45129222625766,
    "coverage_sampled": 2000,
    "coverage_retrievable": 2000,
    "coverage_fraction": 1,
    "coverage_keyspace": 588674,
    "distinct_keys_est": 583386,
    "key_draws": 23891072,
    "server_hits": 32102490,
    "maxmemory": 134217728,
    "maxmemory_policy": "allkeys-lfu"
  },
  "valkey": {
    "target": "valkey",
    "version": "valkey 9.1.0",
    "workload": "mixed",
    "skipped": false,
    "ops": 28836592,
    "errors": 0,
    "ops_per_sec": 2883482.1547723934,
    "min_us": 14.437,
    "p50_us": 224.255,
    "p99_us": 3854.335,
    "p999_us": 7090.175,
    "nil_replies": 0,
    "err_replies": 0,
    "hit_ratio": 1,
    "value_ops_per_sec": 2883482.1547723934,
    "bytes_per_sec": 470004710.80475754,
    "resp_ver": 2,
    "used_memory": 123756048,
    "bytes_per_key": 210.22849318977907,
    "coverage_sampled": 2000,
    "coverage_retrievable": 2000,
    "coverage_fraction": 1,
    "coverage_keyspace": 588674,
    "distinct_keys_est": 586286,
    "key_draws": 28836592,
    "server_hits": 38933446,
    "maxmemory": 134217728,
    "maxmemory_policy": "allkeys-lfu"
  },
  "gate": {
    "pass": false,
    "reason": "aki is 0.75x Redis, below the 2.0x bar",
    "required_speedup": 2,
    "speedup_vs_redis": 0.7461068783359296,
    "speedup_vs_valkey": 0.6181458602224621,
    "tail_regressed_vs_redis": true,
    "tail_regressed_vs_valkey": false
  },
  "generator_bound": false
}
