{
  "workload": "mixed",
  "cell": {
    "keyspace": 31987,
    "value_size": 4096,
    "dist": "zipfian",
    "zipf_s": 0.99,
    "pipeline": 16,
    "connections": 64
  },
  "timestamp": "2026-07-15T20:09:28.120733701Z",
  "aki": {
    "target": "aki",
    "version": "unknown",
    "workload": "mixed",
    "skipped": false,
    "ops": 14037968,
    "errors": 0,
    "ops_per_sec": 1403744.073266992,
    "min_us": 44.98,
    "p50_us": 545.791,
    "p99_us": 3454.975,
    "p999_us": 5713.919,
    "nil_replies": 0,
    "err_replies": 0,
    "hit_ratio": 1,
    "value_ops_per_sec": 1403744.073266992,
    "bytes_per_sec": 5799179144.832552,
    "resp_ver": 2,
    "used_memory": 139259536,
    "bytes_per_key": 4353.629161847,
    "coverage_sampled": 2000,
    "coverage_retrievable": 2000,
    "coverage_fraction": 1,
    "coverage_keyspace": 31987,
    "distinct_keys_est": 31987,
    "key_draws": 14037968
  },
  "redis": {
    "target": "redis",
    "version": "redis 8.8.0",
    "workload": "mixed",
    "skipped": false,
    "ops": 15661024,
    "errors": 0,
    "ops_per_sec": 1565947.3527339005,
    "min_us": 32.475,
    "p50_us": 476.159,
    "p99_us": 2701.311,
    "p999_us": 5046.271,
    "nil_replies": 436618,
    "err_replies": 0,
    "hit_ratio": 0.9721207246729205,
    "value_ops_per_sec": 1522289.8753393209,
    "bytes_per_sec": 6290281295.826393,
    "resp_ver": 2,
    "used_memory": 130266232,
    "bytes_per_key": 4072.4741926407605,
    "coverage_sampled": 2000,
    "coverage_retrievable": 1531,
    "coverage_missing": 469,
    "coverage_fraction": 0.7655,
    "coverage_keyspace": 31987,
    "distinct_keys_est": 31987,
    "key_draws": 15661024,
    "server_hits": 20342546,
    "server_misses": 689826,
    "evicted_keys": 75932,
    "maxmemory": 134217728,
    "maxmemory_policy": "allkeys-lfu"
  },
  "valkey": {
    "target": "valkey",
    "version": "valkey 9.1.0",
    "workload": "mixed",
    "skipped": false,
    "ops": 15097472,
    "errors": 0,
    "ops_per_sec": 1509564.8474346031,
    "min_us": 23.218,
    "p50_us": 503.039,
    "p99_us": 3577.855,
    "p999_us": 7172.095,
    "nil_replies": 438151,
    "err_replies": 0,
    "hit_ratio": 0.9709785187877812,
    "value_ops_per_sec": 1465755.0395761537,
    "bytes_per_sec": 6056728102.153043,
    "resp_ver": 2,
    "used_memory": 128785008,
    "bytes_per_key": 4026.1671303967237,
    "coverage_sampled": 2000,
    "coverage_retrievable": 1542,
    "coverage_missing": 458,
    "coverage_fraction": 0.771,
    "coverage_keyspace": 31987,
    "distinct_keys_est": 31987,
    "key_draws": 15097472,
    "server_hits": 19571638,
    "server_misses": 700882,
    "evicted_keys": 77681,
    "maxmemory": 134217728,
    "maxmemory_policy": "allkeys-lfu"
  },
  "gate": {
    "pass": false,
    "reason": "aki is 0.92x Redis, below the 2.0x bar",
    "required_speedup": 2,
    "speedup_vs_redis": 0.9221266566948002,
    "speedup_vs_valkey": 0.9576934995037827,
    "tail_regressed_vs_redis": true,
    "tail_regressed_vs_valkey": false
  },
  "generator_bound": false
}
