{
  "workload": "mixed",
  "cell": {
    "keyspace": 219310,
    "value_size": 512,
    "dist": "uniform",
    "pipeline": 16,
    "connections": 64
  },
  "timestamp": "2026-07-15T18:36:21.763433679Z",
  "aki": {
    "target": "aki",
    "version": "unknown",
    "workload": "mixed",
    "skipped": false,
    "ops": 10128560,
    "errors": 0,
    "ops_per_sec": 1012769.1453232048,
    "min_us": 91.328,
    "p50_us": 880.639,
    "p99_us": 3532.799,
    "p999_us": 6496.255,
    "nil_replies": 0,
    "err_replies": 0,
    "hit_ratio": 1,
    "value_ops_per_sec": 1012769.1453232048,
    "bytes_per_sec": 556554143.0393146,
    "resp_ver": 2,
    "used_memory": 123514656,
    "bytes_per_key": 563.1966440198805,
    "coverage_sampled": 2000,
    "coverage_retrievable": 2000,
    "coverage_fraction": 1,
    "coverage_keyspace": 219310,
    "distinct_keys_est": 219310,
    "key_draws": 10128560
  },
  "redis": {
    "target": "redis",
    "version": "redis 8.8.0",
    "workload": "mixed",
    "skipped": false,
    "ops": 21882816,
    "errors": 0,
    "ops_per_sec": 2188156.733930057,
    "min_us": 21.631,
    "p50_us": 357.631,
    "p99_us": 2828.287,
    "p999_us": 4997.119,
    "nil_replies": 2546012,
    "err_replies": 0,
    "hit_ratio": 0.883652451311568,
    "value_ops_per_sec": 1933570.061791209,
    "bytes_per_sec": 1071361910.9682316,
    "resp_ver": 2,
    "used_memory": 132770824,
    "bytes_per_key": 605.4025078655784,
    "coverage_sampled": 2000,
    "coverage_retrievable": 1731,
    "coverage_missing": 269,
    "coverage_fraction": 0.8655,
    "coverage_keyspace": 219310,
    "distinct_keys_est": 219310,
    "key_draws": 21882816,
    "server_hits": 25585865,
    "server_misses": 3806373,
    "evicted_keys": 416868,
    "maxmemory": 134217728,
    "maxmemory_policy": "allkeys-lfu"
  },
  "valkey": {
    "target": "valkey",
    "version": "valkey 9.1.0",
    "workload": "mixed",
    "skipped": false,
    "ops": 23264816,
    "errors": 0,
    "ops_per_sec": 2326271.363225548,
    "min_us": 18.27,
    "p50_us": 325.375,
    "p99_us": 3680.255,
    "p999_us": 6856.703,
    "nil_replies": 2627065,
    "err_replies": 0,
    "hit_ratio": 0.8870799150098586,
    "value_ops_per_sec": 2063588.6031799875,
    "bytes_per_sec": 1143091648.7922404,
    "resp_ver": 2,
    "used_memory": 133014576,
    "bytes_per_key": 606.5139574118828,
    "coverage_sampled": 2000,
    "coverage_retrievable": 1718,
    "coverage_missing": 282,
    "coverage_fraction": 0.859,
    "coverage_keyspace": 219310,
    "distinct_keys_est": 219310,
    "key_draws": 23264816,
    "server_hits": 27417729,
    "server_misses": 3944677,
    "evicted_keys": 431488,
    "maxmemory": 134217728,
    "maxmemory_policy": "allkeys-lfu"
  },
  "gate": {
    "pass": false,
    "reason": "aki is 0.52x Redis, below the 2.0x bar",
    "required_speedup": 2,
    "speedup_vs_redis": 0.5237819747710625,
    "speedup_vs_valkey": 0.4907805479069466,
    "tail_regressed_vs_redis": true,
    "tail_regressed_vs_valkey": false
  },
  "generator_bound": false
}
