{
  "workload": "mixed",
  "cell": {
    "keyspace": 511793,
    "value_size": 4096,
    "dist": "zipfian",
    "zipf_s": 0.99,
    "pipeline": 16,
    "connections": 64
  },
  "timestamp": "2026-07-15T20:13:46.805669658Z",
  "aki": {
    "target": "aki",
    "version": "unknown",
    "workload": "mixed",
    "skipped": false,
    "ops": 10242864,
    "errors": 0,
    "ops_per_sec": 1024202.7570479618,
    "min_us": 54.712,
    "p50_us": 657.407,
    "p99_us": 5103.615,
    "p999_us": 7049.215,
    "nil_replies": 0,
    "err_replies": 0,
    "hit_ratio": 1,
    "value_ops_per_sec": 1024202.7570479618,
    "bytes_per_sec": 4231965339.6257877,
    "resp_ver": 2,
    "used_memory": 146501040,
    "bytes_per_key": 286.25057396252,
    "coverage_sampled": 2000,
    "coverage_retrievable": 2000,
    "coverage_fraction": 1,
    "coverage_keyspace": 511793,
    "distinct_keys_est": 477034,
    "key_draws": 10242864
  },
  "redis": {
    "target": "redis",
    "version": "redis 8.8.0",
    "workload": "mixed",
    "skipped": false,
    "ops": 15999248,
    "errors": 0,
    "ops_per_sec": 1599756.808897595,
    "min_us": 33.722,
    "p50_us": 467.455,
    "p99_us": 2813.951,
    "p999_us": 5218.303,
    "nil_replies": 3735806,
    "err_replies": 0,
    "hit_ratio": 0.7665011505540761,
    "value_ops_per_sec": 1226215.4346267236,
    "bytes_per_sec": 5078612839.634264,
    "resp_ver": 2,
    "used_memory": 130819000,
    "bytes_per_key": 255.6092013763377,
    "coverage_sampled": 2000,
    "coverage_retrievable": 97,
    "coverage_missing": 1903,
    "coverage_fraction": 0.0485,
    "coverage_keyspace": 511793,
    "distinct_keys_est": 500785,
    "key_draws": 15999248,
    "server_hits": 15877248,
    "server_misses": 5814986,
    "evicted_keys": 640110,
    "maxmemory": 134217728,
    "maxmemory_policy": "allkeys-lfu"
  },
  "valkey": {
    "target": "valkey",
    "version": "valkey 9.1.0",
    "workload": "mixed",
    "skipped": false,
    "ops": 16374080,
    "errors": 0,
    "ops_per_sec": 1637262.752199654,
    "min_us": 22.208,
    "p50_us": 454.143,
    "p99_us": 3731.455,
    "p999_us": 7147.519,
    "nil_replies": 3818739,
    "err_replies": 0,
    "hit_ratio": 0.7667814619203033,
    "value_ops_per_sec": 1255422.72667931,
    "bytes_per_sec": 5199561725.12103,
    "resp_ver": 2,
    "used_memory": 129891440,
    "bytes_per_key": 253.79682801445117,
    "coverage_sampled": 2000,
    "coverage_retrievable": 100,
    "coverage_missing": 1900,
    "coverage_fraction": 0.05,
    "coverage_keyspace": 511793,
    "distinct_keys_est": 501555,
    "key_draws": 16374080,
    "server_hits": 16211490,
    "server_misses": 5944870,
    "evicted_keys": 654491,
    "maxmemory": 134217728,
    "maxmemory_policy": "allkeys-lfu"
  },
  "gate": {
    "pass": false,
    "reason": "aki is 0.84x Redis, below the 2.0x bar",
    "required_speedup": 2,
    "speedup_vs_redis": 0.8352551502173374,
    "speedup_vs_valkey": 0.8158230174445361,
    "tail_regressed_vs_redis": true,
    "tail_regressed_vs_valkey": true
  },
  "generator_bound": false
}
