{
  "workload": "mixed",
  "cell": {
    "keyspace": 877240,
    "value_size": 512,
    "dist": "uniform",
    "pipeline": 16,
    "connections": 64
  },
  "timestamp": "2026-07-15T18:38:10.797386082Z",
  "aki": {
    "target": "aki",
    "version": "unknown",
    "workload": "mixed",
    "skipped": false,
    "ops": 4843216,
    "errors": 0,
    "ops_per_sec": 484212.6896713074,
    "min_us": 429.673,
    "p50_us": 2066.431,
    "p99_us": 3327.999,
    "p999_us": 3829.759,
    "nil_replies": 0,
    "err_replies": 0,
    "hit_ratio": 1,
    "value_ops_per_sec": 484212.6896713074,
    "bytes_per_sec": 266442711.4392363,
    "resp_ver": 2,
    "used_memory": 494308608,
    "bytes_per_key": 563.4816105056769,
    "coverage_sampled": 2000,
    "coverage_retrievable": 2000,
    "coverage_fraction": 1,
    "coverage_keyspace": 877240,
    "distinct_keys_est": 873681,
    "key_draws": 4843216
  },
  "redis": {
    "target": "redis",
    "version": "redis 8.8.0",
    "workload": "mixed",
    "skipped": false,
    "ops": 21869920,
    "errors": 0,
    "ops_per_sec": 2186838.316438371,
    "min_us": 22.728,
    "p50_us": 354.047,
    "p99_us": 2652.159,
    "p999_us": 4493.311,
    "nil_replies": 15313922,
    "err_replies": 0,
    "hit_ratio": 0.29977238142617807,
    "value_ops_per_sec": 655553.7299127444,
    "bytes_per_sec": 414717093.1927285,
    "resp_ver": 2,
    "used_memory": 133331760,
    "bytes_per_key": 151.99005973279833,
    "coverage_sampled": 2000,
    "coverage_retrievable": 454,
    "coverage_missing": 1546,
    "coverage_fraction": 0.227,
    "coverage_keyspace": 877240,
    "distinct_keys_est": 877240,
    "key_draws": 21869920,
    "server_hits": 6509256,
    "server_misses": 23010782,
    "evicted_keys": 2497406,
    "maxmemory": 134217728,
    "maxmemory_policy": "allkeys-lfu"
  },
  "valkey": {
    "target": "valkey",
    "version": "valkey 9.1.0",
    "workload": "mixed",
    "skipped": false,
    "ops": 25675200,
    "errors": 0,
    "ops_per_sec": 2567271.41650001,
    "min_us": 14.669,
    "p50_us": 291.839,
    "p99_us": 3524.607,
    "p999_us": 6586.367,
    "nil_replies": 17958376,
    "err_replies": 0,
    "hit_ratio": 0.3005555555555556,
    "value_ops_per_sec": 771607.6868480586,
    "bytes_per_sec": 487898608.20235485,
    "resp_ver": 2,
    "used_memory": 133658520,
    "bytes_per_key": 152.3625461675254,
    "coverage_sampled": 2000,
    "coverage_retrievable": 452,
    "coverage_missing": 1548,
    "coverage_fraction": 0.226,
    "coverage_keyspace": 877240,
    "distinct_keys_est": 877240,
    "key_draws": 25675200,
    "server_hits": 7666215,
    "server_misses": 26958155,
    "evicted_keys": 2935662,
    "maxmemory": 134217728,
    "maxmemory_policy": "allkeys-lfu"
  },
  "gate": {
    "pass": false,
    "reason": "aki is 0.74x Redis, below the 2.0x bar",
    "required_speedup": 2,
    "speedup_vs_redis": 0.7386315836167344,
    "speedup_vs_valkey": 0.6275374104284375,
    "tail_regressed_vs_redis": true,
    "tail_regressed_vs_valkey": false
  },
  "generator_bound": false
}
