{
  "workload": "mixed",
  "cell": {
    "keyspace": 4628197,
    "value_size": 16,
    "dist": "zipfian",
    "zipf_s": 0.99,
    "pipeline": 16,
    "connections": 64
  },
  "timestamp": "2026-07-15T17:26:31.663511361Z",
  "aki": {
    "target": "aki",
    "version": "unknown",
    "workload": "mixed",
    "skipped": false,
    "ops": 5323968,
    "errors": 0,
    "ops_per_sec": 532225.037302279,
    "min_us": 298.943,
    "p50_us": 1878.015,
    "p99_us": 3047.423,
    "p999_us": 3569.663,
    "nil_replies": 0,
    "err_replies": 0,
    "hit_ratio": 1,
    "value_ops_per_sec": 532225.037302279,
    "bytes_per_sec": 26924538.35951075,
    "resp_ver": 2,
    "used_memory": 294814896,
    "bytes_per_key": 63.69972928982928,
    "coverage_sampled": 2000,
    "coverage_retrievable": 2000,
    "coverage_fraction": 1,
    "coverage_keyspace": 4628197,
    "distinct_keys_est": 1080030,
    "key_draws": 5323968
  },
  "redis": {
    "target": "redis",
    "version": "redis 8.8.0",
    "workload": "mixed",
    "skipped": false,
    "ops": 24463440,
    "errors": 0,
    "ops_per_sec": 2446098.317798718,
    "min_us": 23.921,
    "p50_us": 291.071,
    "p99_us": 2973.695,
    "p999_us": 5234.687,
    "nil_replies": 3397357,
    "err_replies": 0,
    "hit_ratio": 0.8611251320337614,
    "value_ops_per_sec": 2106396.7368819825,
    "bytes_per_sec": 117627501.18198529,
    "resp_ver": 2,
    "used_memory": 133798928,
    "bytes_per_key": 28.90951443942425,
    "coverage_sampled": 2000,
    "coverage_retrievable": 781,
    "coverage_missing": 1219,
    "coverage_fraction": 0.3905,
    "coverage_keyspace": 4628197,
    "distinct_keys_est": 2676189,
    "key_draws": 24463440,
    "server_hits": 27073074,
    "server_misses": 5604090,
    "evicted_keys": 442728,
    "maxmemory": 134217728,
    "maxmemory_policy": "allkeys-lfu"
  },
  "valkey": {
    "target": "valkey",
    "version": "valkey 9.1.0",
    "workload": "mixed",
    "skipped": false,
    "ops": 27581568,
    "errors": 0,
    "ops_per_sec": 2757912.2244828558,
    "min_us": 14.38,
    "p50_us": 245.631,
    "p99_us": 3799.039,
    "p999_us": 6950.911,
    "nil_replies": 3022450,
    "err_replies": 0,
    "hit_ratio": 0.890417760150547,
    "value_ops_per_sec": 2455694.025615837,
    "bytes_per_sec": 134075454.00103356,
    "resp_ver": 2,
    "used_memory": 134031928,
    "bytes_per_key": 28.959858018143997,
    "coverage_sampled": 2000,
    "coverage_retrievable": 951,
    "coverage_missing": 1049,
    "coverage_fraction": 0.4755,
    "coverage_keyspace": 4628197,
    "distinct_keys_est": 2831288,
    "key_draws": 27581568,
    "server_hits": 31773439,
    "server_misses": 5126465,
    "evicted_keys": 400545,
    "maxmemory": 134217728,
    "maxmemory_policy": "allkeys-lfu"
  },
  "gate": {
    "pass": false,
    "reason": "aki is 0.25x Redis, below the 2.0x bar",
    "required_speedup": 2,
    "speedup_vs_redis": 0.25267084209886836,
    "speedup_vs_valkey": 0.21673100628601646,
    "tail_regressed_vs_redis": true,
    "tail_regressed_vs_valkey": false
  },
  "generator_bound": false
}
