{
  "workload": "mixed",
  "cell": {
    "keyspace": 219310,
    "value_size": 512,
    "dist": "zipfian",
    "zipf_s": 0.99,
    "pipeline": 16,
    "connections": 64
  },
  "timestamp": "2026-07-15T19:20:44.458185151Z",
  "aki": {
    "target": "aki",
    "version": "unknown",
    "workload": "mixed",
    "skipped": false,
    "ops": 10039840,
    "errors": 0,
    "ops_per_sec": 1003860.6767197256,
    "min_us": 52.442,
    "p50_us": 883.711,
    "p99_us": 3639.295,
    "p999_us": 6610.943,
    "nil_replies": 0,
    "err_replies": 0,
    "hit_ratio": 1,
    "value_ops_per_sec": 1003860.6767197256,
    "bytes_per_sec": 548821870.0820823,
    "resp_ver": 2,
    "used_memory": 123514656,
    "bytes_per_key": 563.1966440198805,
    "coverage_sampled": 2000,
    "coverage_retrievable": 2000,
    "coverage_fraction": 1,
    "coverage_keyspace": 219310,
    "distinct_keys_est": 218382,
    "key_draws": 10039840
  },
  "redis": {
    "target": "redis",
    "version": "redis 8.8.0",
    "workload": "mixed",
    "skipped": false,
    "ops": 23004368,
    "errors": 0,
    "ops_per_sec": 2300265.13374336,
    "min_us": 27.207,
    "p50_us": 331.263,
    "p99_us": 2871.295,
    "p999_us": 5214.207,
    "nil_replies": 352561,
    "err_replies": 0,
    "hit_ratio": 0.98467417144431,
    "value_ops_per_sec": 2265011.664670978,
    "bytes_per_sec": 1239426044.8976378,
    "resp_ver": 2,
    "used_memory": 132751576,
    "bytes_per_key": 605.3147416898454,
    "coverage_sampled": 2000,
    "coverage_retrievable": 1727,
    "coverage_missing": 273,
    "coverage_fraction": 0.8635,
    "coverage_keyspace": 219310,
    "distinct_keys_est": 219307,
    "key_draws": 23004368,
    "server_hits": 30357410,
    "server_misses": 595496,
    "evicted_keys": 57777,
    "maxmemory": 134217728,
    "maxmemory_policy": "allkeys-lfu"
  },
  "valkey": {
    "target": "valkey",
    "version": "valkey 9.1.0",
    "workload": "mixed",
    "skipped": false,
    "ops": 25382896,
    "errors": 0,
    "ops_per_sec": 2538103.550664477,
    "min_us": 17.079,
    "p50_us": 277.759,
    "p99_us": 3825.663,
    "p999_us": 7323.647,
    "nil_replies": 376736,
    "err_replies": 0,
    "hit_ratio": 0.9851578795421925,
    "value_ops_per_sec": 2500432.712031126,
    "bytes_per_sec": 1368210205.4714134,
    "resp_ver": 2,
    "used_memory": 132971312,
    "bytes_per_key": 606.3166841457298,
    "coverage_sampled": 2000,
    "coverage_retrievable": 1731,
    "coverage_missing": 269,
    "coverage_fraction": 0.8655,
    "coverage_keyspace": 219310,
    "distinct_keys_est": 219309,
    "key_draws": 25382896,
    "server_hits": 33553902,
    "server_misses": 680488,
    "evicted_keys": 66663,
    "maxmemory": 134217728,
    "maxmemory_policy": "allkeys-lfu"
  },
  "gate": {
    "pass": false,
    "reason": "aki is 0.44x Redis, below the 2.0x bar",
    "required_speedup": 2,
    "speedup_vs_redis": 0.4432033143041447,
    "speedup_vs_valkey": 0.40147478150063065,
    "tail_regressed_vs_redis": true,
    "tail_regressed_vs_valkey": false
  },
  "generator_bound": false
}
