{
  "workload": "mixed",
  "cell": {
    "keyspace": 1157049,
    "value_size": 16,
    "dist": "uniform",
    "pipeline": 16,
    "connections": 64
  },
  "timestamp": "2026-07-15T17:14:14.297175729Z",
  "aki": {
    "target": "aki",
    "version": "unknown",
    "workload": "mixed",
    "skipped": false,
    "ops": 17848240,
    "errors": 0,
    "ops_per_sec": 1784672.0721157712,
    "min_us": 22.105,
    "p50_us": 380.671,
    "p99_us": 3575.807,
    "p999_us": 6074.367,
    "nil_replies": 0,
    "err_replies": 0,
    "hit_ratio": 1,
    "value_ops_per_sec": 1784672.0721157712,
    "bytes_per_sec": 95396672.34806068,
    "resp_ver": 2,
    "used_memory": 73639088,
    "bytes_per_key": 63.643880250533904,
    "coverage_sampled": 2000,
    "coverage_retrievable": 2000,
    "coverage_fraction": 1,
    "coverage_keyspace": 1157049,
    "distinct_keys_est": 1157049,
    "key_draws": 17848240
  },
  "redis": {
    "target": "redis",
    "version": "redis 8.8.0",
    "workload": "mixed",
    "skipped": false,
    "ops": 26738208,
    "errors": 0,
    "ops_per_sec": 2673689.2328328616,
    "min_us": 20.91,
    "p50_us": 269.567,
    "p99_us": 2920.447,
    "p999_us": 5349.375,
    "nil_replies": 0,
    "err_replies": 0,
    "hit_ratio": 1,
    "value_ops_per_sec": 2673689.2328328616,
    "bytes_per_sec": 142917332.80959535,
    "resp_ver": 2,
    "used_memory": 86477232,
    "bytes_per_key": 74.73947257203454,
    "coverage_sampled": 2000,
    "coverage_retrievable": 2000,
    "coverage_fraction": 1,
    "coverage_keyspace": 1157049,
    "distinct_keys_est": 1157049,
    "key_draws": 26738208,
    "server_hits": 35970010,
    "maxmemory": 134217728,
    "maxmemory_policy": "allkeys-lfu"
  },
  "valkey": {
    "target": "valkey",
    "version": "valkey 9.1.0",
    "workload": "mixed",
    "skipped": false,
    "ops": 30162288,
    "errors": 0,
    "ops_per_sec": 3016025.0684114364,
    "min_us": 13.988,
    "p50_us": 212.351,
    "p99_us": 3934.207,
    "p999_us": 7167.999,
    "nil_replies": 0,
    "err_replies": 0,
    "hit_ratio": 1,
    "value_ops_per_sec": 3016025.0684114364,
    "bytes_per_sec": 161216277.98878676,
    "resp_ver": 2,
    "used_memory": 74487632,
    "bytes_per_key": 64.37724936454723,
    "coverage_sampled": 2000,
    "coverage_retrievable": 2000,
    "coverage_fraction": 1,
    "coverage_keyspace": 1157049,
    "distinct_keys_est": 1157049,
    "key_draws": 30162288,
    "server_hits": 40628032,
    "maxmemory": 134217728,
    "maxmemory_policy": "allkeys-lfu"
  },
  "gate": {
    "pass": false,
    "reason": "aki is 0.67x Redis, below the 2.0x bar",
    "required_speedup": 2,
    "speedup_vs_redis": 0.6674942062076723,
    "speedup_vs_valkey": 0.5917298535770367,
    "tail_regressed_vs_redis": true,
    "tail_regressed_vs_valkey": false
  },
  "generator_bound": false
}
