{
  "workload": "mixed",
  "cell": {
    "keyspace": 588674,
    "value_size": 128,
    "dist": "zipfian",
    "zipf_s": 0.99,
    "pipeline": 16,
    "connections": 64
  },
  "timestamp": "2026-07-15T18:04:09.708021032Z",
  "aki": {
    "target": "aki",
    "version": "unknown",
    "workload": "mixed",
    "skipped": false,
    "ops": 17748432,
    "errors": 0,
    "ops_per_sec": 1774734.9837596302,
    "min_us": 16.303,
    "p50_us": 381.439,
    "p99_us": 3405.823,
    "p999_us": 6066.175,
    "nil_replies": 0,
    "err_replies": 0,
    "hit_ratio": 1,
    "value_ops_per_sec": 1774734.9837596302,
    "bytes_per_sec": 289280620.82486457,
    "resp_ver": 2,
    "used_memory": 103258560,
    "bytes_per_key": 175.40873216754943,
    "coverage_sampled": 2000,
    "coverage_retrievable": 2000,
    "coverage_fraction": 1,
    "coverage_keyspace": 588674,
    "distinct_keys_est": 574375,
    "key_draws": 17748432
  },
  "redis": {
    "target": "redis",
    "version": "redis 8.8.0",
    "workload": "mixed",
    "skipped": false,
    "ops": 24684864,
    "errors": 0,
    "ops_per_sec": 2468136.817790588,
    "min_us": 26.114,
    "p50_us": 305.663,
    "p99_us": 2725.887,
    "p999_us": 4870.143,
    "nil_replies": 0,
    "err_replies": 0,
    "hit_ratio": 1,
    "value_ops_per_sec": 2468136.817790588,
    "bytes_per_sec": 402304176.70079005,
    "resp_ver": 2,
    "used_memory": 125050696,
    "bytes_per_key": 212.42775458063377,
    "coverage_sampled": 2000,
    "coverage_retrievable": 2000,
    "coverage_fraction": 1,
    "coverage_keyspace": 588674,
    "distinct_keys_est": 583998,
    "key_draws": 24684864,
    "server_hits": 33278246,
    "maxmemory": 134217728,
    "maxmemory_policy": "allkeys-lfu"
  },
  "valkey": {
    "target": "valkey",
    "version": "valkey 9.1.0",
    "workload": "mixed",
    "skipped": false,
    "ops": 28323744,
    "errors": 0,
    "ops_per_sec": 2832091.8572054934,
    "min_us": 14.638,
    "p50_us": 227.199,
    "p99_us": 3952.639,
    "p999_us": 7344.127,
    "nil_replies": 0,
    "err_replies": 0,
    "hit_ratio": 1,
    "value_ops_per_sec": 2832091.8572054934,
    "bytes_per_sec": 461628061.6149214,
    "resp_ver": 2,
    "used_memory": 123759440,
    "bytes_per_key": 210.23425529240293,
    "coverage_sampled": 2000,
    "coverage_retrievable": 2000,
    "coverage_fraction": 1,
    "coverage_keyspace": 588674,
    "distinct_keys_est": 586078,
    "key_draws": 28323744,
    "server_hits": 38343782,
    "maxmemory": 134217728,
    "maxmemory_policy": "allkeys-lfu"
  },
  "gate": {
    "pass": false,
    "reason": "aki is 0.72x Redis, below the 2.0x bar",
    "required_speedup": 2,
    "speedup_vs_redis": 0.7190585914715729,
    "speedup_vs_valkey": 0.6266516318121166,
    "tail_regressed_vs_redis": true,
    "tail_regressed_vs_valkey": false
  },
  "generator_bound": false
}
