{
  "workload": "mixed",
  "cell": {
    "keyspace": 511793,
    "value_size": 4096,
    "dist": "uniform",
    "pipeline": 16,
    "connections": 64
  },
  "timestamp": "2026-07-15T20:08:41.853408709Z",
  "aki": {
    "target": "aki",
    "version": "unknown",
    "workload": "mixed",
    "skipped": false,
    "ops": 5793696,
    "errors": 0,
    "ops_per_sec": 579298.1972103872,
    "min_us": 58.117,
    "p50_us": 1003.519,
    "p99_us": 5812.223,
    "p999_us": 187301.887,
    "nil_replies": 0,
    "err_replies": 0,
    "hit_ratio": 1,
    "value_ops_per_sec": 579298.1972103872,
    "bytes_per_sec": 2395448675.8243847,
    "resp_ver": 2,
    "used_memory": 144010672,
    "bytes_per_key": 281.38460666714866,
    "coverage_sampled": 2000,
    "coverage_retrievable": 2000,
    "coverage_fraction": 1,
    "coverage_keyspace": 511793,
    "distinct_keys_est": 511785,
    "key_draws": 5793696
  },
  "redis": {
    "target": "redis",
    "version": "redis 8.8.0",
    "workload": "mixed",
    "skipped": false,
    "ops": 22251232,
    "errors": 0,
    "ops_per_sec": 2225018.662170697,
    "min_us": 19.637,
    "p50_us": 290.047,
    "p99_us": 3534.847,
    "p999_us": 6078.463,
    "nil_replies": 19020460,
    "err_replies": 0,
    "hit_ratio": 0.14519519638283399,
    "value_ops_per_sec": 323062.0216093449,
    "bytes_per_sec": 1402624770.820655,
    "resp_ver": 2,
    "used_memory": 131743344,
    "bytes_per_key": 257.4152909477074,
    "coverage_sampled": 2000,
    "coverage_retrievable": 96,
    "coverage_missing": 1904,
    "coverage_fraction": 0.048,
    "coverage_keyspace": 511793,
    "distinct_keys_est": 511793,
    "key_draws": 22251232,
    "server_hits": 1501181,
    "server_misses": 28581429,
    "evicted_keys": 3162328,
    "maxmemory": 134217728,
    "maxmemory_policy": "allkeys-lfu"
  },
  "valkey": {
    "target": "valkey",
    "version": "valkey 9.1.0",
    "workload": "mixed",
    "skipped": false,
    "ops": 24935872,
    "errors": 0,
    "ops_per_sec": 2493378.4949944685,
    "min_us": 13.4,
    "p50_us": 248.703,
    "p99_us": 4251.647,
    "p999_us": 7720.959,
    "nil_replies": 21318018,
    "err_replies": 0,
    "hit_ratio": 0.14508632383098533,
    "value_ops_per_sec": 361755.1197579823,
    "bytes_per_sec": 1570682475.9652364,
    "resp_ver": 2,
    "used_memory": 131769944,
    "bytes_per_key": 257.46726508568895,
    "coverage_sampled": 2000,
    "coverage_retrievable": 114,
    "coverage_missing": 1886,
    "coverage_fraction": 0.057,
    "coverage_keyspace": 511793,
    "distinct_keys_est": 511793,
    "key_draws": 24935872,
    "server_hits": 1679535,
    "server_misses": 32045743,
    "evicted_keys": 3547678,
    "maxmemory": 134217728,
    "maxmemory_policy": "allkeys-lfu"
  },
  "gate": {
    "pass": false,
    "reason": "aki is 1.79x Redis, below the 2.0x bar",
    "required_speedup": 2,
    "speedup_vs_redis": 1.7931485549573196,
    "speedup_vs_valkey": 1.6013545229102586,
    "tail_regressed_vs_redis": true,
    "tail_regressed_vs_valkey": true
  },
  "generator_bound": false
}
