{
  "workload": "mixed",
  "cell": {
    "keyspace": 1157049,
    "value_size": 16,
    "dist": "zipfian",
    "zipf_s": 0.99,
    "pipeline": 16,
    "connections": 64
  },
  "timestamp": "2026-07-15T17:23:28.213256898Z",
  "aki": {
    "target": "aki",
    "version": "unknown",
    "workload": "mixed",
    "skipped": false,
    "ops": 17835520,
    "errors": 0,
    "ops_per_sec": 1783371.7146732716,
    "min_us": 19.499,
    "p50_us": 376.575,
    "p99_us": 3504.127,
    "p999_us": 6238.207,
    "nil_replies": 0,
    "err_replies": 0,
    "hit_ratio": 1,
    "value_ops_per_sec": 1783371.7146732716,
    "bytes_per_sec": 89497204.91276209,
    "resp_ver": 2,
    "used_memory": 73639088,
    "bytes_per_key": 63.643880250533904,
    "coverage_sampled": 2000,
    "coverage_retrievable": 2000,
    "coverage_fraction": 1,
    "coverage_keyspace": 1157049,
    "distinct_keys_est": 1016218,
    "key_draws": 17835520
  },
  "redis": {
    "target": "redis",
    "version": "redis 8.8.0",
    "workload": "mixed",
    "skipped": false,
    "ops": 26044560,
    "errors": 0,
    "ops_per_sec": 2604292.4066847474,
    "min_us": 19.905,
    "p50_us": 272.127,
    "p99_us": 2979.839,
    "p999_us": 5271.551,
    "nil_replies": 0,
    "err_replies": 0,
    "hit_ratio": 1,
    "value_ops_per_sec": 2604292.4066847474,
    "bytes_per_sec": 130693966.0232751,
    "resp_ver": 2,
    "used_memory": 86487696,
    "bytes_per_key": 74.74851626854178,
    "coverage_sampled": 2000,
    "coverage_retrievable": 2000,
    "coverage_fraction": 1,
    "coverage_keyspace": 1157049,
    "distinct_keys_est": 1088851,
    "key_draws": 26044560,
    "server_hits": 34995872,
    "maxmemory": 134217728,
    "maxmemory_policy": "allkeys-lfu"
  },
  "valkey": {
    "target": "valkey",
    "version": "valkey 9.1.0",
    "workload": "mixed",
    "skipped": false,
    "ops": 30087552,
    "errors": 0,
    "ops_per_sec": 3008343.063317846,
    "min_us": 13.728,
    "p50_us": 207.231,
    "p99_us": 3917.823,
    "p999_us": 7135.231,
    "nil_replies": 0,
    "err_replies": 0,
    "hit_ratio": 1,
    "value_ops_per_sec": 3008343.063317846,
    "bytes_per_sec": 150970878.90662864,
    "resp_ver": 2,
    "used_memory": 74487696,
    "bytes_per_key": 64.37730467767571,
    "coverage_sampled": 2000,
    "coverage_retrievable": 2000,
    "coverage_fraction": 1,
    "coverage_keyspace": 1157049,
    "distinct_keys_est": 1108719,
    "key_draws": 30087552,
    "server_hits": 40576410,
    "maxmemory": 134217728,
    "maxmemory_policy": "allkeys-lfu"
  },
  "gate": {
    "pass": false,
    "reason": "aki is 0.68x Redis, below the 2.0x bar",
    "required_speedup": 2,
    "speedup_vs_redis": 0.6847816743218539,
    "speedup_vs_valkey": 0.5928086249267143,
    "tail_regressed_vs_redis": true,
    "tail_regressed_vs_valkey": false
  },
  "generator_bound": false
}
