{
  "workload": "mixed",
  "cell": {
    "keyspace": 588674,
    "value_size": 128,
    "dist": "uniform",
    "pipeline": 16,
    "connections": 64
  },
  "timestamp": "2026-07-15T17:33:33.334297609Z",
  "aki": {
    "target": "aki",
    "version": "unknown",
    "workload": "mixed",
    "skipped": false,
    "ops": 17493680,
    "errors": 0,
    "ops_per_sec": 1749244.4398449736,
    "min_us": 17.846,
    "p50_us": 393.471,
    "p99_us": 3465.215,
    "p999_us": 5885.951,
    "nil_replies": 0,
    "err_replies": 0,
    "hit_ratio": 1,
    "value_ops_per_sec": 1749244.4398449736,
    "bytes_per_sec": 290622300.71597993,
    "resp_ver": 2,
    "used_memory": 103258560,
    "bytes_per_key": 175.40873216754943,
    "coverage_sampled": 2000,
    "coverage_retrievable": 2000,
    "coverage_fraction": 1,
    "coverage_keyspace": 588674,
    "distinct_keys_est": 588674,
    "key_draws": 17493680
  },
  "redis": {
    "target": "redis",
    "version": "redis 8.8.0",
    "workload": "mixed",
    "skipped": false,
    "ops": 23336544,
    "errors": 0,
    "ops_per_sec": 2333472.229789923,
    "min_us": 21.265,
    "p50_us": 337.663,
    "p99_us": 2762.751,
    "p999_us": 5042.175,
    "nil_replies": 0,
    "err_replies": 0,
    "hit_ratio": 1,
    "value_ops_per_sec": 2333472.229789923,
    "bytes_per_sec": 387686638.26321805,
    "resp_ver": 2,
    "used_memory": 125054088,
    "bytes_per_key": 212.43351668325764,
    "coverage_sampled": 2000,
    "coverage_retrievable": 2000,
    "coverage_fraction": 1,
    "coverage_keyspace": 588674,
    "distinct_keys_est": 588674,
    "key_draws": 23336544,
    "server_hits": 31399754,
    "maxmemory": 134217728,
    "maxmemory_policy": "allkeys-lfu"
  },
  "valkey": {
    "target": "valkey",
    "version": "valkey 9.1.0",
    "workload": "mixed",
    "skipped": false,
    "ops": 28902544,
    "errors": 0,
    "ops_per_sec": 2889978.9899152257,
    "min_us": 13.949,
    "p50_us": 227.711,
    "p99_us": 3928.063,
    "p999_us": 7426.047,
    "nil_replies": 0,
    "err_replies": 0,
    "hit_ratio": 1,
    "value_ops_per_sec": 2889978.9899152257,
    "bytes_per_sec": 480145380.3614987,
    "resp_ver": 2,
    "used_memory": 123751376,
    "bytes_per_key": 210.22055670880658,
    "coverage_sampled": 2000,
    "coverage_retrievable": 2000,
    "coverage_fraction": 1,
    "coverage_keyspace": 588674,
    "distinct_keys_est": 588674,
    "key_draws": 28902544,
    "server_hits": 39109578,
    "maxmemory": 134217728,
    "maxmemory_policy": "allkeys-lfu"
  },
  "gate": {
    "pass": false,
    "reason": "aki is 0.75x Redis, below the 2.0x bar",
    "required_speedup": 2,
    "speedup_vs_redis": 0.7496315651472115,
    "speedup_vs_valkey": 0.6052792930153053,
    "tail_regressed_vs_redis": true,
    "tail_regressed_vs_valkey": false
  },
  "generator_bound": false
}
