{
  "workload": "mixed",
  "cell": {
    "keyspace": 3508960,
    "value_size": 512,
    "dist": "uniform",
    "pipeline": 16,
    "connections": 64
  },
  "timestamp": "2026-07-15T19:19:11.275714539Z",
  "aki": {
    "target": "aki",
    "version": "unknown",
    "workload": "mixed",
    "skipped": false,
    "ops": 730928,
    "errors": 0,
    "ops_per_sec": 72828.45647420682,
    "min_us": 221.605,
    "p50_us": 1584.127,
    "p99_us": 65732.607,
    "p999_us": 67371.007,
    "nil_replies": 299120,
    "err_replies": 33162,
    "hit_ratio": 0.5453970842545367,
    "value_ops_per_sec": 39720.42781179083,
    "bytes_per_sec": 24949316.02628135,
    "resp_ver": 2,
    "used_memory": 1074965504,
    "bytes_per_key": 306.3487483470886,
    "coverage_sampled": 2000,
    "coverage_retrievable": 1052,
    "coverage_missing": 948,
    "coverage_fraction": 0.526,
    "coverage_keyspace": 3508960,
    "distinct_keys_est": 660011,
    "key_draws": 730928
  },
  "redis": {
    "target": "redis",
    "version": "redis 8.8.0",
    "workload": "mixed",
    "skipped": false,
    "ops": 22111408,
    "errors": 0,
    "ops_per_sec": 2210847.7085825275,
    "min_us": 17.971,
    "p50_us": 347.647,
    "p99_us": 2643.967,
    "p999_us": 4501.503,
    "nil_replies": 18744423,
    "err_replies": 0,
    "hit_ratio": 0.15227365891850939,
    "value_ops_per_sec": 336653.8698974638,
    "bytes_per_sec": 253309347.65577406,
    "resp_ver": 2,
    "used_memory": 133689232,
    "bytes_per_key": 38.09938899274999,
    "coverage_sampled": 2000,
    "coverage_retrievable": 107,
    "coverage_missing": 1893,
    "coverage_fraction": 0.0535,
    "coverage_keyspace": 3508960,
    "distinct_keys_est": 3502586,
    "key_draws": 22111408,
    "server_hits": 1684131,
    "server_misses": 27918737,
    "evicted_keys": 3021166,
    "maxmemory": 134217728,
    "maxmemory_policy": "allkeys-lfu"
  },
  "valkey": {
    "target": "valkey",
    "version": "valkey 9.1.0",
    "workload": "mixed",
    "skipped": false,
    "ops": 26319360,
    "errors": 0,
    "ops_per_sec": 2631787.0424324702,
    "min_us": 12.383,
    "p50_us": 279.807,
    "p99_us": 3616.767,
    "p999_us": 6684.671,
    "nil_replies": 22320648,
    "err_replies": 0,
    "hit_ratio": 0.1519304420776189,
    "value_ops_per_sec": 399848.5688109144,
    "bytes_per_sec": 301073689.809801,
    "resp_ver": 2,
    "used_memory": 133822392,
    "bytes_per_key": 38.137337558706854,
    "coverage_sampled": 2000,
    "coverage_retrievable": 116,
    "coverage_missing": 1884,
    "coverage_fraction": 0.058,
    "coverage_keyspace": 3508960,
    "distinct_keys_est": 3507061,
    "key_draws": 26319360,
    "server_hits": 2017894,
    "server_misses": 33581996,
    "evicted_keys": 3654172,
    "maxmemory": 134217728,
    "maxmemory_policy": "allkeys-lfu"
  },
  "gate": {
    "pass": false,
    "reason": "aki is 0.12x Redis, below the 2.0x bar",
    "required_speedup": 2,
    "speedup_vs_redis": 0.11798595341823535,
    "speedup_vs_valkey": 0.09933867696441435,
    "tail_regressed_vs_redis": true,
    "tail_regressed_vs_valkey": true
  },
  "generator_bound": false
}
