{
  "workload": "mixed",
  "cell": {
    "keyspace": 31987,
    "value_size": 4096,
    "dist": "uniform",
    "pipeline": 16,
    "connections": 64
  },
  "timestamp": "2026-07-15T20:05:09.245512616Z",
  "aki": {
    "target": "aki",
    "version": "unknown",
    "workload": "mixed",
    "skipped": false,
    "ops": 10928432,
    "errors": 0,
    "ops_per_sec": 1092774.9563132557,
    "min_us": 48.087,
    "p50_us": 671.231,
    "p99_us": 4151.295,
    "p999_us": 6168.575,
    "nil_replies": 0,
    "err_replies": 0,
    "hit_ratio": 1,
    "value_ops_per_sec": 1092774.9563132557,
    "bytes_per_sec": 4516605485.139113,
    "resp_ver": 2,
    "used_memory": 135048848,
    "bytes_per_key": 4221.991684121675,
    "coverage_sampled": 2000,
    "coverage_retrievable": 2000,
    "coverage_fraction": 1,
    "coverage_keyspace": 31987,
    "distinct_keys_est": 31987,
    "key_draws": 10928432
  },
  "redis": {
    "target": "redis",
    "version": "redis 8.8.0",
    "workload": "mixed",
    "skipped": false,
    "ops": 14909568,
    "errors": 0,
    "ops_per_sec": 1490758.8875954624,
    "min_us": 31.728,
    "p50_us": 497.407,
    "p99_us": 2893.823,
    "p999_us": 5320.703,
    "nil_replies": 2922293,
    "err_replies": 0,
    "hit_ratio": 0.8039988147208558,
    "value_ops_per_sec": 1198568.3786613331,
    "bytes_per_sec": 4963552873.602278,
    "resp_ver": 2,
    "used_memory": 130657264,
    "bytes_per_key": 4084.6989089317535,
    "coverage_sampled": 2000,
    "coverage_retrievable": 1535,
    "coverage_missing": 465,
    "coverage_fraction": 0.7675,
    "coverage_keyspace": 31987,
    "distinct_keys_est": 31987,
    "key_draws": 14909568,
    "server_hits": 15667276,
    "server_misses": 4369188,
    "evicted_keys": 483404,
    "maxmemory": 134217728,
    "maxmemory_policy": "allkeys-lfu"
  },
  "valkey": {
    "target": "valkey",
    "version": "valkey 9.1.0",
    "workload": "mixed",
    "skipped": false,
    "ops": 14281632,
    "errors": 0,
    "ops_per_sec": 1428026.919963763,
    "min_us": 22.321,
    "p50_us": 546.303,
    "p99_us": 3577.855,
    "p999_us": 7090.175,
    "nil_replies": 2862421,
    "err_replies": 0,
    "hit_ratio": 0.7995732560536499,
    "value_ops_per_sec": 1141812.1341276912,
    "bytes_per_sec": 4728772509.490365,
    "resp_ver": 2,
    "used_memory": 129854648,
    "bytes_per_key": 4059.6069653296654,
    "coverage_sampled": 2000,
    "coverage_retrievable": 1561,
    "coverage_missing": 439,
    "coverage_fraction": 0.7805,
    "coverage_keyspace": 31987,
    "distinct_keys_est": 31987,
    "key_draws": 14281632,
    "server_hits": 14926839,
    "server_misses": 4280785,
    "evicted_keys": 474034,
    "maxmemory": 134217728,
    "maxmemory_policy": "allkeys-lfu"
  },
  "gate": {
    "pass": false,
    "reason": "aki is 0.91x Redis, below the 2.0x bar",
    "required_speedup": 2,
    "speedup_vs_redis": 0.9117335112192457,
    "speedup_vs_valkey": 0.9570531996037174,
    "tail_regressed_vs_redis": true,
    "tail_regressed_vs_valkey": true
  },
  "generator_bound": false
}
