{
  "workload": "mixed",
  "cell": {
    "keyspace": 219310,
    "value_size": 512,
    "dist": "uniform",
    "pipeline": 16,
    "connections": 64
  },
  "timestamp": "2026-07-16T03:12:01.824747542Z",
  "aki": {
    "target": "aki",
    "version": "unknown",
    "workload": "mixed",
    "skipped": false,
    "ops": 17227920,
    "errors": 0,
    "ops_per_sec": 1722616.1379462155,
    "min_us": 21.269,
    "p50_us": 399.359,
    "p99_us": 3522.559,
    "p999_us": 6168.575,
    "nil_replies": 0,
    "err_replies": 0,
    "hit_ratio": 1,
    "value_ops_per_sec": 1722616.1379462155,
    "bytes_per_sec": 946642150.8081597,
    "resp_ver": 2,
    "used_memory": 123514656,
    "bytes_per_key": 563.1966440198805,
    "coverage_sampled": 2000,
    "coverage_retrievable": 2000,
    "coverage_fraction": 1,
    "coverage_keyspace": 219310,
    "distinct_keys_est": 219310,
    "key_draws": 17227920
  },
  "redis": {
    "target": "redis",
    "version": "redis 8.8.0",
    "workload": "mixed",
    "skipped": false,
    "ops": 23722896,
    "errors": 0,
    "ops_per_sec": 2371996.2006739504,
    "min_us": 25.783,
    "p50_us": 326.143,
    "p99_us": 2740.223,
    "p999_us": 4984.831,
    "nil_replies": 0,
    "err_replies": 0,
    "hit_ratio": 1,
    "value_ops_per_sec": 2371996.2006739504,
    "bytes_per_sec": 1303500747.5820293,
    "resp_ver": 2,
    "used_memory": 152039240,
    "bytes_per_key": 693.2617755688295,
    "coverage_sampled": 2000,
    "coverage_retrievable": 2000,
    "coverage_fraction": 1,
    "coverage_keyspace": 219310,
    "distinct_keys_est": 219310,
    "key_draws": 23722896,
    "server_hits": 32030872,
    "maxmemory_policy": "noeviction"
  },
  "valkey": {
    "target": "valkey",
    "version": "valkey 9.1.0",
    "workload": "mixed",
    "skipped": false,
    "ops": 23825248,
    "errors": 0,
    "ops_per_sec": 2382358.8384509445,
    "min_us": 18.195,
    "p50_us": 306.943,
    "p99_us": 3813.375,
    "p999_us": 7077.887,
    "nil_replies": 0,
    "err_replies": 0,
    "hit_ratio": 1,
    "value_ops_per_sec": 2382358.8384509445,
    "bytes_per_sec": 1309195461.7093096,
    "resp_ver": 2,
    "used_memory": 151859936,
    "bytes_per_key": 692.4441931512471,
    "coverage_sampled": 2000,
    "coverage_retrievable": 2000,
    "coverage_fraction": 1,
    "coverage_keyspace": 219310,
    "distinct_keys_est": 219310,
    "key_draws": 23825248,
    "server_hits": 32273322,
    "maxmemory_policy": "noeviction"
  },
  "gate": {
    "pass": false,
    "reason": "aki is 0.73x Redis, below the 2.0x bar",
    "required_speedup": 2,
    "speedup_vs_redis": 0.7262305637153939,
    "speedup_vs_valkey": 0.7230716507284409,
    "tail_regressed_vs_redis": true,
    "tail_regressed_vs_valkey": false
  },
  "generator_bound": false
}
