{
  "workload": "mixed",
  "cell": {
    "keyspace": 18512790,
    "value_size": 16,
    "dist": "uniform",
    "pipeline": 16,
    "connections": 64
  },
  "timestamp": "2026-07-16T02:51:48.538653045Z",
  "aki": {
    "target": "aki",
    "version": "unknown",
    "workload": "mixed",
    "skipped": false,
    "ops": 17659136,
    "errors": 0,
    "ops_per_sec": 1765780.3243750352,
    "min_us": 19.132,
    "p50_us": 387.327,
    "p99_us": 3450.879,
    "p999_us": 5988.351,
    "nil_replies": 0,
    "err_replies": 0,
    "hit_ratio": 1,
    "value_ops_per_sec": 1765780.3243750352,
    "bytes_per_sec": 96931426.0164517,
    "resp_ver": 2,
    "used_memory": 1179571360,
    "bytes_per_key": 63.716563521759824,
    "coverage_sampled": 2000,
    "coverage_retrievable": 2000,
    "coverage_fraction": 1,
    "coverage_keyspace": 18512790,
    "distinct_keys_est": 11380513,
    "key_draws": 17659136
  },
  "redis": {
    "target": "redis",
    "version": "redis 8.8.0",
    "workload": "mixed",
    "skipped": false,
    "ops": 25736672,
    "errors": 0,
    "ops_per_sec": 2573511.6675062138,
    "min_us": 22.259,
    "p50_us": 283.647,
    "p99_us": 2938.879,
    "p999_us": 5197.823,
    "nil_replies": 0,
    "err_replies": 0,
    "hit_ratio": 1,
    "value_ops_per_sec": 2573511.6675062138,
    "bytes_per_sec": 141271310.6411972,
    "resp_ver": 2,
    "used_memory": 1374319880,
    "bytes_per_key": 74.23623775778799,
    "coverage_sampled": 2000,
    "coverage_retrievable": 2000,
    "coverage_fraction": 1,
    "coverage_keyspace": 18512790,
    "distinct_keys_est": 13901006,
    "key_draws": 25736672,
    "server_hits": 30992908,
    "maxmemory_policy": "noeviction"
  },
  "valkey": {
    "target": "valkey",
    "version": "valkey 9.1.0",
    "workload": "mixed",
    "skipped": false,
    "ops": 30141888,
    "errors": 0,
    "ops_per_sec": 3013897.3136338196,
    "min_us": 13.397,
    "p50_us": 214.143,
    "p99_us": 3889.151,
    "p999_us": 7147.519,
    "nil_replies": 0,
    "err_replies": 0,
    "hit_ratio": 1,
    "value_ops_per_sec": 3013897.3136338196,
    "bytes_per_sec": 165445873.15127945,
    "resp_ver": 2,
    "used_memory": 1179242768,
    "bytes_per_key": 63.698814063142294,
    "coverage_sampled": 2000,
    "coverage_retrievable": 2000,
    "coverage_fraction": 1,
    "coverage_keyspace": 18512790,
    "distinct_keys_est": 14877329,
    "key_draws": 30141888,
    "server_hits": 40528148,
    "maxmemory_policy": "noeviction"
  },
  "gate": {
    "pass": false,
    "reason": "aki is 0.69x Redis, below the 2.0x bar",
    "required_speedup": 2,
    "speedup_vs_redis": 0.6861365140365239,
    "speedup_vs_valkey": 0.5858793915729184,
    "tail_regressed_vs_redis": true,
    "tail_regressed_vs_valkey": false
  },
  "generator_bound": false
}
