{
  "workload": "mixed",
  "cell": {
    "keyspace": 31987,
    "value_size": 4096,
    "dist": "uniform",
    "pipeline": 16,
    "connections": 64
  },
  "timestamp": "2026-07-16T03:22:50.427855066Z",
  "aki": {
    "target": "aki",
    "version": "unknown",
    "workload": "mixed",
    "skipped": false,
    "ops": 14297808,
    "errors": 0,
    "ops_per_sec": 1429689.5031736442,
    "min_us": 45.315,
    "p50_us": 555.519,
    "p99_us": 3002.367,
    "p999_us": 5357.567,
    "nil_replies": 0,
    "err_replies": 0,
    "hit_ratio": 1,
    "value_ops_per_sec": 1429689.5031736442,
    "bytes_per_sec": 5909124798.69043,
    "resp_ver": 2,
    "used_memory": 133025424,
    "bytes_per_key": 4158.733985681683,
    "coverage_sampled": 2000,
    "coverage_retrievable": 2000,
    "coverage_fraction": 1,
    "coverage_keyspace": 31987,
    "distinct_keys_est": 31987,
    "key_draws": 14297808
  },
  "redis": {
    "target": "redis",
    "version": "redis 8.8.0",
    "workload": "mixed",
    "skipped": false,
    "ops": 14128288,
    "errors": 0,
    "ops_per_sec": 1412667.161917,
    "min_us": 31.036,
    "p50_us": 532.479,
    "p99_us": 2740.223,
    "p999_us": 4726.783,
    "nil_replies": 0,
    "err_replies": 0,
    "hit_ratio": 1,
    "value_ops_per_sec": 1412667.161917,
    "bytes_per_sec": 5838768893.443829,
    "resp_ver": 2,
    "used_memory": 166635432,
    "bytes_per_key": 5209.473598649452,
    "coverage_sampled": 2000,
    "coverage_retrievable": 2000,
    "coverage_fraction": 1,
    "coverage_keyspace": 31987,
    "distinct_keys_est": 31987,
    "key_draws": 14128288,
    "server_hits": 19053632,
    "maxmemory_policy": "noeviction"
  },
  "valkey": {
    "target": "valkey",
    "version": "valkey 9.1.0",
    "workload": "mixed",
    "skipped": false,
    "ops": 13224000,
    "errors": 0,
    "ops_per_sec": 1322236.1145192205,
    "min_us": 26.785,
    "p50_us": 607.743,
    "p99_us": 3371.007,
    "p999_us": 6660.095,
    "nil_replies": 0,
    "err_replies": 0,
    "hit_ratio": 1,
    "value_ops_per_sec": 1322236.1145192205,
    "bytes_per_sec": 5465003576.4062195,
    "resp_ver": 2,
    "used_memory": 166969088,
    "bytes_per_key": 5219.904586238159,
    "coverage_sampled": 2000,
    "coverage_retrievable": 2000,
    "coverage_fraction": 1,
    "coverage_keyspace": 31987,
    "distinct_keys_est": 31987,
    "key_draws": 13224000,
    "server_hits": 17787760,
    "maxmemory_policy": "noeviction"
  },
  "gate": {
    "pass": false,
    "reason": "aki is 1.01x Redis, below the 2.0x bar",
    "required_speedup": 2,
    "speedup_vs_redis": 1.012049789020044,
    "speedup_vs_valkey": 1.0812664148819553,
    "tail_regressed_vs_redis": true,
    "tail_regressed_vs_valkey": false
  },
  "generator_bound": false
}
