{
  "workload": "mixed",
  "cell": {
    "keyspace": 18512790,
    "value_size": 16,
    "dist": "zipfian",
    "zipf_s": 0.99,
    "pipeline": 16,
    "connections": 64
  },
  "timestamp": "2026-07-16T02:57:06.862416145Z",
  "aki": {
    "target": "aki",
    "version": "unknown",
    "workload": "mixed",
    "skipped": false,
    "ops": 17830160,
    "errors": 0,
    "ops_per_sec": 1782913.2902877557,
    "min_us": 18.517,
    "p50_us": 372.479,
    "p99_us": 3477.503,
    "p999_us": 6049.791,
    "nil_replies": 0,
    "err_replies": 0,
    "hit_ratio": 1,
    "value_ops_per_sec": 1782913.2902877557,
    "bytes_per_sec": 90866933.0558939,
    "resp_ver": 2,
    "used_memory": 1179571360,
    "bytes_per_key": 63.716563521759824,
    "coverage_sampled": 2000,
    "coverage_retrievable": 2000,
    "coverage_fraction": 1,
    "coverage_keyspace": 18512790,
    "distinct_keys_est": 3615668,
    "key_draws": 17830160
  },
  "redis": {
    "target": "redis",
    "version": "redis 8.8.0",
    "workload": "mixed",
    "skipped": false,
    "ops": 25190112,
    "errors": 0,
    "ops_per_sec": 2518865.3375460333,
    "min_us": 25.908,
    "p50_us": 285.439,
    "p99_us": 2897.919,
    "p999_us": 5218.303,
    "nil_replies": 0,
    "err_replies": 0,
    "hit_ratio": 1,
    "value_ops_per_sec": 2518865.3375460333,
    "bytes_per_sec": 128374383.99617155,
    "resp_ver": 2,
    "used_memory": 1374330552,
    "bytes_per_key": 74.23681422411208,
    "coverage_sampled": 2000,
    "coverage_retrievable": 2000,
    "coverage_fraction": 1,
    "coverage_keyspace": 18512790,
    "distinct_keys_est": 4590807,
    "key_draws": 25190112,
    "server_hits": 30006394,
    "maxmemory_policy": "noeviction"
  },
  "valkey": {
    "target": "valkey",
    "version": "valkey 9.1.0",
    "workload": "mixed",
    "skipped": false,
    "ops": 29376352,
    "errors": 0,
    "ops_per_sec": 2937443.038057592,
    "min_us": 14.413,
    "p50_us": 219.263,
    "p99_us": 3788.799,
    "p999_us": 6688.767,
    "nil_replies": 0,
    "err_replies": 0,
    "hit_ratio": 1,
    "value_ops_per_sec": 2937443.038057592,
    "bytes_per_sec": 149707002.05236903,
    "resp_ver": 2,
    "used_memory": 1179319888,
    "bytes_per_key": 63.702979831781164,
    "coverage_sampled": 2000,
    "coverage_retrievable": 2000,
    "coverage_fraction": 1,
    "coverage_keyspace": 18512790,
    "distinct_keys_est": 5087450,
    "key_draws": 29376352,
    "server_hits": 39616110,
    "maxmemory_policy": "noeviction"
  },
  "gate": {
    "pass": false,
    "reason": "aki is 0.71x Redis, below the 2.0x bar",
    "required_speedup": 2,
    "speedup_vs_redis": 0.7078239807868142,
    "speedup_vs_valkey": 0.6069609749664189,
    "tail_regressed_vs_redis": true,
    "tail_regressed_vs_valkey": false
  },
  "generator_bound": false
}
