{
  "workload": "mixed",
  "cell": {
    "keyspace": 877240,
    "value_size": 512,
    "dist": "zipfian",
    "zipf_s": 0.99,
    "pipeline": 16,
    "connections": 64
  },
  "timestamp": "2026-07-16T03:19:51.640361411Z",
  "aki": {
    "target": "aki",
    "version": "unknown",
    "workload": "mixed",
    "skipped": false,
    "ops": 17100544,
    "errors": 0,
    "ops_per_sec": 1709805.1416997742,
    "min_us": 23.42,
    "p50_us": 407.295,
    "p99_us": 3418.111,
    "p999_us": 6057.983,
    "nil_replies": 0,
    "err_replies": 0,
    "hit_ratio": 1,
    "value_ops_per_sec": 1709805.1416997742,
    "bytes_per_sec": 935441535.3427271,
    "resp_ver": 2,
    "used_memory": 494308608,
    "bytes_per_key": 563.4816105056769,
    "coverage_sampled": 2000,
    "coverage_retrievable": 2000,
    "coverage_fraction": 1,
    "coverage_keyspace": 877240,
    "distinct_keys_est": 809941,
    "key_draws": 17100544
  },
  "redis": {
    "target": "redis",
    "version": "redis 8.8.0",
    "workload": "mixed",
    "skipped": false,
    "ops": 23060064,
    "errors": 0,
    "ops_per_sec": 2305899.644225351,
    "min_us": 22.964,
    "p50_us": 330.239,
    "p99_us": 2854.911,
    "p999_us": 5156.863,
    "nil_replies": 0,
    "err_replies": 0,
    "hit_ratio": 1,
    "value_ops_per_sec": 2305899.644225351,
    "bytes_per_sec": 1261566654.5009098,
    "resp_ver": 2,
    "used_memory": 603856440,
    "bytes_per_key": 688.3594455337194,
    "coverage_sampled": 2000,
    "coverage_retrievable": 2000,
    "coverage_fraction": 1,
    "coverage_keyspace": 877240,
    "distinct_keys_est": 843343,
    "key_draws": 23060064,
    "server_hits": 31123372,
    "maxmemory_policy": "noeviction"
  },
  "valkey": {
    "target": "valkey",
    "version": "valkey 9.1.0",
    "workload": "mixed",
    "skipped": false,
    "ops": 25180448,
    "errors": 0,
    "ops_per_sec": 2517763.746816694,
    "min_us": 17.092,
    "p50_us": 278.783,
    "p99_us": 3868.671,
    "p999_us": 7081.983,
    "nil_replies": 0,
    "err_replies": 0,
    "hit_ratio": 1,
    "value_ops_per_sec": 2517763.746816694,
    "bytes_per_sec": 1377478530.4888508,
    "resp_ver": 2,
    "used_memory": 602579360,
    "bytes_per_key": 686.9036523642333,
    "coverage_sampled": 2000,
    "coverage_retrievable": 2000,
    "coverage_fraction": 1,
    "coverage_keyspace": 877240,
    "distinct_keys_est": 850526,
    "key_draws": 25180448,
    "server_hits": 34021954,
    "maxmemory_policy": "noeviction"
  },
  "gate": {
    "pass": false,
    "reason": "aki is 0.74x Redis, below the 2.0x bar",
    "required_speedup": 2,
    "speedup_vs_redis": 0.7414915675023532,
    "speedup_vs_valkey": 0.6790967356891794,
    "tail_regressed_vs_redis": true,
    "tail_regressed_vs_valkey": false
  },
  "generator_bound": false
}
