{
  "workload": "mixed",
  "cell": {
    "keyspace": 1157049,
    "value_size": 16,
    "dist": "zipfian",
    "zipf_s": 0.99,
    "pipeline": 16,
    "connections": 64
  },
  "timestamp": "2026-07-16T02:53:26.265449605Z",
  "aki": {
    "target": "aki",
    "version": "unknown",
    "workload": "mixed",
    "skipped": false,
    "ops": 17657536,
    "errors": 0,
    "ops_per_sec": 1765540.262707896,
    "min_us": 18.876,
    "p50_us": 381.695,
    "p99_us": 3491.839,
    "p999_us": 6168.575,
    "nil_replies": 0,
    "err_replies": 0,
    "hit_ratio": 1,
    "value_ops_per_sec": 1765540.262707896,
    "bytes_per_sec": 88602275.93258996,
    "resp_ver": 2,
    "used_memory": 73639088,
    "bytes_per_key": 63.643880250533904,
    "coverage_sampled": 2000,
    "coverage_retrievable": 2000,
    "coverage_fraction": 1,
    "coverage_keyspace": 1157049,
    "distinct_keys_est": 1013804,
    "key_draws": 17657536
  },
  "redis": {
    "target": "redis",
    "version": "redis 8.8.0",
    "workload": "mixed",
    "skipped": false,
    "ops": 25324640,
    "errors": 0,
    "ops_per_sec": 2532294.7920619943,
    "min_us": 17.069,
    "p50_us": 276.223,
    "p99_us": 3139.583,
    "p999_us": 5476.351,
    "nil_replies": 0,
    "err_replies": 0,
    "hit_ratio": 1,
    "value_ops_per_sec": 2532294.7920619943,
    "bytes_per_sec": 127081039.94491088,
    "resp_ver": 2,
    "used_memory": 86480496,
    "bytes_per_key": 74.74229354158726,
    "coverage_sampled": 2000,
    "coverage_retrievable": 2000,
    "coverage_fraction": 1,
    "coverage_keyspace": 1157049,
    "distinct_keys_est": 1084496,
    "key_draws": 25324640,
    "server_hits": 34110834,
    "maxmemory_policy": "noeviction"
  },
  "valkey": {
    "target": "valkey",
    "version": "valkey 9.1.0",
    "workload": "mixed",
    "skipped": false,
    "ops": 30728768,
    "errors": 0,
    "ops_per_sec": 3072600.5010088473,
    "min_us": 13.597,
    "p50_us": 197.887,
    "p99_us": 3917.823,
    "p999_us": 7184.383,
    "nil_replies": 0,
    "err_replies": 0,
    "hit_ratio": 1,
    "value_ops_per_sec": 3072600.5010088473,
    "bytes_per_sec": 154195527.99843803,
    "resp_ver": 2,
    "used_memory": 74475360,
    "bytes_per_key": 64.3666430721603,
    "coverage_sampled": 2000,
    "coverage_retrievable": 2000,
    "coverage_fraction": 1,
    "coverage_keyspace": 1157049,
    "distinct_keys_est": 1111319,
    "key_draws": 30728768,
    "server_hits": 41382002,
    "maxmemory_policy": "noeviction"
  },
  "gate": {
    "pass": false,
    "reason": "aki is 0.70x Redis, below the 2.0x bar",
    "required_speedup": 2,
    "speedup_vs_redis": 0.6972096093402513,
    "speedup_vs_valkey": 0.5746078157990941,
    "tail_regressed_vs_redis": true,
    "tail_regressed_vs_valkey": false
  },
  "generator_bound": false
}
