{
  "workload": "mixed",
  "cell": {
    "keyspace": 219310,
    "value_size": 512,
    "dist": "zipfian",
    "zipf_s": 0.99,
    "pipeline": 16,
    "connections": 64
  },
  "timestamp": "2026-07-16T03:17:25.692788924Z",
  "aki": {
    "target": "aki",
    "version": "unknown",
    "workload": "mixed",
    "skipped": false,
    "ops": 17438624,
    "errors": 0,
    "ops_per_sec": 1743783.4423576219,
    "min_us": 22.006,
    "p50_us": 393.215,
    "p99_us": 3436.543,
    "p999_us": 6356.991,
    "nil_replies": 0,
    "err_replies": 0,
    "hit_ratio": 1,
    "value_ops_per_sec": 1743783.4423576219,
    "bytes_per_sec": 953347128.9186761,
    "resp_ver": 2,
    "used_memory": 123514656,
    "bytes_per_key": 563.1966440198805,
    "coverage_sampled": 2000,
    "coverage_retrievable": 2000,
    "coverage_fraction": 1,
    "coverage_keyspace": 219310,
    "distinct_keys_est": 219274,
    "key_draws": 17438624
  },
  "redis": {
    "target": "redis",
    "version": "redis 8.8.0",
    "workload": "mixed",
    "skipped": false,
    "ops": 24477024,
    "errors": 0,
    "ops_per_sec": 2447502.875894303,
    "min_us": 27.72,
    "p50_us": 304.383,
    "p99_us": 2793.471,
    "p999_us": 5111.807,
    "nil_replies": 0,
    "err_replies": 0,
    "hit_ratio": 1,
    "value_ops_per_sec": 2447502.875894303,
    "bytes_per_sec": 1338078291.750539,
    "resp_ver": 2,
    "used_memory": 152032792,
    "bytes_per_key": 693.2323742647394,
    "coverage_sampled": 2000,
    "coverage_retrievable": 2000,
    "coverage_fraction": 1,
    "coverage_keyspace": 219310,
    "distinct_keys_est": 219309,
    "key_draws": 24477024,
    "server_hits": 33127628,
    "maxmemory_policy": "noeviction"
  },
  "valkey": {
    "target": "valkey",
    "version": "valkey 9.1.0",
    "workload": "mixed",
    "skipped": false,
    "ops": 26669760,
    "errors": 0,
    "ops_per_sec": 2666784.9805919467,
    "min_us": 16.118,
    "p50_us": 254.591,
    "p99_us": 3786.751,
    "p999_us": 7131.135,
    "nil_replies": 0,
    "err_replies": 0,
    "hit_ratio": 1,
    "value_ops_per_sec": 2666784.9805919467,
    "bytes_per_sec": 1457962160.4826107,
    "resp_ver": 2,
    "used_memory": 151861152,
    "bytes_per_key": 692.4497378140532,
    "coverage_sampled": 2000,
    "coverage_retrievable": 2000,
    "coverage_fraction": 1,
    "coverage_keyspace": 219310,
    "distinct_keys_est": 219310,
    "key_draws": 26669760,
    "server_hits": 36020746,
    "maxmemory_policy": "noeviction"
  },
  "gate": {
    "pass": false,
    "reason": "aki is 0.71x Redis, below the 2.0x bar",
    "required_speedup": 2,
    "speedup_vs_redis": 0.7124745223110122,
    "speedup_vs_valkey": 0.6538897792841754,
    "tail_regressed_vs_redis": true,
    "tail_regressed_vs_valkey": false
  },
  "generator_bound": false
}
