{
  "workload": "mixed",
  "cell": {
    "keyspace": 31987,
    "value_size": 4096,
    "dist": "zipfian",
    "zipf_s": 0.99,
    "pipeline": 16,
    "connections": 64
  },
  "timestamp": "2026-07-16T03:28:39.581733812Z",
  "aki": {
    "target": "aki",
    "version": "unknown",
    "workload": "mixed",
    "skipped": false,
    "ops": 14768768,
    "errors": 0,
    "ops_per_sec": 1476792.0793919894,
    "min_us": 48.414,
    "p50_us": 527.359,
    "p99_us": 2897.919,
    "p999_us": 5255.167,
    "nil_replies": 0,
    "err_replies": 0,
    "hit_ratio": 1,
    "value_ops_per_sec": 1476792.0793919894,
    "bytes_per_sec": 6100956741.313664,
    "resp_ver": 2,
    "used_memory": 133025424,
    "bytes_per_key": 4158.733985681683,
    "coverage_sampled": 2000,
    "coverage_retrievable": 2000,
    "coverage_fraction": 1,
    "coverage_keyspace": 31987,
    "distinct_keys_est": 31987,
    "key_draws": 14768768
  },
  "redis": {
    "target": "redis",
    "version": "redis 8.8.0",
    "workload": "mixed",
    "skipped": false,
    "ops": 14991072,
    "errors": 0,
    "ops_per_sec": 1498961.0610397954,
    "min_us": 33.73,
    "p50_us": 504.063,
    "p99_us": 2750.463,
    "p999_us": 4825.087,
    "nil_replies": 0,
    "err_replies": 0,
    "hit_ratio": 1,
    "value_ops_per_sec": 1498961.0610397954,
    "bytes_per_sec": 6192541771.2288265,
    "resp_ver": 2,
    "used_memory": 166636856,
    "bytes_per_key": 5209.518116734924,
    "coverage_sampled": 2000,
    "coverage_retrievable": 2000,
    "coverage_fraction": 1,
    "coverage_keyspace": 31987,
    "distinct_keys_est": 31987,
    "key_draws": 14991072,
    "server_hits": 20056524,
    "maxmemory_policy": "noeviction"
  },
  "valkey": {
    "target": "valkey",
    "version": "valkey 9.1.0",
    "workload": "mixed",
    "skipped": false,
    "ops": 15527808,
    "errors": 0,
    "ops_per_sec": 1552647.0007999707,
    "min_us": 24.612,
    "p50_us": 487.679,
    "p99_us": 3577.855,
    "p999_us": 6754.303,
    "nil_replies": 0,
    "err_replies": 0,
    "hit_ratio": 1,
    "value_ops_per_sec": 1552647.0007999707,
    "bytes_per_sec": 6414330167.339262,
    "resp_ver": 2,
    "used_memory": 166969152,
    "bytes_per_key": 5219.906587050989,
    "coverage_sampled": 2000,
    "coverage_retrievable": 2000,
    "coverage_fraction": 1,
    "coverage_keyspace": 31987,
    "distinct_keys_est": 31987,
    "key_draws": 15527808,
    "server_hits": 20879588,
    "maxmemory_policy": "noeviction"
  },
  "gate": {
    "pass": false,
    "reason": "aki is 0.99x Redis, below the 2.0x bar",
    "required_speedup": 2,
    "speedup_vs_redis": 0.9852104352647908,
    "speedup_vs_valkey": 0.9511447731719453,
    "tail_regressed_vs_redis": true,
    "tail_regressed_vs_valkey": false
  },
  "generator_bound": false
}
