{
  "workload": "mixed",
  "cell": {
    "keyspace": 3508960,
    "value_size": 512,
    "dist": "uniform",
    "pipeline": 16,
    "connections": 64
  },
  "timestamp": "2026-07-16T03:16:39.103761129Z",
  "aki": {
    "target": "aki",
    "version": "unknown",
    "workload": "mixed",
    "skipped": false,
    "ops": 10577376,
    "errors": 0,
    "ops_per_sec": 1057677.4559118438,
    "min_us": 20.644,
    "p50_us": 871.423,
    "p99_us": 3022.847,
    "p999_us": 4227.071,
    "nil_replies": 4331730,
    "err_replies": 480451,
    "hit_ratio": 0.5450496418015205,
    "value_ops_per_sec": 576486.718486294,
    "bytes_per_sec": 362178496.67331165,
    "resp_ver": 2,
    "used_memory": 1074965504,
    "bytes_per_key": 306.3487483470886,
    "coverage_sampled": 2000,
    "coverage_retrievable": 1052,
    "coverage_missing": 948,
    "coverage_fraction": 0.526,
    "coverage_keyspace": 3508960,
    "distinct_keys_est": 3336686,
    "key_draws": 10577376
  },
  "redis": {
    "target": "redis",
    "version": "redis 8.8.0",
    "workload": "mixed",
    "skipped": false,
    "ops": 21229632,
    "errors": 0,
    "ops_per_sec": 2122734.8306678063,
    "min_us": 27.821,
    "p50_us": 379.135,
    "p99_us": 2811.903,
    "p999_us": 5070.847,
    "nil_replies": 0,
    "err_replies": 0,
    "hit_ratio": 1,
    "value_ops_per_sec": 2122734.8306678063,
    "bytes_per_sec": 1169955427.5532198,
    "resp_ver": 2,
    "used_memory": 2411130792,
    "bytes_per_key": 687.135445260134,
    "coverage_sampled": 2000,
    "coverage_retrievable": 2000,
    "coverage_fraction": 1,
    "coverage_keyspace": 3508960,
    "distinct_keys_est": 3500797,
    "key_draws": 21229632,
    "server_hits": 28580280,
    "maxmemory_policy": "noeviction"
  },
  "valkey": {
    "target": "valkey",
    "version": "valkey 9.1.0",
    "workload": "mixed",
    "skipped": false,
    "ops": 20503632,
    "errors": 0,
    "ops_per_sec": 2050175.8621053363,
    "min_us": 20.704,
    "p50_us": 386.047,
    "p99_us": 3571.711,
    "p999_us": 6574.079,
    "nil_replies": 0,
    "err_replies": 0,
    "hit_ratio": 1,
    "value_ops_per_sec": 2050175.8621053363,
    "bytes_per_sec": 1129964288.1182268,
    "resp_ver": 2,
    "used_memory": 2405431072,
    "bytes_per_key": 685.5111121243901,
    "coverage_sampled": 2000,
    "coverage_retrievable": 2000,
    "coverage_fraction": 1,
    "coverage_keyspace": 3508960,
    "distinct_keys_est": 3498910,
    "key_draws": 20503632,
    "server_hits": 27605156,
    "maxmemory_policy": "noeviction"
  },
  "gate": {
    "pass": false,
    "reason": "aki is 0.27x Redis, below the 2.0x bar",
    "required_speedup": 2,
    "speedup_vs_redis": 0.27157735867787736,
    "speedup_vs_valkey": 0.2811889112255457,
    "tail_regressed_vs_redis": true,
    "tail_regressed_vs_valkey": false
  },
  "generator_bound": false
}
