{
  "workload": "mixed",
  "cell": {
    "keyspace": 4628197,
    "value_size": 16,
    "dist": "uniform",
    "pipeline": 16,
    "connections": 64
  },
  "timestamp": "2026-07-16T02:48:29.627252682Z",
  "aki": {
    "target": "aki",
    "version": "unknown",
    "workload": "mixed",
    "skipped": false,
    "ops": 17561232,
    "errors": 0,
    "ops_per_sec": 1756063.4861147928,
    "min_us": 20.216,
    "p50_us": 390.655,
    "p99_us": 3467.263,
    "p999_us": 6156.287,
    "nil_replies": 0,
    "err_replies": 0,
    "hit_ratio": 1,
    "value_ops_per_sec": 1756063.4861147928,
    "bytes_per_sec": 95245913.31986511,
    "resp_ver": 2,
    "used_memory": 294814896,
    "bytes_per_key": 63.69972928982928,
    "coverage_sampled": 2000,
    "coverage_retrievable": 2000,
    "coverage_fraction": 1,
    "coverage_keyspace": 4628197,
    "distinct_keys_est": 4524367,
    "key_draws": 17561232
  },
  "redis": {
    "target": "redis",
    "version": "redis 8.8.0",
    "workload": "mixed",
    "skipped": false,
    "ops": 26180000,
    "errors": 0,
    "ops_per_sec": 2617772.5291796313,
    "min_us": 19.691,
    "p50_us": 276.991,
    "p99_us": 2955.263,
    "p999_us": 5398.527,
    "nil_replies": 0,
    "err_replies": 0,
    "hit_ratio": 1,
    "value_ops_per_sec": 2617772.5291796313,
    "bytes_per_sec": 141983343.38577315,
    "resp_ver": 2,
    "used_memory": 344055392,
    "bytes_per_key": 74.33896871719159,
    "coverage_sampled": 2000,
    "coverage_retrievable": 2000,
    "coverage_fraction": 1,
    "coverage_keyspace": 4628197,
    "distinct_keys_est": 4612177,
    "key_draws": 26180000,
    "server_hits": 34345412,
    "maxmemory_policy": "noeviction"
  },
  "valkey": {
    "target": "valkey",
    "version": "valkey 9.1.0",
    "workload": "mixed",
    "skipped": false,
    "ops": 31212896,
    "errors": 0,
    "ops_per_sec": 3121021.1952982256,
    "min_us": 13.154,
    "p50_us": 201.855,
    "p99_us": 3872.767,
    "p999_us": 7049.215,
    "nil_replies": 0,
    "err_replies": 0,
    "hit_ratio": 1,
    "value_ops_per_sec": 3121021.1952982256,
    "bytes_per_sec": 169278770.5950076,
    "resp_ver": 2,
    "used_memory": 295451040,
    "bytes_per_key": 63.83717892734471,
    "coverage_sampled": 2000,
    "coverage_retrievable": 2000,
    "coverage_fraction": 1,
    "coverage_keyspace": 4628197,
    "distinct_keys_est": 4622677,
    "key_draws": 31212896,
    "server_hits": 42070036,
    "maxmemory_policy": "noeviction"
  },
  "gate": {
    "pass": false,
    "reason": "aki is 0.67x Redis, below the 2.0x bar",
    "required_speedup": 2,
    "speedup_vs_redis": 0.670823559549353,
    "speedup_vs_valkey": 0.5626566999161292,
    "tail_regressed_vs_redis": true,
    "tail_regressed_vs_valkey": false
  },
  "generator_bound": false
}
