{
  "workload": "mixed",
  "cell": {
    "keyspace": 127948,
    "value_size": 4096,
    "dist": "uniform",
    "pipeline": 16,
    "connections": 64
  },
  "timestamp": "2026-07-16T03:25:12.809450795Z",
  "aki": {
    "target": "aki",
    "version": "unknown",
    "workload": "mixed",
    "skipped": false,
    "ops": 14144432,
    "errors": 0,
    "ops_per_sec": 1414314.6535068685,
    "min_us": 46.531,
    "p50_us": 568.831,
    "p99_us": 2940.927,
    "p999_us": 5410.815,
    "nil_replies": 0,
    "err_replies": 0,
    "hit_ratio": 1,
    "value_ops_per_sec": 1414314.6535068685,
    "bytes_per_sec": 5846564319.207653,
    "resp_ver": 2,
    "used_memory": 532337600,
    "bytes_per_key": 4160.577734704724,
    "coverage_sampled": 2000,
    "coverage_retrievable": 2000,
    "coverage_fraction": 1,
    "coverage_keyspace": 127948,
    "distinct_keys_est": 127948,
    "key_draws": 14144432
  },
  "redis": {
    "target": "redis",
    "version": "redis 8.8.0",
    "workload": "mixed",
    "skipped": false,
    "ops": 12758800,
    "errors": 0,
    "ops_per_sec": 1275785.3950270815,
    "min_us": 39.224,
    "p50_us": 596.479,
    "p99_us": 2768.895,
    "p999_us": 4775.935,
    "nil_replies": 0,
    "err_replies": 0,
    "hit_ratio": 1,
    "value_ops_per_sec": 1275785.3950270815,
    "bytes_per_sec": 5273905143.955784,
    "resp_ver": 2,
    "used_memory": 662367848,
    "bytes_per_key": 5176.851908587864,
    "coverage_sampled": 2000,
    "coverage_retrievable": 2000,
    "coverage_fraction": 1,
    "coverage_keyspace": 127948,
    "distinct_keys_est": 127948,
    "key_draws": 12758800,
    "server_hits": 17234536,
    "maxmemory_policy": "noeviction"
  },
  "valkey": {
    "target": "valkey",
    "version": "valkey 9.1.0",
    "workload": "mixed",
    "skipped": false,
    "ops": 12288160,
    "errors": 0,
    "ops_per_sec": 1228687.6135711765,
    "min_us": 26.829,
    "p50_us": 673.791,
    "p99_us": 3182.591,
    "p999_us": 5681.151,
    "nil_replies": 0,
    "err_replies": 0,
    "hit_ratio": 1,
    "value_ops_per_sec": 1228687.6135711765,
    "bytes_per_sec": 5079210083.082972,
    "resp_ver": 2,
    "used_memory": 663000224,
    "bytes_per_key": 5181.794353956295,
    "coverage_sampled": 2000,
    "coverage_retrievable": 2000,
    "coverage_fraction": 1,
    "coverage_keyspace": 127948,
    "distinct_keys_est": 127948,
    "key_draws": 12288160,
    "server_hits": 16604602,
    "maxmemory_policy": "noeviction"
  },
  "gate": {
    "pass": false,
    "reason": "aki is 1.11x Redis, below the 2.0x bar",
    "required_speedup": 2,
    "speedup_vs_redis": 1.1085835117879261,
    "speedup_vs_valkey": 1.1510774894166693,
    "tail_regressed_vs_redis": true,
    "tail_regressed_vs_valkey": false
  },
  "generator_bound": false
}
