{
  "workload": "mixed",
  "cell": {
    "keyspace": 511793,
    "value_size": 4096,
    "dist": "uniform",
    "pipeline": 16,
    "connections": 64
  },
  "timestamp": "2026-07-16T03:26:09.933153498Z",
  "aki": {
    "target": "aki",
    "version": "unknown",
    "workload": "mixed",
    "skipped": false,
    "ops": 9905728,
    "errors": 0,
    "ops_per_sec": 990402.0165618672,
    "min_us": 29.361,
    "p50_us": 926.719,
    "p99_us": 3246.079,
    "p999_us": 4505.599,
    "nil_replies": 4540813,
    "err_replies": 504051,
    "hit_ratio": 0.4907124443554275,
    "value_ops_per_sec": 486002.5944416184,
    "bytes_per_sec": 2236405471.095173,
    "resp_ver": 2,
    "used_memory": 1044433984,
    "bytes_per_key": 2040.735187859154,
    "coverage_sampled": 2000,
    "coverage_retrievable": 948,
    "coverage_missing": 1052,
    "coverage_fraction": 0.474,
    "coverage_keyspace": 511793,
    "distinct_keys_est": 511793,
    "key_draws": 9905728
  },
  "redis": {
    "target": "redis",
    "version": "redis 8.8.0",
    "workload": "mixed",
    "skipped": false,
    "ops": 12926864,
    "errors": 0,
    "ops_per_sec": 1292533.89987081,
    "min_us": 41.816,
    "p50_us": 596.479,
    "p99_us": 2568.191,
    "p999_us": 4288.511,
    "nil_replies": 0,
    "err_replies": 0,
    "hit_ratio": 1,
    "value_ops_per_sec": 1292533.89987081,
    "bytes_per_sec": 5344740728.2272835,
    "resp_ver": 2,
    "used_memory": 2645300728,
    "bytes_per_key": 5168.692670669587,
    "coverage_sampled": 2000,
    "coverage_retrievable": 2000,
    "coverage_fraction": 1,
    "coverage_keyspace": 511793,
    "distinct_keys_est": 511793,
    "key_draws": 12926864,
    "server_hits": 17470204,
    "maxmemory_policy": "noeviction"
  },
  "valkey": {
    "target": "valkey",
    "version": "valkey 9.1.0",
    "workload": "mixed",
    "skipped": false,
    "ops": 12400496,
    "errors": 0,
    "ops_per_sec": 1239921.9016832677,
    "min_us": 30.074,
    "p50_us": 662.527,
    "p99_us": 3270.655,
    "p999_us": 6115.327,
    "nil_replies": 0,
    "err_replies": 0,
    "hit_ratio": 1,
    "value_ops_per_sec": 1239921.9016832677,
    "bytes_per_sec": 5127185469.295703,
    "resp_ver": 2,
    "used_memory": 2647145152,
    "bytes_per_key": 5172.29651831893,
    "coverage_sampled": 2000,
    "coverage_retrievable": 2000,
    "coverage_fraction": 1,
    "coverage_keyspace": 511793,
    "distinct_keys_est": 511793,
    "key_draws": 12400496,
    "server_hits": 16670004,
    "maxmemory_policy": "noeviction"
  },
  "gate": {
    "pass": false,
    "reason": "aki is 0.38x Redis, below the 2.0x bar",
    "required_speedup": 2,
    "speedup_vs_redis": 0.37600761921230447,
    "speedup_vs_valkey": 0.39196226293110964,
    "tail_regressed_vs_redis": true,
    "tail_regressed_vs_valkey": false
  },
  "generator_bound": false
}
