{
  "workload": "mixed",
  "cell": {
    "keyspace": 1157049,
    "value_size": 16,
    "dist": "uniform",
    "pipeline": 16,
    "connections": 64
  },
  "timestamp": "2026-07-16T02:46:32.072726644Z",
  "aki": {
    "target": "aki",
    "version": "unknown",
    "workload": "mixed",
    "skipped": false,
    "ops": 17718752,
    "errors": 0,
    "ops_per_sec": 1771716.3838748643,
    "min_us": 19.708,
    "p50_us": 382.207,
    "p99_us": 3512.319,
    "p999_us": 6107.135,
    "nil_replies": 0,
    "err_replies": 0,
    "hit_ratio": 1,
    "value_ops_per_sec": 1771716.3838748643,
    "bytes_per_sec": 94704129.6502294,
    "resp_ver": 2,
    "used_memory": 73639088,
    "bytes_per_key": 63.643880250533904,
    "coverage_sampled": 2000,
    "coverage_retrievable": 2000,
    "coverage_fraction": 1,
    "coverage_keyspace": 1157049,
    "distinct_keys_est": 1157049,
    "key_draws": 17718752
  },
  "redis": {
    "target": "redis",
    "version": "redis 8.8.0",
    "workload": "mixed",
    "skipped": false,
    "ops": 26233632,
    "errors": 0,
    "ops_per_sec": 2623246.711844189,
    "min_us": 20.666,
    "p50_us": 272.895,
    "p99_us": 2942.975,
    "p999_us": 5332.991,
    "nil_replies": 0,
    "err_replies": 0,
    "hit_ratio": 1,
    "value_ops_per_sec": 2623246.711844189,
    "bytes_per_sec": 140220981.63306752,
    "resp_ver": 2,
    "used_memory": 86497856,
    "bytes_per_key": 74.75729722768871,
    "coverage_sampled": 2000,
    "coverage_retrievable": 2000,
    "coverage_fraction": 1,
    "coverage_keyspace": 1157049,
    "distinct_keys_est": 1157049,
    "key_draws": 26233632,
    "server_hits": 35115372,
    "maxmemory_policy": "noeviction"
  },
  "valkey": {
    "target": "valkey",
    "version": "valkey 9.1.0",
    "workload": "mixed",
    "skipped": false,
    "ops": 31585200,
    "errors": 0,
    "ops_per_sec": 3158116.647236685,
    "min_us": 13.47,
    "p50_us": 194.431,
    "p99_us": 3938.303,
    "p999_us": 7249.919,
    "nil_replies": 0,
    "err_replies": 0,
    "hit_ratio": 1,
    "value_ops_per_sec": 3158116.647236685,
    "bytes_per_sec": 168811508.5954091,
    "resp_ver": 2,
    "used_memory": 74476576,
    "bytes_per_key": 64.36769402160151,
    "coverage_sampled": 2000,
    "coverage_retrievable": 2000,
    "coverage_fraction": 1,
    "coverage_keyspace": 1157049,
    "distinct_keys_est": 1157049,
    "key_draws": 31585200,
    "server_hits": 42571528,
    "maxmemory_policy": "noeviction"
  },
  "gate": {
    "pass": false,
    "reason": "aki is 0.68x Redis, below the 2.0x bar",
    "required_speedup": 2,
    "speedup_vs_redis": 0.6753906812788173,
    "speedup_vs_valkey": 0.561004098890741,
    "tail_regressed_vs_redis": true,
    "tail_regressed_vs_valkey": false
  },
  "generator_bound": false
}
