{
  "workload": "mixed",
  "cell": {
    "keyspace": 2354696,
    "value_size": 128,
    "dist": "zipfian",
    "zipf_s": 0.99,
    "pipeline": 16,
    "connections": 64
  },
  "timestamp": "2026-07-16T03:08:22.644938891Z",
  "aki": {
    "target": "aki",
    "version": "unknown",
    "workload": "mixed",
    "skipped": false,
    "ops": 17484048,
    "errors": 0,
    "ops_per_sec": 1748237.576180773,
    "min_us": 21.179,
    "p50_us": 389.375,
    "p99_us": 3454.975,
    "p999_us": 6000.639,
    "nil_replies": 0,
    "err_replies": 0,
    "hit_ratio": 1,
    "value_ops_per_sec": 1748237.576180773,
    "bytes_per_sec": 285662670.4657145,
    "resp_ver": 2,
    "used_memory": 413242944,
    "bytes_per_key": 175.49736526498538,
    "coverage_sampled": 2000,
    "coverage_retrievable": 2000,
    "coverage_fraction": 1,
    "coverage_keyspace": 2354696,
    "distinct_keys_est": 1614107,
    "key_draws": 17484048
  },
  "redis": {
    "target": "redis",
    "version": "redis 8.8.0",
    "workload": "mixed",
    "skipped": false,
    "ops": 23498768,
    "errors": 0,
    "ops_per_sec": 2349704.763546091,
    "min_us": 22.14,
    "p50_us": 324.095,
    "p99_us": 2834.431,
    "p999_us": 5099.519,
    "nil_replies": 0,
    "err_replies": 0,
    "hit_ratio": 1,
    "value_ops_per_sec": 2349704.763546091,
    "bytes_per_sec": 383941857.63616294,
    "resp_ver": 2,
    "used_memory": 495924792,
    "bytes_per_key": 210.61096294383648,
    "coverage_sampled": 2000,
    "coverage_retrievable": 2000,
    "coverage_fraction": 1,
    "coverage_keyspace": 2354696,
    "distinct_keys_est": 1802925,
    "key_draws": 23498768,
    "server_hits": 31281808,
    "maxmemory_policy": "noeviction"
  },
  "valkey": {
    "target": "valkey",
    "version": "valkey 9.1.0",
    "workload": "mixed",
    "skipped": false,
    "ops": 28904016,
    "errors": 0,
    "ops_per_sec": 2890130.368779229,
    "min_us": 14.562,
    "p50_us": 219.391,
    "p99_us": 3928.063,
    "p999_us": 7000.063,
    "nil_replies": 0,
    "err_replies": 0,
    "hit_ratio": 1,
    "value_ops_per_sec": 2890130.368779229,
    "bytes_per_sec": 472247207.22744447,
    "resp_ver": 2,
    "used_memory": 490165216,
    "bytes_per_key": 208.16496736733745,
    "coverage_sampled": 2000,
    "coverage_retrievable": 2000,
    "coverage_fraction": 1,
    "coverage_keyspace": 2354696,
    "distinct_keys_est": 1925689,
    "key_draws": 28904016,
    "server_hits": 38970856,
    "maxmemory_policy": "noeviction"
  },
  "gate": {
    "pass": false,
    "reason": "aki is 0.74x Redis, below the 2.0x bar",
    "required_speedup": 2,
    "speedup_vs_redis": 0.7440243571462123,
    "speedup_vs_valkey": 0.6048992097609827,
    "tail_regressed_vs_redis": true,
    "tail_regressed_vs_valkey": false
  },
  "generator_bound": false
}
