{
  "workload": "mixed",
  "cell": {
    "keyspace": 511793,
    "value_size": 4096,
    "dist": "zipfian",
    "zipf_s": 0.99,
    "pipeline": 16,
    "connections": 64
  },
  "timestamp": "2026-07-16T03:31:12.966246433Z",
  "aki": {
    "target": "aki",
    "version": "unknown",
    "workload": "mixed",
    "skipped": false,
    "ops": 11360960,
    "errors": 0,
    "ops_per_sec": 1135987.2170689024,
    "min_us": 43.755,
    "p50_us": 794.111,
    "p99_us": 2834.431,
    "p999_us": 4526.079,
    "nil_replies": 565968,
    "err_replies": 62459,
    "hit_ratio": 0.9446853963045376,
    "value_ops_per_sec": 1073150.5343536248,
    "bytes_per_sec": 4462129749.631684,
    "resp_ver": 2,
    "used_memory": 1044433984,
    "bytes_per_key": 2040.735187859154,
    "coverage_sampled": 2000,
    "coverage_retrievable": 948,
    "coverage_missing": 1052,
    "coverage_fraction": 0.474,
    "coverage_keyspace": 511793,
    "distinct_keys_est": 484158,
    "key_draws": 11360960
  },
  "redis": {
    "target": "redis",
    "version": "redis 8.8.0",
    "workload": "mixed",
    "skipped": false,
    "ops": 14497104,
    "errors": 0,
    "ops_per_sec": 1449559.8577004503,
    "min_us": 37.843,
    "p50_us": 518.911,
    "p99_us": 2701.311,
    "p999_us": 4825.087,
    "nil_replies": 0,
    "err_replies": 0,
    "hit_ratio": 1,
    "value_ops_per_sec": 1449559.8577004503,
    "bytes_per_sec": 5989524572.512952,
    "resp_ver": 2,
    "used_memory": 2645297416,
    "bytes_per_key": 5168.6861993032335,
    "coverage_sampled": 2000,
    "coverage_retrievable": 2000,
    "coverage_fraction": 1,
    "coverage_keyspace": 511793,
    "distinct_keys_est": 496978,
    "key_draws": 14497104,
    "server_hits": 19530108,
    "maxmemory_policy": "noeviction"
  },
  "valkey": {
    "target": "valkey",
    "version": "valkey 9.1.0",
    "workload": "mixed",
    "skipped": false,
    "ops": 13888672,
    "errors": 0,
    "ops_per_sec": 1388679.5545363252,
    "min_us": 31.278,
    "p50_us": 565.247,
    "p99_us": 3485.695,
    "p999_us": 6664.191,
    "nil_replies": 0,
    "err_replies": 0,
    "hit_ratio": 1,
    "value_ops_per_sec": 1388679.5545363252,
    "bytes_per_sec": 5737969676.773628,
    "resp_ver": 2,
    "used_memory": 2647153728,
    "bytes_per_key": 5172.313275093641,
    "coverage_sampled": 2000,
    "coverage_retrievable": 2000,
    "coverage_fraction": 1,
    "coverage_keyspace": 511793,
    "distinct_keys_est": 495176,
    "key_draws": 13888672,
    "server_hits": 18787740,
    "maxmemory_policy": "noeviction"
  },
  "gate": {
    "pass": false,
    "reason": "aki is 0.74x Redis, below the 2.0x bar",
    "required_speedup": 2,
    "speedup_vs_redis": 0.7403285408689828,
    "speedup_vs_valkey": 0.7727848594357289,
    "tail_regressed_vs_redis": true,
    "tail_regressed_vs_valkey": false
  },
  "generator_bound": false
}
