{
  "workload": "mixed",
  "cell": {
    "keyspace": 9418787,
    "value_size": 128,
    "dist": "uniform",
    "pipeline": 16,
    "connections": 64
  },
  "timestamp": "2026-07-16T03:05:00.720699912Z",
  "aki": {
    "target": "aki",
    "version": "unknown",
    "workload": "mixed",
    "skipped": false,
    "ops": 10774320,
    "errors": 0,
    "ops_per_sec": 1077311.1715800045,
    "min_us": 19.04,
    "p50_us": 867.327,
    "p99_us": 2965.503,
    "p999_us": 4329.471,
    "nil_replies": 3001966,
    "err_replies": 333410,
    "hit_ratio": 0.6904328068963981,
    "value_ops_per_sec": 743810.9760948297,
    "bytes_per_sec": 142589860.59196964,
    "resp_ver": 2,
    "used_memory": 1160704672,
    "bytes_per_key": 123.23292500403714,
    "coverage_sampled": 2000,
    "coverage_retrievable": 1449,
    "coverage_missing": 551,
    "coverage_fraction": 0.7245,
    "coverage_keyspace": 9418787,
    "distinct_keys_est": 6419065,
    "key_draws": 10774320
  },
  "redis": {
    "target": "redis",
    "version": "redis 8.8.0",
    "workload": "mixed",
    "skipped": false,
    "ops": 22575552,
    "errors": 0,
    "ops_per_sec": 2257373.490689231,
    "min_us": 26.756,
    "p50_us": 357.375,
    "p99_us": 2654.207,
    "p999_us": 4571.135,
    "nil_replies": 0,
    "err_replies": 0,
    "hit_ratio": 1,
    "value_ops_per_sec": 2257373.490689231,
    "bytes_per_sec": 377819745.65953535,
    "resp_ver": 2,
    "used_memory": 1979433544,
    "bytes_per_key": 210.158011217368,
    "coverage_sampled": 2000,
    "coverage_retrievable": 2000,
    "coverage_fraction": 1,
    "coverage_keyspace": 9418787,
    "distinct_keys_est": 8562689,
    "key_draws": 22575552,
    "server_hits": 28367024,
    "maxmemory_policy": "noeviction"
  },
  "valkey": {
    "target": "valkey",
    "version": "valkey 9.1.0",
    "workload": "mixed",
    "skipped": false,
    "ops": 27166976,
    "errors": 0,
    "ops_per_sec": 2716442.4676487744,
    "min_us": 15.401,
    "p50_us": 253.951,
    "p99_us": 3880.959,
    "p999_us": 7159.807,
    "nil_replies": 0,
    "err_replies": 0,
    "hit_ratio": 1,
    "value_ops_per_sec": 2716442.4676487744,
    "bytes_per_sec": 454654773.44169617,
    "resp_ver": 2,
    "used_memory": 1955834720,
    "bytes_per_key": 207.65250557210817,
    "coverage_sampled": 2000,
    "coverage_retrievable": 2000,
    "coverage_fraction": 1,
    "coverage_keyspace": 9418787,
    "distinct_keys_est": 8892054,
    "key_draws": 27166976,
    "server_hits": 36656952,
    "maxmemory_policy": "noeviction"
  },
  "gate": {
    "pass": false,
    "reason": "aki is 0.33x Redis, below the 2.0x bar",
    "required_speedup": 2,
    "speedup_vs_redis": 0.32950283998760266,
    "speedup_vs_valkey": 0.2738180487726794,
    "tail_regressed_vs_redis": true,
    "tail_regressed_vs_valkey": false
  },
  "generator_bound": false
}
