{
  "workload": "mixed",
  "cell": {
    "keyspace": 4628197,
    "value_size": 16,
    "dist": "zipfian",
    "zipf_s": 0.99,
    "pipeline": 16,
    "connections": 64
  },
  "timestamp": "2026-07-16T02:54:25.518200586Z",
  "aki": {
    "target": "aki",
    "version": "unknown",
    "workload": "mixed",
    "skipped": false,
    "ops": 17558080,
    "errors": 0,
    "ops_per_sec": 1755595.5079864997,
    "min_us": 18.205,
    "p50_us": 391.167,
    "p99_us": 3424.255,
    "p999_us": 5824.511,
    "nil_replies": 0,
    "err_replies": 0,
    "hit_ratio": 1,
    "value_ops_per_sec": 1755595.5079864997,
    "bytes_per_sec": 88811632.60642421,
    "resp_ver": 2,
    "used_memory": 294814896,
    "bytes_per_key": 63.69972928982928,
    "coverage_sampled": 2000,
    "coverage_retrievable": 2000,
    "coverage_fraction": 1,
    "coverage_keyspace": 4628197,
    "distinct_keys_est": 2258377,
    "key_draws": 17558080
  },
  "redis": {
    "target": "redis",
    "version": "redis 8.8.0",
    "workload": "mixed",
    "skipped": false,
    "ops": 26063008,
    "errors": 0,
    "ops_per_sec": 2606090.1765737566,
    "min_us": 20.143,
    "p50_us": 272.383,
    "p99_us": 2924.543,
    "p999_us": 5210.111,
    "nil_replies": 0,
    "err_replies": 0,
    "hit_ratio": 1,
    "value_ops_per_sec": 2606090.1765737566,
    "bytes_per_sec": 131835541.39109544,
    "resp_ver": 2,
    "used_memory": 344046224,
    "bytes_per_key": 74.33698781620575,
    "coverage_sampled": 2000,
    "coverage_retrievable": 2000,
    "coverage_fraction": 1,
    "coverage_keyspace": 4628197,
    "distinct_keys_est": 2757821,
    "key_draws": 26063008,
    "server_hits": 34470716,
    "maxmemory_policy": "noeviction"
  },
  "valkey": {
    "target": "valkey",
    "version": "valkey 9.1.0",
    "workload": "mixed",
    "skipped": false,
    "ops": 30396432,
    "errors": 0,
    "ops_per_sec": 3039390.757017955,
    "min_us": 13.987,
    "p50_us": 201.215,
    "p99_us": 3901.439,
    "p999_us": 7286.783,
    "nil_replies": 0,
    "err_replies": 0,
    "hit_ratio": 1,
    "value_ops_per_sec": 3039390.757017955,
    "bytes_per_sec": 153755340.627298,
    "resp_ver": 2,
    "used_memory": 295441248,
    "bytes_per_key": 63.83506320063731,
    "coverage_sampled": 2000,
    "coverage_retrievable": 2000,
    "coverage_fraction": 1,
    "coverage_keyspace": 4628197,
    "distinct_keys_est": 2958905,
    "key_draws": 30396432,
    "server_hits": 40970100,
    "maxmemory_policy": "noeviction"
  },
  "gate": {
    "pass": false,
    "reason": "aki is 0.67x Redis, below the 2.0x bar",
    "required_speedup": 2,
    "speedup_vs_redis": 0.6736510976356898,
    "speedup_vs_valkey": 0.5776142813926866,
    "tail_regressed_vs_redis": true,
    "tail_regressed_vs_valkey": false
  },
  "generator_bound": false
}
