{
  "workload": "mixed",
  "cell": {
    "keyspace": 588674,
    "value_size": 128,
    "dist": "uniform",
    "pipeline": 16,
    "connections": 64
  },
  "timestamp": "2026-07-16T03:00:24.357051421Z",
  "aki": {
    "target": "aki",
    "version": "unknown",
    "workload": "mixed",
    "skipped": false,
    "ops": 17632288,
    "errors": 0,
    "ops_per_sec": 1763027.4439304178,
    "min_us": 15.185,
    "p50_us": 387.839,
    "p99_us": 3522.559,
    "p999_us": 6246.399,
    "nil_replies": 0,
    "err_replies": 0,
    "hit_ratio": 1,
    "value_ops_per_sec": 1763027.4439304178,
    "bytes_per_sec": 292912245.0753251,
    "resp_ver": 2,
    "used_memory": 103258560,
    "bytes_per_key": 175.40873216754943,
    "coverage_sampled": 2000,
    "coverage_retrievable": 2000,
    "coverage_fraction": 1,
    "coverage_keyspace": 588674,
    "distinct_keys_est": 588674,
    "key_draws": 17632288
  },
  "redis": {
    "target": "redis",
    "version": "redis 8.8.0",
    "workload": "mixed",
    "skipped": false,
    "ops": 24262016,
    "errors": 0,
    "ops_per_sec": 2425919.354957096,
    "min_us": 21.374,
    "p50_us": 312.575,
    "p99_us": 2869.247,
    "p999_us": 5214.207,
    "nil_replies": 0,
    "err_replies": 0,
    "hit_ratio": 1,
    "value_ops_per_sec": 2425919.354957096,
    "bytes_per_sec": 403045937.1786114,
    "resp_ver": 2,
    "used_memory": 125053224,
    "bytes_per_key": 212.4320489778723,
    "coverage_sampled": 2000,
    "coverage_retrievable": 2000,
    "coverage_fraction": 1,
    "coverage_keyspace": 588674,
    "distinct_keys_est": 588674,
    "key_draws": 24262016,
    "server_hits": 32676536,
    "maxmemory_policy": "noeviction"
  },
  "valkey": {
    "target": "valkey",
    "version": "valkey 9.1.0",
    "workload": "mixed",
    "skipped": false,
    "ops": 30156176,
    "errors": 0,
    "ops_per_sec": 3015358.596074926,
    "min_us": 14.314,
    "p50_us": 208.895,
    "p99_us": 3956.735,
    "p999_us": 7290.879,
    "nil_replies": 0,
    "err_replies": 0,
    "hit_ratio": 1,
    "value_ops_per_sec": 3015358.596074926,
    "bytes_per_sec": 500976205.99888337,
    "resp_ver": 2,
    "used_memory": 123759712,
    "bytes_per_key": 210.23471734780202,
    "coverage_sampled": 2000,
    "coverage_retrievable": 2000,
    "coverage_fraction": 1,
    "coverage_keyspace": 588674,
    "distinct_keys_est": 588674,
    "key_draws": 30156176,
    "server_hits": 40684156,
    "maxmemory_policy": "noeviction"
  },
  "gate": {
    "pass": false,
    "reason": "aki is 0.73x Redis, below the 2.0x bar",
    "required_speedup": 2,
    "speedup_vs_redis": 0.7267461056889083,
    "speedup_vs_valkey": 0.5846825137896832,
    "tail_regressed_vs_redis": true,
    "tail_regressed_vs_valkey": false
  },
  "generator_bound": false
}
