{
  "workload": "mixed",
  "cell": {
    "keyspace": 31987,
    "value_size": 4096,
    "dist": "zipfian",
    "zipf_s": 0.99,
    "pipeline": 16,
    "connections": 64
  },
  "timestamp": "2026-07-16T03:27:53.385725129Z",
  "aki": {
    "target": "aki",
    "version": "unknown",
    "workload": "mixed",
    "skipped": false,
    "ops": 14814944,
    "errors": 0,
    "ops_per_sec": 1481362.4356420096,
    "min_us": 40.713,
    "p50_us": 525.311,
    "p99_us": 2908.159,
    "p999_us": 5181.439,
    "nil_replies": 0,
    "err_replies": 0,
    "hit_ratio": 1,
    "value_ops_per_sec": 1481362.4356420096,
    "bytes_per_sec": 6119837876.270485,
    "resp_ver": 2,
    "used_memory": 133025424,
    "bytes_per_key": 4158.733985681683,
    "coverage_sampled": 2000,
    "coverage_retrievable": 2000,
    "coverage_fraction": 1,
    "coverage_keyspace": 31987,
    "distinct_keys_est": 31987,
    "key_draws": 14814944
  },
  "redis": {
    "target": "redis",
    "version": "redis 8.8.0",
    "workload": "mixed",
    "skipped": false,
    "ops": 15878320,
    "errors": 0,
    "ops_per_sec": 1587733.1682147048,
    "min_us": 35.726,
    "p50_us": 468.479,
    "p99_us": 2660.351,
    "p999_us": 4747.263,
    "nil_replies": 0,
    "err_replies": 0,
    "hit_ratio": 1,
    "value_ops_per_sec": 1587733.1682147048,
    "bytes_per_sec": 6559279074.899497,
    "resp_ver": 2,
    "used_memory": 166634760,
    "bytes_per_key": 5209.452590114734,
    "coverage_sampled": 2000,
    "coverage_retrievable": 2000,
    "coverage_fraction": 1,
    "coverage_keyspace": 31987,
    "distinct_keys_est": 31987,
    "key_draws": 15878320,
    "server_hits": 21392746,
    "maxmemory_policy": "noeviction"
  },
  "valkey": {
    "target": "valkey",
    "version": "valkey 9.1.0",
    "workload": "mixed",
    "skipped": false,
    "ops": 15483520,
    "errors": 0,
    "ops_per_sec": 1548178.3309282784,
    "min_us": 27.552,
    "p50_us": 489.471,
    "p99_us": 3500.031,
    "p999_us": 7020.543,
    "nil_replies": 0,
    "err_replies": 0,
    "hit_ratio": 1,
    "value_ops_per_sec": 1548178.3309282784,
    "bytes_per_sec": 6395869126.126559,
    "resp_ver": 2,
    "used_memory": 166968640,
    "bytes_per_key": 5219.890580548347,
    "coverage_sampled": 2000,
    "coverage_retrievable": 2000,
    "coverage_fraction": 1,
    "coverage_keyspace": 31987,
    "distinct_keys_est": 31987,
    "key_draws": 15483520,
    "server_hits": 20886256,
    "maxmemory_policy": "noeviction"
  },
  "gate": {
    "pass": false,
    "reason": "aki is 0.93x Redis, below the 2.0x bar",
    "required_speedup": 2,
    "speedup_vs_redis": 0.9330046542440744,
    "speedup_vs_valkey": 0.95684224875683,
    "tail_regressed_vs_redis": true,
    "tail_regressed_vs_valkey": false
  },
  "generator_bound": false
}
