{
  "workload": "mixed",
  "cell": {
    "keyspace": 588674,
    "value_size": 128,
    "dist": "zipfian",
    "zipf_s": 0.99,
    "pipeline": 16,
    "connections": 64
  },
  "timestamp": "2026-07-16T03:06:35.621562034Z",
  "aki": {
    "target": "aki",
    "version": "unknown",
    "workload": "mixed",
    "skipped": false,
    "ops": 17895408,
    "errors": 0,
    "ops_per_sec": 1789246.5287068617,
    "min_us": 17.266,
    "p50_us": 365.055,
    "p99_us": 3567.615,
    "p999_us": 6352.895,
    "nil_replies": 0,
    "err_replies": 0,
    "hit_ratio": 1,
    "value_ops_per_sec": 1789246.5287068617,
    "bytes_per_sec": 291645858.697216,
    "resp_ver": 2,
    "used_memory": 103258560,
    "bytes_per_key": 175.40873216754943,
    "coverage_sampled": 2000,
    "coverage_retrievable": 2000,
    "coverage_fraction": 1,
    "coverage_keyspace": 588674,
    "distinct_keys_est": 574685,
    "key_draws": 17895408
  },
  "redis": {
    "target": "redis",
    "version": "redis 8.8.0",
    "workload": "mixed",
    "skipped": false,
    "ops": 24353008,
    "errors": 0,
    "ops_per_sec": 2435130.2383643314,
    "min_us": 21.589,
    "p50_us": 305.151,
    "p99_us": 2875.391,
    "p999_us": 5070.847,
    "nil_replies": 0,
    "err_replies": 0,
    "hit_ratio": 1,
    "value_ops_per_sec": 2435130.2383643314,
    "bytes_per_sec": 396924203.8952184,
    "resp_ver": 2,
    "used_memory": 125057416,
    "bytes_per_key": 212.43917006696407,
    "coverage_sampled": 2000,
    "coverage_retrievable": 2000,
    "coverage_fraction": 1,
    "coverage_keyspace": 588674,
    "distinct_keys_est": 583723,
    "key_draws": 24353008,
    "server_hits": 32546580,
    "maxmemory_policy": "noeviction"
  },
  "valkey": {
    "target": "valkey",
    "version": "valkey 9.1.0",
    "workload": "mixed",
    "skipped": false,
    "ops": 29843264,
    "errors": 0,
    "ops_per_sec": 2984027.108944235,
    "min_us": 13.975,
    "p50_us": 209.023,
    "p99_us": 3909.631,
    "p999_us": 7147.519,
    "nil_replies": 0,
    "err_replies": 0,
    "hit_ratio": 1,
    "value_ops_per_sec": 2984027.108944235,
    "bytes_per_sec": 486393661.63444346,
    "resp_ver": 2,
    "used_memory": 123755232,
    "bytes_per_key": 210.22710702358182,
    "coverage_sampled": 2000,
    "coverage_retrievable": 2000,
    "coverage_fraction": 1,
    "coverage_keyspace": 588674,
    "distinct_keys_est": 586641,
    "key_draws": 29843264,
    "server_hits": 40279214,
    "maxmemory_policy": "noeviction"
  },
  "gate": {
    "pass": false,
    "reason": "aki is 0.73x Redis, below the 2.0x bar",
    "required_speedup": 2,
    "speedup_vs_redis": 0.73476420296464,
    "speedup_vs_valkey": 0.5996080006591853,
    "tail_regressed_vs_redis": true,
    "tail_regressed_vs_valkey": false
  },
  "generator_bound": false
}
