{
  "workload": "mixed",
  "cell": {
    "keyspace": 127948,
    "value_size": 4096,
    "dist": "zipfian",
    "zipf_s": 0.99,
    "pipeline": 16,
    "connections": 64
  },
  "timestamp": "2026-07-16T03:30:15.743762676Z",
  "aki": {
    "target": "aki",
    "version": "unknown",
    "workload": "mixed",
    "skipped": false,
    "ops": 14587696,
    "errors": 0,
    "ops_per_sec": 1458557.1494827208,
    "min_us": 44.393,
    "p50_us": 536.575,
    "p99_us": 2875.391,
    "p999_us": 5169.151,
    "nil_replies": 0,
    "err_replies": 0,
    "hit_ratio": 1,
    "value_ops_per_sec": 1458557.1494827208,
    "bytes_per_sec": 6026079866.858753,
    "resp_ver": 2,
    "used_memory": 532337600,
    "bytes_per_key": 4160.577734704724,
    "coverage_sampled": 2000,
    "coverage_retrievable": 2000,
    "coverage_fraction": 1,
    "coverage_keyspace": 127948,
    "distinct_keys_est": 127947,
    "key_draws": 14587696
  },
  "redis": {
    "target": "redis",
    "version": "redis 8.8.0",
    "workload": "mixed",
    "skipped": false,
    "ops": 14292864,
    "errors": 0,
    "ops_per_sec": 1429114.4057954398,
    "min_us": 39.757,
    "p50_us": 528.895,
    "p99_us": 2762.751,
    "p999_us": 4816.895,
    "nil_replies": 0,
    "err_replies": 0,
    "hit_ratio": 1,
    "value_ops_per_sec": 1429114.4057954398,
    "bytes_per_sec": 5904436223.319636,
    "resp_ver": 2,
    "used_memory": 662367528,
    "bytes_per_key": 5176.849407571826,
    "coverage_sampled": 2000,
    "coverage_retrievable": 2000,
    "coverage_fraction": 1,
    "coverage_keyspace": 127948,
    "distinct_keys_est": 127947,
    "key_draws": 14292864,
    "server_hits": 19382342,
    "maxmemory_policy": "noeviction"
  },
  "valkey": {
    "target": "valkey",
    "version": "valkey 9.1.0",
    "workload": "mixed",
    "skipped": false,
    "ops": 14455216,
    "errors": 0,
    "ops_per_sec": 1445398.9472033775,
    "min_us": 26.317,
    "p50_us": 535.039,
    "p99_us": 3514.367,
    "p999_us": 7012.351,
    "nil_replies": 0,
    "err_replies": 0,
    "hit_ratio": 1,
    "value_ops_per_sec": 1445398.9472033775,
    "bytes_per_sec": 5971716312.780159,
    "resp_ver": 2,
    "used_memory": 663004064,
    "bytes_per_key": 5181.824366148748,
    "coverage_sampled": 2000,
    "coverage_retrievable": 2000,
    "coverage_fraction": 1,
    "coverage_keyspace": 127948,
    "distinct_keys_est": 127947,
    "key_draws": 14455216,
    "server_hits": 19549272,
    "maxmemory_policy": "noeviction"
  },
  "gate": {
    "pass": false,
    "reason": "aki is 1.02x Redis, below the 2.0x bar",
    "required_speedup": 2,
    "speedup_vs_redis": 1.0206020900551298,
    "speedup_vs_valkey": 1.0091035089687883,
    "tail_regressed_vs_redis": true,
    "tail_regressed_vs_valkey": false
  },
  "generator_bound": false
}
