{
  "workload": "mixed",
  "cell": {
    "keyspace": 1157049,
    "value_size": 16,
    "dist": "zipfian",
    "zipf_s": 0.99,
    "pipeline": 16,
    "connections": 64
  },
  "timestamp": "2026-07-16T02:52:37.426085459Z",
  "aki": {
    "target": "aki",
    "version": "unknown",
    "workload": "mixed",
    "skipped": false,
    "ops": 17602128,
    "errors": 0,
    "ops_per_sec": 1760146.741340768,
    "min_us": 20.156,
    "p50_us": 385.023,
    "p99_us": 3495.935,
    "p999_us": 6168.575,
    "nil_replies": 0,
    "err_replies": 0,
    "hit_ratio": 1,
    "value_ops_per_sec": 1760146.741340768,
    "bytes_per_sec": 88331730.59248452,
    "resp_ver": 2,
    "used_memory": 73639088,
    "bytes_per_key": 63.643880250533904,
    "coverage_sampled": 2000,
    "coverage_retrievable": 2000,
    "coverage_fraction": 1,
    "coverage_keyspace": 1157049,
    "distinct_keys_est": 1013114,
    "key_draws": 17602128
  },
  "redis": {
    "target": "redis",
    "version": "redis 8.8.0",
    "workload": "mixed",
    "skipped": false,
    "ops": 26438976,
    "errors": 0,
    "ops_per_sec": 2643626.4731056327,
    "min_us": 18.862,
    "p50_us": 262.655,
    "p99_us": 3000.319,
    "p999_us": 5312.511,
    "nil_replies": 0,
    "err_replies": 0,
    "hit_ratio": 1,
    "value_ops_per_sec": 2643626.4731056327,
    "bytes_per_sec": 132667899.15273115,
    "resp_ver": 2,
    "used_memory": 86479280,
    "bytes_per_key": 74.74124259214605,
    "coverage_sampled": 2000,
    "coverage_retrievable": 2000,
    "coverage_fraction": 1,
    "coverage_keyspace": 1157049,
    "distinct_keys_est": 1091162,
    "key_draws": 26438976,
    "server_hits": 35613620,
    "maxmemory_policy": "noeviction"
  },
  "valkey": {
    "target": "valkey",
    "version": "valkey 9.1.0",
    "workload": "mixed",
    "skipped": false,
    "ops": 30782336,
    "errors": 0,
    "ops_per_sec": 3077840.3274132446,
    "min_us": 13.739,
    "p50_us": 199.167,
    "p99_us": 3846.143,
    "p999_us": 6959.103,
    "nil_replies": 0,
    "err_replies": 0,
    "hit_ratio": 1,
    "value_ops_per_sec": 3077840.3274132446,
    "bytes_per_sec": 154458410.2993948,
    "resp_ver": 2,
    "used_memory": 74476640,
    "bytes_per_key": 64.36774933473,
    "coverage_sampled": 2000,
    "coverage_retrievable": 2000,
    "coverage_fraction": 1,
    "coverage_keyspace": 1157049,
    "distinct_keys_est": 1111490,
    "key_draws": 30782336,
    "server_hits": 41451632,
    "maxmemory_policy": "noeviction"
  },
  "gate": {
    "pass": false,
    "reason": "aki is 0.67x Redis, below the 2.0x bar",
    "required_speedup": 2,
    "speedup_vs_redis": 0.6658076544652748,
    "speedup_vs_valkey": 0.5718772106739125,
    "tail_regressed_vs_redis": true,
    "tail_regressed_vs_valkey": false
  },
  "generator_bound": false
}
