{
  "workload": "mixed",
  "cell": {
    "keyspace": 219310,
    "value_size": 512,
    "dist": "zipfian",
    "zipf_s": 0.99,
    "pipeline": 16,
    "connections": 64
  },
  "timestamp": "2026-07-16T03:18:12.243227845Z",
  "aki": {
    "target": "aki",
    "version": "unknown",
    "workload": "mixed",
    "skipped": false,
    "ops": 17401280,
    "errors": 0,
    "ops_per_sec": 1739982.6957850575,
    "min_us": 19.137,
    "p50_us": 398.591,
    "p99_us": 3405.823,
    "p999_us": 6123.519,
    "nil_replies": 0,
    "err_replies": 0,
    "hit_ratio": 1,
    "value_ops_per_sec": 1739982.6957850575,
    "bytes_per_sec": 951269196.2606894,
    "resp_ver": 2,
    "used_memory": 123514656,
    "bytes_per_key": 563.1966440198805,
    "coverage_sampled": 2000,
    "coverage_retrievable": 2000,
    "coverage_fraction": 1,
    "coverage_keyspace": 219310,
    "distinct_keys_est": 219272,
    "key_draws": 17401280
  },
  "redis": {
    "target": "redis",
    "version": "redis 8.8.0",
    "workload": "mixed",
    "skipped": false,
    "ops": 23676400,
    "errors": 0,
    "ops_per_sec": 2367441.026998421,
    "min_us": 25.868,
    "p50_us": 313.087,
    "p99_us": 2930.687,
    "p999_us": 5226.495,
    "nil_replies": 0,
    "err_replies": 0,
    "hit_ratio": 1,
    "value_ops_per_sec": 2367441.026998421,
    "bytes_per_sec": 1294307556.3448424,
    "resp_ver": 2,
    "used_memory": 152034072,
    "bytes_per_key": 693.2382107519037,
    "coverage_sampled": 2000,
    "coverage_retrievable": 2000,
    "coverage_fraction": 1,
    "coverage_keyspace": 219310,
    "distinct_keys_est": 219308,
    "key_draws": 23676400,
    "server_hits": 31921442,
    "maxmemory_policy": "noeviction"
  },
  "valkey": {
    "target": "valkey",
    "version": "valkey 9.1.0",
    "workload": "mixed",
    "skipped": false,
    "ops": 26557424,
    "errors": 0,
    "ops_per_sec": 2655452.365119596,
    "min_us": 16.686,
    "p50_us": 254.719,
    "p99_us": 3835.903,
    "p999_us": 7467.007,
    "nil_replies": 0,
    "err_replies": 0,
    "hit_ratio": 1,
    "value_ops_per_sec": 2655452.365119596,
    "bytes_per_sec": 1451766644.0628953,
    "resp_ver": 2,
    "used_memory": 151860704,
    "bytes_per_key": 692.4476950435457,
    "coverage_sampled": 2000,
    "coverage_retrievable": 2000,
    "coverage_fraction": 1,
    "coverage_keyspace": 219310,
    "distinct_keys_est": 219309,
    "key_draws": 26557424,
    "server_hits": 35844790,
    "maxmemory_policy": "noeviction"
  },
  "gate": {
    "pass": false,
    "reason": "aki is 0.73x Redis, below the 2.0x bar",
    "required_speedup": 2,
    "speedup_vs_redis": 0.7349634799524905,
    "speedup_vs_valkey": 0.6552490711716051,
    "tail_regressed_vs_redis": true,
    "tail_regressed_vs_valkey": false
  },
  "generator_bound": false
}
