{
  "workload": "mixed",
  "cell": {
    "keyspace": 4628197,
    "value_size": 16,
    "dist": "uniform",
    "pipeline": 16,
    "connections": 64
  },
  "timestamp": "2026-07-16T02:47:30.814455681Z",
  "aki": {
    "target": "aki",
    "version": "unknown",
    "workload": "mixed",
    "skipped": false,
    "ops": 17506864,
    "errors": 0,
    "ops_per_sec": 1750473.8684908731,
    "min_us": 18.635,
    "p50_us": 394.495,
    "p99_us": 3459.071,
    "p999_us": 5963.775,
    "nil_replies": 0,
    "err_replies": 0,
    "hit_ratio": 1,
    "value_ops_per_sec": 1750473.8684908731,
    "bytes_per_sec": 94942762.44792297,
    "resp_ver": 2,
    "used_memory": 294814896,
    "bytes_per_key": 63.69972928982928,
    "coverage_sampled": 2000,
    "coverage_retrievable": 2000,
    "coverage_fraction": 1,
    "coverage_keyspace": 4628197,
    "distinct_keys_est": 4523090,
    "key_draws": 17506864
  },
  "redis": {
    "target": "redis",
    "version": "redis 8.8.0",
    "workload": "mixed",
    "skipped": false,
    "ops": 26628464,
    "errors": 0,
    "ops_per_sec": 2662629.1169497,
    "min_us": 20.124,
    "p50_us": 271.103,
    "p99_us": 2926.591,
    "p999_us": 5087.231,
    "nil_replies": 0,
    "err_replies": 0,
    "hit_ratio": 1,
    "value_ops_per_sec": 2662629.1169497,
    "bytes_per_sec": 144416282.3526035,
    "resp_ver": 2,
    "used_memory": 344053952,
    "bytes_per_key": 74.3386575809111,
    "coverage_sampled": 2000,
    "coverage_retrievable": 2000,
    "coverage_fraction": 1,
    "coverage_keyspace": 4628197,
    "distinct_keys_est": 4613610,
    "key_draws": 26628464,
    "server_hits": 35139564,
    "maxmemory_policy": "noeviction"
  },
  "valkey": {
    "target": "valkey",
    "version": "valkey 9.1.0",
    "workload": "mixed",
    "skipped": false,
    "ops": 31241744,
    "errors": 0,
    "ops_per_sec": 3123886.2380511365,
    "min_us": 13.482,
    "p50_us": 200.703,
    "p99_us": 3878.911,
    "p999_us": 7008.255,
    "nil_replies": 0,
    "err_replies": 0,
    "hit_ratio": 1,
    "value_ops_per_sec": 3123886.2380511365,
    "bytes_per_sec": 169434171.09571752,
    "resp_ver": 2,
    "used_memory": 295434144,
    "bytes_per_key": 63.83352826165351,
    "coverage_sampled": 2000,
    "coverage_retrievable": 2000,
    "coverage_fraction": 1,
    "coverage_keyspace": 4628197,
    "distinct_keys_est": 4622724,
    "key_draws": 31241744,
    "server_hits": 42019584,
    "maxmemory_policy": "noeviction"
  },
  "gate": {
    "pass": false,
    "reason": "aki is 0.66x Redis, below the 2.0x bar",
    "required_speedup": 2,
    "speedup_vs_redis": 0.657423092592111,
    "speedup_vs_valkey": 0.5603513492805428,
    "tail_regressed_vs_redis": true,
    "tail_regressed_vs_valkey": false
  },
  "generator_bound": false
}
