{
  "workload": "mixed",
  "cell": {
    "keyspace": 31987,
    "value_size": 4096,
    "dist": "uniform",
    "pipeline": 16,
    "connections": 64
  },
  "timestamp": "2026-07-16T03:23:36.629546039Z",
  "aki": {
    "target": "aki",
    "version": "unknown",
    "workload": "mixed",
    "skipped": false,
    "ops": 14295120,
    "errors": 0,
    "ops_per_sec": 1429377.3413623627,
    "min_us": 43.796,
    "p50_us": 561.151,
    "p99_us": 2826.239,
    "p999_us": 5402.623,
    "nil_replies": 0,
    "err_replies": 0,
    "hit_ratio": 1,
    "value_ops_per_sec": 1429377.3413623627,
    "bytes_per_sec": 5907834594.909266,
    "resp_ver": 2,
    "used_memory": 133025424,
    "bytes_per_key": 4158.733985681683,
    "coverage_sampled": 2000,
    "coverage_retrievable": 2000,
    "coverage_fraction": 1,
    "coverage_keyspace": 31987,
    "distinct_keys_est": 31987,
    "key_draws": 14295120
  },
  "redis": {
    "target": "redis",
    "version": "redis 8.8.0",
    "workload": "mixed",
    "skipped": false,
    "ops": 13582192,
    "errors": 0,
    "ops_per_sec": 1358040.2070414154,
    "min_us": 33.453,
    "p50_us": 554.495,
    "p99_us": 2809.855,
    "p999_us": 4853.759,
    "nil_replies": 0,
    "err_replies": 0,
    "hit_ratio": 1,
    "value_ops_per_sec": 1358040.2070414154,
    "bytes_per_sec": 5612987353.995574,
    "resp_ver": 2,
    "used_memory": 166636552,
    "bytes_per_key": 5209.50861287398,
    "coverage_sampled": 2000,
    "coverage_retrievable": 2000,
    "coverage_fraction": 1,
    "coverage_keyspace": 31987,
    "distinct_keys_est": 31987,
    "key_draws": 13582192,
    "server_hits": 18091864,
    "maxmemory_policy": "noeviction"
  },
  "valkey": {
    "target": "valkey",
    "version": "valkey 9.1.0",
    "workload": "mixed",
    "skipped": false,
    "ops": 13290208,
    "errors": 0,
    "ops_per_sec": 1328915.3287744503,
    "min_us": 25.516,
    "p50_us": 600.575,
    "p99_us": 3491.839,
    "p999_us": 6778.879,
    "nil_replies": 0,
    "err_replies": 0,
    "hit_ratio": 1,
    "value_ops_per_sec": 1328915.3287744503,
    "bytes_per_sec": 5492609810.232758,
    "resp_ver": 2,
    "used_memory": 166968576,
    "bytes_per_key": 5219.888579735518,
    "coverage_sampled": 2000,
    "coverage_retrievable": 2000,
    "coverage_fraction": 1,
    "coverage_keyspace": 31987,
    "distinct_keys_est": 31987,
    "key_draws": 13290208,
    "server_hits": 17877668,
    "maxmemory_policy": "noeviction"
  },
  "gate": {
    "pass": false,
    "reason": "aki is 1.05x Redis, below the 2.0x bar",
    "required_speedup": 2,
    "speedup_vs_redis": 1.052529471477402,
    "speedup_vs_valkey": 1.0755970003601059,
    "tail_regressed_vs_redis": true,
    "tail_regressed_vs_valkey": false
  },
  "generator_bound": false
}
