{
  "workload": "mixed",
  "cell": {
    "keyspace": 9418787,
    "value_size": 128,
    "dist": "uniform",
    "pipeline": 16,
    "connections": 64
  },
  "timestamp": "2026-07-16T03:03:35.580305202Z",
  "aki": {
    "target": "aki",
    "version": "unknown",
    "workload": "mixed",
    "skipped": false,
    "ops": 10859568,
    "errors": 0,
    "ops_per_sec": 1085881.2714195782,
    "min_us": 21.06,
    "p50_us": 859.135,
    "p99_us": 2934.783,
    "p999_us": 4313.087,
    "nil_replies": 3025879,
    "err_replies": 336011,
    "hit_ratio": 0.6904213869280988,
    "value_ops_per_sec": 749715.6534527525,
    "bytes_per_sec": 143721864.0113765,
    "resp_ver": 2,
    "used_memory": 1160704672,
    "bytes_per_key": 123.23292500403714,
    "coverage_sampled": 2000,
    "coverage_retrievable": 1449,
    "coverage_missing": 551,
    "coverage_fraction": 0.7245,
    "coverage_keyspace": 9418787,
    "distinct_keys_est": 6446075,
    "key_draws": 10859568
  },
  "redis": {
    "target": "redis",
    "version": "redis 8.8.0",
    "workload": "mixed",
    "skipped": false,
    "ops": 22663216,
    "errors": 0,
    "ops_per_sec": 2266110.906978757,
    "min_us": 26.941,
    "p50_us": 354.559,
    "p99_us": 2637.823,
    "p999_us": 4792.319,
    "nil_replies": 0,
    "err_replies": 0,
    "hit_ratio": 1,
    "value_ops_per_sec": 2266110.906978757,
    "bytes_per_sec": 379282138.9155651,
    "resp_ver": 2,
    "used_memory": 1979447000,
    "bytes_per_key": 210.15943985143736,
    "coverage_sampled": 2000,
    "coverage_retrievable": 2000,
    "coverage_fraction": 1,
    "coverage_keyspace": 9418787,
    "distinct_keys_est": 8570498,
    "key_draws": 22663216,
    "server_hits": 28511006,
    "maxmemory_policy": "noeviction"
  },
  "valkey": {
    "target": "valkey",
    "version": "valkey 9.1.0",
    "workload": "mixed",
    "skipped": false,
    "ops": 27095824,
    "errors": 0,
    "ops_per_sec": 2709295.751090943,
    "min_us": 14.557,
    "p50_us": 255.359,
    "p99_us": 3833.855,
    "p999_us": 6881.279,
    "nil_replies": 0,
    "err_replies": 0,
    "hit_ratio": 1,
    "value_ops_per_sec": 2709295.751090943,
    "bytes_per_sec": 453458568.17656976,
    "resp_ver": 2,
    "used_memory": 1955820768,
    "bytes_per_key": 207.65102427732998,
    "coverage_sampled": 2000,
    "coverage_retrievable": 2000,
    "coverage_fraction": 1,
    "coverage_keyspace": 9418787,
    "distinct_keys_est": 8888141,
    "key_draws": 27095824,
    "server_hits": 36479208,
    "maxmemory_policy": "noeviction"
  },
  "gate": {
    "pass": false,
    "reason": "aki is 0.33x Redis, below the 2.0x bar",
    "required_speedup": 2,
    "speedup_vs_redis": 0.3308380234806312,
    "speedup_vs_valkey": 0.27671975388839226,
    "tail_regressed_vs_redis": true,
    "tail_regressed_vs_valkey": false
  },
  "generator_bound": false
}
