{
  "workload": "mixed",
  "cell": {
    "keyspace": 877240,
    "value_size": 512,
    "dist": "uniform",
    "pipeline": 16,
    "connections": 64
  },
  "timestamp": "2026-07-16T03:14:27.432897934Z",
  "aki": {
    "target": "aki",
    "version": "unknown",
    "workload": "mixed",
    "skipped": false,
    "ops": 17193664,
    "errors": 0,
    "ops_per_sec": 1719178.203968861,
    "min_us": 19.166,
    "p50_us": 409.599,
    "p99_us": 3334.143,
    "p999_us": 6037.503,
    "nil_replies": 0,
    "err_replies": 0,
    "hit_ratio": 1,
    "value_ops_per_sec": 1719178.203968861,
    "bytes_per_sec": 945994276.3309621,
    "resp_ver": 2,
    "used_memory": 494308608,
    "bytes_per_key": 563.4816105056769,
    "coverage_sampled": 2000,
    "coverage_retrievable": 2000,
    "coverage_fraction": 1,
    "coverage_keyspace": 877240,
    "distinct_keys_est": 877240,
    "key_draws": 17193664
  },
  "redis": {
    "target": "redis",
    "version": "redis 8.8.0",
    "workload": "mixed",
    "skipped": false,
    "ops": 22324752,
    "errors": 0,
    "ops_per_sec": 2232375.9208850963,
    "min_us": 28.122,
    "p50_us": 349.439,
    "p99_us": 2869.247,
    "p999_us": 5251.071,
    "nil_replies": 0,
    "err_replies": 0,
    "hit_ratio": 1,
    "value_ops_per_sec": 2232375.9208850963,
    "bytes_per_sec": 1228386078.3229704,
    "resp_ver": 2,
    "used_memory": 603855432,
    "bytes_per_key": 688.358296475309,
    "coverage_sampled": 2000,
    "coverage_retrievable": 2000,
    "coverage_fraction": 1,
    "coverage_keyspace": 877240,
    "distinct_keys_est": 877240,
    "key_draws": 22324752,
    "server_hits": 30121524,
    "maxmemory_policy": "noeviction"
  },
  "valkey": {
    "target": "valkey",
    "version": "valkey 9.1.0",
    "workload": "mixed",
    "skipped": false,
    "ops": 22802400,
    "errors": 0,
    "ops_per_sec": 2280085.1936157797,
    "min_us": 18.268,
    "p50_us": 329.471,
    "p99_us": 3776.511,
    "p999_us": 6926.335,
    "nil_replies": 0,
    "err_replies": 0,
    "hit_ratio": 1,
    "value_ops_per_sec": 2280085.1936157797,
    "bytes_per_sec": 1254638588.1130602,
    "resp_ver": 2,
    "used_memory": 602570720,
    "bytes_per_key": 686.8938032921435,
    "coverage_sampled": 2000,
    "coverage_retrievable": 2000,
    "coverage_fraction": 1,
    "coverage_keyspace": 877240,
    "distinct_keys_est": 877240,
    "key_draws": 22802400,
    "server_hits": 30850890,
    "maxmemory_policy": "noeviction"
  },
  "gate": {
    "pass": false,
    "reason": "aki is 0.77x Redis, below the 2.0x bar",
    "required_speedup": 2,
    "speedup_vs_redis": 0.7701114260752455,
    "speedup_vs_valkey": 0.7539973544771686,
    "tail_regressed_vs_redis": true,
    "tail_regressed_vs_valkey": false
  },
  "generator_bound": false
}
