{
  "workload": "mixed",
  "cell": {
    "keyspace": 511793,
    "value_size": 4096,
    "dist": "zipfian",
    "zipf_s": 0.99,
    "pipeline": 16,
    "connections": 64
  },
  "timestamp": "2026-07-16T03:32:09.850234515Z",
  "aki": {
    "target": "aki",
    "version": "unknown",
    "workload": "mixed",
    "skipped": false,
    "ops": 11414592,
    "errors": 0,
    "ops_per_sec": 1141378.241242384,
    "min_us": 45.877,
    "p50_us": 789.503,
    "p99_us": 2809.855,
    "p999_us": 4481.023,
    "nil_replies": 568611,
    "err_replies": 62779,
    "hit_ratio": 0.9446857145660572,
    "value_ops_per_sec": 1078243.7194182111,
    "bytes_per_sec": 4483317362.061187,
    "resp_ver": 2,
    "used_memory": 1044433984,
    "bytes_per_key": 2040.735187859154,
    "coverage_sampled": 2000,
    "coverage_retrievable": 948,
    "coverage_missing": 1052,
    "coverage_fraction": 0.474,
    "coverage_keyspace": 511793,
    "distinct_keys_est": 484422,
    "key_draws": 11414592
  },
  "redis": {
    "target": "redis",
    "version": "redis 8.8.0",
    "workload": "mixed",
    "skipped": false,
    "ops": 14087232,
    "errors": 0,
    "ops_per_sec": 1408575.5095901014,
    "min_us": 38.589,
    "p50_us": 536.575,
    "p99_us": 2744.319,
    "p999_us": 4866.047,
    "nil_replies": 0,
    "err_replies": 0,
    "hit_ratio": 1,
    "value_ops_per_sec": 1408575.5095901014,
    "bytes_per_sec": 5820178806.413986,
    "resp_ver": 2,
    "used_memory": 2645309288,
    "bytes_per_key": 5168.709396181659,
    "coverage_sampled": 2000,
    "coverage_retrievable": 2000,
    "coverage_fraction": 1,
    "coverage_keyspace": 511793,
    "distinct_keys_est": 495821,
    "key_draws": 14087232,
    "server_hits": 19039780,
    "maxmemory_policy": "noeviction"
  },
  "valkey": {
    "target": "valkey",
    "version": "valkey 9.1.0",
    "workload": "mixed",
    "skipped": false,
    "ops": 13841568,
    "errors": 0,
    "ops_per_sec": 1384031.8473903667,
    "min_us": 26.435,
    "p50_us": 571.391,
    "p99_us": 3385.343,
    "p999_us": 6295.551,
    "nil_replies": 0,
    "err_replies": 0,
    "hit_ratio": 1,
    "value_ops_per_sec": 1384031.8473903667,
    "bytes_per_sec": 5718765395.310087,
    "resp_ver": 2,
    "used_memory": 2647151104,
    "bytes_per_key": 5172.308148020782,
    "coverage_sampled": 2000,
    "coverage_retrievable": 2000,
    "coverage_fraction": 1,
    "coverage_keyspace": 511793,
    "distinct_keys_est": 495013,
    "key_draws": 13841568,
    "server_hits": 18679298,
    "maxmemory_policy": "noeviction"
  },
  "gate": {
    "pass": false,
    "reason": "aki is 0.77x Redis, below the 2.0x bar",
    "required_speedup": 2,
    "speedup_vs_redis": 0.7654852097577519,
    "speedup_vs_valkey": 0.7790599049084541,
    "tail_regressed_vs_redis": true,
    "tail_regressed_vs_valkey": false
  },
  "generator_bound": false
}
