{
  "workload": "mixed",
  "cell": {
    "keyspace": 877240,
    "value_size": 512,
    "dist": "uniform",
    "pipeline": 16,
    "connections": 64
  },
  "timestamp": "2026-07-16T03:13:37.833485502Z",
  "aki": {
    "target": "aki",
    "version": "unknown",
    "workload": "mixed",
    "skipped": false,
    "ops": 17227872,
    "errors": 0,
    "ops_per_sec": 1722619.6819541468,
    "min_us": 23.301,
    "p50_us": 408.319,
    "p99_us": 3375.103,
    "p999_us": 6189.055,
    "nil_replies": 0,
    "err_replies": 0,
    "hit_ratio": 1,
    "value_ops_per_sec": 1722619.6819541468,
    "bytes_per_sec": 947887983.7903396,
    "resp_ver": 2,
    "used_memory": 494308608,
    "bytes_per_key": 563.4816105056769,
    "coverage_sampled": 2000,
    "coverage_retrievable": 2000,
    "coverage_fraction": 1,
    "coverage_keyspace": 877240,
    "distinct_keys_est": 877240,
    "key_draws": 17227872
  },
  "redis": {
    "target": "redis",
    "version": "redis 8.8.0",
    "workload": "mixed",
    "skipped": false,
    "ops": 22892064,
    "errors": 0,
    "ops_per_sec": 2289044.12187945,
    "min_us": 28.495,
    "p50_us": 342.527,
    "p99_us": 2797.567,
    "p999_us": 4956.159,
    "nil_replies": 0,
    "err_replies": 0,
    "hit_ratio": 1,
    "value_ops_per_sec": 2289044.12187945,
    "bytes_per_sec": 1259568294.3210833,
    "resp_ver": 2,
    "used_memory": 603851880,
    "bytes_per_key": 688.3542474123387,
    "coverage_sampled": 2000,
    "coverage_retrievable": 2000,
    "coverage_fraction": 1,
    "coverage_keyspace": 877240,
    "distinct_keys_est": 877240,
    "key_draws": 22892064,
    "server_hits": 30895888,
    "maxmemory_policy": "noeviction"
  },
  "valkey": {
    "target": "valkey",
    "version": "valkey 9.1.0",
    "workload": "mixed",
    "skipped": false,
    "ops": 22861344,
    "errors": 0,
    "ops_per_sec": 2285931.918551264,
    "min_us": 19.349,
    "p50_us": 325.887,
    "p99_us": 3799.039,
    "p999_us": 7057.407,
    "nil_replies": 0,
    "err_replies": 0,
    "hit_ratio": 1,
    "value_ops_per_sec": 2285931.918551264,
    "bytes_per_sec": 1257855812.7541025,
    "resp_ver": 2,
    "used_memory": 602574304,
    "bytes_per_key": 686.8978888331585,
    "coverage_sampled": 2000,
    "coverage_retrievable": 2000,
    "coverage_fraction": 1,
    "coverage_keyspace": 877240,
    "distinct_keys_est": 877240,
    "key_draws": 22861344,
    "server_hits": 30923526,
    "maxmemory_policy": "noeviction"
  },
  "gate": {
    "pass": false,
    "reason": "aki is 0.75x Redis, below the 2.0x bar",
    "required_speedup": 2,
    "speedup_vs_redis": 0.7525497938151438,
    "speedup_vs_valkey": 0.7535743597499077,
    "tail_regressed_vs_redis": true,
    "tail_regressed_vs_valkey": false
  },
  "generator_bound": false
}
