{
  "workload": "mixed",
  "cell": {
    "keyspace": 4628197,
    "value_size": 16,
    "dist": "zipfian",
    "zipf_s": 0.99,
    "pipeline": 16,
    "connections": 64
  },
  "timestamp": "2026-07-16T02:55:24.842694081Z",
  "aki": {
    "target": "aki",
    "version": "unknown",
    "workload": "mixed",
    "skipped": false,
    "ops": 17598000,
    "errors": 0,
    "ops_per_sec": 1759678.743705193,
    "min_us": 19.149,
    "p50_us": 386.303,
    "p99_us": 3481.599,
    "p999_us": 6107.135,
    "nil_replies": 0,
    "err_replies": 0,
    "hit_ratio": 1,
    "value_ops_per_sec": 1759678.743705193,
    "bytes_per_sec": 89018281.01048848,
    "resp_ver": 2,
    "used_memory": 294814896,
    "bytes_per_key": 63.69972928982928,
    "coverage_sampled": 2000,
    "coverage_retrievable": 2000,
    "coverage_fraction": 1,
    "coverage_keyspace": 4628197,
    "distinct_keys_est": 2261273,
    "key_draws": 17598000
  },
  "redis": {
    "target": "redis",
    "version": "redis 8.8.0",
    "workload": "mixed",
    "skipped": false,
    "ops": 25447360,
    "errors": 0,
    "ops_per_sec": 2544581.095063424,
    "min_us": 22.565,
    "p50_us": 278.783,
    "p99_us": 2963.455,
    "p999_us": 5312.511,
    "nil_replies": 0,
    "err_replies": 0,
    "hit_ratio": 1,
    "value_ops_per_sec": 2544581.095063424,
    "bytes_per_sec": 128724144.13751182,
    "resp_ver": 2,
    "used_memory": 344042880,
    "bytes_per_key": 74.33626528862104,
    "coverage_sampled": 2000,
    "coverage_retrievable": 2000,
    "coverage_fraction": 1,
    "coverage_keyspace": 4628197,
    "distinct_keys_est": 2727071,
    "key_draws": 25447360,
    "server_hits": 33447682,
    "maxmemory_policy": "noeviction"
  },
  "valkey": {
    "target": "valkey",
    "version": "valkey 9.1.0",
    "workload": "mixed",
    "skipped": false,
    "ops": 30175888,
    "errors": 0,
    "ops_per_sec": 3017379.3235700056,
    "min_us": 13.98,
    "p50_us": 205.695,
    "p99_us": 3831.807,
    "p999_us": 7061.503,
    "nil_replies": 0,
    "err_replies": 0,
    "hit_ratio": 1,
    "value_ops_per_sec": 3017379.3235700056,
    "bytes_per_sec": 152641557.01939458,
    "resp_ver": 2,
    "used_memory": 295436576,
    "bytes_per_key": 63.83405373626058,
    "coverage_sampled": 2000,
    "coverage_retrievable": 2000,
    "coverage_fraction": 1,
    "coverage_keyspace": 4628197,
    "distinct_keys_est": 2949201,
    "key_draws": 30175888,
    "server_hits": 40651734,
    "maxmemory_policy": "noeviction"
  },
  "gate": {
    "pass": false,
    "reason": "aki is 0.69x Redis, below the 2.0x bar",
    "required_speedup": 2,
    "speedup_vs_redis": 0.6915396593643767,
    "speedup_vs_valkey": 0.5831811499335234,
    "tail_regressed_vs_redis": true,
    "tail_regressed_vs_valkey": false
  },
  "generator_bound": false
}
