{
  "workload": "mixed",
  "cell": {
    "keyspace": 2354696,
    "value_size": 128,
    "dist": "uniform",
    "pipeline": 16,
    "connections": 64
  },
  "timestamp": "2026-07-16T03:02:10.635237265Z",
  "aki": {
    "target": "aki",
    "version": "unknown",
    "workload": "mixed",
    "skipped": false,
    "ops": 17494768,
    "errors": 0,
    "ops_per_sec": 1749362.030654872,
    "min_us": 18.576,
    "p50_us": 393.471,
    "p99_us": 3485.695,
    "p999_us": 6356.991,
    "nil_replies": 0,
    "err_replies": 0,
    "hit_ratio": 1,
    "value_ops_per_sec": 1749362.030654872,
    "bytes_per_sec": 292118577.05178654,
    "resp_ver": 2,
    "used_memory": 413242944,
    "bytes_per_key": 175.49736526498538,
    "coverage_sampled": 2000,
    "coverage_retrievable": 2000,
    "coverage_fraction": 1,
    "coverage_keyspace": 2354696,
    "distinct_keys_est": 2353253,
    "key_draws": 17494768
  },
  "redis": {
    "target": "redis",
    "version": "redis 8.8.0",
    "workload": "mixed",
    "skipped": false,
    "ops": 23059600,
    "errors": 0,
    "ops_per_sec": 2305715.963944663,
    "min_us": 25.12,
    "p50_us": 342.015,
    "p99_us": 2740.223,
    "p999_us": 4956.159,
    "nil_replies": 0,
    "err_replies": 0,
    "hit_ratio": 1,
    "value_ops_per_sec": 2305715.963944663,
    "bytes_per_sec": 385021639.263709,
    "resp_ver": 2,
    "used_memory": 495941960,
    "bytes_per_key": 210.61825390623673,
    "coverage_sampled": 2000,
    "coverage_retrievable": 2000,
    "coverage_fraction": 1,
    "coverage_keyspace": 2354696,
    "distinct_keys_est": 2354554,
    "key_draws": 23059600,
    "server_hits": 30762870,
    "maxmemory_policy": "noeviction"
  },
  "valkey": {
    "target": "valkey",
    "version": "valkey 9.1.0",
    "workload": "mixed",
    "skipped": false,
    "ops": 29057552,
    "errors": 0,
    "ops_per_sec": 2905536.6475672456,
    "min_us": 14.381,
    "p50_us": 221.823,
    "p99_us": 3880.959,
    "p999_us": 7159.807,
    "nil_replies": 0,
    "err_replies": 0,
    "hit_ratio": 1,
    "value_ops_per_sec": 2905536.6475672456,
    "bytes_per_sec": 485183211.85843223,
    "resp_ver": 2,
    "used_memory": 490161568,
    "bytes_per_key": 208.16341812276406,
    "coverage_sampled": 2000,
    "coverage_retrievable": 2000,
    "coverage_fraction": 1,
    "coverage_keyspace": 2354696,
    "distinct_keys_est": 2354684,
    "key_draws": 29057552,
    "server_hits": 39229642,
    "maxmemory_policy": "noeviction"
  },
  "gate": {
    "pass": false,
    "reason": "aki is 0.76x Redis, below the 2.0x bar",
    "required_speedup": 2,
    "speedup_vs_redis": 0.7587066481779613,
    "speedup_vs_valkey": 0.6020788043129939,
    "tail_regressed_vs_redis": true,
    "tail_regressed_vs_valkey": false
  },
  "generator_bound": false
}
