{
  "workload": "mixed",
  "cell": {
    "keyspace": 877240,
    "value_size": 512,
    "dist": "zipfian",
    "zipf_s": 0.99,
    "pipeline": 16,
    "connections": 64
  },
  "timestamp": "2026-07-16T03:19:01.986525242Z",
  "aki": {
    "target": "aki",
    "version": "unknown",
    "workload": "mixed",
    "skipped": false,
    "ops": 17352608,
    "errors": 0,
    "ops_per_sec": 1735083.9619776793,
    "min_us": 21.184,
    "p50_us": 404.223,
    "p99_us": 3336.191,
    "p999_us": 5914.623,
    "nil_replies": 0,
    "err_replies": 0,
    "hit_ratio": 1,
    "value_ops_per_sec": 1735083.9619776793,
    "bytes_per_sec": 949271707.1768763,
    "resp_ver": 2,
    "used_memory": 494308608,
    "bytes_per_key": 563.4816105056769,
    "coverage_sampled": 2000,
    "coverage_retrievable": 2000,
    "coverage_fraction": 1,
    "coverage_keyspace": 877240,
    "distinct_keys_est": 811971,
    "key_draws": 17352608
  },
  "redis": {
    "target": "redis",
    "version": "redis 8.8.0",
    "workload": "mixed",
    "skipped": false,
    "ops": 23888128,
    "errors": 0,
    "ops_per_sec": 2388681.49585025,
    "min_us": 28.792,
    "p50_us": 318.975,
    "p99_us": 2740.223,
    "p999_us": 5140.479,
    "nil_replies": 0,
    "err_replies": 0,
    "hit_ratio": 1,
    "value_ops_per_sec": 2388681.49585025,
    "bytes_per_sec": 1306857204.3742757,
    "resp_ver": 2,
    "used_memory": 603847944,
    "bytes_per_key": 688.3497606128311,
    "coverage_sampled": 2000,
    "coverage_retrievable": 2000,
    "coverage_fraction": 1,
    "coverage_keyspace": 877240,
    "distinct_keys_est": 846339,
    "key_draws": 23888128,
    "server_hits": 32302080,
    "maxmemory_policy": "noeviction"
  },
  "valkey": {
    "target": "valkey",
    "version": "valkey 9.1.0",
    "workload": "mixed",
    "skipped": false,
    "ops": 25305216,
    "errors": 0,
    "ops_per_sec": 2530285.084132046,
    "min_us": 17.201,
    "p50_us": 278.527,
    "p99_us": 3835.903,
    "p999_us": 7208.959,
    "nil_replies": 0,
    "err_replies": 0,
    "hit_ratio": 1,
    "value_ops_per_sec": 2530285.084132046,
    "bytes_per_sec": 1384328815.5482955,
    "resp_ver": 2,
    "used_memory": 602574944,
    "bytes_per_key": 686.8986183940541,
    "coverage_sampled": 2000,
    "coverage_retrievable": 2000,
    "coverage_fraction": 1,
    "coverage_keyspace": 877240,
    "distinct_keys_est": 850855,
    "key_draws": 25305216,
    "server_hits": 34205642,
    "maxmemory_policy": "noeviction"
  },
  "gate": {
    "pass": false,
    "reason": "aki is 0.73x Redis, below the 2.0x bar",
    "required_speedup": 2,
    "speedup_vs_redis": 0.7263772775868039,
    "speedup_vs_valkey": 0.6857266688480118,
    "tail_regressed_vs_redis": true,
    "tail_regressed_vs_valkey": false
  },
  "generator_bound": false
}
