{
  "workload": "mixed",
  "cell": {
    "keyspace": 3508960,
    "value_size": 512,
    "dist": "zipfian",
    "zipf_s": 0.99,
    "pipeline": 16,
    "connections": 64
  },
  "timestamp": "2026-07-16T03:20:58.043427603Z",
  "aki": {
    "target": "aki",
    "version": "unknown",
    "workload": "mixed",
    "skipped": false,
    "ops": 13080640,
    "errors": 0,
    "ops_per_sec": 1308000.8222522845,
    "min_us": 22.117,
    "p50_us": 696.831,
    "p99_us": 2662.399,
    "p999_us": 4304.895,
    "nil_replies": 491714,
    "err_replies": 54406,
    "hit_ratio": 0.9582497492477432,
    "value_ops_per_sec": 1253391.4599390936,
    "bytes_per_sec": 691086043.6530055,
    "resp_ver": 2,
    "used_memory": 1074965504,
    "bytes_per_key": 306.3487483470886,
    "coverage_sampled": 2000,
    "coverage_retrievable": 1052,
    "coverage_missing": 948,
    "coverage_fraction": 0.526,
    "coverage_keyspace": 3508960,
    "distinct_keys_est": 1710866,
    "key_draws": 13080640
  },
  "redis": {
    "target": "redis",
    "version": "redis 8.8.0",
    "workload": "mixed",
    "skipped": false,
    "ops": 22684192,
    "errors": 0,
    "ops_per_sec": 2268297.7975262594,
    "min_us": 29.397,
    "p50_us": 342.015,
    "p99_us": 2775.039,
    "p999_us": 5062.655,
    "nil_replies": 0,
    "err_replies": 0,
    "hit_ratio": 1,
    "value_ops_per_sec": 2268297.7975262594,
    "bytes_per_sec": 1241921929.1996586,
    "resp_ver": 2,
    "used_memory": 2411106328,
    "bytes_per_key": 687.1284733938261,
    "coverage_sampled": 2000,
    "coverage_retrievable": 2000,
    "coverage_fraction": 1,
    "coverage_keyspace": 3508960,
    "distinct_keys_est": 2243601,
    "key_draws": 22684192,
    "server_hits": 30682816,
    "maxmemory_policy": "noeviction"
  },
  "valkey": {
    "target": "valkey",
    "version": "valkey 9.1.0",
    "workload": "mixed",
    "skipped": false,
    "ops": 23886656,
    "errors": 0,
    "ops_per_sec": 2388506.6525254957,
    "min_us": 18.174,
    "p50_us": 305.919,
    "p99_us": 3825.663,
    "p999_us": 7118.847,
    "nil_replies": 0,
    "err_replies": 0,
    "hit_ratio": 1,
    "value_ops_per_sec": 2388506.6525254957,
    "bytes_per_sec": 1307737648.9442234,
    "resp_ver": 2,
    "used_memory": 2405414112,
    "bytes_per_key": 685.5062787834572,
    "coverage_sampled": 2000,
    "coverage_retrievable": 2000,
    "coverage_fraction": 1,
    "coverage_keyspace": 3508960,
    "distinct_keys_est": 2294547,
    "key_draws": 23886656,
    "server_hits": 32319458,
    "maxmemory_policy": "noeviction"
  },
  "gate": {
    "pass": false,
    "reason": "aki is 0.55x Redis, below the 2.0x bar",
    "required_speedup": 2,
    "speedup_vs_redis": 0.5525691826293736,
    "speedup_vs_valkey": 0.5247594594780868,
    "tail_regressed_vs_redis": false,
    "tail_regressed_vs_valkey": false
  },
  "generator_bound": false
}
