{
  "workload": "mixed",
  "cell": {
    "keyspace": 127948,
    "value_size": 4096,
    "dist": "uniform",
    "pipeline": 16,
    "connections": 64
  },
  "timestamp": "2026-07-16T03:24:24.769615338Z",
  "aki": {
    "target": "aki",
    "version": "unknown",
    "workload": "mixed",
    "skipped": false,
    "ops": 14214416,
    "errors": 0,
    "ops_per_sec": 1421389.7177117749,
    "min_us": 39.904,
    "p50_us": 573.439,
    "p99_us": 2818.047,
    "p999_us": 4947.967,
    "nil_replies": 0,
    "err_replies": 0,
    "hit_ratio": 1,
    "value_ops_per_sec": 1421389.7177117749,
    "bytes_per_sec": 5875811575.914086,
    "resp_ver": 2,
    "used_memory": 532337600,
    "bytes_per_key": 4160.577734704724,
    "coverage_sampled": 2000,
    "coverage_retrievable": 2000,
    "coverage_fraction": 1,
    "coverage_keyspace": 127948,
    "distinct_keys_est": 127948,
    "key_draws": 14214416
  },
  "redis": {
    "target": "redis",
    "version": "redis 8.8.0",
    "workload": "mixed",
    "skipped": false,
    "ops": 13255664,
    "errors": 0,
    "ops_per_sec": 1325437.3559491998,
    "min_us": 36.871,
    "p50_us": 577.023,
    "p99_us": 2637.823,
    "p999_us": 4567.039,
    "nil_replies": 0,
    "err_replies": 0,
    "hit_ratio": 1,
    "value_ops_per_sec": 1325437.3559491998,
    "bytes_per_sec": 5479158896.581492,
    "resp_ver": 2,
    "used_memory": 662367352,
    "bytes_per_key": 5176.848032013006,
    "coverage_sampled": 2000,
    "coverage_retrievable": 2000,
    "coverage_fraction": 1,
    "coverage_keyspace": 127948,
    "distinct_keys_est": 127948,
    "key_draws": 13255664,
    "server_hits": 17893232,
    "maxmemory_policy": "noeviction"
  },
  "valkey": {
    "target": "valkey",
    "version": "valkey 9.1.0",
    "workload": "mixed",
    "skipped": false,
    "ops": 12425936,
    "errors": 0,
    "ops_per_sec": 1242458.898942717,
    "min_us": 32.58,
    "p50_us": 660.991,
    "p99_us": 3198.975,
    "p999_us": 5849.087,
    "nil_replies": 0,
    "err_replies": 0,
    "hit_ratio": 1,
    "value_ops_per_sec": 1242458.898942717,
    "bytes_per_sec": 5136138507.757295,
    "resp_ver": 2,
    "used_memory": 663004768,
    "bytes_per_key": 5181.829868384031,
    "coverage_sampled": 2000,
    "coverage_retrievable": 2000,
    "coverage_fraction": 1,
    "coverage_keyspace": 127948,
    "distinct_keys_est": 127948,
    "key_draws": 12425936,
    "server_hits": 16839116,
    "maxmemory_policy": "noeviction"
  },
  "gate": {
    "pass": false,
    "reason": "aki is 1.07x Redis, below the 2.0x bar",
    "required_speedup": 2,
    "speedup_vs_redis": 1.0723929813294417,
    "speedup_vs_valkey": 1.144013471126748,
    "tail_regressed_vs_redis": true,
    "tail_regressed_vs_valkey": false
  },
  "generator_bound": false
}
