{
  "workload": "mixed",
  "cell": {
    "keyspace": 9418787,
    "value_size": 128,
    "dist": "zipfian",
    "zipf_s": 0.99,
    "pipeline": 16,
    "connections": 64
  },
  "timestamp": "2026-07-16T03:11:15.268550065Z",
  "aki": {
    "target": "aki",
    "version": "unknown",
    "workload": "mixed",
    "skipped": false,
    "ops": 13942688,
    "errors": 0,
    "ops_per_sec": 1394142.5543968864,
    "min_us": 20.951,
    "p50_us": 615.935,
    "p99_us": 2795.519,
    "p999_us": 4497.407,
    "nil_replies": 303393,
    "err_replies": 33210,
    "hit_ratio": 0.9758580985244739,
    "value_ops_per_sec": 1360485.3022057984,
    "bytes_per_sec": 224501875.78978917,
    "resp_ver": 2,
    "used_memory": 1160704672,
    "bytes_per_key": 123.23292500403714,
    "coverage_sampled": 2000,
    "coverage_retrievable": 1449,
    "coverage_missing": 551,
    "coverage_fraction": 0.7245,
    "coverage_keyspace": 9418787,
    "distinct_keys_est": 2533301,
    "key_draws": 13942688
  },
  "redis": {
    "target": "redis",
    "version": "redis 8.8.0",
    "workload": "mixed",
    "skipped": false,
    "ops": 23328880,
    "errors": 0,
    "ops_per_sec": 2332668.9355612583,
    "min_us": 22.739,
    "p50_us": 334.079,
    "p99_us": 2672.639,
    "p999_us": 4833.279,
    "nil_replies": 0,
    "err_replies": 0,
    "hit_ratio": 1,
    "value_ops_per_sec": 2332668.9355612583,
    "bytes_per_sec": 382017849.8306956,
    "resp_ver": 2,
    "used_memory": 1979442072,
    "bytes_per_key": 210.15891664181385,
    "coverage_sampled": 2000,
    "coverage_retrievable": 2000,
    "coverage_fraction": 1,
    "coverage_keyspace": 9418787,
    "distinct_keys_est": 3514677,
    "key_draws": 23328880,
    "server_hits": 29260536,
    "maxmemory_policy": "noeviction"
  },
  "valkey": {
    "target": "valkey",
    "version": "valkey 9.1.0",
    "workload": "mixed",
    "skipped": false,
    "ops": 27213936,
    "errors": 0,
    "ops_per_sec": 2721145.1825745646,
    "min_us": 15.251,
    "p50_us": 249.471,
    "p99_us": 3811.327,
    "p999_us": 6926.335,
    "nil_replies": 0,
    "err_replies": 0,
    "hit_ratio": 1,
    "value_ops_per_sec": 2721145.1825745646,
    "bytes_per_sec": 445637610.774056,
    "resp_ver": 2,
    "used_memory": 1955762464,
    "bytes_per_key": 207.64483409594038,
    "coverage_sampled": 2000,
    "coverage_retrievable": 2000,
    "coverage_fraction": 1,
    "coverage_keyspace": 9418787,
    "distinct_keys_est": 3853083,
    "key_draws": 27213936,
    "server_hits": 36728116,
    "maxmemory_policy": "noeviction"
  },
  "gate": {
    "pass": false,
    "reason": "aki is 0.58x Redis, below the 2.0x bar",
    "required_speedup": 2,
    "speedup_vs_redis": 0.5832311998781152,
    "speedup_vs_valkey": 0.49996792193152984,
    "tail_regressed_vs_redis": true,
    "tail_regressed_vs_valkey": false
  },
  "generator_bound": false
}
