{
  "workload": "mixed",
  "cell": {
    "keyspace": 3508960,
    "value_size": 512,
    "dist": "zipfian",
    "zipf_s": 0.99,
    "pipeline": 16,
    "connections": 64
  },
  "timestamp": "2026-07-16T03:22:04.18899431Z",
  "aki": {
    "target": "aki",
    "version": "unknown",
    "workload": "mixed",
    "skipped": false,
    "ops": 13140592,
    "errors": 0,
    "ops_per_sec": 1313912.7797934713,
    "min_us": 21.876,
    "p50_us": 689.151,
    "p99_us": 2699.263,
    "p999_us": 4493.311,
    "nil_replies": 493964,
    "err_replies": 54691,
    "hit_ratio": 0.9582473148850523,
    "value_ops_per_sec": 1259053.3932302492,
    "bytes_per_sec": 694210020.1155154,
    "resp_ver": 2,
    "used_memory": 1074965504,
    "bytes_per_key": 306.3487483470886,
    "coverage_sampled": 2000,
    "coverage_retrievable": 1052,
    "coverage_missing": 948,
    "coverage_fraction": 0.526,
    "coverage_keyspace": 3508960,
    "distinct_keys_est": 1715178,
    "key_draws": 13140592
  },
  "redis": {
    "target": "redis",
    "version": "redis 8.8.0",
    "workload": "mixed",
    "skipped": false,
    "ops": 22390864,
    "errors": 0,
    "ops_per_sec": 2238993.4340819255,
    "min_us": 26.309,
    "p50_us": 349.183,
    "p99_us": 2768.895,
    "p999_us": 5029.887,
    "nil_replies": 0,
    "err_replies": 0,
    "hit_ratio": 1,
    "value_ops_per_sec": 2238993.4340819255,
    "bytes_per_sec": 1225877421.5758154,
    "resp_ver": 2,
    "used_memory": 2411122552,
    "bytes_per_key": 687.1330969860015,
    "coverage_sampled": 2000,
    "coverage_retrievable": 2000,
    "coverage_fraction": 1,
    "coverage_keyspace": 3508960,
    "distinct_keys_est": 2231080,
    "key_draws": 22390864,
    "server_hits": 30121802,
    "maxmemory_policy": "noeviction"
  },
  "valkey": {
    "target": "valkey",
    "version": "valkey 9.1.0",
    "workload": "mixed",
    "skipped": false,
    "ops": 23629008,
    "errors": 0,
    "ops_per_sec": 2362663.184364619,
    "min_us": 17.947,
    "p50_us": 309.503,
    "p99_us": 3805.183,
    "p999_us": 6828.031,
    "nil_replies": 0,
    "err_replies": 0,
    "hit_ratio": 1,
    "value_ops_per_sec": 2362663.184364619,
    "bytes_per_sec": 1293588116.3201947,
    "resp_ver": 2,
    "used_memory": 2405444832,
    "bytes_per_key": 685.5150335142037,
    "coverage_sampled": 2000,
    "coverage_retrievable": 2000,
    "coverage_fraction": 1,
    "coverage_keyspace": 3508960,
    "distinct_keys_est": 2283917,
    "key_draws": 23629008,
    "server_hits": 31931008,
    "maxmemory_policy": "noeviction"
  },
  "gate": {
    "pass": false,
    "reason": "aki is 0.56x Redis, below the 2.0x bar",
    "required_speedup": 2,
    "speedup_vs_redis": 0.5623300962231317,
    "speedup_vs_valkey": 0.5328958446393369,
    "tail_regressed_vs_redis": false,
    "tail_regressed_vs_valkey": false
  },
  "generator_bound": false
}
