{
  "workload": "mixed",
  "cell": {
    "keyspace": 18512790,
    "value_size": 16,
    "dist": "zipfian",
    "zipf_s": 0.99,
    "pipeline": 16,
    "connections": 64
  },
  "timestamp": "2026-07-16T02:58:49.396449136Z",
  "aki": {
    "target": "aki",
    "version": "unknown",
    "workload": "mixed",
    "skipped": false,
    "ops": 17420480,
    "errors": 0,
    "ops_per_sec": 1741856.6420679018,
    "min_us": 17.002,
    "p50_us": 397.311,
    "p99_us": 3403.775,
    "p999_us": 5799.935,
    "nil_replies": 0,
    "err_replies": 0,
    "hit_ratio": 1,
    "value_ops_per_sec": 1741856.6420679018,
    "bytes_per_sec": 88774497.45799357,
    "resp_ver": 2,
    "used_memory": 1179571360,
    "bytes_per_key": 63.716563521759824,
    "coverage_sampled": 2000,
    "coverage_retrievable": 2000,
    "coverage_fraction": 1,
    "coverage_keyspace": 18512790,
    "distinct_keys_est": 3556675,
    "key_draws": 17420480
  },
  "redis": {
    "target": "redis",
    "version": "redis 8.8.0",
    "workload": "mixed",
    "skipped": false,
    "ops": 25009184,
    "errors": 0,
    "ops_per_sec": 2500755.7538466766,
    "min_us": 22.943,
    "p50_us": 286.463,
    "p99_us": 2979.839,
    "p999_us": 5173.247,
    "nil_replies": 0,
    "err_replies": 0,
    "hit_ratio": 1,
    "value_ops_per_sec": 2500755.7538466766,
    "bytes_per_sec": 127451428.1120573,
    "resp_ver": 2,
    "used_memory": 1374320840,
    "bytes_per_key": 74.23628961382914,
    "coverage_sampled": 2000,
    "coverage_retrievable": 2000,
    "coverage_fraction": 1,
    "coverage_keyspace": 18512790,
    "distinct_keys_est": 4568621,
    "key_draws": 25009184,
    "server_hits": 29822496,
    "maxmemory_policy": "noeviction"
  },
  "valkey": {
    "target": "valkey",
    "version": "valkey 9.1.0",
    "workload": "mixed",
    "skipped": false,
    "ops": 29049216,
    "errors": 0,
    "ops_per_sec": 2904657.35431604,
    "min_us": 14.587,
    "p50_us": 222.335,
    "p99_us": 3741.695,
    "p999_us": 6938.623,
    "nil_replies": 0,
    "err_replies": 0,
    "hit_ratio": 1,
    "value_ops_per_sec": 2904657.35431604,
    "bytes_per_sec": 148036112.795907,
    "resp_ver": 2,
    "used_memory": 1179298960,
    "bytes_per_key": 63.70184937008414,
    "coverage_sampled": 2000,
    "coverage_retrievable": 2000,
    "coverage_fraction": 1,
    "coverage_keyspace": 18512790,
    "distinct_keys_est": 5049740,
    "key_draws": 29049216,
    "server_hits": 39171720,
    "maxmemory_policy": "noeviction"
  },
  "gate": {
    "pass": false,
    "reason": "aki is 0.70x Redis, below the 2.0x bar",
    "required_speedup": 2,
    "speedup_vs_redis": 0.6965320941033798,
    "speedup_vs_valkey": 0.5996771493476404,
    "tail_regressed_vs_redis": true,
    "tail_regressed_vs_valkey": false
  },
  "generator_bound": false
}
