{
  "workload": "mixed",
  "cell": {
    "keyspace": 127948,
    "value_size": 4096,
    "dist": "zipfian",
    "zipf_s": 0.99,
    "pipeline": 16,
    "connections": 64
  },
  "timestamp": "2026-07-16T03:29:27.709848866Z",
  "aki": {
    "target": "aki",
    "version": "unknown",
    "workload": "mixed",
    "skipped": false,
    "ops": 14611200,
    "errors": 0,
    "ops_per_sec": 1461029.871550975,
    "min_us": 46.434,
    "p50_us": 537.599,
    "p99_us": 2938.879,
    "p999_us": 5287.935,
    "nil_replies": 0,
    "err_replies": 0,
    "hit_ratio": 1,
    "value_ops_per_sec": 1461029.871550975,
    "bytes_per_sec": 6036296051.258302,
    "resp_ver": 2,
    "used_memory": 532337600,
    "bytes_per_key": 4160.577734704724,
    "coverage_sampled": 2000,
    "coverage_retrievable": 2000,
    "coverage_fraction": 1,
    "coverage_keyspace": 127948,
    "distinct_keys_est": 127947,
    "key_draws": 14611200
  },
  "redis": {
    "target": "redis",
    "version": "redis 8.8.0",
    "workload": "mixed",
    "skipped": false,
    "ops": 15104448,
    "errors": 0,
    "ops_per_sec": 1510345.5790554602,
    "min_us": 38.957,
    "p50_us": 495.615,
    "p99_us": 2680.831,
    "p999_us": 4984.831,
    "nil_replies": 0,
    "err_replies": 0,
    "hit_ratio": 1,
    "value_ops_per_sec": 1510345.5790554602,
    "bytes_per_sec": 6240045668.891818,
    "resp_ver": 2,
    "used_memory": 662369640,
    "bytes_per_key": 5176.865914277675,
    "coverage_sampled": 2000,
    "coverage_retrievable": 2000,
    "coverage_fraction": 1,
    "coverage_keyspace": 127948,
    "distinct_keys_est": 127947,
    "key_draws": 15104448,
    "server_hits": 20342626,
    "maxmemory_policy": "noeviction"
  },
  "valkey": {
    "target": "valkey",
    "version": "valkey 9.1.0",
    "workload": "mixed",
    "skipped": false,
    "ops": 14404080,
    "errors": 0,
    "ops_per_sec": 1440234.265836723,
    "min_us": 24.288,
    "p50_us": 536.575,
    "p99_us": 3596.287,
    "p999_us": 6963.199,
    "nil_replies": 0,
    "err_replies": 0,
    "hit_ratio": 1,
    "value_ops_per_sec": 1440234.265836723,
    "bytes_per_sec": 5950378299.321093,
    "resp_ver": 2,
    "used_memory": 663005024,
    "bytes_per_key": 5181.831869196862,
    "coverage_sampled": 2000,
    "coverage_retrievable": 2000,
    "coverage_fraction": 1,
    "coverage_keyspace": 127948,
    "distinct_keys_est": 127947,
    "key_draws": 14404080,
    "server_hits": 19483238,
    "maxmemory_policy": "noeviction"
  },
  "gate": {
    "pass": false,
    "reason": "aki is 0.97x Redis, below the 2.0x bar",
    "required_speedup": 2,
    "speedup_vs_redis": 0.9673480637886024,
    "speedup_vs_valkey": 1.0144390438469193,
    "tail_regressed_vs_redis": true,
    "tail_regressed_vs_valkey": false
  },
  "generator_bound": false
}
