{
  "workload": "mixed",
  "cell": {
    "keyspace": 219310,
    "value_size": 512,
    "dist": "uniform",
    "pipeline": 16,
    "connections": 64
  },
  "timestamp": "2026-07-16T03:12:48.263705988Z",
  "aki": {
    "target": "aki",
    "version": "unknown",
    "workload": "mixed",
    "skipped": false,
    "ops": 17390704,
    "errors": 0,
    "ops_per_sec": 1738873.1448387592,
    "min_us": 24.262,
    "p50_us": 399.615,
    "p99_us": 3403.775,
    "p999_us": 6213.631,
    "nil_replies": 0,
    "err_replies": 0,
    "hit_ratio": 1,
    "value_ops_per_sec": 1738873.1448387592,
    "bytes_per_sec": 955575949.7976189,
    "resp_ver": 2,
    "used_memory": 123514656,
    "bytes_per_key": 563.1966440198805,
    "coverage_sampled": 2000,
    "coverage_retrievable": 2000,
    "coverage_fraction": 1,
    "coverage_keyspace": 219310,
    "distinct_keys_est": 219310,
    "key_draws": 17390704
  },
  "redis": {
    "target": "redis",
    "version": "redis 8.8.0",
    "workload": "mixed",
    "skipped": false,
    "ops": 22849872,
    "errors": 0,
    "ops_per_sec": 2284835.7501192708,
    "min_us": 25.312,
    "p50_us": 335.615,
    "p99_us": 2910.207,
    "p999_us": 5140.479,
    "nil_replies": 0,
    "err_replies": 0,
    "hit_ratio": 1,
    "value_ops_per_sec": 2284835.7501192708,
    "bytes_per_sec": 1255602814.2185802,
    "resp_ver": 2,
    "used_memory": 152034600,
    "bytes_per_key": 693.2406183028589,
    "coverage_sampled": 2000,
    "coverage_retrievable": 2000,
    "coverage_fraction": 1,
    "coverage_keyspace": 219310,
    "distinct_keys_est": 219310,
    "key_draws": 22849872,
    "server_hits": 30750144,
    "maxmemory_policy": "noeviction"
  },
  "valkey": {
    "target": "valkey",
    "version": "valkey 9.1.0",
    "workload": "mixed",
    "skipped": false,
    "ops": 23842960,
    "errors": 0,
    "ops_per_sec": 2384115.155090614,
    "min_us": 18.262,
    "p50_us": 307.199,
    "p99_us": 3911.679,
    "p999_us": 7139.327,
    "nil_replies": 0,
    "err_replies": 0,
    "hit_ratio": 1,
    "value_ops_per_sec": 2384115.155090614,
    "bytes_per_sec": 1310160581.248254,
    "resp_ver": 2,
    "used_memory": 151869216,
    "bytes_per_key": 692.4865076831882,
    "coverage_sampled": 2000,
    "coverage_retrievable": 2000,
    "coverage_fraction": 1,
    "coverage_keyspace": 219310,
    "distinct_keys_est": 219310,
    "key_draws": 23842960,
    "server_hits": 32203032,
    "maxmemory_policy": "noeviction"
  },
  "gate": {
    "pass": false,
    "reason": "aki is 0.76x Redis, below the 2.0x bar",
    "required_speedup": 2,
    "speedup_vs_redis": 0.7610495173440753,
    "speedup_vs_valkey": 0.7293578672682315,
    "tail_regressed_vs_redis": true,
    "tail_regressed_vs_valkey": false
  },
  "generator_bound": false
}
