{
  "workload": "mixed",
  "cell": {
    "keyspace": 18512790,
    "value_size": 16,
    "dist": "uniform",
    "pipeline": 16,
    "connections": 64
  },
  "timestamp": "2026-07-16T02:50:08.971643544Z",
  "aki": {
    "target": "aki",
    "version": "unknown",
    "workload": "mixed",
    "skipped": false,
    "ops": 17277392,
    "errors": 0,
    "ops_per_sec": 1727610.1262739627,
    "min_us": 21.044,
    "p50_us": 400.639,
    "p99_us": 3536.895,
    "p999_us": 6377.471,
    "nil_replies": 0,
    "err_replies": 0,
    "hit_ratio": 1,
    "value_ops_per_sec": 1727610.1262739627,
    "bytes_per_sec": 94836158.07250723,
    "resp_ver": 2,
    "used_memory": 1179571360,
    "bytes_per_key": 63.716563521759824,
    "coverage_sampled": 2000,
    "coverage_retrievable": 2000,
    "coverage_fraction": 1,
    "coverage_keyspace": 18512790,
    "distinct_keys_est": 11232065,
    "key_draws": 17277392
  },
  "redis": {
    "target": "redis",
    "version": "redis 8.8.0",
    "workload": "mixed",
    "skipped": false,
    "ops": 25828864,
    "errors": 0,
    "ops_per_sec": 2582651.706433216,
    "min_us": 20.57,
    "p50_us": 282.623,
    "p99_us": 2877.439,
    "p999_us": 5230.591,
    "nil_replies": 0,
    "err_replies": 0,
    "hit_ratio": 1,
    "value_ops_per_sec": 2582651.706433216,
    "bytes_per_sec": 141773027.1455269,
    "resp_ver": 2,
    "used_memory": 1374284888,
    "bytes_per_key": 74.23434760508816,
    "coverage_sampled": 2000,
    "coverage_retrievable": 2000,
    "coverage_fraction": 1,
    "coverage_keyspace": 18512790,
    "distinct_keys_est": 13924413,
    "key_draws": 25828864,
    "server_hits": 31091784,
    "maxmemory_policy": "noeviction"
  },
  "valkey": {
    "target": "valkey",
    "version": "valkey 9.1.0",
    "workload": "mixed",
    "skipped": false,
    "ops": 30034448,
    "errors": 0,
    "ops_per_sec": 3003294.612444339,
    "min_us": 13.585,
    "p50_us": 214.527,
    "p99_us": 3846.143,
    "p999_us": 7122.943,
    "nil_replies": 0,
    "err_replies": 0,
    "hit_ratio": 1,
    "value_ops_per_sec": 3003294.612444339,
    "bytes_per_sec": 164863855.154277,
    "resp_ver": 2,
    "used_memory": 1179262928,
    "bytes_per_key": 63.6999030400064,
    "coverage_sampled": 2000,
    "coverage_retrievable": 2000,
    "coverage_fraction": 1,
    "coverage_keyspace": 18512790,
    "distinct_keys_est": 14856117,
    "key_draws": 30034448,
    "server_hits": 40477040,
    "maxmemory_policy": "noeviction"
  },
  "gate": {
    "pass": false,
    "reason": "aki is 0.67x Redis, below the 2.0x bar",
    "required_speedup": 2,
    "speedup_vs_redis": 0.668928807539398,
    "speedup_vs_valkey": 0.575238312989842,
    "tail_regressed_vs_redis": true,
    "tail_regressed_vs_valkey": false
  },
  "generator_bound": false
}
