{
  "workload": "mixed",
  "cell": {
    "keyspace": 588674,
    "value_size": 128,
    "dist": "zipfian",
    "zipf_s": 0.99,
    "pipeline": 16,
    "connections": 64
  },
  "timestamp": "2026-07-16T03:05:48.190342022Z",
  "aki": {
    "target": "aki",
    "version": "unknown",
    "workload": "mixed",
    "skipped": false,
    "ops": 17621824,
    "errors": 0,
    "ops_per_sec": 1762003.48440419,
    "min_us": 21.592,
    "p50_us": 382.207,
    "p99_us": 3483.647,
    "p999_us": 6012.927,
    "nil_replies": 0,
    "err_replies": 0,
    "hit_ratio": 1,
    "value_ops_per_sec": 1762003.48440419,
    "bytes_per_sec": 287205419.1745316,
    "resp_ver": 2,
    "used_memory": 103258560,
    "bytes_per_key": 175.40873216754943,
    "coverage_sampled": 2000,
    "coverage_retrievable": 2000,
    "coverage_fraction": 1,
    "coverage_keyspace": 588674,
    "distinct_keys_est": 574056,
    "key_draws": 17621824
  },
  "redis": {
    "target": "redis",
    "version": "redis 8.8.0",
    "workload": "mixed",
    "skipped": false,
    "ops": 25340752,
    "errors": 0,
    "ops_per_sec": 2533935.4402840044,
    "min_us": 24.289,
    "p50_us": 293.375,
    "p99_us": 2748.415,
    "p999_us": 4902.911,
    "nil_replies": 0,
    "err_replies": 0,
    "hit_ratio": 1,
    "value_ops_per_sec": 2533935.4402840044,
    "bytes_per_sec": 413029295.18661815,
    "resp_ver": 2,
    "used_memory": 125066312,
    "bytes_per_key": 212.45428199648703,
    "coverage_sampled": 2000,
    "coverage_retrievable": 2000,
    "coverage_fraction": 1,
    "coverage_keyspace": 588674,
    "distinct_keys_est": 584481,
    "key_draws": 25340752,
    "server_hits": 34134632,
    "maxmemory_policy": "noeviction"
  },
  "valkey": {
    "target": "valkey",
    "version": "valkey 9.1.0",
    "workload": "mixed",
    "skipped": false,
    "ops": 29584080,
    "errors": 0,
    "ops_per_sec": 2958108.6787445564,
    "min_us": 14.951,
    "p50_us": 207.359,
    "p99_us": 3962.879,
    "p999_us": 7221.247,
    "nil_replies": 0,
    "err_replies": 0,
    "hit_ratio": 1,
    "value_ops_per_sec": 2958108.6787445564,
    "bytes_per_sec": 482168820.42821795,
    "resp_ver": 2,
    "used_memory": 123758048,
    "bytes_per_key": 210.2318906559488,
    "coverage_sampled": 2000,
    "coverage_retrievable": 2000,
    "coverage_fraction": 1,
    "coverage_keyspace": 588674,
    "distinct_keys_est": 586573,
    "key_draws": 29584080,
    "server_hits": 39898232,
    "maxmemory_policy": "noeviction"
  },
  "gate": {
    "pass": false,
    "reason": "aki is 0.70x Redis, below the 2.0x bar",
    "required_speedup": 2,
    "speedup_vs_redis": 0.6953624217855779,
    "speedup_vs_valkey": 0.5956520451953096,
    "tail_regressed_vs_redis": true,
    "tail_regressed_vs_valkey": false
  },
  "generator_bound": false
}
