{
  "workload": "mixed",
  "cell": {
    "keyspace": 511793,
    "value_size": 4096,
    "dist": "uniform",
    "pipeline": 16,
    "connections": 64
  },
  "timestamp": "2026-07-16T03:27:07.175873139Z",
  "aki": {
    "target": "aki",
    "version": "unknown",
    "workload": "mixed",
    "skipped": false,
    "ops": 9868512,
    "errors": 0,
    "ops_per_sec": 986760.1716701916,
    "min_us": 29.296,
    "p50_us": 933.887,
    "p99_us": 3219.455,
    "p999_us": 4300.799,
    "nil_replies": 4523688,
    "err_replies": 502195,
    "hit_ratio": 0.49071521623523384,
    "value_ops_per_sec": 484218.2310134545,
    "bytes_per_sec": 2228208738.8123074,
    "resp_ver": 2,
    "used_memory": 1044433984,
    "bytes_per_key": 2040.735187859154,
    "coverage_sampled": 2000,
    "coverage_retrievable": 948,
    "coverage_missing": 1052,
    "coverage_fraction": 0.474,
    "coverage_keyspace": 511793,
    "distinct_keys_est": 511793,
    "key_draws": 9868512
  },
  "redis": {
    "target": "redis",
    "version": "redis 8.8.0",
    "workload": "mixed",
    "skipped": false,
    "ops": 12512032,
    "errors": 0,
    "ops_per_sec": 1251055.4837505505,
    "min_us": 35.561,
    "p50_us": 609.279,
    "p99_us": 2768.895,
    "p999_us": 4763.647,
    "nil_replies": 0,
    "err_replies": 0,
    "hit_ratio": 1,
    "value_ops_per_sec": 1251055.4837505505,
    "bytes_per_sec": 5173223786.49589,
    "resp_ver": 2,
    "used_memory": 2645297336,
    "bytes_per_key": 5168.686042990037,
    "coverage_sampled": 2000,
    "coverage_retrievable": 2000,
    "coverage_fraction": 1,
    "coverage_keyspace": 511793,
    "distinct_keys_est": 511793,
    "key_draws": 12512032,
    "server_hits": 16868998,
    "maxmemory_policy": "noeviction"
  },
  "valkey": {
    "target": "valkey",
    "version": "valkey 9.1.0",
    "workload": "mixed",
    "skipped": false,
    "ops": 12378416,
    "errors": 0,
    "ops_per_sec": 1237726.8264577913,
    "min_us": 31.517,
    "p50_us": 666.111,
    "p99_us": 3241.983,
    "p999_us": 5730.303,
    "nil_replies": 0,
    "err_replies": 0,
    "hit_ratio": 1,
    "value_ops_per_sec": 1237726.8264577913,
    "bytes_per_sec": 5118108652.467333,
    "resp_ver": 2,
    "used_memory": 2647150720,
    "bytes_per_key": 5172.307397717436,
    "coverage_sampled": 2000,
    "coverage_retrievable": 2000,
    "coverage_fraction": 1,
    "coverage_keyspace": 511793,
    "distinct_keys_est": 511793,
    "key_draws": 12378416,
    "server_hits": 16676194,
    "maxmemory_policy": "noeviction"
  },
  "gate": {
    "pass": false,
    "reason": "aki is 0.39x Redis, below the 2.0x bar",
    "required_speedup": 2,
    "speedup_vs_redis": 0.38704776670800584,
    "speedup_vs_valkey": 0.39121575186280994,
    "tail_regressed_vs_redis": true,
    "tail_regressed_vs_valkey": false
  },
  "generator_bound": false
}
