{
  "workload": "mixed",
  "cell": {
    "keyspace": 3508960,
    "value_size": 512,
    "dist": "uniform",
    "pipeline": 16,
    "connections": 64
  },
  "timestamp": "2026-07-16T03:15:33.454462273Z",
  "aki": {
    "target": "aki",
    "version": "unknown",
    "workload": "mixed",
    "skipped": false,
    "ops": 10550448,
    "errors": 0,
    "ops_per_sec": 1054880.5318938124,
    "min_us": 18.871,
    "p50_us": 873.983,
    "p99_us": 3045.375,
    "p999_us": 4210.687,
    "nil_replies": 4320476,
    "err_replies": 479339,
    "hit_ratio": 0.5450605509832379,
    "value_ops_per_sec": 574973.7639355324,
    "bytes_per_sec": 361232984.1772379,
    "resp_ver": 2,
    "used_memory": 1074965504,
    "bytes_per_key": 306.3487483470886,
    "coverage_sampled": 2000,
    "coverage_retrievable": 1052,
    "coverage_missing": 948,
    "coverage_fraction": 0.526,
    "coverage_keyspace": 3508960,
    "distinct_keys_est": 3335377,
    "key_draws": 10550448
  },
  "redis": {
    "target": "redis",
    "version": "redis 8.8.0",
    "workload": "mixed",
    "skipped": false,
    "ops": 21455536,
    "errors": 0,
    "ops_per_sec": 2145343.125320264,
    "min_us": 22.881,
    "p50_us": 379.391,
    "p99_us": 2666.495,
    "p999_us": 4784.127,
    "nil_replies": 0,
    "err_replies": 0,
    "hit_ratio": 1,
    "value_ops_per_sec": 2145343.125320264,
    "bytes_per_sec": 1182416100.0759785,
    "resp_ver": 2,
    "used_memory": 2411092024,
    "bytes_per_key": 687.1243969723223,
    "coverage_sampled": 2000,
    "coverage_retrievable": 2000,
    "coverage_fraction": 1,
    "coverage_keyspace": 3508960,
    "distinct_keys_est": 3501265,
    "key_draws": 21455536,
    "server_hits": 28941532,
    "maxmemory_policy": "noeviction"
  },
  "valkey": {
    "target": "valkey",
    "version": "valkey 9.1.0",
    "workload": "mixed",
    "skipped": false,
    "ops": 20333648,
    "errors": 0,
    "ops_per_sec": 2033223.5653781886,
    "min_us": 21.962,
    "p50_us": 390.655,
    "p99_us": 3579.903,
    "p999_us": 6406.143,
    "nil_replies": 0,
    "err_replies": 0,
    "hit_ratio": 1,
    "value_ops_per_sec": 2033223.5653781886,
    "bytes_per_sec": 1120620923.9605105,
    "resp_ver": 2,
    "used_memory": 2405446368,
    "bytes_per_key": 685.5154712507409,
    "coverage_sampled": 2000,
    "coverage_retrievable": 2000,
    "coverage_fraction": 1,
    "coverage_keyspace": 3508960,
    "distinct_keys_est": 3498391,
    "key_draws": 20333648,
    "server_hits": 27401216,
    "maxmemory_policy": "noeviction"
  },
  "gate": {
    "pass": false,
    "reason": "aki is 0.27x Redis, below the 2.0x bar",
    "required_speedup": 2,
    "speedup_vs_redis": 0.2680101645044302,
    "speedup_vs_valkey": 0.28278924842609954,
    "tail_regressed_vs_redis": true,
    "tail_regressed_vs_valkey": false
  },
  "generator_bound": false
}
