{
  "workload": "mixed",
  "cell": {
    "keyspace": 2354696,
    "value_size": 128,
    "dist": "uniform",
    "pipeline": 16,
    "connections": 64
  },
  "timestamp": "2026-07-16T03:01:17.483379722Z",
  "aki": {
    "target": "aki",
    "version": "unknown",
    "workload": "mixed",
    "skipped": false,
    "ops": 17486288,
    "errors": 0,
    "ops_per_sec": 1748415.0711190836,
    "min_us": 21.322,
    "p50_us": 395.775,
    "p99_us": 3481.599,
    "p999_us": 6352.895,
    "nil_replies": 0,
    "err_replies": 0,
    "hit_ratio": 1,
    "value_ops_per_sec": 1748415.0711190836,
    "bytes_per_sec": 291960452.61633146,
    "resp_ver": 2,
    "used_memory": 413242944,
    "bytes_per_key": 175.49736526498538,
    "coverage_sampled": 2000,
    "coverage_retrievable": 2000,
    "coverage_fraction": 1,
    "coverage_keyspace": 2354696,
    "distinct_keys_est": 2353255,
    "key_draws": 17486288
  },
  "redis": {
    "target": "redis",
    "version": "redis 8.8.0",
    "workload": "mixed",
    "skipped": false,
    "ops": 23640592,
    "errors": 0,
    "ops_per_sec": 2363872.9913420146,
    "min_us": 23.305,
    "p50_us": 335.103,
    "p99_us": 2680.831,
    "p999_us": 4706.303,
    "nil_replies": 0,
    "err_replies": 0,
    "hit_ratio": 1,
    "value_ops_per_sec": 2363872.9913420146,
    "bytes_per_sec": 394733089.10879153,
    "resp_ver": 2,
    "used_memory": 495921480,
    "bytes_per_key": 210.60955639284222,
    "coverage_sampled": 2000,
    "coverage_retrievable": 2000,
    "coverage_fraction": 1,
    "coverage_keyspace": 2354696,
    "distinct_keys_est": 2354584,
    "key_draws": 23640592,
    "server_hits": 31544632,
    "maxmemory_policy": "noeviction"
  },
  "valkey": {
    "target": "valkey",
    "version": "valkey 9.1.0",
    "workload": "mixed",
    "skipped": false,
    "ops": 29185824,
    "errors": 0,
    "ops_per_sec": 2918243.4416468875,
    "min_us": 14.403,
    "p50_us": 221.183,
    "p99_us": 3905.535,
    "p999_us": 7368.703,
    "nil_replies": 0,
    "err_replies": 0,
    "hit_ratio": 1,
    "value_ops_per_sec": 2918243.4416468875,
    "bytes_per_sec": 487305019.2910518,
    "resp_ver": 2,
    "used_memory": 490179808,
    "bytes_per_key": 208.17116434563104,
    "coverage_sampled": 2000,
    "coverage_retrievable": 2000,
    "coverage_fraction": 1,
    "coverage_keyspace": 2354696,
    "distinct_keys_est": 2354683,
    "key_draws": 29185824,
    "server_hits": 39384446,
    "maxmemory_policy": "noeviction"
  },
  "gate": {
    "pass": false,
    "reason": "aki is 0.74x Redis, below the 2.0x bar",
    "required_speedup": 2,
    "speedup_vs_redis": 0.7396400219144075,
    "speedup_vs_valkey": 0.5991326995435239,
    "tail_regressed_vs_redis": true,
    "tail_regressed_vs_valkey": false
  },
  "generator_bound": false
}
