{
  "workload": "mixed",
  "cell": {
    "keyspace": 1157049,
    "value_size": 16,
    "dist": "uniform",
    "pipeline": 16,
    "connections": 64
  },
  "timestamp": "2026-07-16T02:45:43.36103003Z",
  "aki": {
    "target": "aki",
    "version": "unknown",
    "workload": "mixed",
    "skipped": false,
    "ops": 17576400,
    "errors": 0,
    "ops_per_sec": 1757400.6639970718,
    "min_us": 15.985,
    "p50_us": 389.887,
    "p99_us": 3510.271,
    "p999_us": 6057.983,
    "nil_replies": 0,
    "err_replies": 0,
    "hit_ratio": 1,
    "value_ops_per_sec": 1757400.6639970718,
    "bytes_per_sec": 93938908.7948585,
    "resp_ver": 2,
    "used_memory": 73639088,
    "bytes_per_key": 63.643880250533904,
    "coverage_sampled": 2000,
    "coverage_retrievable": 2000,
    "coverage_fraction": 1,
    "coverage_keyspace": 1157049,
    "distinct_keys_est": 1157049,
    "key_draws": 17576400
  },
  "redis": {
    "target": "redis",
    "version": "redis 8.8.0",
    "workload": "mixed",
    "skipped": false,
    "ops": 27112432,
    "errors": 0,
    "ops_per_sec": 2710983.76807074,
    "min_us": 21.018,
    "p50_us": 262.143,
    "p99_us": 2922.495,
    "p999_us": 5455.871,
    "nil_replies": 0,
    "err_replies": 0,
    "hit_ratio": 1,
    "value_ops_per_sec": 2710983.76807074,
    "bytes_per_sec": 144910867.42268458,
    "resp_ver": 2,
    "used_memory": 86499872,
    "bytes_per_key": 74.75903959123598,
    "coverage_sampled": 2000,
    "coverage_retrievable": 2000,
    "coverage_fraction": 1,
    "coverage_keyspace": 1157049,
    "distinct_keys_est": 1157049,
    "key_draws": 27112432,
    "server_hits": 36421296,
    "maxmemory_policy": "noeviction"
  },
  "valkey": {
    "target": "valkey",
    "version": "valkey 9.1.0",
    "workload": "mixed",
    "skipped": false,
    "ops": 31424128,
    "errors": 0,
    "ops_per_sec": 3142076.4297209308,
    "min_us": 13.426,
    "p50_us": 195.327,
    "p99_us": 3950.591,
    "p999_us": 7331.839,
    "nil_replies": 0,
    "err_replies": 0,
    "hit_ratio": 1,
    "value_ops_per_sec": 3142076.4297209308,
    "bytes_per_sec": 167954125.7230019,
    "resp_ver": 2,
    "used_memory": 74485216,
    "bytes_per_key": 64.37516129394693,
    "coverage_sampled": 2000,
    "coverage_retrievable": 2000,
    "coverage_fraction": 1,
    "coverage_keyspace": 1157049,
    "distinct_keys_est": 1157049,
    "key_draws": 31424128,
    "server_hits": 42367134,
    "maxmemory_policy": "noeviction"
  },
  "gate": {
    "pass": false,
    "reason": "aki is 0.65x Redis, below the 2.0x bar",
    "required_speedup": 2,
    "speedup_vs_redis": 0.6482520053034911,
    "speedup_vs_valkey": 0.5593118764947288,
    "tail_regressed_vs_redis": true,
    "tail_regressed_vs_valkey": false
  },
  "generator_bound": false
}
