{
  "workload": "mixed",
  "cell": {
    "keyspace": 2354696,
    "value_size": 128,
    "dist": "zipfian",
    "zipf_s": 0.99,
    "pipeline": 16,
    "connections": 64
  },
  "timestamp": "2026-07-16T03:07:29.191893409Z",
  "aki": {
    "target": "aki",
    "version": "unknown",
    "workload": "mixed",
    "skipped": false,
    "ops": 17644000,
    "errors": 0,
    "ops_per_sec": 1764266.4063956016,
    "min_us": 21.12,
    "p50_us": 388.863,
    "p99_us": 3358.719,
    "p999_us": 5808.127,
    "nil_replies": 0,
    "err_replies": 0,
    "hit_ratio": 1,
    "value_ops_per_sec": 1764266.4063956016,
    "bytes_per_sec": 288281563.1723016,
    "resp_ver": 2,
    "used_memory": 413242944,
    "bytes_per_key": 175.49736526498538,
    "coverage_sampled": 2000,
    "coverage_retrievable": 2000,
    "coverage_fraction": 1,
    "coverage_keyspace": 2354696,
    "distinct_keys_est": 1620067,
    "key_draws": 17644000
  },
  "redis": {
    "target": "redis",
    "version": "redis 8.8.0",
    "workload": "mixed",
    "skipped": false,
    "ops": 24496560,
    "errors": 0,
    "ops_per_sec": 2449507.1258155126,
    "min_us": 23.116,
    "p50_us": 308.479,
    "p99_us": 2740.223,
    "p999_us": 4956.159,
    "nil_replies": 0,
    "err_replies": 0,
    "hit_ratio": 1,
    "value_ops_per_sec": 2449507.1258155126,
    "bytes_per_sec": 400249777.4392266,
    "resp_ver": 2,
    "used_memory": 495922744,
    "bytes_per_key": 210.61009319249703,
    "coverage_sampled": 2000,
    "coverage_retrievable": 2000,
    "coverage_fraction": 1,
    "coverage_keyspace": 2354696,
    "distinct_keys_est": 1828508,
    "key_draws": 24496560,
    "server_hits": 32708084,
    "maxmemory_policy": "noeviction"
  },
  "valkey": {
    "target": "valkey",
    "version": "valkey 9.1.0",
    "workload": "mixed",
    "skipped": false,
    "ops": 28880640,
    "errors": 0,
    "ops_per_sec": 2887877.2441552854,
    "min_us": 14.335,
    "p50_us": 219.647,
    "p99_us": 3938.303,
    "p999_us": 7237.631,
    "nil_replies": 0,
    "err_replies": 0,
    "hit_ratio": 1,
    "value_ops_per_sec": 2887877.2441552854,
    "bytes_per_sec": 471879012.5033283,
    "resp_ver": 2,
    "used_memory": 490180320,
    "bytes_per_key": 208.1713817834659,
    "coverage_sampled": 2000,
    "coverage_retrievable": 2000,
    "coverage_fraction": 1,
    "coverage_keyspace": 2354696,
    "distinct_keys_est": 1925215,
    "key_draws": 28880640,
    "server_hits": 38993236,
    "maxmemory_policy": "noeviction"
  },
  "gate": {
    "pass": false,
    "reason": "aki is 0.72x Redis, below the 2.0x bar",
    "required_speedup": 2,
    "speedup_vs_redis": 0.720253632986769,
    "speedup_vs_valkey": 0.6109215375986855,
    "tail_regressed_vs_redis": true,
    "tail_regressed_vs_valkey": false
  },
  "generator_bound": false
}
