{
  "workload": "mixed",
  "cell": {
    "keyspace": 9418787,
    "value_size": 128,
    "dist": "zipfian",
    "zipf_s": 0.99,
    "pipeline": 16,
    "connections": 64
  },
  "timestamp": "2026-07-16T03:09:48.956162852Z",
  "aki": {
    "target": "aki",
    "version": "unknown",
    "workload": "mixed",
    "skipped": false,
    "ops": 13992080,
    "errors": 0,
    "ops_per_sec": 1399061.1118743338,
    "min_us": 18.922,
    "p50_us": 610.815,
    "p99_us": 2836.479,
    "p999_us": 4816.895,
    "nil_replies": 304371,
    "err_replies": 33331,
    "hit_ratio": 0.9758647749298175,
    "value_ops_per_sec": 1365294.4570523067,
    "bytes_per_sec": 225295132.25141734,
    "resp_ver": 2,
    "used_memory": 1160704672,
    "bytes_per_key": 123.23292500403714,
    "coverage_sampled": 2000,
    "coverage_retrievable": 1449,
    "coverage_missing": 551,
    "coverage_fraction": 0.7245,
    "coverage_keyspace": 9418787,
    "distinct_keys_est": 2538977,
    "key_draws": 13992080
  },
  "redis": {
    "target": "redis",
    "version": "redis 8.8.0",
    "workload": "mixed",
    "skipped": false,
    "ops": 23435888,
    "errors": 0,
    "ops_per_sec": 2343371.7020780556,
    "min_us": 21.44,
    "p50_us": 332.031,
    "p99_us": 2678.783,
    "p999_us": 4825.087,
    "nil_replies": 0,
    "err_replies": 0,
    "hit_ratio": 1,
    "value_ops_per_sec": 2343371.7020780556,
    "bytes_per_sec": 383770501.39593095,
    "resp_ver": 2,
    "used_memory": 1979434200,
    "bytes_per_key": 210.1580808654023,
    "coverage_sampled": 2000,
    "coverage_retrievable": 2000,
    "coverage_fraction": 1,
    "coverage_keyspace": 9418787,
    "distinct_keys_est": 3524346,
    "key_draws": 23435888,
    "server_hits": 29447928,
    "maxmemory_policy": "noeviction"
  },
  "valkey": {
    "target": "valkey",
    "version": "valkey 9.1.0",
    "workload": "mixed",
    "skipped": false,
    "ops": 27095648,
    "errors": 0,
    "ops_per_sec": 2709297.5091065736,
    "min_us": 15.802,
    "p50_us": 248.831,
    "p99_us": 3817.471,
    "p999_us": 6983.679,
    "nil_replies": 0,
    "err_replies": 0,
    "hit_ratio": 1,
    "value_ops_per_sec": 2709297.5091065736,
    "bytes_per_sec": 443697255.80420387,
    "resp_ver": 2,
    "used_memory": 1955813856,
    "bytes_per_key": 207.65029042487106,
    "coverage_sampled": 2000,
    "coverage_retrievable": 2000,
    "coverage_fraction": 1,
    "coverage_keyspace": 9418787,
    "distinct_keys_est": 3843175,
    "key_draws": 27095648,
    "server_hits": 36542240,
    "maxmemory_policy": "noeviction"
  },
  "gate": {
    "pass": false,
    "reason": "aki is 0.58x Redis, below the 2.0x bar",
    "required_speedup": 2,
    "speedup_vs_redis": 0.5826196739687479,
    "speedup_vs_valkey": 0.5039293220708457,
    "tail_regressed_vs_redis": true,
    "tail_regressed_vs_valkey": false
  },
  "generator_bound": false
}
