{
  "workload": "get",
  "cell": {
    "keyspace": 1000000,
    "value_size": 64,
    "dist": "uniform",
    "pipeline": 16,
    "connections": 512
  },
  "timestamp": "2026-07-10T12:41:37.845587215Z",
  "aki": {
    "target": "aki",
    "version": "unknown",
    "workload": "get",
    "skipped": false,
    "ops": 56227088,
    "errors": 0,
    "ops_per_sec": 7027716.975399377,
    "min_us": 21.643,
    "p50_us": 1093.631,
    "p99_us": 2775.039,
    "p999_us": 5152.767,
    "nil_replies": 0,
    "err_replies": 0,
    "hit_ratio": 1,
    "value_ops_per_sec": 7027716.975399377,
    "bytes_per_sec": 696289660.6168886,
    "resp_ver": 2,
    "used_memory": 113449984,
    "bytes_per_key": 113.449984
  },
  "redis": {
    "target": "redis",
    "version": "redis 8.8.0",
    "workload": "get",
    "skipped": false,
    "ops": 45379648,
    "errors": 0,
    "ops_per_sec": 5671485.610938775,
    "min_us": 47.183,
    "p50_us": 1429.503,
    "p99_us": 1941.503,
    "p999_us": 2813.951,
    "nil_replies": 0,
    "err_replies": 0,
    "hit_ratio": 1,
    "value_ops_per_sec": 5671485.610938775,
    "bytes_per_sec": 560766157.120804,
    "resp_ver": 2,
    "used_memory": 127535584,
    "bytes_per_key": 127.535584,
    "server_hits": 62974704,
    "maxmemory_policy": "noeviction"
  },
  "valkey": {
    "target": "valkey",
    "version": "valkey 9.1.0",
    "workload": "get",
    "skipped": false,
    "ops": 34936736,
    "errors": 0,
    "ops_per_sec": 4366233.167393765,
    "min_us": 21.304,
    "p50_us": 1845.247,
    "p99_us": 2383.871,
    "p999_us": 3166.207,
    "nil_replies": 0,
    "err_replies": 0,
    "hit_ratio": 1,
    "value_ops_per_sec": 4366233.167393765,
    "bytes_per_sec": 431546183.40515697,
    "resp_ver": 2,
    "used_memory": 115115384,
    "bytes_per_key": 115.115384,
    "server_hits": 47935760,
    "maxmemory_policy": "noeviction"
  },
  "gate": {
    "pass": false,
    "reason": "aki is 1.24x Redis, below the 2.0x bar",
    "required_speedup": 2,
    "speedup_vs_redis": 1.2391315887048704,
    "speedup_vs_valkey": 1.6095606226165584,
    "tail_regressed_vs_redis": true,
    "tail_regressed_vs_valkey": true
  },
  "generator_bound": false
}
