{
  "workload": "get",
  "cell": {
    "keyspace": 1000000,
    "value_size": 64,
    "dist": "zipfian",
    "zipf_s": 0.99,
    "pipeline": 16,
    "connections": 512
  },
  "timestamp": "2026-07-10T12:51:38.969639796Z",
  "aki": {
    "target": "aki",
    "version": "unknown",
    "workload": "get",
    "skipped": false,
    "ops": 47328832,
    "errors": 0,
    "ops_per_sec": 5915553.838704116,
    "min_us": 21.109,
    "p50_us": 1303.551,
    "p99_us": 3227.647,
    "p999_us": 5631.999,
    "nil_replies": 0,
    "err_replies": 0,
    "hit_ratio": 1,
    "value_ops_per_sec": 5915553.838704116,
    "bytes_per_sec": 577534328.2386379,
    "resp_ver": 2,
    "used_memory": 113449984,
    "bytes_per_key": 113.449984
  },
  "redis": {
    "target": "redis",
    "version": "redis 8.8.0",
    "workload": "get",
    "skipped": false,
    "ops": 43321744,
    "errors": 0,
    "ops_per_sec": 5414270.3334956905,
    "min_us": 60.604,
    "p50_us": 1499.135,
    "p99_us": 1986.559,
    "p999_us": 2922.495,
    "nil_replies": 0,
    "err_replies": 0,
    "hit_ratio": 1,
    "value_ops_per_sec": 5414270.3334956905,
    "bytes_per_sec": 528590793.9675934,
    "resp_ver": 2,
    "used_memory": 127524408,
    "bytes_per_key": 127.524408,
    "server_hits": 60231072,
    "maxmemory_policy": "noeviction"
  },
  "valkey": {
    "target": "valkey",
    "version": "valkey 9.1.0",
    "workload": "get",
    "skipped": false,
    "ops": 33668224,
    "errors": 0,
    "ops_per_sec": 4207428.846554768,
    "min_us": 32.608,
    "p50_us": 1918.975,
    "p99_us": 2428.927,
    "p999_us": 3090.431,
    "nil_replies": 0,
    "err_replies": 0,
    "hit_ratio": 1,
    "value_ops_per_sec": 4207428.846554768,
    "bytes_per_sec": 410733508.26622534,
    "resp_ver": 2,
    "used_memory": 115107960,
    "bytes_per_key": 115.10796,
    "server_hits": 46115712,
    "maxmemory_policy": "noeviction"
  },
  "gate": {
    "pass": false,
    "reason": "aki is 1.09x Redis, below the 2.0x bar",
    "required_speedup": 2,
    "speedup_vs_redis": 1.0925856069851567,
    "speedup_vs_valkey": 1.4059783431746058,
    "tail_regressed_vs_redis": true,
    "tail_regressed_vs_valkey": true
  },
  "generator_bound": false
}
