{
  "workload": "get",
  "cell": {
    "keyspace": 1000000,
    "value_size": 1024,
    "dist": "uniform",
    "pipeline": 16,
    "connections": 512
  },
  "timestamp": "2026-07-10T12:49:31.954020093Z",
  "aki": {
    "target": "aki",
    "version": "unknown",
    "workload": "get",
    "skipped": false,
    "ops": 34186144,
    "errors": 0,
    "ops_per_sec": 4272700.465742537,
    "min_us": 25.981,
    "p50_us": 1814.527,
    "p99_us": 4702.207,
    "p999_us": 7016.447,
    "nil_replies": 0,
    "err_replies": 0,
    "hit_ratio": 1,
    "value_ops_per_sec": 4272700.465742537,
    "bytes_per_sec": 4532624248.586309,
    "resp_ver": 2,
    "used_memory": 1073449984,
    "bytes_per_key": 1073.449984
  },
  "redis": {
    "target": "redis",
    "version": "redis 8.8.0",
    "workload": "get",
    "skipped": false,
    "ops": 34587408,
    "errors": 0,
    "ops_per_sec": 4322401.621072617,
    "min_us": 52.775,
    "p50_us": 1870.847,
    "p99_us": 2605.055,
    "p999_us": 5574.655,
    "nil_replies": 0,
    "err_replies": 0,
    "hit_ratio": 1,
    "value_ops_per_sec": 4322401.621072617,
    "bytes_per_sec": 4585357248.429624,
    "resp_ver": 2,
    "used_memory": 1327528144,
    "bytes_per_key": 1327.528144,
    "server_hits": 47861216,
    "maxmemory_policy": "noeviction"
  },
  "valkey": {
    "target": "valkey",
    "version": "valkey 9.1.0",
    "workload": "get",
    "skipped": false,
    "ops": 26143728,
    "errors": 0,
    "ops_per_sec": 3266970.383424968,
    "min_us": 50.345,
    "p50_us": 2510.847,
    "p99_us": 3508.223,
    "p999_us": 5320.703,
    "nil_replies": 0,
    "err_replies": 0,
    "hit_ratio": 1,
    "value_ops_per_sec": 3266970.383424968,
    "bytes_per_sec": 3465544753.438914,
    "resp_ver": 2,
    "used_memory": 1331115240,
    "bytes_per_key": 1331.11524,
    "server_hits": 36012432,
    "maxmemory_policy": "noeviction"
  },
  "gate": {
    "pass": false,
    "reason": "aki is 0.99x Redis, below the 2.0x bar",
    "required_speedup": 2,
    "speedup_vs_redis": 0.9885014953058094,
    "speedup_vs_valkey": 1.3078479337982856,
    "tail_regressed_vs_redis": true,
    "tail_regressed_vs_valkey": true
  },
  "generator_bound": false
}
