{
  "workload": "get",
  "cell": {
    "keyspace": 1000000,
    "value_size": 64,
    "dist": "uniform",
    "pipeline": 16,
    "connections": 512
  },
  "timestamp": "2026-07-10T12:40:24.372182967Z",
  "aki": {
    "target": "aki",
    "version": "unknown",
    "workload": "get",
    "skipped": false,
    "ops": 64911424,
    "errors": 0,
    "ops_per_sec": 8113123.624358262,
    "min_us": 28.44,
    "p50_us": 954.879,
    "p99_us": 2267.135,
    "p999_us": 3340.287,
    "nil_replies": 0,
    "err_replies": 0,
    "hit_ratio": 1,
    "value_ops_per_sec": 8113123.624358262,
    "bytes_per_sec": 805915785.4794486,
    "resp_ver": 2,
    "used_memory": 113449984,
    "bytes_per_key": 113.449984
  },
  "redis": {
    "target": "redis",
    "version": "redis 8.8.0",
    "workload": "get",
    "skipped": false,
    "ops": 45926560,
    "errors": 0,
    "ops_per_sec": 5739776.590407681,
    "min_us": 43.932,
    "p50_us": 1414.143,
    "p99_us": 1821.695,
    "p999_us": 2719.743,
    "nil_replies": 0,
    "err_replies": 0,
    "hit_ratio": 1,
    "value_ops_per_sec": 5739776.590407681,
    "bytes_per_sec": 567526971.6838073,
    "resp_ver": 2,
    "used_memory": 127535280,
    "bytes_per_key": 127.53528,
    "server_hits": 62180960,
    "maxmemory_policy": "noeviction"
  },
  "valkey": {
    "target": "valkey",
    "version": "valkey 9.1.0",
    "workload": "get",
    "skipped": false,
    "ops": 34932768,
    "errors": 0,
    "ops_per_sec": 4365711.168574631,
    "min_us": 46.954,
    "p50_us": 1847.295,
    "p99_us": 2353.151,
    "p999_us": 3088.383,
    "nil_replies": 0,
    "err_replies": 0,
    "hit_ratio": 1,
    "value_ops_per_sec": 4365711.168574631,
    "bytes_per_sec": 431494509.7714958,
    "resp_ver": 2,
    "used_memory": 115115384,
    "bytes_per_key": 115.115384,
    "server_hits": 47842752,
    "maxmemory_policy": "noeviction"
  },
  "gate": {
    "pass": false,
    "reason": "aki is 1.41x Redis, below the 2.0x bar",
    "required_speedup": 2,
    "speedup_vs_redis": 1.4134911867331075,
    "speedup_vs_valkey": 1.858373884822786,
    "tail_regressed_vs_redis": true,
    "tail_regressed_vs_valkey": false
  },
  "generator_bound": false
}
