{
  "workload": "get",
  "cell": {
    "keyspace": 1000000,
    "value_size": 64,
    "dist": "zipfian",
    "zipf_s": 0.99,
    "pipeline": 16,
    "connections": 512
  },
  "timestamp": "2026-07-10T12:51:02.18835383Z",
  "aki": {
    "target": "aki",
    "version": "unknown",
    "workload": "get",
    "skipped": false,
    "ops": 54663184,
    "errors": 0,
    "ops_per_sec": 6832129.78080917,
    "min_us": 24.586,
    "p50_us": 1129.471,
    "p99_us": 2732.031,
    "p999_us": 4280.319,
    "nil_replies": 0,
    "err_replies": 0,
    "hit_ratio": 1,
    "value_ops_per_sec": 6832129.78080917,
    "bytes_per_sec": 667035724.0857328,
    "resp_ver": 2,
    "used_memory": 113449984,
    "bytes_per_key": 113.449984
  },
  "redis": {
    "target": "redis",
    "version": "redis 8.8.0",
    "workload": "get",
    "skipped": false,
    "ops": 43851296,
    "errors": 0,
    "ops_per_sec": 5480367.75497191,
    "min_us": 54.289,
    "p50_us": 1476.607,
    "p99_us": 1932.287,
    "p999_us": 4481.023,
    "nil_replies": 0,
    "err_replies": 0,
    "hit_ratio": 1,
    "value_ops_per_sec": 5480367.75497191,
    "bytes_per_sec": 535045835.7032083,
    "resp_ver": 2,
    "used_memory": 127524256,
    "bytes_per_key": 127.524256,
    "server_hits": 59928704,
    "maxmemory_policy": "noeviction"
  },
  "valkey": {
    "target": "valkey",
    "version": "valkey 9.1.0",
    "workload": "get",
    "skipped": false,
    "ops": 33593856,
    "errors": 0,
    "ops_per_sec": 4198238.788014449,
    "min_us": 19.192,
    "p50_us": 1923.071,
    "p99_us": 2439.167,
    "p999_us": 3360.767,
    "nil_replies": 0,
    "err_replies": 0,
    "hit_ratio": 1,
    "value_ops_per_sec": 4198238.788014449,
    "bytes_per_sec": 409835352.61948913,
    "resp_ver": 2,
    "used_memory": 115107960,
    "bytes_per_key": 115.10796,
    "server_hits": 45781456,
    "maxmemory_policy": "noeviction"
  },
  "gate": {
    "pass": false,
    "reason": "aki is 1.25x Redis, below the 2.0x bar",
    "required_speedup": 2,
    "speedup_vs_redis": 1.2466553498368629,
    "speedup_vs_valkey": 1.6273799861775884,
    "tail_regressed_vs_redis": true,
    "tail_regressed_vs_valkey": true
  },
  "generator_bound": false
}
