{
  "workload": "get",
  "cell": {
    "keyspace": 1000000,
    "value_size": 64,
    "dist": "uniform",
    "pipeline": 16,
    "connections": 512
  },
  "timestamp": "2026-07-10T12:41:01.142159964Z",
  "aki": {
    "target": "aki",
    "version": "unknown",
    "workload": "get",
    "skipped": false,
    "ops": 55969584,
    "errors": 0,
    "ops_per_sec": 6995578.859790803,
    "min_us": 24.75,
    "p50_us": 1093.631,
    "p99_us": 2887.679,
    "p999_us": 5566.463,
    "nil_replies": 0,
    "err_replies": 0,
    "hit_ratio": 1,
    "value_ops_per_sec": 6995578.859790803,
    "bytes_per_sec": 693043620.5208875,
    "resp_ver": 2,
    "used_memory": 113449984,
    "bytes_per_key": 113.449984
  },
  "redis": {
    "target": "redis",
    "version": "redis 8.8.0",
    "workload": "get",
    "skipped": false,
    "ops": 45241424,
    "errors": 0,
    "ops_per_sec": 5654306.963907247,
    "min_us": 73.154,
    "p50_us": 1431.551,
    "p99_us": 1909.759,
    "p999_us": 3067.903,
    "nil_replies": 0,
    "err_replies": 0,
    "hit_ratio": 1,
    "value_ops_per_sec": 5654306.963907247,
    "bytes_per_sec": 559065458.9444141,
    "resp_ver": 2,
    "used_memory": 127535432,
    "bytes_per_key": 127.535432,
    "server_hits": 62533552,
    "maxmemory_policy": "noeviction"
  },
  "valkey": {
    "target": "valkey",
    "version": "valkey 9.1.0",
    "workload": "get",
    "skipped": false,
    "ops": 34943040,
    "errors": 0,
    "ops_per_sec": 4366882.90253068,
    "min_us": 49.15,
    "p50_us": 1847.295,
    "p99_us": 2353.151,
    "p999_us": 2998.271,
    "nil_replies": 0,
    "err_replies": 0,
    "hit_ratio": 1,
    "value_ops_per_sec": 4366882.90253068,
    "bytes_per_sec": 431610529.6663942,
    "resp_ver": 2,
    "used_memory": 115115384,
    "bytes_per_key": 115.115384,
    "server_hits": 48058528,
    "maxmemory_policy": "noeviction"
  },
  "gate": {
    "pass": false,
    "reason": "aki is 1.24x Redis, below the 2.0x bar",
    "required_speedup": 2,
    "speedup_vs_redis": 1.2372124301784826,
    "speedup_vs_valkey": 1.6019616316564729,
    "tail_regressed_vs_redis": true,
    "tail_regressed_vs_valkey": true
  },
  "generator_bound": false
}
