{
  "workload": "get",
  "cell": {
    "keyspace": 1000000,
    "value_size": 64,
    "dist": "zipfian",
    "zipf_s": 0.99,
    "pipeline": 16,
    "connections": 512
  },
  "timestamp": "2026-07-10T12:52:15.717857607Z",
  "aki": {
    "target": "aki",
    "version": "unknown",
    "workload": "get",
    "skipped": false,
    "ops": 47371392,
    "errors": 0,
    "ops_per_sec": 5920832.121796632,
    "min_us": 28.696,
    "p50_us": 1297.407,
    "p99_us": 3334.143,
    "p999_us": 5599.231,
    "nil_replies": 0,
    "err_replies": 0,
    "hit_ratio": 1,
    "value_ops_per_sec": 5920832.121796632,
    "bytes_per_sec": 578049742.1657557,
    "resp_ver": 2,
    "used_memory": 113449984,
    "bytes_per_key": 113.449984
  },
  "redis": {
    "target": "redis",
    "version": "redis 8.8.0",
    "workload": "get",
    "skipped": false,
    "ops": 43425264,
    "errors": 0,
    "ops_per_sec": 5427212.39982354,
    "min_us": 65.834,
    "p50_us": 1495.039,
    "p99_us": 1987.583,
    "p999_us": 3092.479,
    "nil_replies": 0,
    "err_replies": 0,
    "hit_ratio": 1,
    "value_ops_per_sec": 5427212.39982354,
    "bytes_per_sec": 529853800.91647315,
    "resp_ver": 2,
    "used_memory": 127524560,
    "bytes_per_key": 127.52456,
    "server_hits": 60417184,
    "maxmemory_policy": "noeviction"
  },
  "valkey": {
    "target": "valkey",
    "version": "valkey 9.1.0",
    "workload": "get",
    "skipped": false,
    "ops": 33653744,
    "errors": 0,
    "ops_per_sec": 4205695.545995846,
    "min_us": 52.784,
    "p50_us": 1921.023,
    "p99_us": 2392.063,
    "p999_us": 2961.407,
    "nil_replies": 0,
    "err_replies": 0,
    "hit_ratio": 1,
    "value_ops_per_sec": 4205695.545995846,
    "bytes_per_sec": 410563873.848142,
    "resp_ver": 2,
    "used_memory": 115107960,
    "bytes_per_key": 115.10796,
    "server_hits": 46333664,
    "maxmemory_policy": "noeviction"
  },
  "gate": {
    "pass": false,
    "reason": "aki is 1.09x Redis, below the 2.0x bar",
    "required_speedup": 2,
    "speedup_vs_redis": 1.090952718561216,
    "speedup_vs_valkey": 1.4078128235967369,
    "tail_regressed_vs_redis": true,
    "tail_regressed_vs_valkey": true
  },
  "generator_bound": false
}
