{
  "workload": "get",
  "cell": {
    "keyspace": 1000000,
    "value_size": 1024,
    "dist": "uniform",
    "pipeline": 16,
    "connections": 512
  },
  "timestamp": "2026-07-10T12:48:51.913199745Z",
  "aki": {
    "target": "aki",
    "version": "unknown",
    "workload": "get",
    "skipped": false,
    "ops": 34325136,
    "errors": 0,
    "ops_per_sec": 4289742.687618611,
    "min_us": 32.659,
    "p50_us": 1810.431,
    "p99_us": 4694.015,
    "p999_us": 7090.175,
    "nil_replies": 0,
    "err_replies": 0,
    "hit_ratio": 1,
    "value_ops_per_sec": 4289742.687618611,
    "bytes_per_sec": 4550706100.596306,
    "resp_ver": 2,
    "used_memory": 1073449984,
    "bytes_per_key": 1073.449984
  },
  "redis": {
    "target": "redis",
    "version": "redis 8.8.0",
    "workload": "get",
    "skipped": false,
    "ops": 34186800,
    "errors": 0,
    "ops_per_sec": 4272199.507353168,
    "min_us": 71.884,
    "p50_us": 1892.351,
    "p99_us": 2947.071,
    "p999_us": 5910.527,
    "nil_replies": 0,
    "err_replies": 0,
    "hit_ratio": 1,
    "value_ops_per_sec": 4272199.507353168,
    "bytes_per_sec": 4532092828.731455,
    "resp_ver": 2,
    "used_memory": 1327527992,
    "bytes_per_key": 1327.527992,
    "server_hits": 47333376,
    "maxmemory_policy": "noeviction"
  },
  "valkey": {
    "target": "valkey",
    "version": "valkey 9.1.0",
    "workload": "get",
    "skipped": false,
    "ops": 28890512,
    "errors": 0,
    "ops_per_sec": 3610309.5834426978,
    "min_us": 59.016,
    "p50_us": 2207.743,
    "p99_us": 3262.463,
    "p999_us": 4853.759,
    "nil_replies": 0,
    "err_replies": 0,
    "hit_ratio": 1,
    "value_ops_per_sec": 3610309.5834426978,
    "bytes_per_sec": 3829827625.794611,
    "resp_ver": 2,
    "used_memory": 1331115240,
    "bytes_per_key": 1331.11524,
    "server_hits": 39669856,
    "maxmemory_policy": "noeviction"
  },
  "gate": {
    "pass": false,
    "reason": "aki is 1.00x Redis, below the 2.0x bar",
    "required_speedup": 2,
    "speedup_vs_redis": 1.004106357915928,
    "speedup_vs_valkey": 1.188192477257871,
    "tail_regressed_vs_redis": true,
    "tail_regressed_vs_valkey": true
  },
  "generator_bound": false
}
