{
  "workload": "get",
  "cell": {
    "keyspace": 1000000,
    "value_size": 1024,
    "dist": "uniform",
    "pipeline": 16,
    "connections": 512
  },
  "timestamp": "2026-07-10T12:48:11.912337069Z",
  "aki": {
    "target": "aki",
    "version": "unknown",
    "workload": "get",
    "skipped": false,
    "ops": 38502816,
    "errors": 0,
    "ops_per_sec": 4812129.385387811,
    "min_us": 29.585,
    "p50_us": 1600.511,
    "p99_us": 4130.815,
    "p999_us": 6000.639,
    "nil_replies": 0,
    "err_replies": 0,
    "hit_ratio": 1,
    "value_ops_per_sec": 4812129.385387811,
    "bytes_per_sec": 5104958344.653935,
    "resp_ver": 2,
    "used_memory": 1073449984,
    "bytes_per_key": 1073.449984
  },
  "redis": {
    "target": "redis",
    "version": "redis 8.8.0",
    "workload": "get",
    "skipped": false,
    "ops": 34178560,
    "errors": 0,
    "ops_per_sec": 4271302.60188196,
    "min_us": 59.95,
    "p50_us": 1893.375,
    "p99_us": 2654.207,
    "p999_us": 5599.231,
    "nil_replies": 0,
    "err_replies": 0,
    "hit_ratio": 1,
    "value_ops_per_sec": 4271302.60188196,
    "bytes_per_sec": 4531141189.921801,
    "resp_ver": 2,
    "used_memory": 1327527840,
    "bytes_per_key": 1327.52784,
    "server_hits": 46615488,
    "maxmemory_policy": "noeviction"
  },
  "valkey": {
    "target": "valkey",
    "version": "valkey 9.1.0",
    "workload": "get",
    "skipped": false,
    "ops": 27005696,
    "errors": 0,
    "ops_per_sec": 3374787.6574723753,
    "min_us": 65.045,
    "p50_us": 2428.927,
    "p99_us": 3309.567,
    "p999_us": 5005.311,
    "nil_replies": 0,
    "err_replies": 0,
    "hit_ratio": 1,
    "value_ops_per_sec": 3374787.6574723753,
    "bytes_per_sec": 3579938859.2762303,
    "resp_ver": 2,
    "used_memory": 1331115240,
    "bytes_per_key": 1331.11524,
    "server_hits": 36465312,
    "maxmemory_policy": "noeviction"
  },
  "gate": {
    "pass": false,
    "reason": "aki is 1.13x Redis, below the 2.0x bar",
    "required_speedup": 2,
    "speedup_vs_redis": 1.126618700175342,
    "speedup_vs_valkey": 1.425905826914149,
    "tail_regressed_vs_redis": true,
    "tail_regressed_vs_valkey": true
  },
  "generator_bound": false
}
