{
  "workload": "set",
  "cell": {
    "keyspace": 1000000,
    "value_size": 4096,
    "dist": "uniform",
    "pipeline": 16,
    "connections": 512
  },
  "timestamp": "2026-07-10T12:56:00.193616226Z",
  "aki": {
    "target": "aki",
    "version": "unknown",
    "workload": "set",
    "skipped": false,
    "ops": 40776352,
    "errors": 0,
    "ops_per_sec": 2038728.2492686377,
    "min_us": 28.767,
    "p50_us": 3891.199,
    "p99_us": 7991.295,
    "p999_us": 9789.439,
    "nil_replies": 0,
    "err_replies": 0,
    "hit_ratio": 1,
    "value_ops_per_sec": 2038728.2492686377,
    "bytes_per_sec": 8435973091.938091,
    "resp_ver": 2,
    "used_memory": 335942144,
    "bytes_per_key": 335.942144
  },
  "redis": {
    "target": "redis",
    "version": "redis 8.8.0",
    "workload": "set",
    "skipped": false,
    "ops": 31823632,
    "errors": 0,
    "ops_per_sec": 1590956.8553889717,
    "min_us": 40.22,
    "p50_us": 3198.975,
    "p99_us": 7987.199,
    "p999_us": 9027.583,
    "nil_replies": 0,
    "err_replies": 0,
    "hit_ratio": 1,
    "value_ops_per_sec": 1590956.8553889717,
    "bytes_per_sec": 6583095091.771575,
    "resp_ver": 2,
    "used_memory": 332426304,
    "bytes_per_key": 332.426304,
    "maxmemory_policy": "noeviction"
  },
  "valkey": {
    "target": "valkey",
    "version": "valkey 9.1.0",
    "workload": "set",
    "skipped": false,
    "ops": 30714448,
    "errors": 0,
    "ops_per_sec": 1535518.7727058253,
    "min_us": 26.38,
    "p50_us": 3137.535,
    "p99_us": 5914.623,
    "p999_us": 6524.927,
    "nil_replies": 0,
    "err_replies": 0,
    "hit_ratio": 1,
    "value_ops_per_sec": 1535518.7727058253,
    "bytes_per_sec": 6353692303.168508,
    "resp_ver": 2,
    "used_memory": 313146168,
    "bytes_per_key": 313.146168,
    "maxmemory_policy": "noeviction"
  },
  "gate": {
    "pass": false,
    "reason": "aki is 1.28x Redis, below the 2.0x bar",
    "required_speedup": 2,
    "speedup_vs_redis": 1.2814478547063999,
    "speedup_vs_valkey": 1.3277130084681923,
    "tail_regressed_vs_redis": true,
    "tail_regressed_vs_valkey": true
  },
  "generator_bound": false
}
