{
  "workload": "set",
  "cell": {
    "keyspace": 1000000,
    "value_size": 1024,
    "dist": "uniform",
    "pipeline": 16,
    "connections": 512
  },
  "timestamp": "2026-07-10T12:46:13.534810064Z",
  "aki": {
    "target": "aki",
    "version": "unknown",
    "workload": "set",
    "skipped": false,
    "ops": 39550784,
    "errors": 0,
    "ops_per_sec": 4943435.988091714,
    "min_us": 21.41,
    "p50_us": 1590.271,
    "p99_us": 3624.959,
    "p999_us": 5742.591,
    "nil_replies": 0,
    "err_replies": 0,
    "hit_ratio": 1,
    "value_ops_per_sec": 4943435.988091714,
    "bytes_per_sec": 5268991782.562634,
    "resp_ver": 2,
    "used_memory": 84392192,
    "bytes_per_key": 84.392192
  },
  "redis": {
    "target": "redis",
    "version": "redis 8.8.0",
    "workload": "set",
    "skipped": false,
    "ops": 37311856,
    "errors": 0,
    "ops_per_sec": 4663259.794543637,
    "min_us": 33.557,
    "p50_us": 1733.631,
    "p99_us": 2629.631,
    "p999_us": 3893.247,
    "nil_replies": 0,
    "err_replies": 0,
    "hit_ratio": 1,
    "value_ops_per_sec": 4663259.794543637,
    "bytes_per_sec": 4970324011.086208,
    "resp_ver": 2,
    "used_memory": 99366936,
    "bytes_per_key": 99.366936,
    "maxmemory_policy": "noeviction"
  },
  "valkey": {
    "target": "valkey",
    "version": "valkey 9.1.0",
    "workload": "set",
    "skipped": false,
    "ops": 23791280,
    "errors": 0,
    "ops_per_sec": 2973038.58603872,
    "min_us": 30.375,
    "p50_us": 2729.983,
    "p99_us": 3373.055,
    "p999_us": 4481.023,
    "nil_replies": 0,
    "err_replies": 0,
    "hit_ratio": 1,
    "value_ops_per_sec": 2973038.58603872,
    "bytes_per_sec": 3168548301.0659423,
    "resp_ver": 2,
    "used_memory": 63432696,
    "bytes_per_key": 63.432696,
    "maxmemory_policy": "noeviction"
  },
  "gate": {
    "pass": false,
    "reason": "aki is 1.06x Redis, below the 2.0x bar",
    "required_speedup": 2,
    "speedup_vs_redis": 1.0600816179866075,
    "speedup_vs_valkey": 1.6627554083239646,
    "tail_regressed_vs_redis": true,
    "tail_regressed_vs_valkey": true
  },
  "generator_bound": false
}
