{
  "workload": "set",
  "cell": {
    "keyspace": 1000000,
    "value_size": 4096,
    "dist": "uniform",
    "pipeline": 16,
    "connections": 512
  },
  "timestamp": "2026-07-10T12:57:09.488912324Z",
  "aki": {
    "target": "aki",
    "version": "unknown",
    "workload": "set",
    "skipped": false,
    "ops": 36056336,
    "errors": 0,
    "ops_per_sec": 1802686.7734649107,
    "min_us": 36.32,
    "p50_us": 4427.775,
    "p99_us": 8986.623,
    "p999_us": 11190.271,
    "nil_replies": 0,
    "err_replies": 0,
    "hit_ratio": 1,
    "value_ops_per_sec": 1802686.7734649107,
    "bytes_per_sec": 7459233473.111048,
    "resp_ver": 2,
    "used_memory": 297964800,
    "bytes_per_key": 297.9648
  },
  "redis": {
    "target": "redis",
    "version": "redis 8.8.0",
    "workload": "set",
    "skipped": false,
    "ops": 31500640,
    "errors": 0,
    "ops_per_sec": 1574788.8952713492,
    "min_us": 46.442,
    "p50_us": 3231.743,
    "p99_us": 8097.791,
    "p999_us": 9125.887,
    "nil_replies": 0,
    "err_replies": 0,
    "hit_ratio": 1,
    "value_ops_per_sec": 1574788.8952713492,
    "bytes_per_sec": 6516192076.532188,
    "resp_ver": 2,
    "used_memory": 329866152,
    "bytes_per_key": 329.866152,
    "maxmemory_policy": "noeviction"
  },
  "valkey": {
    "target": "valkey",
    "version": "valkey 9.1.0",
    "workload": "set",
    "skipped": false,
    "ops": 30583024,
    "errors": 0,
    "ops_per_sec": 1528947.3203790379,
    "min_us": 25.661,
    "p50_us": 3151.871,
    "p99_us": 5947.391,
    "p999_us": 6823.935,
    "nil_replies": 0,
    "err_replies": 0,
    "hit_ratio": 1,
    "value_ops_per_sec": 1528947.3203790379,
    "bytes_per_sec": 6326499633.649252,
    "resp_ver": 2,
    "used_memory": 311661432,
    "bytes_per_key": 311.661432,
    "maxmemory_policy": "noeviction"
  },
  "gate": {
    "pass": false,
    "reason": "aki is 1.14x Redis, below the 2.0x bar",
    "required_speedup": 2,
    "speedup_vs_redis": 1.144716462554362,
    "speedup_vs_valkey": 1.1790378579021354,
    "tail_regressed_vs_redis": true,
    "tail_regressed_vs_valkey": true
  },
  "generator_bound": false
}
