{
  "workload": "set",
  "cell": {
    "keyspace": 1000000,
    "value_size": 1024,
    "dist": "uniform",
    "pipeline": 16,
    "connections": 512
  },
  "timestamp": "2026-07-10T12:45:39.755778116Z",
  "aki": {
    "target": "aki",
    "version": "unknown",
    "workload": "set",
    "skipped": false,
    "ops": 45867616,
    "errors": 0,
    "ops_per_sec": 5732946.885815495,
    "min_us": 27.477,
    "p50_us": 1362.943,
    "p99_us": 3215.359,
    "p999_us": 4493.311,
    "nil_replies": 0,
    "err_replies": 0,
    "hit_ratio": 1,
    "value_ops_per_sec": 5732946.885815495,
    "bytes_per_sec": 6110610402.9215765,
    "resp_ver": 2,
    "used_memory": 97264768,
    "bytes_per_key": 97.264768
  },
  "redis": {
    "target": "redis",
    "version": "redis 8.8.0",
    "workload": "set",
    "skipped": false,
    "ops": 37158752,
    "errors": 0,
    "ops_per_sec": 4643997.833408767,
    "min_us": 37.384,
    "p50_us": 1745.919,
    "p99_us": 2303.999,
    "p999_us": 3342.335,
    "nil_replies": 0,
    "err_replies": 0,
    "hit_ratio": 1,
    "value_ops_per_sec": 4643997.833408767,
    "bytes_per_sec": 4949790779.946254,
    "resp_ver": 2,
    "used_memory": 98775424,
    "bytes_per_key": 98.775424,
    "maxmemory_policy": "noeviction"
  },
  "valkey": {
    "target": "valkey",
    "version": "valkey 9.1.0",
    "workload": "set",
    "skipped": false,
    "ops": 23781312,
    "errors": 0,
    "ops_per_sec": 2971625.633769669,
    "min_us": 27.6,
    "p50_us": 2732.031,
    "p99_us": 3344.383,
    "p999_us": 4378.623,
    "nil_replies": 0,
    "err_replies": 0,
    "hit_ratio": 1,
    "value_ops_per_sec": 2971625.633769669,
    "bytes_per_sec": 3167042133.968254,
    "resp_ver": 2,
    "used_memory": 63496312,
    "bytes_per_key": 63.496312,
    "maxmemory_policy": "noeviction"
  },
  "gate": {
    "pass": false,
    "reason": "aki is 1.23x Redis, below the 2.0x bar",
    "required_speedup": 2,
    "speedup_vs_redis": 1.234485262799406,
    "speedup_vs_valkey": 1.9292291803738881,
    "tail_regressed_vs_redis": true,
    "tail_regressed_vs_valkey": false
  },
  "generator_bound": false
}
