{
  "workload": "set",
  "cell": {
    "keyspace": 1000000,
    "value_size": 1024,
    "dist": "uniform",
    "pipeline": 16,
    "connections": 512
  },
  "timestamp": "2026-07-10T12:46:47.302253384Z",
  "aki": {
    "target": "aki",
    "version": "unknown",
    "workload": "set",
    "skipped": false,
    "ops": 39250000,
    "errors": 0,
    "ops_per_sec": 4905593.203616349,
    "min_us": 26.927,
    "p50_us": 1600.511,
    "p99_us": 3729.407,
    "p999_us": 6029.311,
    "nil_replies": 0,
    "err_replies": 0,
    "hit_ratio": 1,
    "value_ops_per_sec": 4905593.203616349,
    "bytes_per_sec": 5228651410.241474,
    "resp_ver": 2,
    "used_memory": 83372096,
    "bytes_per_key": 83.372096
  },
  "redis": {
    "target": "redis",
    "version": "redis 8.8.0",
    "workload": "set",
    "skipped": false,
    "ops": 37686160,
    "errors": 0,
    "ops_per_sec": 4709966.479129915,
    "min_us": 55.02,
    "p50_us": 1721.343,
    "p99_us": 2631.679,
    "p999_us": 3577.855,
    "nil_replies": 0,
    "err_replies": 0,
    "hit_ratio": 1,
    "value_ops_per_sec": 4709966.479129915,
    "bytes_per_sec": 5020113348.035312,
    "resp_ver": 2,
    "used_memory": 99788800,
    "bytes_per_key": 99.7888,
    "maxmemory_policy": "noeviction"
  },
  "valkey": {
    "target": "valkey",
    "version": "valkey 9.1.0",
    "workload": "set",
    "skipped": false,
    "ops": 23857232,
    "errors": 0,
    "ops_per_sec": 2981253.9102538046,
    "min_us": 53.269,
    "p50_us": 2721.791,
    "p99_us": 3295.231,
    "p999_us": 4177.919,
    "nil_replies": 0,
    "err_replies": 0,
    "hit_ratio": 1,
    "value_ops_per_sec": 2981253.9102538046,
    "bytes_per_sec": 3177305842.9404697,
    "resp_ver": 2,
    "used_memory": 63559864,
    "bytes_per_key": 63.559864,
    "maxmemory_policy": "noeviction"
  },
  "gate": {
    "pass": false,
    "reason": "aki is 1.04x Redis, below the 2.0x bar",
    "required_speedup": 2,
    "speedup_vs_redis": 1.0415346320092225,
    "speedup_vs_valkey": 1.645479838783245,
    "tail_regressed_vs_redis": true,
    "tail_regressed_vs_valkey": true
  },
  "generator_bound": false
}
