{
  "workload": "set",
  "cell": {
    "keyspace": 1000000,
    "value_size": 4096,
    "dist": "uniform",
    "pipeline": 16,
    "connections": 512
  },
  "timestamp": "2026-07-10T12:58:18.79000979Z",
  "aki": {
    "target": "aki",
    "version": "unknown",
    "workload": "set",
    "skipped": false,
    "ops": 36040784,
    "errors": 0,
    "ops_per_sec": 1801901.5293174556,
    "min_us": 33.963,
    "p50_us": 4427.775,
    "p99_us": 8994.815,
    "p999_us": 11214.847,
    "nil_replies": 0,
    "err_replies": 0,
    "hit_ratio": 1,
    "value_ops_per_sec": 1801901.5293174556,
    "bytes_per_sec": 7455984134.044208,
    "resp_ver": 2,
    "used_memory": 297101952,
    "bytes_per_key": 297.101952
  },
  "redis": {
    "target": "redis",
    "version": "redis 8.8.0",
    "workload": "set",
    "skipped": false,
    "ops": 31355328,
    "errors": 0,
    "ops_per_sec": 1567532.5780624736,
    "min_us": 37.025,
    "p50_us": 3248.127,
    "p99_us": 8122.367,
    "p999_us": 9183.231,
    "nil_replies": 0,
    "err_replies": 0,
    "hit_ratio": 1,
    "value_ops_per_sec": 1567532.5780624736,
    "bytes_per_sec": 6486165434.441272,
    "resp_ver": 2,
    "used_memory": 327388592,
    "bytes_per_key": 327.388592,
    "maxmemory_policy": "noeviction"
  },
  "valkey": {
    "target": "valkey",
    "version": "valkey 9.1.0",
    "workload": "set",
    "skipped": false,
    "ops": 30571584,
    "errors": 0,
    "ops_per_sec": 1528333.5668404708,
    "min_us": 49.417,
    "p50_us": 3166.207,
    "p99_us": 5963.775,
    "p999_us": 6696.959,
    "nil_replies": 0,
    "err_replies": 0,
    "hit_ratio": 1,
    "value_ops_per_sec": 1528333.5668404708,
    "bytes_per_sec": 6323959929.289748,
    "resp_ver": 2,
    "used_memory": 311249144,
    "bytes_per_key": 311.249144,
    "maxmemory_policy": "noeviction"
  },
  "gate": {
    "pass": false,
    "reason": "aki is 1.15x Redis, below the 2.0x bar",
    "required_speedup": 2,
    "speedup_vs_redis": 1.1495145648230614,
    "speedup_vs_valkey": 1.178997548972593,
    "tail_regressed_vs_redis": true,
    "tail_regressed_vs_valkey": true
  },
  "generator_bound": false
}
